hanzi,pinyinToneless
㐀,qiu
㐁,tian
㐅,wu
㐆,yin
㐌,yi
㐖,xie
㐜,chou
㐡,nuo
㐤,dan
㐨,xu
㐩,xing
㐫,xiong
㐬,liu
㐭,lin
㐮,xiang
㐯,yong
㐰,xin
㐱,zhen
㐲,dai
㐳,wu
㐴,pan
㐵,ru
㐷,ma
㐸,qian
㐹,yi
㐺,yin
㐻,nei
㐼,cheng
㐽,feng
㑁,zhuo
㑂,fang
㑃,ao
㑄,wu
㑅,zuo
㑇,zhou
㑈,dong
㑉,su
㑊,yi
㑋,qiong
㑌,kuang
㑍,lei
㑎,nao
㑏,zhu
㑐,shu
㑔,xu
㑗,shen
㑘,jie
㑙,die
㑚,nuo
㑛,su
㑜,yi
㑝,long
㑞,ying
㑟,beng
㑣,lan
㑤,miao
㑥,yi
㑦,li
㑧,ji
㑨,yu
㑩,luo
㑪,chai
㑮,hun
㑯,xu
㑰,hui
㑱,rao
㑳,zhou
㑵,han
㑶,xi
㑷,tai
㑹,hui
㑺,jun
㑻,ma
㑼,lue
㑽,tang
㑾,yao
㑿,zhao
㒀,zhai
㒁,yu
㒂,zhuo
㒃,er
㒄,ran
㒅,qi
㒆,chi
㒇,wu
㒈,han
㒉,tang
㒊,se
㒌,qiong
㒍,lei
㒎,sa
㒑,kui
㒒,pu
㒓,ta
㒔,shu
㒕,yang
㒖,ou
㒗,tai
㒙,mian
㒚,yin
㒛,diao
㒜,yu
㒝,mie
㒞,jun
㒟,niao
㒠,xie
㒡,you
㒤,che
㒥,feng
㒦,lei
㒧,li
㒩,luo
㒫,ji
㒰,quan
㒲,cai
㒳,liang
㒴,gu
㒵,mao
㒷,gua
㒸,sui
㒻,mao
㒽,quan
㒾,shi
㒿,li
㓁,wang
㓂,kou
㓃,du
㓄,zhen
㓅,ting
㓈,bing
㓉,huo
㓊,dong
㓋,gong
㓌,cheng
㓎,qin
㓏,jiong
㓐,lu
㓑,xing
㓓,nan
㓔,xie
㓖,bi
㓗,jie
㓘,su
㓚,gong
㓜,you
㓝,xing
㓞,qia
㓟,pi
㓠,dian
㓡,fu
㓢,luo
㓣,qia
㓥,tang
㓦,bai
㓧,gan
㓨,ci
㓩,xuan
㓪,lang
㓭,she
㓯,li
㓰,hua
㓱,tou
㓲,pian
㓳,di
㓴,ruan
㓵,e
㓶,qie
㓷,yi
㓸,zhuo
㓹,rui
㓺,jian
㓼,chi
㓽,chong
㓾,xi
㔀,lue
㔁,deng
㔂,lin
㔃,jue
㔄,su
㔅,xiao
㔆,zan
㔉,zhu
㔊,zhan
㔋,jian
㔌,zou
㔍,chua
㔎,xie
㔏,li
㔑,chi
㔒,xi
㔓,jian
㔕,ji
㔗,fei
㔘,chu
㔙,beng
㔚,jie
㔜,ba
㔝,liang
㔞,kuai
㔠,xia
㔡,bie
㔢,jue
㔣,lei
㔤,xin
㔥,bai
㔦,yang
㔧,lu
㔨,bei
㔩,e
㔪,lu
㔭,che
㔮,nuo
㔯,xuan
㔰,heng
㔱,yu
㔳,gui
㔴,yi
㔵,xuan
㔶,gong
㔷,lou
㔸,ti
㔹,le
㔺,shi
㔼,sun
㔽,yao
㔾,xian
㔿,zou
㕁,que
㕂,yin
㕃,xi
㕄,zhi
㕅,jia
㕆,hu
㕇,la
㕈,yi
㕉,ke
㕊,fu
㕋,qin
㕌,ai
㕎,ke
㕏,chu
㕐,xie
㕑,chu
㕒,wei
㕕,huan
㕖,su
㕗,you
㕙,jun
㕚,zhao
㕛,xu
㕜,shi
㕞,shua
㕟,kui
㕠,shuang
㕡,he
㕢,gai
㕣,yan
㕤,qiu
㕦,hua
㕧,xi
㕩,pang
㕪,dan
㕫,fang
㕭,ao
㕮,fu
㕯,ne
㕰,xue
㕱,you
㕷,hua
㕸,li
㕹,fa
㕺,xiao
㕻,pou
㕽,si
㖀,le
㖁,lin
㖂,yi
㖃,hou
㖅,xu
㖆,qu
㖊,xun
㖏,nie
㖐,wei
㖑,xie
㖒,ti
㖓,hong
㖔,tun
㖕,nie
㖖,nie
㖗,yin
㖘,zhen
㖞,wai
㖟,shou
㖠,nuo
㖢,qi
㖤,han
㖦,dong
㖧,hun
㖨,lu
㖩,ju
㖪,huo
㖫,ling
㖮,lun
㖶,yan
㖷,shi
㖸,xue
㖹,pen
㖺,chun
㖻,niu
㖼,duo
㖽,ze
㖾,e
㖿,xie
㗀,you
㗁,e
㗃,wen
㗄,ku
㗅,hu
㗆,ge
㗇,xia
㗈,man
㗉,lue
㗊,ji
㗋,hou
㗌,zhi
㗒,ai
㗓,zhui
㗔,qian
㗕,gou
㗖,dan
㗗,bei
㗘,bo
㗙,chu
㗚,li
㗛,xiao
㗜,xiu
㗢,hong
㗣,ti
㗤,cu
㗥,kuo
㗦,lao
㗧,zhi
㗨,xie
㗩,xi
㗫,qie
㗬,zha
㗭,xi
㗱,ji
㗴,yan
㗵,xu
㗶,po
㗷,sai
㗼,ye
㗽,xiang
㗿,he
㘀,zuo
㘁,yi
㘂,ci
㘅,xian
㘆,tai
㘈,yi
㘊,xi
㘋,xian
㘌,ju
㘍,ji
㘎,han
㘐,pao
㘑,li
㘓,lan
㘔,sai
㘕,han
㘖,yan
㘗,qu
㘙,yan
㘚,han
㘛,kan
㘜,chi
㘝,nie
㘞,huo
㘠,bi
㘡,xia
㘢,weng
㘣,xuan
㘤,wan
㘥,you
㘦,qin
㘧,xu
㘨,nie
㘩,bi
㘪,hao
㘫,jing
㘬,ao
㘭,ao
㘰,zhen
㘱,tan
㘲,ju
㘴,zuo
㘵,bu
㘶,jie
㘷,ai
㘸,zang
㘹,ci
㘺,fa
㘿,nie
㙀,liu
㙁,mei
㙂,dui
㙃,bang
㙄,bi
㙅,bao
㙇,chu
㙈,xia
㙉,tian
㙊,chang
㙍,duo
㙎,wei
㙏,fu
㙐,duo
㙑,yu
㙒,ye
㙓,kui
㙔,wei
㙕,kuai
㙗,wei
㙘,yao
㙙,long
㙚,xing
㙛,bu
㙜,chi
㙝,xie
㙞,nie
㙟,lang
㙠,yi
㙡,zong
㙢,man
㙣,zhang
㙤,xia
㙥,gun
㙨,ji
㙩,liao
㙪,yi
㙫,ji
㙬,yin
㙮,da
㙯,yi
㙰,xie
㙱,hao
㙲,yong
㙳,kan
㙴,chan
㙵,tai
㙶,tang
㙷,zhi
㙸,bao
㙹,meng
㙺,kui
㙻,chan
㙼,lei
㙾,xi
㚀,xi
㚁,qiao
㚂,nang
㚃,yun
㚅,long
㚆,fu
㚉,gu
㚊,kai
㚋,diao
㚌,hua
㚍,kui
㚏,gao
㚐,tao
㚒,shan
㚓,lai
㚔,nie
㚕,fu
㚖,gao
㚗,qie
㚘,ban
㚚,kong
㚛,xi
㚜,yu
㚝,zhui
㚞,shen
㚟,chuo
㚠,xiao
㚡,ji
㚢,nu
㚤,yi
㚥,yu
㚦,yi
㚧,yan
㚨,shen
㚩,ran
㚪,hao
㚫,sa
㚬,jun
㚭,you
㚯,xin
㚰,pei
㚱,qiu
㚲,chan
㚴,bu
㚵,dong
㚶,si
㚷,er
㚹,mao
㚺,yun
㚻,ji
㚽,qiao
㚾,xiong
㚿,pao
㛁,peng
㛂,nuo
㛃,jie
㛄,yi
㛅,er
㛆,duo
㛊,duo
㛍,qie
㛎,lu
㛏,qiu
㛐,sou
㛑,can
㛒,dou
㛓,xi
㛔,feng
㛕,yi
㛖,suo
㛗,qie
㛘,po
㛙,xin
㛚,tong
㛛,xin
㛜,you
㛝,bei
㛞,long
㛥,ta
㛦,lan
㛧,man
㛨,qiang
㛩,zhou
㛪,yan
㛫,xi
㛬,lu
㛭,xi
㛮,sao
㛯,fan
㛱,wei
㛲,fa
㛳,yi
㛴,nao
㛵,cheng
㛶,tan
㛷,ji
㛸,shu
㛹,pian
㛺,an
㛻,kua
㛼,cha
㛾,xian
㛿,zhi
㜂,feng
㜃,lian
㜄,xun
㜅,xu
㜆,mi
㜇,hui
㜈,mu
㜉,yong
㜊,zhan
㜋,yi
㜌,nou
㜍,tang
㜎,xi
㜏,yun
㜐,shu
㜑,fu
㜒,yi
㜓,da
㜕,lian
㜖,cao
㜗,can
㜘,ju
㜙,lu
㜚,su
㜛,nen
㜜,ao
㜝,an
㜞,qian
㜠,cui
㜡,cong
㜣,ran
㜤,nian
㜥,mai
㜦,xin
㜧,yue
㜨,nai
㜩,ao
㜪,shen
㜫,ma
㜮,lan
㜯,xi
㜰,yue
㜱,zhi
㜲,weng
㜳,huai
㜴,meng
㜵,niao
㜶,wan
㜷,mi
㜸,nie
㜹,qu
㜻,lian
㜼,zhi
㜽,zi
㜾,hai
㜿,xu
㝀,hao
㝁,xuan
㝂,zhi
㝃,mian
㝄,chun
㝅,gou
㝇,chun
㝈,luan
㝉,zhu
㝊,shou
㝌,jiu
㝍,xie
㝎,ding
㝏,jie
㝐,rong
㝑,mang
㝓,ke
㝔,yao
㝕,ning
㝖,yi
㝗,lang
㝘,yong
㝙,yin
㝛,su
㝝,lin
㝞,ya
㝟,mao
㝠,ming
㝡,zui
㝢,yu
㝣,yi
㝤,gou
㝥,mi
㝦,jun
㝧,wen
㝩,kang
㝪,dian
㝫,long
㝭,xing
㝮,cui
㝯,qiao
㝰,mian
㝱,meng
㝲,qin
㝴,wan
㝵,de
㝶,ai
㝸,bian
㝹,nou
㝺,lian
㝻,jin
㝼,yu
㝽,chui
㝾,zuo
㝿,bo
㞀,hui
㞁,yao
㞂,tui
㞃,ji
㞄,an
㞅,luo
㞆,ji
㞇,wei
㞈,bo
㞉,za
㞊,xu
㞋,nian
㞌,yun
㞎,ba
㞏,zhe
㞐,ju
㞑,wei
㞒,xie
㞔,yi
㞕,xie
㞖,ci
㞗,qiu
㞙,niao
㞚,qi
㞛,ji
㞜,tui
㞞,song
㞟,dian
㞠,lao
㞡,zhan
㞤,yin
㞥,cen
㞦,ji
㞧,hui
㞨,zi
㞩,lan
㞪,nao
㞫,ju
㞬,qin
㞭,dai
㞯,jie
㞰,xu
㞱,cong
㞲,yong
㞳,dou
㞴,chi
㞶,min
㞷,huang
㞸,sui
㞹,ke
㞺,zu
㞻,hao
㞼,cheng
㞽,xue
㞾,ni
㞿,chi
㟀,lian
㟁,an
㟂,mu
㟃,si
㟄,xiang
㟅,yang
㟆,hua
㟇,cuo
㟈,qiu
㟉,lao
㟊,fu
㟋,dui
㟌,mang
㟍,lang
㟎,tuo
㟏,han
㟐,mang
㟑,bo
㟒,qun
㟓,qi
㟔,han
㟖,long
㟘,tiao
㟙,ze
㟚,qi
㟛,zan
㟜,mi
㟝,pei
㟞,zhan
㟟,xiang
㟠,gang
㟢,qi
㟤,lu
㟦,yun
㟧,e
㟨,duan
㟩,min
㟪,wei
㟫,quan
㟬,sou
㟭,min
㟮,tu
㟰,ming
㟱,yao
㟲,jue
㟳,li
㟴,kuai
㟵,gang
㟶,yuan
㟷,da
㟹,lao
㟺,lou
㟻,qian
㟼,ao
㟽,biao
㟾,yong
㟿,mang
㠀,dao
㠂,ao
㠄,xi
㠅,fu
㠆,dan
㠇,jiu
㠈,run
㠉,tong
㠊,qu
㠋,e
㠌,qi
㠍,ji
㠎,ji
㠏,hua
㠐,jiao
㠑,zui
㠒,biao
㠓,meng
㠔,bai
㠕,wei
㠖,yi
㠗,ao
㠘,yu
㠙,hao
㠚,dui
㠛,wo
㠜,ni
㠝,cuan
㠟,li
㠠,lu
㠡,niao
㠢,huai
㠣,li
㠥,lu
㠦,feng
㠧,mi
㠨,yu
㠪,ju
㠭,zhan
㠮,peng
㠯,yi
㠱,ji
㠲,bi
㠴,ren
㠵,huang
㠶,fan
㠷,ge
㠹,jie
㠺,sha
㠽,tong
㠾,yuan
㠿,zi
㡀,bi
㡁,kua
㡂,li
㡃,huang
㡄,xun
㡅,nuo
㡇,zhe
㡈,wen
㡉,xian
㡊,qia
㡋,ye
㡌,mao
㡏,shu
㡑,qiao
㡒,zhun
㡓,kun
㡔,wu
㡕,ying
㡖,chuang
㡗,ti
㡘,lian
㡙,bi
㡚,gou
㡛,mang
㡜,xie
㡝,feng
㡞,lou
㡟,zao
㡠,zheng
㡡,chu
㡢,man
㡣,long
㡥,yin
㡦,pin
㡧,zheng
㡨,jian
㡩,luan
㡪,nie
㡫,yi
㡭,ji
㡮,ji
㡯,zhai
㡰,yu
㡱,jiu
㡲,huan
㡳,zhi
㡴,la
㡵,ling
㡶,zhi
㡷,ben
㡸,zha
㡹,ju
㡺,dan
㡻,liao
㡼,yi
㡽,zhao
㡾,xian
㡿,chi
㢀,ci
㢁,chi
㢂,yan
㢃,lang
㢄,dou
㢅,long
㢆,chan
㢈,tui
㢉,cha
㢊,ai
㢋,chi
㢍,ying
㢎,zhe
㢏,tou
㢑,tui
㢒,cha
㢓,yao
㢔,zong
㢖,pan
㢗,qiao
㢘,lian
㢙,qin
㢚,lu
㢛,yan
㢜,kang
㢝,su
㢞,yi
㢟,chan
㢠,jiong
㢡,jiang
㢣,jing
㢥,dong
㢧,juan
㢨,han
㢩,di
㢬,hong
㢮,chi
㢯,diao
㢰,bi
㢲,xun
㢳,lu
㢵,xie
㢶,bi
㢸,bi
㢺,xian
㢻,rui
㢼,bie
㢽,er
㢾,juan
㣀,zhen
㣁,bei
㣂,e
㣃,yu
㣄,qu
㣅,zan
㣆,mi
㣇,yi
㣈,si
㣌,shan
㣍,tai
㣎,mu
㣏,jing
㣐,bian
㣑,rong
㣒,ceng
㣓,can
㣔,ding
㣙,di
㣚,tong
㣛,ta
㣜,xing
㣝,song
㣞,duo
㣟,xi
㣠,tao
㣢,ti
㣣,shan
㣤,jian
㣥,zhi
㣦,wei
㣧,yin
㣪,huan
㣫,zhong
㣬,qi
㣭,zong
㣯,xie
㣰,xie
㣱,ze
㣲,wei
㣵,ta
㣶,zhan
㣷,ning
㣻,yi
㣼,ren
㣽,shu
㣾,cha
㣿,zhuo
㤁,mian
㤂,ji
㤃,fang
㤄,pei
㤅,ai
㤆,fan
㤇,ao
㤈,qin
㤉,qia
㤊,xiao
㤋,fen
㤌,gan
㤍,qiao
㤎,ge
㤏,tong
㤐,chan
㤑,you
㤒,gao
㤓,ben
㤔,fu
㤕,chu
㤖,zhu
㤘,zhou
㤚,hang
㤛,nin
㤜,jue
㤝,chong
㤞,cha
㤟,kong
㤠,lie
㤡,li
㤢,yu
㤤,yu
㤥,hai
㤦,li
㤧,hou
㤨,gong
㤩,ke
㤪,yuan
㤫,de
㤬,hui
㤮,guang
㤯,jiong
㤰,zuo
㤱,fu
㤲,qie
㤳,bei
㤴,che
㤵,ci
㤶,mang
㤷,han
㤸,xi
㤹,qiu
㤺,huang
㤽,chou
㤾,san
㤿,yan
㥀,zhi
㥁,de
㥂,te
㥃,men
㥄,ling
㥅,shou
㥆,tui
㥇,can
㥈,die
㥉,che
㥊,peng
㥋,yi
㥌,ju
㥍,ji
㥎,lai
㥏,tian
㥐,yuan
㥒,cai
㥓,qi
㥔,yu
㥕,lian
㥖,cong
㥚,yu
㥛,ji
㥜,wei
㥝,mi
㥞,sui
㥟,xie
㥠,xu
㥡,chi
㥢,qiu
㥣,hui
㥥,yu
㥦,qie
㥧,shun
㥨,shui
㥩,duo
㥪,lou
㥬,pang
㥭,tai
㥮,zhou
㥯,yin
㥰,sao
㥱,fei
㥲,chen
㥳,yuan
㥴,yi
㥵,hun
㥶,se
㥷,ye
㥸,min
㥹,fen
㥺,he
㥼,yin
㥽,ce
㥾,ni
㥿,ao
㦀,feng
㦁,lian
㦂,chang
㦃,chan
㦄,ma
㦅,die
㦆,hu
㦇,lu
㦉,yi
㦊,hua
㦋,zha
㦌,hu
㦍,e
㦎,huo
㦏,sun
㦐,ni
㦑,xian
㦒,li
㦓,xian
㦔,yan
㦕,long
㦖,men
㦗,jin
㦘,ji
㦚,bian
㦛,yu
㦜,huo
㦝,miao
㦞,chou
㦟,mai
㦡,le
㦢,jie
㦣,wei
㦤,yi
㦥,xuan
㦦,xi
㦧,can
㦨,lan
㦩,yin
㦪,xie
㦫,za
㦬,luo
㦭,ling
㦮,qian
㦯,huo
㦰,jian
㦴,ge
㦵,zhu
㦶,die
㦷,yong
㦸,ji
㦹,yang
㦺,ru
㦻,xi
㦼,shuang
㦽,yu
㦾,yi
㦿,qian
㧀,ji
㧁,qu
㧂,tian
㧃,shou
㧄,qian
㧅,mu
㧆,jin
㧇,mao
㧈,yin
㧉,gai
㧊,po
㧋,xuan
㧌,mao
㧍,fang
㧎,ya
㧏,gang
㧐,song
㧑,hui
㧒,yu
㧓,gua
㧔,guai
㧕,liu
㧖,e
㧘,zi
㧙,bi
㧚,wa
㧟,kuai
㧡,hai
㧢,yin
㧣,zhu
㧥,xian
㧦,xuan
㧨,qiu
㧩,pei
㧪,gui
㧫,er
㧭,qiong
㧮,hu
㧯,lao
㧰,li
㧱,chen
㧲,san
㧳,zhuo
㧴,wo
㧶,keng
㧷,tun
㧹,te
㧺,ta
㧻,zhuo
㧼,biao
㧽,gu
㧾,hu
㨀,bing
㨁,zhi
㨂,dong
㨄,zhou
㨅,nei
㨇,po
㨈,ji
㨉,min
㨊,wei
㨋,che
㨌,gou
㨍,bang
㨎,ru
㨏,tan
㨐,bu
㨑,zong
㨒,kui
㨓,lao
㨔,han
㨕,ying
㨗,jie
㨙,xie
㨚,xun
㨛,shan
㨜,qian
㨞,su
㨟,hai
㨠,mi
㨡,hun
㨤,hui
㨥,na
㨦,song
㨧,ben
㨩,jie
㨪,huang
㨫,lan
㨭,hu
㨯,huo
㨰,gun
㨱,yao
㨲,ce
㨳,gui
㨵,jian
㨶,dao
㨷,jin
㨸,ma
㨹,hui
㨺,mian
㨻,can
㨼,lue
㨽,pi
㨾,yang
㨿,ju
㩀,ju
㩁,que
㩃,qian
㩄,shai
㩆,jiu
㩇,huo
㩈,yun
㩉,da
㩊,xuan
㩋,xiao
㩌,fei
㩍,ce
㩎,ye
㩓,hui
㩔,tun
㩖,qiang
㩗,xi
㩘,ni
㩙,sai
㩚,meng
㩛,tuan
㩝,hao
㩟,zhai
㩠,ao
㩡,luo
㩢,mie
㩤,fu
㩦,xie
㩧,bo
㩨,hui
㩩,qing
㩪,xie
㩭,bo
㩮,qian
㩯,po
㩰,jiao
㩱,jue
㩲,kun
㩳,song
㩴,ju
㩵,e
㩶,nie
㩸,die
㩹,die
㩼,zhi
㩽,qi
㩾,zhui
㩿,ku
㪀,yu
㪁,qin
㪂,ku
㪃,he
㪄,fu
㪆,di
㪇,xian
㪈,gui
㪉,he
㪊,qun
㪋,han
㪌,tong
㪍,bo
㪎,shan
㪏,bi
㪐,lu
㪑,ye
㪒,ni
㪓,chuai
㪔,san
㪕,diao
㪖,lu
㪘,lian
㪙,ke
㪚,san
㪛,zhen
㪜,chuai
㪝,lian
㪞,mao
㪠,qian
㪡,kai
㪢,shao
㪣,xiao
㪤,bi
㪥,zha
㪦,yin
㪧,xi
㪨,shan
㪩,su
㪪,sa
㪫,rui
㪬,chuo
㪭,lu
㪮,ling
㪯,cha
㪱,huan
㪴,jia
㪵,ban
㪶,hu
㪹,lou
㪺,ju
㪻,juan
㪼,ke
㪾,luo
㪿,zhe
㫀,ding
㫁,duan
㫂,zhu
㫃,yan
㫄,pang
㫅,cha
㫊,yi
㫍,you
㫎,hui
㫏,yao
㫐,yao
㫑,zhi
㫒,gong
㫓,qi
㫔,gen
㫗,hou
㫘,mi
㫙,fu
㫚,hu
㫛,guang
㫜,tan
㫝,di
㫟,yan
㫤,chang
㫥,ming
㫦,tao
㫧,bao
㫫,xian
㫯,mao
㫰,lang
㫱,nan
㫲,bei
㫳,chen
㫵,fei
㫶,zhou
㫷,ji
㫸,jie
㫹,shu
㫻,kun
㫼,die
㫽,lu
㬂,yu
㬃,tai
㬄,chan
㬅,man
㬆,min
㬇,huan
㬈,wen
㬉,nuan
㬊,huan
㬋,hou
㬌,jing
㬍,bo
㬎,xian
㬏,li
㬐,jin
㬒,mang
㬓,piao
㬔,hao
㬕,yang
㬗,xian
㬘,su
㬙,wei
㬚,che
㬛,xi
㬜,jin
㬝,ceng
㬞,he
㬟,fen
㬠,shai
㬡,ling
㬣,dui
㬤,qi
㬥,pu
㬦,yue
㬧,bo
㬩,hui
㬪,die
㬫,yan
㬬,ju
㬭,jiao
㬮,nan
㬯,lie
㬰,yu
㬱,ti
㬲,tian
㬳,wu
㬴,hong
㬵,xiao
㬶,hao
㬸,tiao
㬻,huang
㬼,fu
㬿,tun
㭁,reng
㭄,xin
㭇,yuan
㭈,jue
㭉,hua
㭋,bang
㭌,mou
㭎,gang
㭏,wei
㭑,mei
㭒,si
㭓,bian
㭔,lu
㭕,qu
㭘,ge
㭙,zhe
㭚,lu
㭛,pai
㭜,rong
㭝,qiu
㭞,lie
㭟,gong
㭡,xi
㭢,xin
㭤,niao
㭨,xie
㭩,lie
㭪,fu
㭫,cuo
㭬,zhuo
㭭,ba
㭮,zuo
㭯,zhe
㭰,zui
㭱,he
㭲,ji
㭴,jian
㭸,tu
㭹,xian
㭺,yan
㭻,tang
㭼,ta
㭽,di
㭿,ang
㮀,han
㮁,xiao
㮂,ju
㮃,wei
㮄,bang
㮅,zhui
㮆,nie
㮇,tian
㮈,nai
㮋,you
㮏,nai
㮐,sheng
㮑,cha
㮒,yan
㮓,gen
㮔,chong
㮕,ruan
㮖,jia
㮗,qin
㮘,mao
㮙,e
㮚,li
㮛,chi
㮜,zang
㮝,he
㮞,jie
㮟,nian
㮡,guan
㮢,hou
㮣,gai
㮥,ben
㮦,suo
㮧,wu
㮨,ji
㮩,xi
㮪,qiong
㮫,he
㮬,weng
㮭,xian
㮮,jie
㮯,hun
㮰,pi
㮱,shen
㮲,chou
㮳,zhen
㮵,zhan
㮶,shuo
㮷,ji
㮸,song
㮹,zhi
㮺,ben
㮾,lang
㮿,bi
㯀,xuan
㯁,pei
㯂,dai
㯄,zhi
㯅,pi
㯆,chan
㯇,bi
㯈,su
㯉,huo
㯊,hen
㯋,jiong
㯌,chuan
㯍,jiang
㯎,nen
㯏,gu
㯐,fang
㯓,ta
㯔,cui
㯕,xi
㯖,de
㯗,xian
㯘,kuan
㯙,zhe
㯚,ta
㯛,hu
㯜,cui
㯝,lu
㯞,juan
㯟,lu
㯠,qian
㯡,pao
㯢,zhen
㯤,li
㯥,cao
㯦,qi
㯩,ti
㯪,ling
㯫,qu
㯬,lian
㯭,lu
㯮,shu
㯯,gong
㯰,zhe
㯱,pao
㯲,jin
㯳,qing
㯶,zong
㯷,pu
㯸,jin
㯹,biao
㯺,jian
㯻,gun
㯾,zao
㯿,lie
㰀,li
㰁,luo
㰂,shen
㰃,mian
㰄,jian
㰅,di
㰆,bei
㰈,lian
㰊,xian
㰋,pin
㰌,que
㰍,long
㰎,zui
㰐,jue
㰑,shan
㰔,xie
㰖,lan
㰗,qi
㰘,yi
㰙,nuo
㰚,li
㰛,yue
㰝,yi
㰞,chi
㰟,ji
㰠,hang
㰡,xie
㰢,keng
㰣,zi
㰤,he
㰥,xi
㰦,qu
㰧,hai
㰨,xia
㰩,hai
㰪,gui
㰫,chan
㰬,xun
㰭,xu
㰮,shen
㰯,kou
㰰,xia
㰱,sha
㰲,yu
㰳,ya
㰴,pou
㰵,zu
㰶,you
㰷,zi
㰸,lian
㰹,xian
㰺,xia
㰻,yi
㰼,sha
㰽,yan
㰾,jiao
㰿,xi
㱀,chi
㱁,shi
㱂,kang
㱃,yin
㱄,hei
㱅,yi
㱆,xi
㱇,se
㱈,jin
㱉,ye
㱊,you
㱋,que
㱌,ye
㱍,luan
㱎,kun
㱏,zheng
㱔,xie
㱖,cui
㱗,xiu
㱘,an
㱙,xiu
㱚,can
㱛,chuan
㱜,zha
㱞,yi
㱟,pi
㱠,ku
㱡,sheng
㱢,lang
㱣,tui
㱤,xi
㱥,ling
㱦,qi
㱧,wo
㱨,lian
㱩,du
㱪,men
㱫,lan
㱬,wei
㱭,duan
㱮,kuai
㱯,ai
㱰,zai
㱱,hui
㱲,yi
㱳,mo
㱴,zi
㱵,fen
㱶,peng
㱸,bi
㱹,li
㱺,lu
㱻,luo
㱼,hai
㱽,zhen
㱾,gai
㱿,que
㲀,zhen
㲁,kong
㲂,cheng
㲃,jiu
㲄,jue
㲅,ji
㲆,ling
㲈,shao
㲉,que
㲊,rui
㲋,chuo
㲌,neng
㲍,zhi
㲎,lou
㲏,pao
㲒,bao
㲓,rong
㲔,xian
㲕,lei
㲖,xiao
㲗,fu
㲘,qu
㲚,sha
㲛,zhi
㲜,tan
㲝,rong
㲞,su
㲟,ying
㲠,mao
㲡,nai
㲢,bian
㲤,shuai
㲥,tang
㲦,han
㲧,sao
㲨,rong
㲪,deng
㲫,pu
㲬,jiao
㲭,tan
㲯,ran
㲰,ning
㲱,lie
㲲,die
㲳,die
㲴,zhong
㲶,lu
㲷,dan
㲸,xi
㲹,gui
㲺,ji
㲻,ni
㲼,yi
㲽,nian
㲾,yu
㲿,wang
㳀,guo
㳁,ze
㳂,yan
㳃,cui
㳄,xian
㳅,jiao
㳆,tou
㳇,fu
㳈,pei
㳊,you
㳋,qiu
㳌,ya
㳍,bu
㳎,bian
㳏,shi
㳐,zha
㳑,yi
㳒,bian
㳔,dui
㳕,lan
㳖,yi
㳗,chai
㳘,chong
㳙,xuan
㳚,xu
㳛,yu
㳜,xiu
㳠,ta
㳡,guo
㳥,long
㳦,xie
㳧,che
㳨,jian
㳩,tan
㳪,pi
㳫,zan
㳬,xuan
㳭,xian
㳮,niao
㳴,mi
㳵,ji
㳶,nou
㳷,hu
㳸,hua
㳹,wang
㳺,you
㳻,ze
㳼,bi
㳽,mi
㳾,qiang
㳿,xie
㴀,fan
㴁,yi
㴂,tan
㴃,lei
㴄,yong
㴆,jin
㴇,she
㴈,yin
㴉,ji
㴋,su
㴏,wang
㴐,mian
㴑,su
㴒,yi
㴓,shai
㴔,xi
㴕,ji
㴖,luo
㴗,you
㴘,mao
㴙,zha
㴚,sui
㴛,zhi
㴜,bian
㴝,li
㴥,qiao
㴦,guan
㴧,xi
㴨,zhen
㴩,yong
㴪,nie
㴫,jun
㴬,xie
㴭,yao
㴮,xie
㴯,zhi
㴰,neng
㴲,si
㴳,long
㴴,chen
㴵,mi
㴶,que
㴷,dan
㴸,shan
㴼,su
㴽,xie
㴾,bo
㴿,ding
㵀,zu
㵂,shu
㵃,she
㵄,han
㵅,tan
㵆,gao
㵊,na
㵋,mi
㵌,xun
㵍,men
㵎,jian
㵏,cui
㵐,jue
㵑,he
㵒,fei
㵓,shi
㵔,che
㵕,shen
㵖,nu
㵗,ping
㵘,man
㵝,yi
㵞,chou
㵠,ku
㵡,bao
㵢,lei
㵣,ke
㵤,sha
㵥,bi
㵦,sui
㵧,ge
㵨,pi
㵩,yi
㵪,xian
㵫,ni
㵬,ying
㵭,zhu
㵮,chun
㵯,feng
㵰,xu
㵱,piao
㵲,wu
㵳,liao
㵴,cang
㵵,zou
㵶,zuo
㵷,bian
㵸,yao
㵹,huan
㵺,pai
㵻,xiu
㵽,lei
㵾,qing
㵿,xiao
㶀,jiao
㶁,guo
㶄,yan
㶅,xue
㶆,zhu
㶇,heng
㶈,ying
㶉,xi
㶌,lian
㶍,xian
㶎,huan
㶏,yin
㶑,lian
㶒,shan
㶓,cang
㶔,bei
㶕,jian
㶖,shu
㶗,fan
㶘,dian
㶚,ba
㶛,yu
㶞,nang
㶟,lei
㶠,yi
㶡,dai
㶣,chan
㶤,chao
㶦,jin
㶧,nen
㶫,liao
㶬,mo
㶭,you
㶯,liu
㶰,han
㶲,yong
㶳,jin
㶴,chi
㶵,ren
㶶,nong
㶹,hong
㶺,tian
㶼,ai
㶾,biao
㶿,bo
㷀,qiong
㷂,shu
㷃,chui
㷄,hui
㷅,chao
㷆,fu
㷇,hui
㷈,e
㷉,wei
㷊,fen
㷋,tan
㷍,lun
㷎,he
㷏,yong
㷐,hui
㷒,yu
㷓,zong
㷔,yan
㷕,qiu
㷖,zhao
㷗,jiong
㷘,tai
㷟,tui
㷠,lin
㷡,jiong
㷢,zha
㷣,xing
㷤,hu
㷦,xu
㷪,cui
㷫,qing
㷬,mo
㷮,zao
㷯,beng
㷰,chi
㷳,yan
㷴,ge
㷵,mo
㷶,bei
㷷,juan
㷸,die
㷹,zhao
㷻,wu
㷼,yan
㷾,jue
㷿,xian
㸀,tai
㸁,han
㸃,dian
㸄,ji
㸅,jie
㸉,xie
㸊,lai
㸋,fan
㸌,huo
㸍,xi
㸎,nie
㸏,mi
㸐,ran
㸑,cuan
㸒,yin
㸓,mi
㸕,jue
㸖,qu
㸗,tong
㸘,wan
㸙,zhe
㸚,li
㸜,kong
㸝,xian
㸞,zhe
㸟,zhi
㸠,tiao
㸡,shu
㸢,bei
㸣,ye
㸤,pian
㸥,chan
㸦,hu
㸧,ken
㸨,jiu
㸩,an
㸪,chun
㸫,qian
㸬,bei
㸭,ba
㸮,fen
㸯,ke
㸰,tuo
㸱,tuo
㸲,zuo
㸳,ling
㸵,gui
㸶,yan
㸷,shi
㸸,hou
㸹,lie
㸺,sha
㸻,si
㸽,bei
㸾,ren
㸿,du
㹀,bo
㹁,liang
㹂,qian
㹄,ji
㹅,zong
㹆,hui
㹇,he
㹈,li
㹉,yuan
㹊,yue
㹋,xiu
㹌,chan
㹍,di
㹎,lei
㹏,jin
㹐,chong
㹑,si
㹒,pu
㹓,yao
㹔,jiang
㹕,huan
㹖,huan
㹗,tao
㹘,ru
㹙,weng
㹚,ying
㹛,rao
㹜,yin
㹝,shi
㹞,yin
㹟,jue
㹠,tun
㹡,xuan
㹢,jia
㹣,zhong
㹤,qie
㹥,zhu
㹦,diao
㹨,you
㹫,yi
㹬,shi
㹭,yi
㹮,mo
㹱,que
㹲,xiao
㹳,wu
㹴,geng
㹵,ying
㹶,ting
㹷,shi
㹸,ni
㹹,geng
㹺,ta
㹻,wo
㹼,ju
㹽,chan
㹾,piao
㹿,zhuo
㺀,hu
㺁,nao
㺂,yan
㺃,gou
㺄,yu
㺅,hou
㺇,si
㺈,chi
㺉,hu
㺊,yang
㺋,weng
㺌,xian
㺍,pin
㺎,rong
㺏,lou
㺐,lao
㺑,shan
㺒,xiao
㺓,ze
㺔,hai
㺕,fan
㺖,han
㺗,chan
㺘,zhan
㺚,ta
㺛,zhu
㺜,nong
㺝,han
㺞,yu
㺟,zhuo
㺠,you
㺡,li
㺢,huo
㺣,xi
㺤,xian
㺥,chan
㺦,lian
㺨,si
㺩,jiu
㺪,pu
㺫,qiu
㺬,gong
㺭,zi
㺮,yu
㺱,reng
㺲,niu
㺳,mei
㺴,ba
㺵,jiu
㺷,xu
㺸,ping
㺹,bian
㺺,mao
㺿,yi
㻀,yu
㻂,ping
㻃,qu
㻄,bao
㻅,hui
㻉,bu
㻊,mang
㻋,la
㻌,tu
㻍,wu
㻎,li
㻏,ling
㻑,ji
㻒,jun
㻓,zou
㻔,duo
㻕,jue
㻖,dai
㻗,bei
㻝,la
㻞,bin
㻟,sui
㻠,tu
㻡,xue
㻧,duo
㻪,sui
㻫,bi
㻬,tu
㻭,se
㻮,can
㻯,tu
㻰,mian
㻱,jin
㻲,lu
㻵,zhan
㻶,bi
㻷,ji
㻸,zen
㻹,xuan
㻺,li
㻽,sui
㻾,yong
㻿,shu
㼂,e
㼇,qiong
㼉,zhen
㼊,tun
㼋,gu
㼌,yu
㼍,lei
㼎,bo
㼏,nei
㼐,pian
㼑,lian
㼒,tang
㼓,lian
㼔,wen
㼕,dang
㼖,li
㼗,ting
㼘,wa
㼙,zhou
㼚,gang
㼛,xing
㼜,ang
㼝,fan
㼞,peng
㼟,bo
㼠,tuo
㼡,shu
㼢,yi
㼣,bo
㼤,qie
㼥,tou
㼦,gong
㼧,tong
㼨,han
㼩,cheng
㼪,jie
㼫,huan
㼬,xing
㼭,dian
㼮,chai
㼯,dong
㼰,pi
㼱,ruan
㼲,lie
㼳,sheng
㼴,ou
㼵,di
㼶,yu
㼷,chuan
㼸,rong
㼹,kang
㼺,tang
㼻,cong
㼼,piao
㼽,chuang
㼾,lu
㼿,tong
㽀,zheng
㽁,li
㽂,sa
㽃,pan
㽄,si
㽆,dang
㽇,hu
㽈,yi
㽉,xian
㽊,xie
㽋,luo
㽌,liu
㽎,tan
㽑,tan
㽕,you
㽖,nan
㽘,gang
㽙,jun
㽚,chi
㽛,gou
㽝,li
㽞,liu
㽟,lie
㽠,xia
㽡,bei
㽢,an
㽣,yu
㽤,ju
㽥,rou
㽦,xun
㽧,zi
㽨,cuo
㽩,can
㽪,zeng
㽫,yong
㽬,fu
㽭,ruan
㽰,shu
㽱,jiao
㽲,jiao
㽳,xu
㽴,zhang
㽷,shui
㽸,chen
㽹,fan
㽺,ji
㽻,zhi
㽽,gu
㽾,wu
㾀,qie
㾁,shu
㾂,hai
㾃,tuo
㾄,du
㾅,zi
㾆,ran
㾇,mu
㾈,fu
㾉,ling
㾊,ji
㾋,xiu
㾌,xuan
㾍,nai
㾎,ya
㾏,jie
㾐,li
㾑,da
㾒,ru
㾓,yuan
㾔,lu
㾕,shen
㾖,li
㾗,liang
㾙,xin
㾚,xie
㾛,qin
㾜,qie
㾝,che
㾞,you
㾟,bu
㾠,kuang
㾡,que
㾢,ai
㾣,qin
㾤,qiang
㾥,chu
㾦,pei
㾧,kuo
㾨,yi
㾩,guai
㾪,sheng
㾫,pian
㾭,zhou
㾮,huang
㾯,hui
㾰,hu
㾱,bei
㾴,zha
㾵,ji
㾶,gu
㾷,xi
㾸,gao
㾹,chai
㾺,ma
㾻,zhu
㾼,tui
㾽,zhui
㾾,xian
㾿,lang
㿃,zhi
㿄,ai
㿅,xian
㿆,guo
㿇,xi
㿉,tui
㿊,can
㿋,sao
㿌,xian
㿍,jie
㿎,fen
㿏,qun
㿑,yao
㿒,dao
㿓,jia
㿔,lei
㿕,yan
㿖,lu
㿗,tui
㿘,ying
㿙,pi
㿚,luo
㿛,li
㿜,bie
㿞,mao
㿟,bai
㿢,yao
㿣,he
㿤,chun
㿥,he
㿦,ning
㿧,chou
㿨,li
㿩,tang
㿪,huan
㿫,bi
㿬,ba
㿮,yang
㿯,da
㿰,ao
㿱,xue
㿴,da
㿵,ran
㿶,bang
㿷,cuo
㿸,wan
㿻,gan
㿼,yan
㿽,xi
㿾,zhu
㿿,ya
䀀,fan
䀁,you
䀂,an
䀃,tui
䀄,meng
䀅,she
䀆,jin
䀇,gu
䀈,ji
䀉,qiao
䀊,jiao
䀋,yan
䀍,kan
䀎,mian
䀏,xuan
䀐,shan
䀑,wo
䀒,qian
䀓,huan
䀔,ren
䀕,zhen
䀖,tian
䀗,jue
䀘,xie
䀙,qi
䀚,ang
䀛,mei
䀜,gu
䀞,tao
䀟,fan
䀠,ju
䀡,chan
䀢,shun
䀣,bi
䀤,mao
䀥,shuo
䀦,gu
䀧,hong
䀨,hua
䀩,luo
䀪,hang
䀫,jia
䀬,quan
䀭,gai
䀮,huang
䀯,bu
䀰,gu
䀱,feng
䀲,mu
䀳,ai
䀴,ying
䀵,shun
䀶,liang
䀷,jie
䀸,chi
䀺,chou
䀻,ping
䀼,chen
䀽,yan
䀾,du
䀿,di
䁁,liang
䁂,xian
䁃,biao
䁄,xing
䁅,meng
䁆,ye
䁇,mi
䁈,qi
䁉,qi
䁊,wo
䁌,yu
䁍,qia
䁎,cheng
䁏,yao
䁐,ying
䁑,yang
䁒,ji
䁓,zong
䁔,xuan
䁕,min
䁖,lou
䁗,kai
䁘,yao
䁙,yan
䁚,sun
䁛,gui
䁜,huang
䁝,ying
䁞,sheng
䁟,cha
䁠,lian
䁢,xuan
䁣,chuan
䁤,che
䁥,ni
䁦,qu
䁧,miao
䁨,huo
䁩,yu
䁪,zhan
䁫,hu
䁬,ceng
䁭,biao
䁮,qian
䁰,jiang
䁱,kou
䁳,mang
䁴,zhan
䁵,bian
䁶,ji
䁷,jue
䁸,nang
䁹,bi
䁺,shi
䁻,shuo
䁼,mo
䁾,mie
䁿,mo
䂀,xi
䂁,chan
䂂,qu
䂃,jiao
䂄,huo
䂅,xian
䂆,xu
䂇,niu
䂈,tong
䂉,hou
䂊,yu
䂌,chong
䂍,bo
䂎,zuan
䂏,diao
䂐,zhuo
䂒,qia
䂔,xing
䂕,hui
䂖,shi
䂗,ku
䂚,yao
䂛,yu
䂜,bang
䂝,jie
䂞,zhe
䂟,jia
䂠,shi
䂡,di
䂢,dong
䂣,ci
䂤,fu
䂥,min
䂦,zhen
䂧,zhen
䂩,yan
䂪,qiao
䂫,hang
䂬,gong
䂭,qiao
䂮,lue
䂯,guai
䂰,la
䂱,rui
䂲,fa
䂳,cuo
䂴,yan
䂵,gong
䂶,jie
䂷,guai
䂸,guo
䂹,suo
䂺,wo
䂼,nie
䂽,diao
䂾,lai
䂿,ta
䃀,cui
䃁,ya
䃂,gun
䃅,di
䃇,mian
䃈,jie
䃉,min
䃊,ju
䃋,yu
䃌,zhen
䃍,zhao
䃎,zha
䃏,xing
䃑,ban
䃒,he
䃓,gou
䃔,hong
䃕,lao
䃖,wu
䃗,bo
䃘,keng
䃙,lu
䃚,cu
䃛,lian
䃜,yi
䃝,qiao
䃞,shu
䃡,jin
䃢,qin
䃣,hui
䃤,su
䃥,chuang
䃦,dun
䃧,long
䃩,nao
䃪,tan
䃫,dan
䃬,wei
䃭,gan
䃮,da
䃯,li
䃰,ca
䃱,xian
䃲,pan
䃳,la
䃴,zhu
䃵,niao
䃶,huai
䃷,ying
䃸,xian
䃹,lan
䃺,mo
䃻,ba
䃽,gui
䃾,bi
䃿,fu
䄀,huo
䄁,yi
䄂,liu
䄄,yin
䄅,juan
䄆,huo
䄇,cheng
䄈,dou
䄉,e
䄋,yan
䄌,zhui
䄍,zha
䄎,qi
䄏,yu
䄐,quan
䄑,huo
䄒,nie
䄓,huang
䄔,ju
䄕,she
䄘,peng
䄙,ming
䄚,cao
䄛,lou
䄜,li
䄝,chuang
䄟,cui
䄠,shan
䄡,dan
䄢,qi
䄤,lai
䄥,ling
䄦,liao
䄧,reng
䄨,yu
䄩,yi
䄪,diao
䄫,qi
䄬,yi
䄭,nian
䄮,fu
䄯,jian
䄰,ya
䄱,fang
䄲,rui
䄶,bi
䄷,shi
䄸,po
䄹,nian
䄺,zhi
䄻,tao
䄼,tian
䄽,tian
䄾,ru
䄿,yi
䅀,lie
䅁,an
䅂,he
䅃,qiong
䅄,li
䅅,gui
䅆,zi
䅇,su
䅉,ya
䅊,cha
䅋,wan
䅌,juan
䅍,ting
䅎,you
䅏,hui
䅐,jian
䅑,rui
䅒,mang
䅓,ju
䅔,zi
䅕,ju
䅖,an
䅗,sui
䅘,lai
䅙,hun
䅚,quan
䅛,chang
䅜,duo
䅝,kong
䅞,ne
䅟,can
䅠,ti
䅡,xu
䅢,jiu
䅣,huang
䅤,qi
䅥,jie
䅦,mao
䅧,yan
䅩,zhi
䅪,tui
䅬,ai
䅭,pang
䅮,cang
䅯,tang
䅰,en
䅱,hun
䅲,qi
䅳,chu
䅴,suo
䅵,zhuo
䅶,nou
䅷,tu
䅸,shen
䅹,lou
䅺,biao
䅻,li
䅼,man
䅽,xin
䅾,cen
䅿,huang
䆀,mei
䆁,gao
䆂,lian
䆃,dao
䆄,zhan
䆅,zi
䆈,zhi
䆉,ba
䆊,cui
䆋,qiu
䆍,long
䆎,xian
䆏,fei
䆐,guo
䆑,cheng
䆒,jiu
䆓,e
䆕,yue
䆖,hong
䆗,yao
䆘,ya
䆙,yao
䆚,tong
䆛,zha
䆜,you
䆝,xue
䆞,yao
䆟,ke
䆠,huan
䆡,lang
䆢,yue
䆣,chen
䆦,shen
䆨,ning
䆩,ming
䆪,hong
䆫,chuang
䆬,yun
䆭,xuan
䆮,jin
䆯,zhuo
䆰,yu
䆱,tan
䆳,qiong
䆵,cheng
䆶,jiu
䆷,xue
䆸,zheng
䆹,chong
䆺,pan
䆻,qiao
䆽,qu
䆾,lan
䆿,yi
䇀,rong
䇁,si
䇂,qian
䇃,si
䇅,fa
䇇,meng
䇈,hua
䇋,hai
䇌,qiao
䇍,chu
䇎,que
䇏,dui
䇐,li
䇑,ba
䇒,jie
䇓,xu
䇔,luo
䇖,yun
䇗,zhong
䇘,hu
䇙,yin
䇛,zhi
䇜,qian
䇞,gan
䇟,jian
䇠,zhu
䇡,zhu
䇢,ku
䇣,nie
䇤,rui
䇥,ze
䇦,ang
䇧,zhi
䇨,gong
䇩,yi
䇪,chi
䇫,ji
䇬,zhu
䇭,lao
䇮,ren
䇯,rong
䇰,zheng
䇱,na
䇲,ce
䇵,yi
䇶,jue
䇷,bie
䇸,cheng
䇹,jun
䇺,dou
䇻,wei
䇼,yi
䇽,zhe
䇾,yan
䈀,san
䈁,lun
䈂,ping
䈃,zhao
䈄,han
䈅,yu
䈆,dai
䈇,zhao
䈈,fei
䈉,sha
䈋,ta
䈌,qu
䈍,mang
䈎,ye
䈏,bao
䈐,gui
䈑,gua
䈒,nan
䈓,ge
䈕,shi
䈖,ke
䈗,suo
䈘,ci
䈙,zhou
䈚,tai
䈛,kuai
䈜,qin
䈝,xu
䈞,du
䈟,ce
䈠,huan
䈡,cong
䈢,sai
䈣,zheng
䈤,qian
䈥,jin
䈦,zong
䈧,wei
䈪,xi
䈫,na
䈬,pu
䈭,sou
䈮,ju
䈯,zhen
䈰,shao
䈱,tao
䈲,ban
䈳,ta
䈴,qian
䈵,weng
䈶,rong
䈷,luo
䈸,hu
䈹,sou
䈺,zhong
䈻,pu
䈼,mie
䈽,jin
䈾,shao
䈿,mi
䉀,shu
䉁,ling
䉂,lei
䉃,jiang
䉄,leng
䉅,zhi
䉆,diao
䉈,san
䉉,gu
䉊,fan
䉋,mei
䉌,sui
䉍,jian
䉎,tang
䉏,xie
䉐,ku
䉑,wu
䉒,fan
䉓,luo
䉔,can
䉕,ceng
䉖,ling
䉗,yi
䉘,cong
䉙,yun
䉚,meng
䉛,yu
䉜,zhi
䉝,yi
䉞,dan
䉟,huo
䉠,wei
䉡,tan
䉢,se
䉣,xie
䉤,sou
䉥,song
䉦,qian
䉧,liu
䉨,yi
䉪,lei
䉫,li
䉬,fei
䉭,lie
䉮,lin
䉯,xian
䉰,xiao
䉱,ou
䉲,mi
䉳,xian
䉴,rang
䉵,zhuan
䉶,shuang
䉷,yan
䉸,bian
䉹,ling
䉻,qi
䉼,liao
䉽,ban
䉾,bi
䉿,hu
䊀,hu
䊂,ce
䊃,pei
䊄,qiong
䊅,ming
䊆,jiu
䊇,bu
䊈,mei
䊉,san
䊊,wei
䊍,li
䊎,quan
䊐,hun
䊑,xiang
䊓,shi
䊔,ying
䊖,nan
䊗,huang
䊘,jiu
䊙,yan
䊛,sa
䊜,tuan
䊝,xie
䊞,zhe
䊟,men
䊠,xi
䊡,man
䊣,huang
䊤,tan
䊥,xiao
䊦,ye
䊧,bi
䊨,luo
䊩,fan
䊪,li
䊫,cui
䊬,chua
䊭,dao
䊮,di
䊯,kuang
䊰,chu
䊱,xian
䊲,chan
䊳,mi
䊴,qian
䊵,qiu
䊶,zhen
䊺,hu
䊻,gan
䊼,chi
䊽,guai
䊾,mu
䊿,bo
䋀,hua
䋁,geng
䋂,yao
䋃,mao
䋄,wang
䋈,ru
䋉,xue
䋊,zheng
䋋,min
䋌,jiang
䋎,zhan
䋏,zuo
䋐,yue
䋑,lie
䋓,zhou
䋔,bi
䋕,ren
䋖,yu
䋘,chuo
䋙,er
䋚,yi
䋛,mi
䋜,qing
䋞,wang
䋟,ji
䋠,bu
䋢,bie
䋣,fan
䋤,yue
䋥,li
䋦,fan
䋧,qu
䋨,fu
䋩,er
䋪,e
䋫,zheng
䋬,tian
䋭,yu
䋮,jin
䋯,qi
䋰,ju
䋱,lai
䋲,che
䋳,bei
䋴,niu
䋵,yi
䋶,xu
䋷,mou
䋸,xun
䋹,fu
䋻,nin
䋼,ting
䋽,beng
䋾,zha
䋿,wei
䌀,ke
䌁,yao
䌂,ou
䌃,xiao
䌄,geng
䌅,tang
䌆,gui
䌇,hui
䌈,ta
䌊,yao
䌋,da
䌌,qi
䌍,jin
䌎,lue
䌐,mi
䌑,jian
䌒,lu
䌓,fan
䌔,ou
䌕,mi
䌖,jie
䌗,fu
䌘,bie
䌙,huang
䌚,su
䌛,yao
䌜,nie
䌝,jin
䌞,lian
䌟,bo
䌠,jian
䌡,ti
䌢,ling
䌣,zuan
䌤,shi
䌥,yin
䌦,dao
䌧,chou
䌨,ca
䌩,mie
䌪,yan
䌫,lan
䌬,chong
䌭,jiao
䌮,shuang
䌯,quan
䌰,nie
䌱,luo
䌳,shi
䌴,luo
䌵,zhu
䌷,chou
䌸,juan
䌹,jiong
䌺,er
䌻,yi
䌼,rui
䌽,cai
䌾,ren
䌿,fu
䍀,lan
䍁,sui
䍂,yu
䍃,you
䍄,dian
䍅,ling
䍆,zhu
䍈,ping
䍉,zhai
䍊,jiao
䍋,chui
䍌,bu
䍍,kou
䍎,cun
䍐,han
䍑,han
䍒,mou
䍓,hu
䍔,gong
䍕,di
䍖,fu
䍗,xuan
䍘,mi
䍙,mei
䍚,lang
䍛,gu
䍜,zhao
䍝,ta
䍞,yu
䍟,zong
䍠,li
䍡,lu
䍢,wu
䍣,lei
䍤,ji
䍥,li
䍦,li
䍨,po
䍩,yang
䍪,wa
䍫,tuo
䍬,peng
䍮,zhao
䍯,gui
䍱,xu
䍲,nai
䍳,que
䍴,wei
䍵,zheng
䍶,dong
䍷,wei
䍸,bo
䍺,huan
䍻,xuan
䍼,zan
䍽,li
䍾,yan
䍿,huang
䎀,xue
䎁,hu
䎂,bao
䎃,ran
䎄,xiao
䎅,po
䎆,liao
䎇,zhou
䎈,yi
䎉,xu
䎊,luo
䎋,kao
䎌,chu
䎎,na
䎏,han
䎐,chao
䎑,lu
䎒,zhan
䎓,ta
䎔,fu
䎕,hong
䎖,zeng
䎗,qiao
䎘,su
䎙,pin
䎚,guan
䎜,hun
䎝,chu
䎟,er
䎠,er
䎡,ruan
䎢,qi
䎣,si
䎤,ju
䎦,yan
䎧,bang
䎨,ye
䎩,zi
䎪,ne
䎫,chuang
䎬,ba
䎭,cao
䎮,ti
䎯,han
䎰,zuo
䎱,ba
䎲,zhe
䎳,wa
䎴,geng
䎵,bi
䎶,er
䎷,zhu
䎸,wu
䎹,wen
䎻,zhou
䎼,lu
䎽,wen
䎾,gun
䎿,qiu
䏀,la
䏁,zai
䏂,sou
䏃,mian
䏄,di
䏅,qi
䏆,cao
䏇,piao
䏈,lian
䏉,shi
䏊,long
䏋,su
䏌,qi
䏍,yuan
䏎,feng
䏏,xu
䏐,jue
䏑,di
䏒,pian
䏓,guan
䏔,niu
䏕,ren
䏖,zhen
䏗,gai
䏘,pi
䏚,chao
䏛,chun
䏜,he
䏝,zhuan
䏞,mo
䏟,bie
䏠,qi
䏡,shi
䏢,bi
䏣,jue
䏤,si
䏦,gua
䏧,na
䏨,hui
䏩,xi
䏪,er
䏫,xiu
䏬,mou
䏮,xi
䏯,zhi
䏰,run
䏱,ju
䏲,die
䏳,zhe
䏴,shao
䏵,meng
䏶,bi
䏷,han
䏸,yu
䏹,xian
䏺,pang
䏻,neng
䏼,can
䏽,bu
䏿,qi
䐀,ji
䐁,zhuo
䐂,lu
䐃,jun
䐄,xian
䐅,xi
䐆,cai
䐇,wen
䐈,zhi
䐉,zi
䐊,kun
䐋,cong
䐌,tian
䐍,chu
䐎,di
䐏,chun
䐐,qiu
䐑,zhe
䐒,zha
䐓,rou
䐔,bin
䐕,ji
䐖,xi
䐗,zhu
䐘,jue
䐙,ge
䐚,ji
䐛,da
䐜,chen
䐝,suo
䐞,ruo
䐟,xiang
䐠,huang
䐡,qi
䐢,zhu
䐣,sun
䐤,chai
䐥,weng
䐦,ke
䐧,kao
䐨,gu
䐩,gai
䐪,fan
䐫,cong
䐬,cao
䐭,zhi
䐮,chan
䐯,lei
䐰,xiu
䐱,zhai
䐲,zhe
䐳,yu
䐴,gui
䐵,gong
䐶,zan
䐷,dan
䐸,huo
䐹,sou
䐺,tan
䐻,gu
䐼,xi
䐾,duo
䐿,ao
䑀,pi
䑁,wu
䑂,ai
䑃,meng
䑄,pi
䑅,meng
䑆,yang
䑇,zhi
䑈,bo
䑉,ying
䑊,wei
䑋,rang
䑌,lan
䑍,yan
䑎,chan
䑏,quan
䑐,zhen
䑑,pu
䑓,tai
䑔,fei
䑕,shu
䑗,dang
䑘,cuo
䑙,tan
䑚,tian
䑛,chi
䑜,ta
䑝,jia
䑞,shun
䑟,huang
䑠,liao
䑣,chen
䑤,jin
䑥,e
䑦,gou
䑧,fu
䑨,duo
䑪,e
䑫,beng
䑬,tao
䑭,di
䑯,di
䑰,bu
䑱,wan
䑲,zhao
䑳,lun
䑴,qi
䑵,mu
䑶,qian
䑸,zong
䑹,sou
䑻,you
䑼,zhou
䑽,ta
䑿,su
䒀,bu
䒁,xi
䒂,jiang
䒃,cao
䒄,fu
䒅,teng
䒆,che
䒇,fu
䒈,fei
䒉,wu
䒊,xi
䒋,yang
䒌,ming
䒍,pang
䒎,mang
䒏,seng
䒐,meng
䒑,cao
䒒,tiao
䒓,kai
䒔,bai
䒕,xiao
䒖,xin
䒗,qi
䒚,shao
䒛,huan
䒜,niu
䒝,xiao
䒞,chen
䒟,dan
䒠,feng
䒡,yin
䒢,ang
䒣,ran
䒤,ri
䒥,man
䒦,fan
䒧,qu
䒨,shi
䒩,he
䒪,bian
䒫,dai
䒬,mo
䒭,deng
䒰,kuang
䒲,cha
䒳,duo
䒴,you
䒵,hao
䒷,gua
䒸,xue
䒹,lei
䒺,jin
䒻,qi
䒼,qu
䒽,wang
䓂,yan
䓃,yi
䓄,yin
䓅,qi
䓆,zhe
䓇,xi
䓈,yi
䓉,ye
䓊,wu
䓋,zhi
䓌,zhi
䓍,han
䓎,chuo
䓏,fu
䓐,chun
䓑,ping
䓒,kuai
䓓,chou
䓕,tuo
䓖,qiong
䓗,cong
䓘,gao
䓙,kua
䓚,qu
䓛,qu
䓜,zhi
䓝,meng
䓞,li
䓟,zhou
䓠,ta
䓡,zhi
䓢,gu
䓣,liang
䓤,hu
䓥,la
䓦,dian
䓧,ci
䓨,ying
䓫,qi
䓭,cha
䓮,mao
䓯,du
䓰,yin
䓱,chai
䓲,rui
䓳,hen
䓴,ruan
䓵,fu
䓶,lai
䓷,xing
䓸,jian
䓹,yi
䓺,mei
䓼,mang
䓽,ji
䓾,suo
䓿,han
䔁,li
䔂,zi
䔃,zu
䔄,yao
䔅,ge
䔆,li
䔇,qi
䔈,gong
䔉,li
䔊,bing
䔋,suo
䔎,su
䔏,chou
䔐,jian
䔑,xie
䔒,bei
䔓,xu
䔔,jing
䔕,pu
䔖,ling
䔗,xiang
䔘,zuo
䔙,diao
䔚,chun
䔛,qing
䔜,nan
䔝,zhai
䔞,lu
䔟,yi
䔠,shao
䔡,yu
䔢,hua
䔣,li
䔤,pa
䔧,li
䔪,shuang
䔬,yi
䔭,ning
䔮,si
䔯,ku
䔰,fu
䔱,yi
䔲,deng
䔳,ran
䔴,ce
䔶,ti
䔷,qin
䔸,biao
䔹,sui
䔺,wei
䔻,dun
䔼,se
䔽,ai
䔾,qi
䔿,zun
䕀,kuan
䕁,fei
䕃,yin
䕅,sao
䕆,dou
䕇,hui
䕈,xie
䕉,ze
䕊,tan
䕋,tang
䕌,zhi
䕍,yi
䕎,fu
䕏,e
䕑,jun
䕒,jia
䕓,cha
䕔,xian
䕕,man
䕗,bi
䕘,ling
䕙,jie
䕚,kui
䕛,jia
䕝,cheng
䕞,lang
䕟,xing
䕠,fei
䕡,lu
䕢,zha
䕣,he
䕤,ji
䕥,ni
䕦,ying
䕧,xiao
䕨,teng
䕩,lao
䕪,ze
䕫,kui
䕭,qian
䕮,ju
䕯,piao
䕰,fan
䕱,tou
䕲,lin
䕳,mi
䕴,zhuo
䕵,xie
䕶,hu
䕷,mi
䕸,jie
䕹,za
䕺,cong
䕻,li
䕼,ran
䕽,zhu
䕾,yin
䕿,han
䖁,yi
䖂,luan
䖃,yue
䖄,ran
䖅,ling
䖆,niang
䖇,yu
䖈,nue
䖊,yi
䖋,nue
䖌,yi
䖍,qian
䖎,xia
䖏,chu
䖐,yin
䖑,mi
䖒,xi
䖓,na
䖔,kan
䖕,zu
䖖,xia
䖗,yan
䖘,tu
䖙,ti
䖚,wu
䖛,suo
䖜,yin
䖝,chong
䖞,zhou
䖟,mang
䖠,yuan
䖡,nu
䖢,miao
䖣,zao
䖤,wan
䖥,li
䖦,qu
䖧,na
䖨,shi
䖩,bi
䖪,zi
䖫,bang
䖭,juan
䖮,xiang
䖯,kui
䖰,pai
䖱,kuang
䖲,xun
䖳,zha
䖴,yao
䖵,kun
䖶,hui
䖷,xi
䖸,e
䖹,yang
䖺,tiao
䖻,you
䖼,jue
䖽,li
䖿,li
䗀,cheng
䗁,ji
䗂,hu
䗃,zhan
䗄,fu
䗅,chang
䗆,guan
䗇,ju
䗈,meng
䗉,chang
䗊,tan
䗋,mou
䗌,xing
䗍,li
䗎,yan
䗏,sou
䗐,shi
䗑,yi
䗒,bing
䗓,cong
䗔,hou
䗕,wan
䗖,di
䗗,ji
䗘,ge
䗙,han
䗚,bo
䗛,xiu
䗜,liu
䗝,can
䗞,can
䗟,yi
䗠,xuan
䗡,yan
䗢,zao
䗣,han
䗤,yong
䗥,zong
䗧,kang
䗨,yu
䗩,qi
䗪,zhe
䗫,ma
䗮,shuang
䗯,jin
䗰,guan
䗱,pu
䗲,lin
䗵,jiang
䗶,la
䗷,yi
䗸,yong
䗹,ci
䗺,yan
䗻,jie
䗼,xun
䗽,wei
䗾,xian
䗿,ning
䘀,fu
䘁,ge
䘃,mo
䘄,zhu
䘅,nai
䘆,xian
䘇,wen
䘈,li
䘉,can
䘊,mie
䘋,jian
䘌,ni
䘍,chai
䘎,wan
䘏,xu
䘐,nu
䘑,mai
䘒,zui
䘓,kan
䘔,ka
䘕,hang
䘘,yu
䘙,wei
䘚,zhu
䘝,yi
䘟,diao
䘠,fu
䘡,bi
䘢,zhu
䘣,zi
䘤,shu
䘥,xia
䘦,ni
䘨,jiao
䘩,xun
䘪,chong
䘫,nou
䘬,rong
䘭,zhi
䘮,sang
䘰,shan
䘱,yu
䘳,jin
䘵,lu
䘶,han
䘷,bie
䘸,yi
䘹,zui
䘺,zhan
䘻,yu
䘼,wan
䘽,ni
䘾,guan
䘿,jue
䙀,beng
䙁,can
䙃,duo
䙄,qi
䙅,yao
䙆,kui
䙇,ruan
䙈,hou
䙉,xun
䙊,xie
䙌,kui
䙎,xie
䙏,bo
䙐,ke
䙑,cui
䙒,xu
䙓,bai
䙔,ou
䙕,zong
䙗,ti
䙘,chu
䙙,chi
䙚,niao
䙛,guan
䙜,feng
䙝,xie
䙞,deng
䙟,wei
䙠,jue
䙡,kui
䙢,zeng
䙣,sa
䙤,duo
䙥,ling
䙦,meng
䙨,guo
䙩,meng
䙪,long
䙬,ying
䙮,guan
䙯,cu
䙰,li
䙱,du
䙳,biao
䙵,xi
䙷,de
䙸,de
䙹,xian
䙺,lian
䙼,shao
䙽,xie
䙾,shi
䙿,wei
䚂,he
䚃,you
䚄,lu
䚅,lai
䚆,ying
䚇,sheng
䚈,juan
䚉,qi
䚊,jian
䚋,yun
䚍,qi
䚏,lin
䚐,ji
䚑,mai
䚒,chuang
䚓,nian
䚔,bin
䚖,ling
䚗,gang
䚘,cheng
䚙,xuan
䚚,xian
䚛,hu
䚜,bi
䚝,zu
䚞,dai
䚟,dai
䚠,hun
䚡,sai
䚢,che
䚣,ti
䚥,nuo
䚦,zhi
䚧,liu
䚨,fei
䚩,jiao
䚪,guan
䚫,xi
䚮,reng
䚯,tao
䚰,pi
䚱,xin
䚲,shan
䚳,zhi
䚴,wa
䚵,tou
䚶,tian
䚷,yi
䚸,xie
䚹,pi
䚺,yao
䚻,yao
䚼,nu
䚽,hao
䚾,nin
䚿,yin
䛀,fan
䛁,nan
䛂,yao
䛃,wan
䛄,yuan
䛅,xia
䛆,zhou
䛇,yuan
䛈,shi
䛉,mian
䛊,xi
䛋,ji
䛌,tao
䛍,fei
䛎,xue
䛏,ni
䛐,ci
䛑,mi
䛒,bian
䛔,na
䛕,yu
䛖,e
䛗,zhi
䛘,ren
䛙,xu
䛚,lue
䛛,hui
䛜,xun
䛝,nao
䛞,han
䛟,jia
䛠,dou
䛡,hua
䛢,tu
䛣,ping
䛤,cu
䛥,xi
䛦,song
䛧,mi
䛩,wu
䛪,qiong
䛫,zhang
䛬,tao
䛭,xing
䛮,jiu
䛯,ju
䛰,hun
䛱,ti
䛲,man
䛳,yan
䛴,ji
䛵,shou
䛶,lei
䛷,wan
䛸,che
䛹,can
䛺,jie
䛻,you
䛼,hui
䛽,zha
䛾,su
䛿,ge
䜀,nao
䜁,xi
䜃,dui
䜄,chi
䜅,wei
䜆,zhe
䜇,gun
䜈,chao
䜉,chi
䜊,zao
䜋,hui
䜌,luan
䜍,liao
䜎,lao
䜏,tuo
䜐,hui
䜑,wu
䜒,ao
䜓,she
䜔,sui
䜕,mai
䜖,tan
䜗,xin
䜘,jing
䜙,an
䜚,ta
䜛,chan
䜜,wei
䜝,tuan
䜞,ji
䜟,chen
䜠,che
䜡,yu
䜢,xian
䜣,xin
䜧,nao
䜩,yan
䜪,qiu
䜫,jiang
䜬,song
䜭,jun
䜮,liao
䜯,ju
䜱,man
䜲,lie
䜴,chu
䜵,chi
䜶,xiang
䜷,qin
䜸,mei
䜺,chai
䜻,chi
䜼,gu
䜽,yu
䜾,yin
䝀,liu
䝁,lao
䝂,shu
䝃,zhe
䝄,shuang
䝅,hui
䝈,e
䝊,sha
䝋,zong
䝌,jue
䝍,jun
䝎,tuan
䝏,lou
䝐,wei
䝑,chong
䝒,zhu
䝓,lie
䝕,zhe
䝖,zhao
䝘,yi
䝙,chu
䝚,ni
䝜,suan
䝝,yi
䝞,hao
䝟,ya
䝠,huan
䝡,man
䝢,man
䝣,qu
䝤,lao
䝥,hao
䝦,zhong
䝧,min
䝨,xian
䝩,zhen
䝪,shu
䝫,zuo
䝬,zhu
䝭,gou
䝮,xuan
䝯,yi
䝰,zhi
䝱,xie
䝲,jin
䝳,can
䝵,bu
䝶,liang
䝷,zhi
䝸,ji
䝹,wan
䝺,guan
䝻,ju
䝼,jing
䝽,ai
䝾,fu
䝿,gui
䞀,hou
䞁,yan
䞂,ruan
䞃,zhi
䞄,biao
䞅,yi
䞆,suo
䞇,die
䞈,gui
䞉,sheng
䞊,xun
䞋,chen
䞌,she
䞍,qing
䞐,chun
䞑,hong
䞒,dong
䞓,cheng
䞔,wei
䞕,ru
䞖,shu
䞗,cai
䞙,za
䞚,qi
䞛,yan
䞜,fu
䞝,yu
䞞,fu
䞟,po
䞠,zhi
䞡,tan
䞢,zuo
䞣,che
䞤,qu
䞥,you
䞦,he
䞧,hou
䞨,gui
䞩,e
䞪,jiang
䞫,yun
䞬,tou
䞭,cun
䞮,tu
䞯,fu
䞰,zuo
䞱,hu
䞳,bo
䞴,zhao
䞵,jue
䞶,tang
䞷,jue
䞸,fu
䞹,huang
䞺,chun
䞻,yong
䞼,chui
䞽,suo
䞾,chi
䞿,qian
䟀,cai
䟁,xiao
䟂,man
䟃,can
䟄,qi
䟅,jian
䟆,bi
䟇,ji
䟈,zhi
䟉,zhu
䟊,qu
䟋,zhan
䟌,ji
䟍,bian
䟏,li
䟐,li
䟑,yue
䟒,quan
䟓,cheng
䟔,fu
䟕,cha
䟗,shi
䟘,hang
䟙,qie
䟚,qi
䟛,bo
䟜,na
䟝,tou
䟞,chu
䟟,cu
䟠,yue
䟡,zhi
䟢,chen
䟣,chu
䟥,meng
䟦,ba
䟧,tian
䟨,min
䟩,lie
䟪,feng
䟬,qiu
䟭,tiao
䟮,fu
䟯,kuo
䟰,jian
䟴,zhen
䟵,qiu
䟶,zuo
䟷,chi
䟸,kui
䟹,lie
䟺,bei
䟻,du
䟼,wu
䟾,zhuo
䟿,lu
䠀,tang
䠂,chu
䠃,liang
䠄,tian
䠅,kun
䠆,chang
䠇,jue
䠈,tu
䠉,huan
䠊,fei
䠍,xia
䠎,wo
䠏,ji
䠐,qu
䠑,kui
䠒,hu
䠓,qiu
䠔,sui
䠕,cai
䠗,qiu
䠘,pi
䠙,pang
䠚,wa
䠛,yao
䠜,rong
䠝,xun
䠞,cu
䠟,die
䠠,chi
䠡,cuo
䠢,meng
䠣,xuan
䠤,duo
䠥,bie
䠦,zhe
䠧,chu
䠨,chan
䠩,gui
䠪,duan
䠫,zou
䠬,deng
䠭,lai
䠮,teng
䠯,yue
䠰,quan
䠱,zhu
䠲,ling
䠳,chen
䠴,zhen
䠵,fu
䠶,she
䠷,tiao
䠸,kua
䠹,ai
䠻,qiong
䠼,shu
䠽,hai
䠾,shan
䠿,wai
䡀,zhan
䡁,long
䡂,jiu
䡃,li
䡅,chun
䡆,rong
䡇,yue
䡈,jue
䡉,kang
䡊,fan
䡋,qi
䡌,hong
䡍,fu
䡎,lu
䡏,hong
䡐,tuo
䡑,min
䡒,tian
䡓,juan
䡔,qi
䡕,zheng
䡖,qing
䡗,gong
䡘,tian
䡙,lang
䡚,mao
䡛,yin
䡜,lu
䡝,yuan
䡞,ju
䡟,pi
䡡,xie
䡢,bian
䡣,hun
䡤,zhu
䡥,rong
䡦,sang
䡧,wu
䡨,cha
䡩,keng
䡪,shan
䡫,peng
䡬,man
䡭,xiu
䡯,cong
䡰,keng
䡲,chan
䡳,si
䡴,chong
䡵,sui
䡶,bei
䡷,kai
䡹,zhi
䡺,wei
䡻,min
䡼,ling
䡽,zuan
䡾,nie
䡿,ling
䢀,qi
䢁,yue
䢃,yi
䢅,chen
䢇,rong
䢉,nong
䢊,you
䢋,ji
䢌,bo
䢍,fang
䢐,cu
䢑,di
䢒,jiao
䢓,yu
䢔,he
䢕,xu
䢖,yu
䢙,bai
䢚,geng
䢛,jiong
䢝,ya
䢞,shu
䢟,you
䢠,song
䢡,ye
䢢,cang
䢣,yao
䢥,yan
䢦,shuai
䢧,liao
䢨,cong
䢩,yu
䢪,bo
䢫,sui
䢭,yan
䢮,lei
䢯,lin
䢰,ti
䢱,du
䢲,yue
䢳,ji
䢵,yun
䢸,ju
䢹,ju
䢺,chu
䢻,chen
䢼,gong
䢽,xiang
䢾,xian
䢿,an
䣀,gui
䣁,yu
䣂,lei
䣄,tu
䣅,chen
䣆,xing
䣇,qiu
䣈,hang
䣊,dang
䣋,cai
䣌,di
䣍,yan
䣎,zi
䣐,ying
䣑,chan
䣓,li
䣔,suo
䣕,ma
䣖,ma
䣘,tang
䣙,pei
䣚,lou
䣛,qi
䣜,cuo
䣝,tu
䣞,e
䣟,can
䣠,jie
䣡,yi
䣢,ji
䣣,dang
䣤,jue
䣥,bi
䣦,lei
䣧,yi
䣨,chun
䣩,chun
䣪,po
䣫,li
䣬,zai
䣭,tai
䣮,po
䣯,cu
䣰,ju
䣱,xu
䣲,fan
䣴,xu
䣵,er
䣶,huo
䣷,zhu
䣸,ran
䣹,fa
䣺,juan
䣻,han
䣼,liang
䣽,zhi
䣾,mi
䣿,yu
䤁,cen
䤂,mei
䤃,yin
䤄,mian
䤅,tu
䤆,kui
䤉,mi
䤊,rong
䤋,yu
䤌,qiang
䤍,mi
䤎,ju
䤏,pi
䤐,jin
䤑,wang
䤒,ji
䤔,jian
䤕,xue
䤖,bao
䤗,gan
䤘,chan
䤙,li
䤚,li
䤛,qiu
䤜,dun
䤝,ying
䤞,yun
䤟,chen
䤠,zhi
䤡,ran
䤣,lue
䤤,kai
䤥,gui
䤦,yue
䤨,pi
䤩,cha
䤪,duo
䤫,chan
䤬,sha
䤭,shi
䤮,she
䤯,xing
䤰,ying
䤱,shi
䤲,chi
䤳,ye
䤴,han
䤵,fei
䤶,ye
䤷,yan
䤸,zuan
䤹,sou
䤺,jin
䤻,duo
䤼,xian
䤽,guan
䤾,tao
䤿,qie
䥀,chan
䥁,han
䥂,meng
䥃,yue
䥄,cu
䥅,qian
䥆,jin
䥇,shan
䥈,mu
䥉,yuan
䥋,peng
䥌,zheng
䥍,zhi
䥎,chun
䥏,yu
䥐,mou
䥑,wan
䥒,jiang
䥓,qi
䥔,su
䥕,pie
䥖,tian
䥗,kuan
䥘,cu
䥙,sui
䥛,jie
䥜,jian
䥝,ao
䥞,jiao
䥟,ye
䥡,ye
䥢,long
䥣,zao
䥤,bao
䥥,lian
䥧,huan
䥨,lu
䥩,wei
䥪,xian
䥫,tie
䥬,bo
䥭,zheng
䥮,zhu
䥯,bei
䥰,meng
䥱,xie
䥲,ou
䥳,you
䥵,xiao
䥶,li
䥷,zha
䥸,mi
䥺,ye
䥽,po
䥾,xie
䦂,shan
䦃,zhuo
䦅,shan
䦆,jue
䦇,ji
䦈,jie
䦊,niao
䦋,ao
䦌,chu
䦍,wu
䦎,guan
䦏,xie
䦐,ting
䦑,xue
䦒,dang
䦓,zhan
䦔,tan
䦕,peng
䦖,xie
䦗,xu
䦘,xian
䦙,si
䦚,kua
䦛,zheng
䦜,wu
䦝,huo
䦞,run
䦟,wen
䦠,du
䦡,huan
䦢,kuo
䦣,fu
䦤,chuai
䦥,xian
䦦,qin
䦧,qie
䦨,lan
䦪,ya
䦫,ying
䦬,que
䦭,hang
䦮,chun
䦯,zhi
䦱,wei
䦲,yan
䦳,xiang
䦴,yi
䦵,ni
䦶,zheng
䦷,chuai
䦹,shi
䦺,ding
䦻,zi
䦼,jue
䦽,xu
䦾,yuan
䧁,xu
䧂,dao
䧃,tian
䧄,ge
䧅,yi
䧆,hong
䧇,yi
䧉,li
䧊,ku
䧋,xian
䧌,sui
䧍,xi
䧎,xuan
䧑,di
䧒,lai
䧓,zhou
䧔,nian
䧕,cheng
䧖,jian
䧗,bi
䧘,zhuan
䧙,ling
䧚,hao
䧛,bang
䧜,tang
䧝,chi
䧞,ma
䧟,xian
䧠,shuan
䧡,yong
䧢,qu
䧤,pu
䧥,hui
䧦,wei
䧧,yi
䧨,ye
䧪,che
䧫,hao
䧬,bin
䧮,xian
䧯,chan
䧰,hun
䧲,han
䧳,ci
䧴,zhi
䧵,qi
䧶,kui
䧷,rou
䧹,ying
䧺,xiong
䧼,hu
䧽,cui
䧿,que
䨀,di
䨁,wu
䨂,qiu
䨄,yan
䨅,liao
䨆,bi
䨈,bin
䨊,yuan
䨋,nue
䨌,bao
䨍,ying
䨎,hong
䨏,ci
䨐,qia
䨑,ti
䨒,yu
䨓,lei
䨔,bao
䨖,ji
䨗,fu
䨘,xian
䨙,cen
䨚,hu
䨛,se
䨜,beng
䨝,qing
䨞,yu
䨟,wa
䨠,ai
䨡,han
䨢,dan
䨣,ge
䨤,di
䨥,huo
䨦,pang
䨨,zhui
䨩,ling
䨪,mai
䨫,mai
䨬,lian
䨭,xiao
䨮,xue
䨯,zhen
䨰,po
䨱,fu
䨲,nou
䨳,xi
䨴,dui
䨵,dan
䨶,yun
䨷,xian
䨸,yin
䨹,shu
䨺,dui
䨻,beng
䨼,hu
䨽,fei
䨾,fei
䨿,za
䩁,fei
䩂,xian
䩃,shi
䩄,mian
䩅,zhan
䩆,zhan
䩇,zhan
䩈,hui
䩉,fu
䩊,wan
䩋,mo
䩌,qiao
䩍,liao
䩏,mie
䩐,hu
䩑,hong
䩒,yu
䩓,qi
䩔,duo
䩕,ang
䩗,ba
䩘,di
䩙,xuan
䩚,di
䩛,bi
䩜,zhou
䩝,pao
䩞,tie
䩟,yi
䩡,jia
䩢,zhi
䩣,tu
䩤,xie
䩥,dan
䩦,tiao
䩧,xie
䩨,chang
䩩,yuan
䩪,guan
䩫,liang
䩬,beng
䩮,lu
䩯,ji
䩰,xuan
䩱,shu
䩲,du
䩳,sou
䩴,hu
䩵,yun
䩶,chan
䩷,bang
䩸,rong
䩹,e
䩺,weng
䩻,ba
䩼,feng
䩽,yu
䩾,zhe
䩿,fen
䪀,guan
䪁,bu
䪂,ge
䪃,dun
䪄,huang
䪅,du
䪆,ti
䪇,bo
䪈,qian
䪉,lie
䪊,long
䪋,wei
䪌,zhan
䪍,lan
䪎,sui
䪏,na
䪐,bi
䪑,tuo
䪒,zhu
䪓,die
䪔,bu
䪕,ju
䪖,po
䪗,xia
䪘,wei
䪙,po
䪚,da
䪛,fan
䪜,chan
䪝,hu
䪞,za
䪤,fan
䪥,xie
䪦,hong
䪧,chi
䪩,yin
䪫,jing
䪬,bo
䪭,ruan
䪮,chou
䪯,ying
䪰,yi
䪱,gai
䪲,kun
䪳,yun
䪴,zhen
䪶,ju
䪷,hou
䪸,min
䪹,bai
䪺,ge
䪻,bian
䪼,zhuo
䪽,hao
䪾,zhen
䪿,sheng
䫀,gen
䫁,bi
䫂,duo
䫃,chun
䫄,chua
䫅,san
䫆,cheng
䫇,ran
䫈,chen
䫉,mao
䫊,pei
䫋,wei
䫌,pi
䫍,fu
䫎,zhuo
䫏,qi
䫐,lin
䫑,yi
䫒,men
䫓,wu
䫔,qi
䫕,die
䫖,chen
䫗,xia
䫘,he
䫙,sang
䫚,gua
䫛,hou
䫜,ao
䫝,fu
䫞,qiao
䫟,hun
䫠,pi
䫡,yan
䫢,si
䫣,xi
䫤,ming
䫥,kui
䫦,ge
䫨,ao
䫩,san
䫪,shuang
䫫,lou
䫬,zhen
䫭,hui
䫮,chan
䫰,lin
䫱,na
䫲,han
䫳,du
䫴,jin
䫵,mian
䫶,fan
䫷,e
䫸,chao
䫹,hong
䫺,hong
䫻,yu
䫼,xue
䫽,pao
䫾,bi
䫿,chao
䬀,you
䬁,yi
䬂,xue
䬃,sa
䬄,xu
䬅,li
䬆,li
䬇,yuan
䬈,dui
䬉,huo
䬊,sha
䬋,leng
䬌,pou
䬍,hu
䬎,guo
䬏,bu
䬐,rui
䬑,wei
䬒,sou
䬓,an
䬔,yu
䬕,xiang
䬖,heng
䬗,yang
䬘,xiao
䬙,yao
䬛,bi
䬝,heng
䬞,tao
䬟,liu
䬡,zhu
䬣,xi
䬤,zan
䬥,yi
䬦,dou
䬧,yuan
䬨,jiu
䬪,bo
䬫,ti
䬬,ying
䬮,yi
䬯,nian
䬰,shao
䬱,ben
䬲,gou
䬳,ban
䬴,mo
䬵,gai
䬶,en
䬷,she
䬹,zhi
䬺,yang
䬻,jian
䬼,yuan
䬽,shui
䬾,ti
䬿,wei
䭀,xun
䭁,zhi
䭂,yi
䭃,ren
䭄,shi
䭅,hu
䭆,ne
䭇,ye
䭈,jian
䭉,sui
䭊,ying
䭋,bao
䭌,hu
䭍,hu
䭎,ye
䭐,yang
䭑,lian
䭒,xi
䭓,en
䭔,dui
䭕,zan
䭖,zhu
䭗,ying
䭘,ying
䭙,jin
䭚,chuang
䭛,dan
䭝,kuai
䭞,yi
䭟,ye
䭠,jian
䭡,en
䭢,ning
䭣,ci
䭤,qian
䭥,xue
䭦,bo
䭧,mi
䭨,shui
䭩,mo
䭪,liang
䭫,qi
䭬,qi
䭭,shou
䭮,fu
䭯,bo
䭱,bie
䭲,yi
䭳,wei
䭴,huan
䭵,fan
䭶,qi
䭷,mao
䭸,bao
䭹,ang
䭺,ang
䭻,fu
䭼,qi
䭽,qun
䭾,tuo
䭿,yi
䮀,bo
䮁,pian
䮂,ba
䮄,xuan
䮇,yu
䮈,chi
䮉,lu
䮊,yi
䮋,li
䮍,niao
䮎,xi
䮏,wu
䮑,lei
䮒,pu
䮓,zhuo
䮔,zui
䮕,zhuo
䮖,chang
䮗,an
䮘,er
䮙,yu
䮚,leng
䮛,fu
䮜,zha
䮝,hun
䮞,chun
䮟,sou
䮠,bi
䮡,bi
䮢,zha
䮤,he
䮥,li
䮧,han
䮨,zai
䮩,gu
䮪,cheng
䮫,lou
䮬,mo
䮭,mi
䮮,mai
䮯,ao
䮰,zhe
䮱,zhu
䮲,huang
䮳,fan
䮴,deng
䮵,tong
䮷,du
䮸,wo
䮹,wei
䮺,ji
䮻,chi
䮼,lin
䮽,biao
䮾,long
䮿,jian
䯀,nie
䯁,luo
䯂,shen
䯄,gua
䯅,nie
䯆,yi
䯇,ku
䯈,wan
䯉,wa
䯊,qia
䯋,bo
䯌,kao
䯍,ling
䯎,gan
䯏,gua
䯐,hai
䯑,kuang
䯒,heng
䯓,kui
䯔,ze
䯕,ting
䯖,lang
䯗,bi
䯘,huan
䯙,po
䯚,yao
䯛,wan
䯜,ti
䯝,sui
䯞,kua
䯟,dui
䯠,ao
䯢,mo
䯣,kui
䯤,kuai
䯥,an
䯦,ma
䯧,qing
䯨,qiao
䯪,kao
䯫,hao
䯬,duo
䯭,xian
䯮,nai
䯯,suo
䯰,jie
䯱,pi
䯲,pa
䯳,song
䯴,chang
䯵,nie
䯶,man
䯷,song
䯸,ci
䯹,xian
䯺,kuo
䯼,di
䯽,pou
䯾,tiao
䯿,zu
䰀,wo
䰁,fei
䰂,cai
䰃,peng
䰄,sai
䰆,rou
䰇,qi
䰈,cuo
䰉,pan
䰊,bo
䰋,man
䰌,zong
䰍,ci
䰎,kui
䰏,ji
䰐,lan
䰒,meng
䰓,mian
䰔,pan
䰕,lu
䰖,zuan
䰘,liu
䰙,yi
䰚,wen
䰛,li
䰜,li
䰝,zeng
䰞,zhu
䰟,hun
䰠,shen
䰡,chi
䰢,xing
䰣,wang
䰤,dong
䰥,huo
䰦,pi
䰧,hu
䰨,mei
䰩,che
䰪,mei
䰫,chao
䰬,ju
䰭,nou
䰯,yi
䰰,ru
䰱,ling
䰲,ya
䰴,qi
䰵,zi
䰷,bang
䰸,gong
䰹,ze
䰺,jie
䰻,yu
䰼,qin
䰽,bei
䰾,ba
䰿,tuo
䱀,yang
䱁,qiao
䱂,you
䱃,zhi
䱄,jie
䱅,mo
䱆,sheng
䱇,shan
䱈,qi
䱉,shan
䱊,mi
䱋,gong
䱌,yi
䱍,geng
䱎,geng
䱏,tou
䱐,fu
䱑,xue
䱒,ye
䱓,ting
䱔,tiao
䱕,mou
䱖,liu
䱗,can
䱙,shu
䱚,lu
䱛,huo
䱜,cuo
䱝,pai
䱞,liu
䱟,ju
䱠,zhan
䱡,ju
䱢,zheng
䱣,zu
䱤,xian
䱥,zhi
䱨,la
䱫,la
䱬,xu
䱭,geng
䱮,e
䱯,mu
䱰,zhong
䱱,ti
䱲,yuan
䱳,zhan
䱴,geng
䱵,weng
䱶,lang
䱷,yu
䱸,sou
䱹,zha
䱺,hai
䱻,hua
䱼,zhan
䱾,lou
䱿,chan
䲀,zhi
䲁,wei
䲂,xuan
䲃,zao
䲄,min
䲅,gui
䲉,si
䲊,duo
䲋,cen
䲌,kuan
䲍,teng
䲎,nei
䲏,lao
䲐,lu
䲑,yi
䲒,xie
䲓,yan
䲔,qing
䲕,pu
䲖,chou
䲗,xian
䲘,guan
䲙,jie
䲚,lai
䲛,meng
䲜,ye
䲞,li
䲟,yin
䲠,chun
䲡,qiu
䲢,teng
䲣,yu
䲦,dai
䲧,du
䲨,hong
䲪,xi
䲬,qi
䲮,yuan
䲯,ji
䲰,yun
䲱,fang
䲲,gong
䲳,hang
䲴,zhen
䲵,que
䲸,jie
䲹,pi
䲺,gan
䲻,xuan
䲼,sheng
䲽,shi
䲾,qiao
䲿,ci
䳀,die
䳁,bo
䳂,diao
䳃,wan
䳄,ci
䳅,zhi
䳆,bai
䳇,wu
䳈,bao
䳉,dan
䳊,ba
䳋,tong
䳍,gong
䳎,jiu
䳏,gui
䳐,ci
䳑,you
䳒,yuan
䳓,lao
䳔,ju
䳕,fu
䳖,nie
䳗,e
䳘,e
䳙,xing
䳚,kan
䳛,yan
䳜,tu
䳝,pou
䳞,beng
䳟,ming
䳠,shui
䳡,yan
䳢,qi
䳣,yuan
䳤,bie
䳦,xuan
䳧,hou
䳨,huang
䳩,yao
䳪,juan
䳫,kui
䳬,e
䳭,ji
䳮,mo
䳯,chong
䳰,bao
䳱,wu
䳲,zhen
䳳,xu
䳴,ta
䳵,chi
䳶,xi
䳷,cong
䳸,ma
䳹,kou
䳺,yan
䳻,can
䳽,he
䳾,deng
䳿,ran
䴀,tong
䴁,yu
䴂,xiang
䴃,nao
䴄,shun
䴅,fen
䴆,pu
䴇,ling
䴈,ao
䴉,huan
䴊,yi
䴋,huan
䴌,meng
䴍,ying
䴎,lei
䴏,yan
䴐,bao
䴑,die
䴒,ling
䴓,shi
䴔,jiao
䴕,lie
䴖,jing
䴗,ju
䴘,ti
䴙,pi
䴚,gang
䴛,xiao
䴜,wai
䴝,chuai
䴞,di
䴟,huan
䴠,yao
䴡,li
䴢,mi
䴣,hu
䴤,sheng
䴥,jia
䴦,yin
䴧,wei
䴩,piao
䴪,lu
䴫,ling
䴬,yi
䴭,cai
䴮,shan
䴯,hu
䴰,shu
䴱,tuo
䴲,mo
䴳,hua
䴴,tie
䴵,bing
䴶,peng
䴷,hun
䴸,fu
䴹,guo
䴺,bu
䴻,li
䴼,chan
䴽,pi
䴾,cuo
䴿,meng
䵀,suo
䵁,qiang
䵂,zhi
䵃,kuang
䵄,bi
䵅,ao
䵆,meng
䵇,xian
䵈,ku
䵉,tou
䵊,tuan
䵋,wei
䵌,xian
䵎,tuan
䵏,lao
䵐,chan
䵑,ni
䵒,ni
䵓,li
䵔,dong
䵕,ju
䵖,qian
䵗,bo
䵘,shai
䵙,zha
䵚,tao
䵛,qian
䵜,nong
䵝,yi
䵞,jing
䵟,gan
䵠,di
䵡,jian
䵢,mei
䵣,da
䵤,jian
䵥,yu
䵦,xie
䵧,zai
䵨,mang
䵩,li
䵪,gun
䵫,xun
䵬,ta
䵭,zhe
䵮,yang
䵯,tuan
䵰,shang
䵱,xi
䵲,qiao
䵳,wei
䵴,ying
䵵,chua
䵶,qu
䵷,wa
䵹,zhi
䵺,ting
䵻,gu
䵼,shang
䵽,ca
䵾,fu
䵿,tie
䶀,ta
䶁,ta
䶂,zhuo
䶃,han
䶄,ping
䶅,he
䶆,zhui
䶇,zhou
䶈,bo
䶉,liu
䶊,nu
䶋,xi
䶌,pao
䶍,di
䶎,he
䶏,ti
䶐,wai
䶑,ti
䶒,qi
䶓,ji
䶔,chi
䶕,ba
䶖,jin
䶗,ke
䶘,li
䶙,ju
䶚,qu
䶛,la
䶜,gu
䶝,qia
䶞,qi
䶟,xian
䶠,jian
䶡,shi
䶢,jian
䶣,ai
䶤,hua
䶥,zha
䶦,ze
䶧,yao
䶨,zhan
䶩,ji
䶪,cha
䶫,yan
䶬,jian
䶮,yan
䶰,jiao
䶱,tong
䶲,nan
䶳,yue
䶵,chi
一,yi
丁,ding
丂,kao
七,qi
丄,shang
丅,xia
丆,han
万,wan mo
丈,zhang
三,san
上,shang
下,xia
丌,ji
不,bu
与,yu
丏,mian
丐,gai
丑,chou
丒,chou
专,zhuan
且,qie
丕,pi
世,shi
丗,shi
丘,qiu
丙,bing
业,ye
丛,cong
东,dong
丝,si
丞,cheng
丟,diu
丠,qiu
両,liang
丢,diu
丣,you
两,liang
严,yan
並,bing
丧,sang
丨,gun
丩,jiu
个,ge
丫,ya
丬,qiang
中,zhong
丮,ji
丯,jie
丰,feng
丱,guan
串,chuan
丳,chan
临,lin
丵,zhuo
丶,zhu
丷,ba
丸,wan
丹,dan
为,wei
主,zhu
丼,jing
丽,li
举,ju
丿,pie
乀,fu
乂,yi
乃,nai
乄,wu
久,jiu
乆,jiu
乇,tuo
么,me
义,yi
乊,yi
之,zhi
乌,wu
乍,zha
乎,hu
乏,fa
乐,le
乑,yin
乒,ping
乓,pang
乔,qiao
乕,hu
乖,guai
乗,cheng
乘,cheng
乙,yi
乚,yin
乛,ya
九,jiu
乞,qi
也,ye
习,xi
乡,xiang
乢,gai
乤,xia
乥,hu
书,shu
乨,shi
乩,ji
乫,jia
乬,ju
乭,shi
买,mai
乱,luan
乳,ru
乵,yan
乶,fu
乺,suo
乼,cui
乾,gan
乿,zhi
亀,gui
亁,gan
亂,luan
亃,lin
亄,yi
亅,jue
了,le
亇,ma
予,yu
争,zheng
亊,shi
事,shi
二,er
亍,chu
于,yu
亏,kui
云,yun
互,hu
亓,qi
五,wu
井,jing
亖,si
亗,sui
亘,gen
亙,gen
亚,ya
些,xie
亜,ya
亝,qi
亞,ya
亟,ji
亠,tou
亡,wang
亢,kang
交,jiao
亥,hai
亦,yi
产,chan
亨,heng
亩,mu
亪,ye
享,xiang
京,jing
亭,ting
亮,liang
亯,xiang
亰,jing
亱,ye
亲,qin
亳,bo
亵,xie
亶,dan
亷,lian
亸,duo
亹,men
人,ren
亻,ren
亼,ji
亽,ji
亾,wang
亿,yi
什,shen
仁,ren
仂,le
仃,ding
仄,ze
仅,jin
仆,pu
仇,chou
仉,zhang
今,jin
介,jie
仍,reng
从,cong
仏,fo
仐,san
仑,lun
仒,bing
仓,cang
仔,zi
仕,shi
他,ta
仗,zhang
付,fu
仙,xian
仚,xian
仛,tuo
仝,tong
仞,ren
仟,qian
仡,ge
代,dai
令,ling
以,yi
仨,sa
仪,yi
仫,mu
们,men
仭,ren
仮,fan
仰,yang
仲,zhong
仳,pi
仵,wu
件,jian
价,jia
仸,yao
任,ren
份,fen
仾,di
仿,fang
伀,zhong
企,qi
伃,yu
伈,xin
伉,kang
伊,yi
伋,ji
伍,wu
伎,ji
伏,fu
伐,fa
休,xiu
伕,fu
众,zhong
优,you
伙,huo
会,hui
伛,yu
伜,cui
伝,yun
伞,san
伟,wei
传,chuan
伢,ya
伣,xian
伤,shang
伥,chang
伦,lun
伧,cang
伪,wei
伫,zhu
伭,xian
伮,nu
伯,bo
估,gu
伱,ni
伲,ni
伴,ban
伶,ling
伷,zhou
伸,shen
伹,qu
伺,ci
伻,beng
似,shi
伽,jia
伾,pi
佀,si
佃,dian
但,dan
佇,zhu
佈,bu
佉,qu
佋,zhao
佌,ci
位,wei
低,di
住,zhu
佐,zuo
佑,you
体,ti
佔,zhan
何,he
佗,tuo
佘,she
余,yu
佚,yi
佛,fu
作,zuo
佝,gou
佞,ning
佟,tong
你,ni
佡,xian
佣,yong
佤,wa
佥,qian
佩,pei
佪,hui
佭,xiang
佯,yang
佰,bai
佳,jia
佴,er
併,bing
佶,ji
佷,hen
佸,huo
佹,gui
佺,quan
佻,tiao
佼,jiao
佽,ci
佾,yi
使,shi
侀,xing
侁,shen
侂,tuo
侃,kan
侄,zhi
侅,gai
來,lai
侇,yi
侈,chi
侉,kua
侊,guang
例,li
侍,shi
侎,mi
侏,zhu
侐,xu
侑,you
侔,mou
侖,lun
侗,dong
侘,cha
侚,xun
供,gong
侜,zhou
依,yi
侠,xia
価,si
侢,dai
侣,lu
侥,jiao
侦,zhen
侧,ce
侨,qiao
侩,kuai
侪,chai
侫,ning
侬,nong
侭,jin
侮,wu
侯,hou
侴,chou
侵,qin
侶,lu
侷,ju
便,bian
俁,yu
係,xi
促,cu
俄,e
俅,qiu
俈,ku
俊,jun
俎,zu
俏,qiao
俐,li
俑,yong
俓,jing
俔,qian
俗,su
俘,fu
俙,xi
俚,li
俛,fu
俜,ping
保,bao
俞,yu
俟,qi
俠,xia
信,xin
俣,yu
俤,di
俥,che
俦,chou
俨,yan
俩,lia
俪,li
俫,lai
俭,jian
修,xiu
俯,fu
俱,ju
俲,xiao
俳,pai
俴,jian
俵,biao
俶,chu
俸,feng
俺,an
俻,bei
倀,chang
倂,bing
倃,jiu
倅,cui
倆,lia
倈,lai
倉,cang
個,ge
倌,guan
倍,bei
倏,shu
倐,shu
們,men
倒,dao
倔,jue
倖,xing
倘,tang
候,hou
倚,yi
倜,ti
倝,gan
倞,jing
借,jie
倡,chang
倢,jie
倣,fang
値,zhi
倥,kong
倦,juan
倨,ju
倩,qian
倪,ni
倫,lun
倬,zhuo
倭,wo
倮,luo
倳,zi
倶,ju
倹,jian
债,zhai
倻,ye
值,zhi
倽,sha
倾,qing
偁,cheng
偃,yan
偄,ruan
假,jia
偈,ji
偉,wei
偊,yu
偌,ruo
偎,wei
偏,pian
偐,yan
偓,wo
偕,xie
偖,che
偘,kan
做,zuo
停,ting
偝,bei
偟,huang
偢,chou
健,jian
偨,ci
偩,fu
偪,bi
偫,zhi
偬,zong
偭,mian
偯,yi
偲,cai
側,ce
偵,zhen
偶,ou
偷,tou
偸,tou
偹,bei
偺,za
偻,lou
偽,wei
偾,fen
偿,chang
傀,gui
傁,sou
傅,fu
傈,li
傌,ma
傍,bang
傎,dian
傏,tang
傑,jie
傒,xi
傔,qian
傕,jue
傖,cang
傘,san
備,bei
傚,xiao
傜,yao
傞,suo
傢,jia
傣,dai
傥,tang
傧,bin
储,chu
傩,nuo
傫,lei
催,cui
傭,yong
傮,zao
傯,zong
傲,ao
傳,chuan
傴,yu
債,zhai
傷,shang
傺,chi
傻,sha
傼,han
傽,zhang
傾,qing
僂,lou
僃,bei
僄,piao
僅,jin
僇,lu
僈,man
僉,qian
僊,xian
働,dong
僎,zhuan
像,xiang
僑,qiao
僕,pu
僖,xi
僚,liao
僝,chan
僞,wei
僣,tie
僤,dan
僥,jiao
僦,jiu
僧,seng
僨,fen
僩,xian
僬,jiao
僭,jian
僮,tong
僯,lin
僰,bo
僱,gu
僳,su
僵,jiang
僶,min
價,jia
僻,pi
僾,ai
僿,sai
儀,yi
儁,jun
儂,nong
億,yi
儅,dang
儆,jing
儇,xuan
儈,kuai
儉,jian
儊,chu
儋,dan
儌,jiao
儍,sha
儎,zai
儐,bin
儒,ru
儓,tai
儔,chou
儕,chai
儗,ni
儘,jin
儚,meng
儛,wu
儜,ning
償,chang
儡,lei
儤,bao
儦,biao
儩,si
優,you
儭,chen
儱,long
儲,chu
儳,chan
儶,hui
儷,li
儸,luo
儹,zan
儺,nuo
儻,tang
儼,yan
儽,lei
儾,nang
儿,er
兀,wu
允,yun
兂,zan
元,yuan
兄,xiong
充,chong
兆,zhao
兇,xiong
先,xian
光,guang
克,ke
兌,dui
免,mian
兎,tu
児,er
兑,dui
兒,er
兔,tu
兕,si
兖,yan
兗,yan
党,dang
兛,qian
兜,dou
兝,fen
兞,mao
兟,shen
兢,jing
兣,li
入,ru
兦,wang
內,nei
全,quan
兩,liang
兪,yu
八,ba
公,gong
六,liu
兮,xi
兯,han
兰,lan
共,gong
兲,tian
关,guan
兴,xing
兵,bing
其,qi
具,ju
典,dian
兹,zi
养,yang
兼,jian
兽,shou
兾,ji
冀,ji
冁,chan
冂,jiong
冄,ran
内,nei
円,yuan
冈,gang
冉,ran
冊,ce
冋,jiong
册,ce
再,zai
冏,jiong
冐,mao
冑,zhou
冒,mao
冓,gou
冔,xu
冕,mian
冖,mi
冗,rong
冘,yin
写,xie
军,jun
农,nong
冝,yi
冞,mi
冠,guan
冢,zhong
冤,yuan
冥,ming
冦,kou
冨,fu
冩,xie
冪,mi
冫,bing
冬,dong
冯,feng
冰,bing
冱,hu
冲,chong
决,jue
冴,hu
况,kuang
冶,ye
冷,leng
冻,dong
冼,xian
冽,lie
净,jing
凂,mei
凃,tu
凄,qi
凅,gu
准,zhun
凇,song
凈,jing
凉,liang
凊,qing
凋,diao
凌,ling
凍,dong
减,jian
凑,cou
凓,li
凔,chuang
凖,zhun
凙,duo
凚,jin
凛,lin
凜,lin
凝,ning
凞,xi
凟,du
几,ji
凡,fan
凢,fan
凣,fan
凤,feng
凥,ju
処,chu
凧,zheng
凨,feng
凩,mu
凪,zhi
凫,fu
凭,ping
凮,feng
凯,kai
凰,huang
凱,kai
凳,deng
凴,ping
凵,qian
凶,xiong
凷,kuai
凸,tu
凹,ao
出,chu
击,ji
凼,dang
函,han
凾,han
凿,zao
刀,dao
刁,diao
刂,dao
刃,ren
刄,ren
刅,chuang
分,fen
切,qie
刈,yi
刊,kan
刋,qian
刍,chu
刎,wen
刑,xing
划,hua
刓,wan
刔,jue
刖,yue
列,lie
刘,liu
则,ze
刚,gang
创,chuang
刜,fu
初,chu
删,shan
刡,min
判,pan
別,bie
刦,jie
刧,jie
刨,pao
利,li
刪,shan
别,bie
刬,chan
刭,jing
刮,gua
到,dao
刱,chuang
刲,kui
刳,ku
刴,duo
刵,er
制,zhi
刷,shua
券,quan
刹,sha
刺,ci
刻,ke
刼,jie
刽,gui
刾,ci
刿,gui
剀,kai
剁,duo
剂,ji
剃,ti
剄,jing
則,ze
剉,cuo
削,xue
剋,ke
剌,la
前,qian
剎,sha
剏,chuang
剐,gua
剑,jian
剔,ti
剖,pou po
剗,chan
剙,chuang
剚,zi
剛,gang
剜,wan
剝,bo
剞,ji
剟,duo
剠,qing
剡,shan
剣,jian
剤,ji
剥,bo
剦,yan
剧,ju
剨,huo
剩,sheng
剪,jian
剮,gua
副,fu
剰,sheng
剱,jian
割,ge
剳,da
剴,kai
創,chuang
剷,chan
剸,tuan
剺,li
剽,piao piao
剾,kou
剿,jiao
劂,jue
劃,hua
劄,zha
劆,lian
劇,ju
劈,pi
劉,liu
劊,gui
劌,gui
劍,jian
劎,jian
劏,tang
劐,huo
劑,ji
劒,jian
劓,yi
劔,jian
劖,chan
劘,mo
劙,li
劚,zhu
力,li
劝,quan
办,ban
功,gong
加,jia
务,wu
劢,mai
劣,lie
劤,jin
劦,xie
动,dong
助,zhu
努,nu
劫,jie
劬,qu
劭,shao
励,li
劲,jin
劳,lao
労,lao
劵,juan
効,xiao
劻,kuang
劼,jie
劾,he
势,shi
勁,jin
勃,bo
勄,min
勅,chi
勇,yong
勉,mian
勋,xun
勌,juan
勍,qing
勐,meng
勑,chi
勒,lei
勔,mian
動,dong
勖,xu
勗,xu
勘,kan
務,wu
勚,yi
勛,xun
勝,sheng
勞,lao
募,mu
勠,lu
勢,shi
勣,ji
勤,qin
勦,chao
勧,quan
勩,yi
勯,dan
勰,xie
勱,mai
勲,xun
勳,xun
勵,li
勷,rang
勸,quan
勹,bao
勺,shao
勻,yun
勽,bao
勾,gou
勿,wu
匀,yun
匁,wen
匂,xiong
匃,gai
匄,gai
包,bao
匆,cong
匈,xiong
匉,peng
匊,ju
匋,tao
匍,pu
匏,pao
匐,fu
匕,bi
化,hua
北,bei
匘,nao
匙,shi
匚,fang
匜,yi
匝,za
匟,kang
匠,jiang
匡,kuang
匣,xia
匦,gui
匧,qie
匪,fei
匭,gui
匮,kui
匯,hui
匱,gui
匳,lian
匵,du
匸,xi
匹,pi
区,qu
医,yi
匽,yan
匾,bian
匿,ni
區,qu
十,shi
卂,xun
卄,nian
卅,sa
卆,zu
升,sheng
午,wu
卉,hui
半,ban
卋,shi
卌,xi
卍,wan
华,hua
协,xie
卐,wan
卑,bei
卒,zu
卓,zhuo
協,xie
单,dan
卖,mai
南,nan
単,dan
博,bo
卜,bo bu
卝,kuang
卞,bian
卟,bu
占,zhan
卡,ka
卢,lu
卣,you
卤,lu
卦,gua
卧,wo
卨,xie
卩,jie
卪,jie
卫,wei
卬,ang
卭,qiong
卮,zhi
卯,mao
印,yin
危,wei
卲,shao
即,ji
却,que
卵,luan
卷,juan
卸,xie
卹,xu
卺,jin
卻,que
卼,wu
卽,ji
卿,qing
厂,chang
厃,wei
厄,e
厅,ting
历,li
厉,li
压,ya
厌,yan
厍,she
厎,di
厐,pang
厓,ya
厔,zhi
厕,ce
厖,pang
厘,li
厙,she
厚,hou
厜,zui
厝,cuo
原,yuan
厠,ce
厢,xiang
厣,yan
厤,li
厥,jue
厦,sha
厨,chu
厩,jiu
厪,jin
厫,ao
厭,yan
厮,si
厰,chang
厲,li
厳,yan
厴,yan
厵,yuan
厶,si
厷,gong
厹,rou
厺,qu
去,qu
厼,er
厾,du
县,xian
叁,san
参,can
參,can
叄,can
叅,can
叆,ai
又,you
叉,cha
及,ji
友,you
双,shuang
反,fan
収,shou
叐,ba
发,fa
叒,ruo
叓,shi
叔,shu
叕,zhuo
取,qu
受,shou
变,bian
叙,xu
叚,jia
叛,pan
叜,sou
叝,ji
叟,sou
叠,die
叡,rui
叢,cong
口,kou
古,gu
句,ju
另,ling
叧,gua
叨,dao
叩,kou
只,zhi
叫,jiao
召,zhao
叭,ba
叮,ding
可,ke
台,tai
叱,chi
史,shi
右,you
叴,qiu
叵,po
叶,ye
号,hao
司,si
叹,tan
叺,chi
叼,diao
叽,ji
叾,liao
吁,xu
吃,chi
各,ge
吆,yao
合,he
吉,ji
吊,diao
吋,cun
同,tong
名,ming
后,hou
吏,li
吐,tu
向,xiang
吒,zha
吓,xia
吕,lu
吗,ma
吚,yi
君,jun
吝,lin
吞,tun
吟,yin
吠,fei
吡,bi
吢,qin
吣,qin
否,fou
吧,ba
吩,fen
吪,e
含,han
听,ting
吭,keng
吮,shun
启,qi
吰,hong
吱,zhi
吲,yin
吳,wu
吴,wu
吵,chao
吶,na
吸,xi
吹,chui
吻,wen
吼,hou
吾,wu
吿,gao
呂,lu
呃,e
呆,dai
呇,qi
呈,cheng
呉,wu
告,gao
呌,jiao
呎,chi
呏,sheng
呐,na
呑,tun
呒,wu
呓,yi
呕,ou
呖,li
呗,bei
员,yuan
呙,guo
呛,qiang
呜,wu
呟,juan
呠,pen
呡,wen
呤,ling
呦,you
呧,di
周,zhou
呪,zhou
呫,tie
呬,xi
呭,yi
呰,zi
呱,gu
呲,ci
味,wei
呴,xu
呵,he
呶,nao
呷,ga
呸,pei
呹,yi
呺,xiao
呻,shen
呼,hu
命,ming
呿,qu
咀,ju
咄,duo
咅,pou
咆,pao
咈,fu
咉,yang
咊,he
咋,za
和,he
咍,hai
咎,jiu
咏,yong
咐,fu
咒,zhou
咔,ka
咕,gu
咖,ka
咙,long
咚,dong
咛,ning
咜,ta
咝,si
咠,qi
咡,er
咢,e
咣,guang
咤,zha
咥,xi
咦,yi
咧,lie
咨,zi
咫,zhi
咬,yao
咮,zhou
咯,ge
咱,zan
咲,xiao
咳,hai
咵,kua
咷,tao
咸,xian
咺,xuan
咻,xiu
咼,guo
咽,yan
咾,lao
咿,yi
哀,ai
品,pin
哄,hong
哆,duo
哇,wa
哈,ha
哉,zai
哌,pai
响,xiang
哎,ai
哐,kuang
哑,ya
哒,da
哓,xiao
哔,bi
哕,hui
哗,hua
哙,kuai
哜,ji
哝,nong
哞,mou
哟,yo
員,yuan
哢,long
哤,mang
哥,ge
哦,o
哧,chi
哨,shao
哩,li
哪,na
哫,zu
哭,ku
哮,xiao
哰,lao
哲,zhe
哴,liang
哵,ba
哶,mie
哺,bu
哽,geng
哿,ge
唁,yan
唄,bei
唆,suo
唇,chun
唈,yi
唉,ai
唎,li
唏,xi
唐,tang
唑,zuo
唖,ya
唚,qin
唛,ma
唟,qu
唠,lao
唡,liang
唢,suo
唣,zao
唤,huan
唪,feng
唫,jin
唬,hu
售,shou
唯,wei
唰,shua
唱,chang
唲,er
唳,li
唵,an
唶,ze
唷,yo
唸,nian
唹,yu
唼,sha
唽,xi
唾,tuo
啁,zhao
啃,ken
商,shang
啇,di
啉,lin
啊,a
啌,xiang
啎,wu
問,wen
啐,cui
啓,qi
啕,tao
啖,dan
啗,dan
啙,zi
啚,bi
啜,chuai
啞,ya
啟,qi
啡,fei
啢,liang
啣,xian
啤,pi
啥,sha
啦,la
啧,ze
啪,pa
啬,se
啭,zhuan
啮,nie
啰,luo
啴,chan
啵,bo
啶,ding
啷,lang
啸,xiao
啻,chi
啼,ti
啾,jiu
喀,ka
喁,yong
喂,wei
喃,nan
善,shan
喆,zhe
喇,la
喈,jie
喉,hou
喊,han
喋,die
喌,zhou
喏,nuo
喑,yin
喒,za
喔,o
喘,chuan
喙,hui
喚,huan
喜,xi
喝,he
喞,ji
喟,kui
喣,xu
喤,huang
喦,nie
喧,xuan
喨,liang
喩,yu
喪,sang
喫,chi
喬,qiao
喭,yan
單,dan
喰,can
喱,li
喲,yo
喳,zha
喵,miao
営,ying
喷,pen
喸,bu
喹,kui
喻,yu
喽,lou
喾,ku
喿,zao
嗁,ti
嗃,he
嗄,a
嗅,xiu
嗆,qiang
嗇,se
嗈,yong
嗉,su
嗌,ai
嗎,ma
嗐,hai
嗑,ke
嗒,da
嗓,sang
嗔,chen
嗖,sou
嗙,pang
嗚,wu
嗛,qian
嗜,shi
嗝,ge
嗞,zi
嗟,jie
嗡,weng
嗣,si
嗤,chi
嗥,hao
嗦,suo
嗨,hai
嗩,suo
嗪,qin
嗫,nie
嗭,zhi
嗯,n
嗳,ai
嗵,tong
嗶,bi
嗷,ao
嗸,ao
嗹,lian
嗽,sou
嗾,sou
嗿,tan
嘀,di
嘁,qi
嘂,jiao
嘆,tan
嘈,cao
嘉,jia
嘋,xiao
嘌,piao
嘍,lou
嘎,ga
嘏,gu
嘐,xiao
嘒,hui
嘓,guo
嘔,ou
嘖,ze
嘗,chang
嘘,xu
嘛,ma
嘜,ma
嘟,du
嘠,ga
嘣,beng
嘤,ying
嘧,mi
嘨,xiao
嘩,hua
嘬,chuai
嘮,lao
嘯,xiao
嘰,ji
嘱,zhu
嘲,chao
嘴,zui
嘵,xiao
嘷,hao
嘸,fu wu
嘹,liao
嘻,xi
嘽,chan
嘿,hei
噀,xun
噁,e
噂,zun
噅,hui
噋,tun
噌,ceng
噍,jiao
噎,ye
噐,qi
噑,hao
噓,xu
噕,hui
噗,pu
噘,jue
噙,qin
噚,xun
噛,nie
噜,lu
噝,si
噞,yan
噠,da da
噢,o
噣,zhou
噤,jin
噥,nong
噦,hui
器,qi
噩,e
噪,zao
噫,yi
噬,shi
噭,jiao
噯,ai
噱,jue
噲,kuai
噳,yu
噴,pen
噶,ga
噸,dun
噹,dang
噺,xin
噻,sai
嚀,ning
嚃,ta
嚄,huo
嚅,ru
嚆,hao
嚇,xia
嚎,hao
嚏,ti
嚐,chang
嚓,ca
嚔,ti
嚕,lu
嚙,nie
嚚,yin
嚜,me
嚠,liu
嚢,nang
嚣,xiao
嚥,yan
嚦,li
嚨,long
嚬,pin
嚭,pi
嚮,xiang
嚱,xi
嚲,duo
嚳,ku
嚴,yan
嚵,chan
嚶,ying
嚷,rang
嚻,xiao
嚼,jue
囀,zhuan
囁,nie
囂,xiao
囃,ca
囅,chan
囈,yi
囉,luo
囊,nang
囌,su
囍,xi
囑,zhu
囒,lan
囓,nie
囔,nang
囗,wei
囘,hui
囚,qiu
四,si
囝,jian
回,hui
囟,xin
因,yin
囡,nan
团,tuan
団,tuan
囤,dun
囥,kang
囪,cong
囫,hu
囬,hui
园,yuan
囮,e
囯,guo
困,kun
囱,cong
囲,tong
図,tu
围,wei
囵,lun
囷,qun
囹,ling
固,gu
国,guo
图,tu
囿,you
圀,guo
圂,hun
圃,pu
圄,yu
圅,han
圆,yuan
圇,lun
圈,quan
圉,yu
圊,qing
國,guo
圌,chuan
圍,wei
圎,yuan
圏,quan
園,yuan
圓,yuan
圕,tu
圖,tu
圗,tu
團,tuan
圛,yi
圜,huan
圝,luan
圞,luan
土,tu
圢,ting
圣,sheng
圥,lu
圦,kuai
圧,ya
在,zai
圩,wei
圬,wu
圭,gui
圮,pi
圯,yi
地,de di
圳,zhen
圹,kuang
场,chang
圻,qi
圾,ji
址,zhi
坂,ban
坆,mei
均,jun
坊,fang
坋,ben
坌,ben
坍,tan
坎,kan
坏,huai
坐,zuo
坑,keng
坒,bi
块,kuai
坚,jian
坛,tan
坜,li
坝,ba
坞,wu
坟,fen
坠,zhui
坡,po
坤,kun
坦,tan
坨,tuo
坩,gan
坪,ping
坫,dian
坭,ni
坮,tai
坯,pi
坰,jiong
坱,yang
坳,ao
坴,lu
坵,qiu
坷,ke
坻,chi
坼,che
坿,fu
垂,chui
垃,la
垄,long
垅,long
垆,lu
垈,dai
型,xing
垌,dong
垒,lei
垓,gai
垔,yin
垕,hou
垗,zhao
垚,yao
垛,duo
垜,duo
垝,gui
垞,cha
垠,yin
垡,fa
垢,gou
垣,yuan
垤,die
垦,ken
垧,shang
垩,e
垫,dian
垭,ya
垮,kua
垲,kai
垴,nao
垵,an
垸,yuan
垻,ba
埀,chui
埂,geng
埃,ai
埄,beng
埆,que
埇,yong
埈,jun
埋,mai
埌,lang
城,cheng
埏,shan
埒,lie
埓,lie
埔,bu
埕,cheng
埗,bu
埘,shi
埙,xun
埚,guo
埜,ye
埝,nian
域,yu
埠,bu
埡,ya
埤,pi
埦,wan
埧,ju
埭,dai
埯,an
埰,cai
埳,kan
埴,zhi
埵,duo
埶,yi
執,zhi
埸,yi
培,pei
基,ji
埼,qi
埽,sao
堀,ku
堂,tang
堃,kun
堄,ni
堅,jian
堆,dui
堇,jin
堈,gang
堉,yu
堊,e
堋,peng
堌,gu
堎,leng
堑,qian
堕,duo
堖,nao
堘,cheng
堙,yin
堝,guo
堞,die
堠,hou
堡,bao
堤,di ti
堦,jie
堧,ruan
堨,ye
堪,kan
堭,huang
堮,e
堯,yao
堰,yan
報,bao
堲,ci
堳,mei
場,chang
堵,du
堺,jie
堽,gang
堿,jian
塀,ping
塁,lei
塄,leng
塈,ji
塊,kuai
塋,ying
塌,ta
塍,cheng
塏,kai
塐,su
塑,su
塒,shi
塓,mi
塔,ta
塕,weng
塗,tu
塘,tang
塙,que
塚,zhong
塜,zhong
塝,bang
塞,sai
塟,zang
塡,tian
塢,wu
塤,xun
塩,yan
填,tian
塬,yuan
塭,wen
塱,lang
塲,chang
塵,chen
塹,qian
塼,zhuan
塽,shuang
塾,shu
塿,lou
墀,chi
墁,man
境,jing
墄,ce
墅,shu
墈,kan
墉,yong
墊,dian
墍,xi
墐,jin
墒,shang
墓,mu
墖,ta
増,zeng
墙,qiang
墚,liang
墜,zhui
墝,qiao
增,zeng
墟,xu
墠,shan
墡,shan
墤,kuai
墦,fan
墨,mo
墩,dun
墫,zun
墬,di
墮,duo
墰,tan
墳,fen
墺,ao
墻,qiang
墾,ken
壁,bi
壅,yong
壆,xue
壇,tan
壈,lan
壊,huai
壌,rang
壍,qian
壎,xun
壐,xi
壑,he
壒,ai
壓,ya
壔,dao
壕,hao
壖,ruan
壘,lei
壙,kuang
壚,lu
壜,tan
壝,wei
壞,huai
壟,long
壠,long
壢,li
壤,rang
壩,ba
士,shi
壬,ren
壭,san
壮,zhuang
壯,zhuang
声,sheng
壱,yi
売,mai
壳,ke
壶,hu
壷,hu
壸,kun
壹,yi
壺,hu
壻,xu
壼,kun
壽,shou
夀,shou
夂,zhi
处,chu
夅,jiang
夆,feng
备,bei
変,bian
夊,sui
夋,qun
夌,ling
复,fu
夏,xia
夐,xiong
夔,kui
夕,xi
外,wai
夗,yuan
夘,mao
夙,su
多,duo
夛,duo
夜,ye
够,gou
夠,gou
夢,meng
夣,meng
夤,yin
夥,huo
大,da
天,tian
太,tai
夫,fu
夬,guai
夭,yao
央,yang
夯,hang
失,shi
夲,tao
头,tou
夷,yi
夸,kua
夹,jia
夺,duo
夻,hua
夾,jia
奁,lian
奂,huan
奄,yan
奇,qi
奈,nai
奉,feng
奋,fen
奌,dian
奎,kui
奏,zou
奐,huan
契,qi
奓,zha
奔,ben
奕,yi
奖,jiang
套,tao
奘,zang
奚,xi
奛,huang
奜,fei
奝,diao
奞,xun
奠,dian
奡,ao
奢,she
奥,ao
奧,ao
奨,jiang
奩,lian
奪,duo
奫,yun
奬,jiang
奭,shi
奮,fen
奰,bi
女,nu
奴,nu
奶,nai
奸,jian
她,ta
奼,cha
好,hao
妁,shuo
如,ru
妃,fei
妄,wang
妆,zhuang
妇,fu
妈,ma
妊,ren
妍,yan
妒,du
妓,ji
妖,yao
妗,jin
妙,miao
妝,zhuang
妞,niu
妣,bi
妤,yu
妥,tuo
妨,fang
妩,wu
妪,yu
妫,gui
妬,du
妮,ni
妯,zhou
妲,da
妳,nai
妵,tou
妸,e
妹,mei
妺,mo
妻,qi
妾,qie
姁,xu
姅,ban
姆,mu
姉,zi
姊,zi
始,shi
姍,shan
姐,jie
姑,gu
姒,si
姓,xing
委,wei
姗,shan
姘,pin
姙,ren
姚,yao
姜,jiang
姝,shu
姞,ji
姢,juan
姣,jiao
姤,gou
姥,lao
姦,jian
姨,yi
姪,zhi
姫,ji
姬,ji
姮,heng
姱,kua
姸,yan
姹,cha
姺,shen
姻,yin
姽,gui
姿,zi
娀,song
威,wei
娃,wa
娄,lou
娅,ya
娆,rao
娇,jiao
娈,luan
娉,ping
娌,li
娑,suo
娒,mei
娓,wei
娘,niang
娛,yu
娜,na
娟,juan
娠,shen
娣,di
娥,e
娩,mian
娬,wu
娯,yu
娱,yu
娲,wa
娴,xian
娵,ju
娶,qu
娸,qi
娼,chang
婀,e
婁,lou
婆,po
婉,wan
婊,biao
婐,wo
婕,jie
婗,ni
婚,hun
婞,xing
婢,bi
婣,yin
婤,chou
婥,nao
婦,fu
婧,jing
婪,lan
婬,yin
婭,ya
婳,hua
婴,ying
婵,chan
婶,shen
婷,ting
婺,wu
婼,chuo
婾,tou
婿,xu
媄,mei
媆,ruan
媊,qian
媍,fu
媒,mei
媕,an
媖,ying
媚,mei
媛,yuan
媞,shi
媟,xie
媢,mao
媤,si
媧,wa
媪,ao
媬,bao
媮,tou
媯,gui
媲,pi
媳,xi
媵,ying
媸,chi
媺,mei
媻,pan
媼,ao
媽,ma
媾,gou
媿,kui
嫁,jia
嫂,sao
嫄,yuan
嫈,ying
嫉,ji
嫋,niao
嫌,xian
嫏,lang
嫐,nao
嫒,ai
嫔,pin
嫕,yi
嫖,piao
嫗,yu
嫘,lei
嫚,man
嫛,yi
嫠,li
嫡,di
嫣,yan
嫦,chang
嫩,nen
嫪,lao
嫫,mo
嫰,nen
嫱,qiang
嫵,wu
嫺,xian
嫻,xian
嫿,hua
嬀,gui
嬃,xu
嬅,hua
嬈,rao
嬉,xi
嬋,chan
嬌,jiao
嬎,fan
嬓,jiao
嬔,fu
嬖,bi
嬗,shan
嬙,qiang
嬛,huan
嬝,niao
嬡,ai
嬢,niang
嬤,ma
嬪,pin
嬬,ru
嬭,nai
嬰,ying
嬴,ying
嬶,bi
嬷,ma
嬸,shen
嬾,lan
嬿,yan
孀,shuang
孃,niang
孅,qian
孌,luan
子,zi
孑,jie
孒,jue
孓,jue
孔,kong
孕,yun
孖,ma
字,zi
存,cun
孙,sun
孚,fu
孛,bei
孜,zi
孝,xiao
孟,meng
孢,bao
季,ji
孤,gu
孥,nu
学,xue
孩,hai
孪,luan
孫,sun
孬,nao
孰,shu
孱,can
孳,zi
孵,fu
孶,zi
學,xue
孺,ru
孻,nai
孼,nie
孽,nie
孾,ying
孿,luan
宀,mian
宁,ning
宂,rong
它,ta
宄,gui
宅,zhai
宇,yu
守,shou
安,an
宋,song
完,wan
宍,rou
宏,hong
宐,yi
宓,mi
宕,dang
宗,zong
官,guan
宙,zhou
定,ding
宛,wan
宜,yi
宝,bao
实,shi
実,shi
宠,chong
审,shen
客,ke
宣,xuan
室,shi
宥,you
宦,huan
宧,yi
宪,xian
宫,gong
宬,cheng
宮,gong
宰,zai
害,hai
宴,yan
宵,xiao
家,jia
宸,chen
容,rong
宻,mi
宼,kou
宽,kuan
宾,bin
宿,su
寀,cai
寁,zan
寂,ji
寃,yuan
寄,ji
寅,yin
密,mi
寇,kou
富,fu
寍,ning
寎,bing
寐,mei
寒,han
寓,yu
寔,shi
寕,ning
寖,jin
寗,ning
寘,zhi
寚,bao
寛,kuan
寜,ning
寝,qin
寞,mo
察,cha
寠,ju
寡,gua
寢,qin
寤,wu
寥,liao
實,shi
寧,ning
寨,zhai
審,shen
寪,wei
寫,xie
寬,kuan
寮,liao
寰,huan
寳,bao
寵,chong
寶,bao
寸,cun
对,dui
寺,si
寻,xun
导,dao
寽,lu
対,dui
寿,shou
尀,po
封,feng
専,zhuan
尃,fu
射,she
尅,ke
将,jiang
將,jiang
專,zhuan
尉,wei
尊,zun
尋,xun
尌,shu
對,dui
導,dao
小,xiao
少,shao
尒,er
尓,er
尔,er
尕,ga
尖,jian
尗,shu
尘,chen
尙,shang
尚,shang
尜,ga
尝,chang
尞,liao
尟,xian
尠,xian
尢,you
尣,wang
尤,you
尧,yao
尨,mang
尩,wang
尪,wang
尫,wang
尬,ga
尭,yao
尰,zhong
就,jiu
尲,gan
尴,gan
尶,gan
尷,gan
尸,shi
尹,yin
尺,chi
尻,kao
尼,ni
尽,jin
尾,wei
尿,niao
局,ju
屁,pi
层,ceng
屃,xi
屄,bi
居,ju
屆,jie
屇,tian
屈,qu
屉,ti
届,jie
屋,wu
屍,shi
屎,shi
屏,ping
屐,ji
屑,xie
屓,xie
展,zhan
屘,man
屙,e
屛,ping
屜,ti
屝,fei
属,shu
屠,tu
屡,lu
屢,lu
屣,xi
層,ceng
履,lu
屦,ju
屧,xie
屨,ju
屩,jue
屪,liao
屬,shu
屭,xi
屮,che
屯,tun
屰,ni
山,shan
屴,li
屶,hui
屹,yi
屺,qi
屼,wu
屿,yu
岀,chu
岁,sui
岂,qi
岊,jie
岌,ji
岐,qi
岑,cen
岔,cha
岖,qu
岗,gang
岘,xian
岙,ao
岚,lan
岛,dao
岜,ba
岝,zuo
岡,gang
岣,gou
岧,tiao
岨,qu
岩,yan
岫,xiu
岬,jia
岭,ling
岱,dai
岳,yue
岵,hu
岷,min
岸,an
岺,ling
岽,dong
岾,han
岿,kui
峀,xiu
峁,mao
峂,tong
峄,yi
峇,ba
峋,xun
峒,dong
峙,zhi
峝,tong
峞,wei
峠,qia
峡,xia
峣,yao
峤,jiao
峥,zheng
峦,luan
峨,e
峩,e
峪,yu
峫,xie
峭,qiao
峯,feng
峰,feng
峱,nao
峴,xian
島,dao
峻,jun
峽,xia
峿,yu
崀,lang
崁,kan
崂,lao
崃,lai
崄,xian
崆,kong
崇,chong
崋,hua
崌,ju
崍,lai
崎,qi
崐,kun
崑,kun
崒,zu
崔,cui
崕,ya
崖,ya
崗,gang
崘,lun
崙,lun
崚,leng
崛,jue
崞,guo
崟,yin
崠,dong
崢,zheng
崤,xiao
崦,yan
崧,song
崩,beng
崪,zu
崫,ku
崬,dong
崭,zhan
崮,gu
崱,ze
崳,yu
崴,wai
崽,zai
崾,yao
崿,e
嵁,kan
嵂,lu
嵆,ji
嵇,ji
嵊,sheng
嵋,mei
嵌,qian
嵎,yu
嵏,zong
嵐,lan
嵒,yan
嵗,sui
嵘,rong
嵙,ke
嵚,qin
嵛,yu
嵜,qi
嵝,lou
嵠,xi
嵦,kai
嵩,song
嵫,zi
嵬,wei
嵯,cuo
嵳,cuo
嵴,ji
嵶,ruo
嵾,cen
嶁,lou
嶂,zhang
嶃,zhan
嶄,zhan
嶇,qu
嶋,dao
嶌,dao
嶎,yu
嶒,ceng
嶓,bo
嶔,qin
嶗,lao
嶙,lin
嶝,deng
嶞,duo
嶠,jiao
嶡,gui
嶢,yao
嶧,yi
嶨,xue
嶭,nie
嶮,xian
嶰,xie
嶲,xi
嶴,ao
嶷,yi
嶸,rong
嶺,ling
嶼,yu
嶽,yue
巂,gui
巃,long
巅,dian
巇,xi
巉,chan
巋,kui
巌,yan
巍,wei
巒,luan
巓,dian
巔,dian
巖,yan
巘,yan
巛,chuan
川,chuan
州,zhou
巟,huang
巠,jing
巡,xun
巢,chao
巣,chao
巤,lie
工,gong
左,zuo
巧,qiao
巨,ju
巩,gong
巪,ju
巫,wu
巭,pu
差,cha cha
巯,qiu
巰,qiu
己,ji
已,yi
巳,si
巴,ba
巵,zhi
巷,xiang
巺,xun
巻,juan
巼,ba
巽,xun
巾,jin
巿,fu
帀,za
币,bi
市,shi
布,bu
帅,shuai
帆,fan fan
师,shi
帋,zhi
希,xi
帏,wei
帐,zhang
帑,tang
帒,dai
帔,pei
帕,pa
帖,tie
帗,bo
帘,lian
帙,zhi
帚,zhou
帛,bo
帜,zhi
帝,di
帟,yi
帡,ping
帣,juan
帥,shuai
带,dai
帧,zheng
帨,shui
師,shi
帬,qun
席,xi
帮,bang
帯,dai
帰,gui
帱,chou
帲,ping
帳,zhang
帵,wan
帶,dai
帷,wei
常,chang
帻,ze
帼,guo
帽,mao
帿,hou
幀,zheng
幂,mi
幃,wei
幄,wo
幅,fu
幇,bang
幋,pan
幌,huang
幎,mi
幔,man
幕,mu
幗,guo
幘,ze
幙,mu
幚,bang
幛,zhang
幞,fu
幟,zhi
幠,hu
幡,fan
幢,chuang
幣,bi
幤,bi
幦,mi
幨,chan
幩,fen
幪,meng
幫,bang
幬,chou
幭,mie
幮,chu
幰,xian
幱,lan
干,gan
平,ping
年,nian
幵,jian
并,bing
幷,bing
幸,xing
幹,gan
幺,yao
幻,huan
幼,you
幽,you
幾,ji
广,guang
庀,pi
庁,ting
広,guang
庄,zhuang
庅,mo
庆,qing
庇,bi
庈,qin
庉,dun
床,chuang
庋,gui
序,xu
庐,lu
庑,wu
库,ku
应,ying
底,di
庖,pao
店,dian
庙,miao
庚,geng
府,fu
庞,pang
废,fei
庠,xiang
庤,zhi
庥,xiu
度,du
座,zuo
庫,ku
庬,mang
庭,ting
庳,bi
庵,an
庶,shu
康,kang
庸,yong
庹,tuo
庻,shu
庾,yu
廀,sou
廁,ce
廂,xiang
廃,fei
廄,jiu
廆,gui
廈,sha
廉,lian
廊,lang
廋,sou
廌,zhi
廎,qing
廏,jiu
廐,jiu
廑,jin
廒,ao
廓,kuo
廕,yin
廖,liao
廚,chu
廛,chan
廝,si
廞,xin
廟,miao
廠,chang
廡,wu
廢,fei
廣,guang
廤,ku
廧,qiang
廨,xie
廩,lin
廪,lin
廬,lu
廰,ting
廱,yong
廳,ting
廴,yin
廵,xun
延,yan
廷,ting
廸,di
廹,pai
建,jian
廻,hui
廼,nai
廽,hui
廾,gong
廿,nian
开,kai
弁,bian
异,yi
弃,qi
弄,nong
弇,yan
弈,yi
弉,zang
弊,bi
弋,yi
弌,yi
弍,er
弎,san
式,shi
弐,er
弑,shi
弒,shi
弓,gong
弔,diao
引,yin
弖,hu
弗,fu
弘,hong
弛,chi
弝,ba
弟,di
张,zhang
弢,tao
弣,fu
弤,di
弥,mi
弦,xian
弧,hu
弨,chao
弩,nu
弪,jing
弭,mi
弮,quan
弯,wan
弰,shao
弱,ruo
弳,jing
弴,diao
張,zhang
弶,jiang
強,qiang
弸,peng
弹,dan
强,qiang
弼,bi
弾,dan
彀,gou
彂,fa
彄,kou
彆,bie
彈,dan
彊,jiang
彌,mi
彍,guo
彎,wan
彐,ji
彑,ji
归,gui
当,dang
彔,lu
录,lu
彖,tuan
彗,hui
彘,zhi
彙,hui
彚,hui
彛,yi
彜,yi
彝,yi
彞,yi
彡,shan
形,xing
彤,tong
彥,yan
彦,yan
彧,yu
彩,cai
彪,biao
彫,diao
彬,bin
彭,peng
彰,zhang
影,ying
彲,chi
彳,chi
彴,zhuo
彷,fang
彸,zhong
役,yi
彻,che
彼,bi
彽,di
彿,fu
往,wang
征,zheng
徂,cu
徃,wang
径,jing
待,dai
徇,xun
很,hen
徉,yang
徊,huai
律,lu
後,hou
徐,xu
徑,jing
徒,tu
従,cong
徕,lai
得,de
徘,pai
徙,xi
徛,ji
徜,chang
從,cong
徠,lai
御,yu
徤,jian
徧,bian
徨,huang
復,fu
循,xun
徬,pang
徭,yao
微,wei
徯,xi
徳,de
徴,zheng
徵,zheng
德,de
徹,che
徻,hui
徼,jiao
徽,hui
忀,xiang
心,xin
忄,xin
必,bi
忆,yi
忉,dao
忋,gai
忌,ji
忍,ren
忏,chan
忐,tan
忑,te
忒,te
忓,gan
忖,cun
志,zhi
忘,wang
忙,mang
応,ying
忝,tian
忠,zhong
忡,chong
忤,wu
忧,you
忩,cong
忪,song
快,kuai
忭,bian
忮,zhi
忰,cui
忱,chen
忲,tai
念,nian
忷,xiong
忸,niu
忻,xin
忼,kang
忽,hu
忾,kai
忿,fen
怀,huai
态,tai
怂,song
怃,wu
怄,ou
怅,chang
怆,chuang
怌,pei
怍,zuo
怎,zen
怏,yang
怒,nu
怓,nao
怔,zheng
怕,pa
怖,bu
怗,tie
怙,hu
怚,ju
怛,da
怜,lian
思,si
怞,chou
怠,dai
怡,yi
急,ji
怦,peng
性,xing
怨,yuan
怩,ni
怪,guai
怫,fu
怭,bi
怯,qie
怱,cong
怲,bing
怳,huang
怵,chu
怸,xi
怹,tan
怺,yong
总,zong
怼,dui
怾,zhi
怿,yi
恁,nen
恂,xun
恃,shi
恆,heng
恇,kuang
恉,zhi
恊,xie
恋,lian
恌,tiao
恍,huang
恐,kong
恑,gui
恒,heng
恓,xi
恔,jiao
恕,shu
恙,yang
恚,hui
恛,hui
恝,jia
恟,xiong
恠,guai
恡,lin
恢,hui
恣,zi
恤,xu
恥,chi
恨,hen
恩,en
恪,ke
恫,dong
恬,tian
恭,gong
息,xi
恰,qia
恳,ken
恵,hui
恶,e
恸,tong
恹,yan
恺,kai
恻,ce
恼,nao
恽,yun
恿,yong
悁,yuan
悃,kun
悄,qiao
悅,yue
悆,yu
悈,jie
悉,xi
悊,zhe
悋,lin
悌,ti
悍,han
悐,ti
悒,yi
悔,hui
悖,bei
悚,song
悛,quan
悜,cheng
悝,kui
悞,wu
悟,wu
悠,you
患,huan
悤,cong
悦,yue
悧,li
您,nin
悩,nao
悪,e
悫,que
悬,xuan
悭,qian
悮,wu
悯,min
悰,cong
悱,fei
悲,bei
悳,de
悴,cui
悵,chang
悶,men
悸,ji
悻,xing
悼,dao
悽,qi
悾,kong
惄,ni
情,qing
惆,chou
惇,dun
惊,jing
惋,wan
惌,yuan
惎,ji
惏,lan
惑,huo
惓,quan
惔,tan
惕,ti
惖,ti
惘,wang
惙,chuo
惚,hu
惛,hun
惜,xi
惝,chang
惟,wei
惠,hui
惡,e
惣,zong
惦,dian
惧,ju
惨,can
惩,cheng
惪,de
惫,bei
惬,qie
惭,can
惮,dan
惯,guan
惰,duo
惱,nao
惲,yun
想,xiang
惴,zhui
惶,huang
惷,chun
惸,qiong
惹,re
惺,xing
惻,ce
惼,bian
惽,min
愀,qiao
愁,chou
愃,xuan
愆,qian
愈,yu
愉,yu
愊,bi
愍,min
愎,bi
意,yi
愐,mian
愒,kai
愓,dang
愔,yin
愕,e
愖,chen
愚,yu
愛,ai
愜,qie
愞,nuo
感,gan
愠,yun
愡,zong
愢,sai
愣,leng
愤,fen
愦,kui
愧,kui
愨,que
愪,yun
愫,su
愬,su
愮,yao
愰,huang
愴,chuang
愷,kai
愻,xun
愼,shen
愽,bo
愾,kai
愿,yuan
慁,hun
慂,yong
慄,li
慅,sao
慆,tao
慇,yin
慈,ci
慉,xu
慊,qian
態,tai
慌,huang
慍,yun
慎,shen
慑,she
慕,mu
慘,can
慙,can
慚,can
慜,min
慝,te
慞,zhang
慟,tong
慢,man
慣,guan
慤,que
慥,zao
慧,hui
慨,kai
慪,ou
慫,song
慬,qin
慭,yin
慮,lu
慰,wei
慱,tuan
慳,qian
慴,she
慵,yong
慶,qing
慷,kang
慼,qi
慽,qi
慾,yu
憀,liao
憂,you
憃,chong
憇,qi
憊,bei
憋,bie
憍,jiao
憎,zeng
憐,lian
憑,ping
憒,kui
憔,qiao
憖,yin
憘,xi
憙,xi
憚,dan
憝,dui
憤,fen
憦,lao
憧,chong
憨,han
憩,qi
憪,xian
憫,min
憬,jing
憭,liao
憮,wu
憯,can
憰,jue
憲,xian
憶,yi
憷,chu
憸,xian
憺,dan
憾,han
懁,xuan
懂,dong
懃,qin
懄,qin
懅,ju
懆,cao
懇,ken
懈,xie
應,ying
懊,ao
懋,mao
懌,yi
懍,lin
懐,huai
懑,men
懒,lan
懔,lin
懕,yan
懛,dai
懜,meng
懞,meng
懟,dui
懠,qi
懣,men
懤,chou
懥,zhi
懦,nuo
懨,yan
懫,zhi
懮,you
懰,liu
懲,cheng
懴,chan
懵,meng
懶,lan
懷,huai
懸,xuan
懺,chan
懻,ji
懼,ju
懽,huan
懾,she
懿,yi
戀,lian
戁,nan
戄,jue
戆,gang
戇,zhuang
戈,ge
戉,yue
戊,wu
戋,jian
戌,xu
戍,shu
戎,rong
戏,xi
成,cheng
我,wo
戒,jie
戔,jian
戕,qiang
或,huo
戗,qiang
战,zhan
戚,qi
戛,jia
戜,die
戝,zei
戞,jia
戟,ji
戠,zhi
戡,kan
戢,ji
戣,kui
戤,gai
戥,deng
戦,zhan
戧,qiang
戩,jian
截,jie
戬,jian
戭,yan
戮,lu
戯,hu
戰,zhan
戱,xi
戲,xi
戳,chuo
戴,dai
戵,qu
戶,hu
户,hu
戸,hu
戹,e
戺,shi
戻,ti
戼,mao
戽,hu
戾,li
房,fang
所,suo
扁,bian
扃,jiong
扄,shang
扅,yi
扆,yi
扇,shan
扈,hu
扉,fei
扊,yan
手,shou
扌,shou
才,cai
扎,zha
扐,le
扑,pu
扒,ba
打,da
扔,reng
払,fan
托,tuo
扛,kang
扞,gan
扠,cha
扡,tuo
扢,gu
扣,kou
扤,wu
扦,qian
执,zhi
扨,ren
扩,kuo
扪,men
扫,sao
扬,yang
扭,niu
扮,ban
扯,che
扰,rao
扱,xi
扳,ban
扵,yu
扶,fu
批,pi
扺,zhi
扻,zhi
扼,e
扽,den
找,zhao
承,cheng
技,ji
抃,bian
抄,chao
抅,ju
抆,wen
抈,yue
抉,jue
把,ba
抌,dan
抍,zheng
抑,yi
抒,shu
抓,zhua
抔,pou
投,tou
抖,dou
抗,kang
折,zhe
抚,fu
抛,pao
抜,ba
択,ze
抟,tuan
抠,kou
抡,lun
抢,qiang
护,hu
报,bao
抨,peng
抪,bu
披,pi
抬,tai
抮,zhen
抱,bao
抵,di
抶,chi
抹,mo
抻,chen
押,ya
抽,chou
抿,min
拂,fu
拃,zha
拄,zhu
担,dan
拆,chai
拇,mu
拈,nian
拉,la
拊,fu
拋,pao
拌,ban
拍,pai
拎,lin
拏,na
拐,guai
拑,qian
拒,ju
拓,ta
拔,ba
拕,tuo
拖,tuo
拗,ao
拘,ju
拙,zhuo
拚,pan
招,zhao
拜,bai
拝,bai
拟,ni
拠,ju
拡,kuo
拢,long
拣,jian
拥,yong
拦,lan
拧,ning
拨,bo
择,ze
括,kuo
拭,shi
拮,jie
拯,zheng
拱,gong
拳,quan
拴,shuan
拵,cun
拶,za
拷,kao
拼,pin
拽,zhuai
拾,shi
拿,na
持,chi
挂,gua
指,zhi
挈,qie
按,an
挌,ge
挎,kua
挐,na
挑,tiao
挓,zha
挖,wa
挙,ju
挚,zhi
挛,luan
挜,ya
挝,wo
挞,ta
挟,xie
挠,nao
挡,dang
挢,jiao
挣,zheng
挤,ji
挥,hui
挦,xian
挨,ai
挪,nuo
挫,cuo
振,zhen
挱,sa
挲,sa
挵,nong
挶,ju
挷,peng
挹,yi
挺,ting
挼,rua
挽,wan
挾,xie
挿,cha
捂,wu
捄,jiu
捅,tong
捆,kun
捉,zhuo
捋,lu
捌,ba
捍,han
捎,shao
捏,nie
捐,juan
捓,ye
捔,jue
捕,bu
捗,bu
捘,zun
捜,sou
捞,lao
损,sun
捡,jian
换,huan
捣,dao
捥,wan
捧,peng
捨,she
捩,lie
捫,men
捬,fu
捭,bai
据,ju
捱,ai
捲,juan
捶,chui
捷,jie
捺,na
捻,nian
捼,ruo
捽,zuo
捿,qi
掀,xian
掂,dian
掃,sao
掄,lun
掇,duo
授,shou
掉,diao
掊,pou
掌,zhang
掎,ji
掏,tao
掐,qia
排,pai
掔,qian
掖,ye
掗,ya
掘,jue
掙,zheng
掛,gua
掞,shan
掠,lue
採,cai
探,tan
掣,che
接,jie
掦,ti
控,kong
推,tui
掩,yan
措,cuo
掫,zhou
掬,ju
掭,tian
掮,qian
掯,ken
掱,pa
掲,jie
掳,lu
掴,guai
掷,zhi
掸,dan
掺,can
掻,sao
掼,guan
掽,peng
掾,yuan
揀,jian
揁,zheng
揄,yu
揆,kui
揉,rou
揌,sai
揍,zou
揎,xuan
描,miao
提,ti
揑,nie
插,cha
揕,zhen
揖,yi
揚,yang
換,huan
揜,yan
揝,zan
揞,an
揠,ya
握,wo
揣,chuai
揥,ti
揩,kai
揪,jiu
揫,jiu
揭,jie
揮,hui
揲,die
援,yuan
揵,qian
揶,ye
揷,cha
揹,bei
揺,yao
揽,lan
揾,wen
揿,qin
搀,chan
搁,ge
搂,lou
搃,zong
搅,jiao
搆,gou
搉,que
搊,chou
搋,chuai
搌,zhan
損,sun
搎,sun
搏,bo
搐,chu
搒,bang
搓,cuo
搔,sao
搕,ke
搖,yao
搗,dao
搘,zhi
搙,nu
搜,sou
搞,gao
搠,shuo
搡,sang
搢,jin
搤,e
搥,chui
搦,nuo
搧,shan
搨,ta
搪,tang
搬,ban
搭,da
搯,tao
搲,wa
搴,qian
搶,qiang
搷,tian
携,xie
搽,cha
搾,zha
摀,wu
摁,en
摂,she
摄,she
摅,shu
摆,bai
摇,yao
摈,bin
摊,tan
摎,jiu
摐,chuang
摑,guai
摒,bing
摔,shuai
摘,zhai
摛,chi
摜,guan
摞,luo
摟,lou
摠,zong
摡,gai
摣,zha
摦,hua
摧,cui
摩,mo
摭,zhi
摮,ao
摯,zhi
摰,nie
摲,chan
摳,kou
摴,chu
摶,tuan
摸,mo
摹,mo
摺,zhe
摻,can
摽,biao
撂,liao
撃,ji
撄,ying
撅,jue
撆,pie
撇,pie
撈,lao
撊,xian
撋,ruan
撏,xian
撐,cheng
撑,cheng
撒,sa
撓,nao
撕,si
撙,zun
撚,nian
撝,hui
撞,zhuang
撟,jiao
撢,dan
撣,dan
撤,che
撥,bo
撦,che
撩,liao
撫,fu
撬,qiao
播,bo
撮,cuo
撰,zhuan
撱,wei
撲,pu
撳,qin
撴,dun
撵,nian
撷,xie
撹,jiao
撺,cuan
撾,wo
撿,jian
擀,gan
擁,yong
擂,lei
擃,nang
擄,lu
擅,shan
擇,ze
擉,chuo
擊,ji
擋,dang
操,cao
擎,qing
擐,huan
擒,qin
擓,kuai
擔,dan
擖,ka
擗,pi
擘,bai bo
擙,ao
據,ju
擞,sou
擠,ji
擡,tai
擢,zhuo
擣,dao
擤,xing
擥,lan
擦,ca
擧,ju
擩,ru
擪,ye
擫,ye
擬,ni
擭,wo
擯,bin
擰,ning
擱,ge
擲,zhi
擴,kuo
擵,mo
擷,xie
擺,bai
擻,sou
擽,lue
擾,rao
擿,ti
攀,pan
攂,lei
攃,ca
攄,shu
攅,zan
攆,nian
攉,huo
攏,long
攒,zan
攔,lan
攖,ying
攘,rang
攙,chan
攜,xie
攝,she
攞,luo
攢,zan
攣,luan
攤,tan
攥,zuan
攩,dang
攪,jiao
攫,jue
攬,lan
攮,nang
支,zhi
攰,gui
攲,qi
攴,pu
攵,pu
收,shou
攷,kao
攸,you
改,gai
攻,gong
放,fang
政,zheng
敁,dian
敂,kou
敃,min
敄,wu
故,gu
效,xiao
敉,mi
敋,ge
敌,di
敍,xu
敎,jiao
敏,min
救,jiu
敔,yu
敕,chi
敖,ao
敗,bai
敘,xu
教,jiao
敛,lian
敜,nie
敝,bi
敞,chang
敠,duo
敡,yi
敢,gan
散,san
敦,dun
敧,ji
敪,duo
敫,jiao
敬,jing
敭,yang
敯,min
数,shu
敲,qiao
敳,ai
整,zheng
敵,di
敷,fu
數,shu
敹,liao
敺,qu
敻,xiong
敽,jiao
敾,shan
敿,jiao
斁,yi
斂,lian
斃,bi
斅,xiao
斆,xiao
文,wen
斈,xue
斉,qi
斋,zhai
斌,bin
斍,jue
斎,zhai
斐,fei
斑,ban
斒,ban
斓,lan
斕,lan
斗,dou dou
料,liao
斚,jia
斛,hu
斜,xie
斝,jia
斞,yu
斟,zhen
斠,jiao
斡,wo
斤,jin
斥,chi
斧,fu
斨,qiang
斩,zhan
斫,zhuo
斬,zhan
断,duan
斮,cuo
斯,si
新,xin
斲,zhuo
斴,lin
斵,zhuo
斷,duan
斸,zhu
方,fang
於,yu
施,shi
斾,pei
斿,you
旀,mei
旁,pang
旂,qi
旃,zhan
旄,mao
旅,lu
旆,pei
旈,liu
旉,fu
旋,xuan
旌,jing
旎,ni
族,zu
旐,zhao
旒,liu
旓,shao
旕,yu
旖,yi
旗,qi
旘,zhi
旙,fan
旛,fan
旜,zhan
旝,kuai
旟,yu
无,wu
旡,ji
既,ji
旣,ji
日,ri
旦,dan
旧,jiu
旨,zhi
早,zao
旪,xie
旬,xun
旭,xu
旮,ga
旯,la
旰,gan
旱,han
旴,xu
时,shi
旷,kuang
旸,yang
旹,shi
旺,wang
旻,min
旼,min
旽,tun
昀,yun
昂,ang
昃,ze
昄,ban
昆,kun
昇,sheng
昉,fang
昊,hao
昌,chang
明,ming
昏,hun
昑,qin
易,yi
昔,xi
昕,xin
昙,tan
昜,yang
昝,zan
昞,bing
星,xing
映,ying
昡,xuan
昤,ling
春,chun
昧,mei
昨,zuo
昪,bian
昫,xu
昬,hun
昭,zhao
是,shi
昰,shi
昱,yu
昳,die
昴,mao
昵,ni
昶,chang
昷,wen
昺,bing
昻,ang
昼,zhou
昽,long
显,xian
昿,kuang
晁,chao
時,shi
晃,huang
晄,huang
晅,xuan
晉,jin
晋,jin
晌,shang
晏,yan
晒,shai
晓,xiao
晔,ye
晕,yun
晖,hui
晗,han
晙,jun
晚,wan
晛,xian
晜,kun
晝,zhou
晞,xi
晟,cheng
晡,bu
晢,zhe
晤,wu
晥,wan
晦,hui
晧,hao
晨,chen
晩,wan
晫,zhuo
晬,zui
普,pu
景,jing
晰,xi
晳,xi
晴,qing
晶,jing
晷,gui
晸,zheng
晹,yi
智,zhi
晼,wan
晾,liang
暁,xiao
暂,zan
暄,xuan
暇,xia
暈,yun
暉,hui
暋,min
暌,kui
暍,ye
暎,ying
暏,shu
暐,wei
暑,shu
暖,nuan
暗,an
暘,yang
暝,ming
暠,gao
暢,chang
暦,li
暧,ai
暨,ji
暫,zan
暮,mu
暱,ni
暲,zhang
暴,bao
暵,han
暸,liao
暹,xian
暻,jing
暼,pie
暾,tun
曁,ji
曄,ye
曅,ye
曆,li
曇,tan
曈,tong
曉,xiao
曍,hao
曏,xiang
曕,yan
曖,ai
曙,shu
曚,meng
曛,xun
曜,yao
曝,pu
曠,kuang
曡,die
曣,yan
曦,xi
曨,long
曩,nang
曬,shai
曰,yue
曲,qu
曳,ye
更,geng
曵,ye
曷,he
書,shu
曹,cao
曼,man
曽,ceng
曾,ceng
替,ti
最,zui
朁,can
會,hui
朅,qie
月,yue
有,you
朋,peng
朌,fen
服,fu
朏,fei
朐,qu
朓,tiao
朔,shuo
朕,zhen
朖,lang
朗,lang
朘,zui
朙,ming
望,wang
朝,chao
朞,ji
期,qi
朠,ying
朢,wang
朣,tong
朦,meng
朧,long
木,mu
朩,deng
未,wei
末,mo
本,ben
札,zha
朮,shu
术,shu
朰,mu
朱,zhu
朳,ba
朴,pu
朵,duo
朶,duo
机,ji
朽,xiu
朾,cheng
朿,ci
杀,sha
杂,za
权,quan
杅,yu
杆,gan
杇,wu
杈,cha
杉,shan
杌,wu
李,li
杏,xing
材,cai
村,cun
杓,biao shao
杕,di
杖,zhang
杗,mang
杙,yi
杜,du
杝,li
杞,qi
束,shu
杠,gang
条,tiao
杢,jiang
杣,mian
杤,wan
来,lai
杧,mang
杨,yang
杩,ma
杪,miao
杭,hang
杮,fei
杯,bei
杰,jie
東,dong
杲,gao
杳,yao
杴,xian
杵,chu
杶,chun
杷,pa
杸,shu
杻,chou
杼,zhu
松,song
板,ban
极,ji
构,gou
枇,pi
枉,wang
枋,fang
枌,fen
枏,nan
析,xi
枒,ya
枓,dou
枕,zhen
林,lin
枘,rui
枚,mei
果,guo
枝,zhi
枞,cong
枟,yun
枠,zui
枡,sheng
枢,shu
枣,zao
枥,li
枧,jian
枩,song
枪,qiang
枫,feng
枬,zhan
枭,xiao
枯,ku
枰,ping
枱,tai
枲,xi
枴,guai
枵,xiao
架,jia
枷,jia
枸,gou
枹,bao
枻,yi
枼,ye
枾,shi
柁,duo
柂,yi
柄,bing
柅,ni
柈,ban
柊,zhong
柎,fu
柏,bai bo
某,mou
柑,gan
柒,qi
染,ran
柔,rou
柘,zhe
柙,xia
柚,you
柜,gui
柝,tuo
柞,zha
柟,nan
柠,ning
柢,di
柣,zhi
柤,zha
查,cha
柩,jiu
柬,jian
柮,duo
柯,ke
柰,nai
柱,zhu
柲,bi
柳,liu
柴,chai
柵,shan
柶,si
柷,chu
柸,pei
柹,shi
柺,guai
査,zha
柽,cheng
柾,jiu
柿,shi
栀,zhi
栂,mei
栃,li
栄,rong
栅,zha
标,biao
栈,zhan
栉,zhi
栊,long
栋,dong
栌,lu
栍,sheng
栎,li
栏,lan
树,shu
栒,xun
栓,shuan
栔,qi
栖,qi
栗,li
栘,yi
栛,li
栝,gua
栞,kan
栟,ben
校,xiao
栢,bai
栩,xu
株,zhu
栫,jian
栭,er
栰,fa
栱,gong
栲,kao
栳,lao
栴,zhan
栵,lie
样,yang
核,he
根,gen
栻,shi
格,ge
栽,zai
栾,luan
桀,jie
桁,heng
桂,gui
桃,tao
桄,guang
桅,wei
框,kuang
案,an
桉,an
桋,yi
桌,zhuo
桎,zhi
桐,tong
桑,sang
桓,huan
桔,ju
桕,jiu
桚,zan
桜,ying
桝,jie
桟,zhan
桠,ya
桡,rao
桢,zhen
档,dang
桤,qi
桥,qiao
桦,hua
桧,gui
桨,jiang
桩,zhuang
桪,xun
桫,suo
桬,sha
桭,zhen
桮,bei
桯,ting
桴,fu
桶,tong
桷,jue
桹,lang
桼,qi
桿,gan
梁,liang
梂,qiu
梃,ting
梄,you
梅,mei
梆,bang
梊,di
梍,zao
梎,ao
梏,gu
梐,bi
梓,zi
梔,zhi
梖,bei
梗,geng
梘,jian
梜,jia
條,tiao
梟,xiao
梠,lu
梡,hun
梢,shao
梦,meng
梧,wu
梨,li
梩,li
梭,suo
梮,ju
梯,ti
械,xie
梱,kun
梲,zhuo
梳,shu
梴,chan
梵,fan
梶,wei
梹,bin
梻,fo
梼,tao
检,jian
棁,zhuo
棂,ling
棃,li
棄,qi
棅,bing
棆,lun
棉,mian
棊,qi
棋,qi
棍,gun
棐,fei
棑,pai
棒,bang
棓,bang
棕,zong
棖,cheng
棗,zao
棘,ji
棙,li
棚,peng
棜,yu
棟,dong
棠,tang
棢,wang
棣,di
棥,fan
棧,zhan
棨,qi
棪,yan
棫,yu
棬,quan
森,sen
棯,ren
棱,leng
棲,qi
棳,zhuo
棵,ke
棸,zou
棹,zhao
棺,guan
棻,fen
棼,fen
椀,wan
椁,guo
椄,jie
椅,yi
椈,ju
椊,zuo
椋,liang
椌,qiang
植,zhi
椎,chui
椏,ya
椑,bei
椒,jiao
椓,zhuo
椚,men
椛,hua
検,jian
椟,du
椠,qian
椤,luo
椧,ming
椪,peng
椭,tuo
椰,ye
椳,wei
椴,duan
椵,jia
椶,zong
椷,jian
椸,yi
椹,shen
椺,xi
椽,chuan
椿,chun
楀,yu
楂,zha
楄,pian
楅,bi
楊,yang
楎,hui
楓,feng
楔,xie
楕,tuo
楗,jian
楘,mu
楙,mao
楚,chu
楛,hu
楝,lian
楞,leng
楟,ting
楠,nan
楡,yu
楢,you
楣,mei
楥,xuan
楦,xuan
楨,zhen
楩,pian
楪,ye
楫,ji
楬,jie
業,ye
楮,chu
楯,dun
楰,yu
楳,mei
極,ji
楷,kai
楸,qiu
楹,ying
楼,lou
楽,le
概,gai
榃,tan
榄,lan
榅,wen
榆,yu
榇,chen
榈,lu
榉,ju
榊,shen
榌,bi
榎,jia
榔,lang
榕,rong
榖,gu
榘,ju
榛,zhen
榜,bang
榢,jia
榤,jie
榥,huang
榦,gan
榧,fei
榨,zha
榪,ma
榫,sun
榭,xie
榮,rong
榱,cui
榲,wen
榴,liu
榷,que
榻,ta
榼,ke
榾,gu
榿,qi
槀,gao
槁,gao
槃,pan
槇,dian
槊,shuo
構,gou
槌,chui
槍,qiang
槎,cha
槐,huai
槖,tuo
様,yang
槙,dian
槚,jia
槛,kan
槟,bin
槠,zhu
槢,xi
槤,lian
槥,hui
槧,qian
槨,guo
槩,gai
槪,gai
槭,qi
槱,you
槲,hu
槳,jiang
槹,gao
槻,gui
槼,gui
槽,cao
槾,man
槿,jin
樁,zhuang
樂,le
樅,cong
樊,fan
樋,tong
樏,lei
樐,lu
樑,liang
樒,mi
樓,lou
樕,su
樗,chu
標,biao
樚,lu
樛,jiu
樝,zha
樞,shu
樟,zhang
樠,man
模,mo
樣,yang
樨,xi
権,quan
横,heng
樫,jian
樯,qiang
樱,ying
樲,er
樳,xun
樵,qiao
樶,zui
樷,cong
樸,pu
樹,shu
樺,hua
樻,kui
樽,zun
樾,yue
樿,shan
橁,chun
橄,gan
橅,mo
橆,wu
橇,qiao
橈,rao
橊,liu
橋,qiao
橐,tuo
橒,yun
橓,shun
橔,dun
橕,cheng
橘,ju
橙,cheng
橚,su
橛,jue
橜,jue
機,ji
橡,xiang
橢,tuo
橤,rui
橥,zhu
橦,tong
橧,zeng
橫,heng
橰,gao
橱,chu
橴,zi
橵,san
橹,lu
橼,yuan
橾,shu
橿,jiang
檀,tan
檁,lin
檄,xi
檇,zui
檉,cheng
檍,yi
檎,qin
檐,yan
檔,dang
檖,sui
檗,bo
檛,zhua
檜,gui
檝,ji
檞,jie
檟,jia
檠,qing
檢,jian
檣,qiang
檥,yi
檨,she
檩,lin
檪,li
檫,cha
檬,meng
檮,tao
檯,tai
檳,bin
檴,huo
檸,ning
檻,kan
檼,yin
檾,qing
檿,yan
櫂,zhao
櫃,gui
櫅,ji
櫆,kui
櫈,deng
櫌,you
櫓,lu
櫚,lu
櫛,zhi
櫜,gao
櫝,du
櫞,yuan
櫟,li
櫥,chu
櫧,zhu
櫨,lu
櫪,li
櫫,zhu
櫬,chen
櫱,nie
櫳,long
櫸,ju
櫺,ling
櫻,ying
櫽,yin
櫾,you
欃,chan
欄,lan
欅,ju
權,quan
欏,luo
欐,li
欑,cuan
欒,luan
欓,dang
欕,yan
欖,lan
欙,lei
欛,ba
欝,yu
欞,ling
欠,qian
次,ci
欢,huan
欣,xin
欤,yu
欧,ou
欨,xu
欬,kai
欮,jue
欲,yu
欵,kuan
欶,shuo
欷,xi
欸,ai
欺,qi
欻,chua
欽,qin
款,kuan
欿,kan
歀,kuan
歃,sha
歆,xin
歇,xie
歈,yu
歉,qian
歊,xiao
歌,ge
歎,tan
歐,ou
歓,huan
歔,xu
歕,pen
歗,xiao
歘,chua
歙,she
歚,shan
歛,han
歜,chu
歟,yu
歠,chuo
歡,huan
止,zhi
正,zheng
此,ci
步,bu
武,wu
歧,qi
歩,bu
歪,wai
歯,chi
歱,zhong
歲,sui
歳,sui
歴,li
歷,li
歸,gui
歹,dai
歺,e
死,si
歼,jian
歾,mo
歿,mo
殀,yao
殁,mo
殂,cu
殃,yang
殄,tian
殆,dai
殇,shang
殈,xu
殉,xun
殊,shu
残,can
殍,piao
殑,qing
殒,yun
殓,lian
殖,zhi
殗,ye
殘,can
殙,hun
殚,dan
殛,ji
殜,die
殞,yun
殡,bin
殢,ti
殣,jin
殤,shang
殨,hui
殪,yi
殫,dan
殭,jiang
殮,lian
殯,bin
殰,du
殱,jian
殲,jian
殳,shu
殴,ou
段,duan
殷,yin
殸,qing
殹,yi
殺,sha
殻,qiao
殼,ke
殽,xiao
殿,dian
毀,hui
毁,hui
毂,gu
毅,yi
毆,ou
毋,wu
毌,guan
母,mu
毎,mei
每,mei
毐,ai
毒,du
毓,yu
比,bi
毕,bi
毖,bi
毗,pi
毘,pi
毙,bi
毚,chan
毛,mao
毟,lie
毡,zhan
毧,rong
毩,ju
毪,mu
毫,hao
毬,qiu
毮,sha
毯,tan
毳,cui
毵,san
毷,mao
毽,jian
毾,ta
毿,san
氂,mao
氄,rong
氅,chang
氆,pu
氇,lu
氈,zhan
氉,sao
氊,zhan
氌,lu
氍,qu
氏,shi
氐,di
民,min
氓,mang
气,qi
氕,pie
氖,nai
気,qi
氘,dao
氙,xian
氚,chuan
氛,fen
氜,yang
氝,nei
氟,fu
氡,dong
氢,qing
氣,qi
氤,yin
氥,xi
氦,hai
氧,yang
氨,an
氩,ya
氪,ke
氫,qing
氬,ya
氮,dan
氯,lu
氰,qing
氲,yun
氳,yun
水,shui
氵,shui
氶,zheng
氷,bing
永,yong
氹,dang
氼,ni
氾,fan
氿,gui
汀,ting
汁,zhi
求,qiu
汆,cuan
汇,hui
汉,han
汊,cha
汋,zhuo
汍,wan
汎,fan
汐,xi
汕,shan
汗,han
汙,wu
汚,wu
汛,xun
汜,si
汝,ru
汞,gong
江,jiang
池,chi
污,wu
汤,tang
汧,qian
汨,mi
汩,gu
汪,wang
汫,jing
汭,rui
汰,tai
汲,ji
汴,bian
汶,wen
汹,xiong
決,jue
汽,qi
汾,fen
沁,qin
沂,yi
沃,wo
沄,yun
沅,yuan
沆,hang
沇,yan
沈,chen
沉,chen
沌,dun
沍,hu
沏,qi
沐,mu
沒,mei
沓,da ta
沔,mian
沖,chong
沘,bi
沙,sha
沚,zhi
沛,pei
沟,gou
没,mei
沢,ze
沣,feng
沤,ou
沥,li
沦,lun
沧,cang
沩,wei
沪,hu
沫,mo
沭,shu
沮,ju
沰,tuo
沱,tuo
沲,tuo
河,he
沴,li
沷,fa
沸,fei
油,you
沺,tian
治,zhi
沼,zhao
沽,gu
沾,zhan
沿,yan
況,kuang
泂,jiong
泃,ju
泄,xie
泅,qiu
泆,yi
泉,quan
泊,po
泌,mi
泐,le
泑,you
泒,gu
泓,hong
泔,gan
法,fa
泖,mao
泗,si
泙,ping
泚,ci
泛,fan
泜,zhi
泝,su
泞,ning
泠,ling
泡,pao
波,bo
泣,qi
泥,ni
注,zhu
泪,lei
泫,xuan
泭,fu
泮,pan
泯,min
泰,tai
泱,yang
泲,ji
泳,yong
泵,beng
泷,long
泸,lu
泺,luo
泻,xie
泼,po
泽,ze
泾,jing
洁,jie
洄,hui
洊,jian
洋,yang
洌,lie
洎,ji
洏,er
洑,fu
洒,sa
洗,xi
洙,zhu
洚,jiang
洛,luo
洞,dong
洟,ti
洣,mi
洤,quan
津,jin
洧,wei
洨,xiao
洩,xie
洪,hong
洫,xu
洮,tao
洱,er
洲,zhou
洳,ru
洴,ping
洵,xun
洶,xiong
洸,guang
洹,huan
洺,ming
活,huo
洼,wa
洽,qia
派,pai
洿,wu
流,liu
浃,jia
浄,jing
浅,qian
浆,jiang
浇,jiao
浈,zhen
浊,zhuo
测,ce
浍,hui
济,ji
浏,liu
浑,hun
浒,hu
浓,nong
浔,xun
浙,zhe
浚,jun
浜,bang
浞,zhuo
浡,bo
浣,huan
浤,hong
浥,yi
浦,pu
浩,hao
浪,lang
浬,li
浮,fu
浯,wu
浴,yu
海,hai
浸,jin
浹,jia
浼,mei
涂,tu
涅,nie
涇,jing
消,xiao
涉,she
涊,nian
涌,yong
涎,xian
涑,su
涒,tun
涓,juan
涔,cen
涕,ti
涖,li
涘,si
涙,lei
涛,tao
涜,du
涝,lao
涞,lai
涟,lian
涠,wei
涡,wo
涣,huan
涤,di
润,run
涧,jian
涨,zhang
涩,se
涪,fu
涬,xing
涮,shuan
涯,ya
液,ye
涴,wo
涵,han
涶,tuo
涷,dong
涸,he
涼,liang
涿,zhuo
淀,dian
淄,zi
淅,xi
淆,xiao
淇,qi
淋,lin
淌,tang
淑,shu
淒,qi
淖,nao
淘,tao
淙,cong
淚,lei
淜,ping
淝,fei
淞,song
淟,tian
淡,dan
淢,yu
淤,yu
淦,gan
淨,jing
淩,ling
淪,lun
淫,yin
淬,cui
淮,huai
淯,yu
深,shen
淳,chun
淵,yuan
淶,lai
混,hun
淸,qing
淹,yan
淺,qian
添,tian
淼,miao
清,qing
渇,ke
済,ji
渉,she
渊,yuan
渋,se
渌,lu
渍,zi
渎,du
渐,jian
渑,mian
渓,xi
渔,yu
渕,yuan
渖,shen
渗,shen
渙,huan
渚,zhu
減,jian
渝,yu
渟,ting
渠,qu
渡,du
渢,fan
渣,zha
渤,bo
渥,wo
渦,wo
渧,di
渨,wei
温,wen
渫,xie
測,ce
渭,wei
渮,he
港,gang
渰,yan
渲,xuan
渴,ke
游,you
渹,hong
渺,miao
渼,mei
渾,hun
湃,pai
湄,mei
湅,lian
湊,cou
湋,wei
湍,tuan
湎,mian
湏,hui
湑,xu
湓,pen
湔,jian
湖,hu
湘,xiang
湛,zhan
湜,shi
湝,jie
湞,cheng
湟,huang
湢,bi
湣,min
湧,yong
湩,dong
湫,jiao
湮,yan
湯,tang
湱,huo
湲,yuan
湻,chun
湼,nie
湾,wan
湿,shi
満,man
溃,kui
溅,jian
溆,xu
溈,wei
溉,gai
溌,po
溍,jin
溎,yan
溏,tang
源,yuan
準,zhun
溘,ke
溜,liu
溝,gou
溟,ming
溠,zha
溢,yi
溥,pu
溦,wei
溧,li
溪,xi
溫,wen
溮,shi
溯,su
溱,qin
溲,sou
溴,xiu
溶,rong
溷,hun
溺,ni
溻,ta
溼,shi
溽,ru
滁,chu
滂,pang
滃,weng
滄,cang
滅,mie
滇,dian
滉,huang
滊,xi
滋,zi
滌,di
滎,xing
滑,hua
滓,zi
滔,tao
滕,teng
滗,bi
滘,jiao
滙,hui
滚,gun
滝,long
滞,zhi
滟,yan
滠,she
满,man
滢,ying
滤,lu
滥,lan
滦,luan
滨,bin
滩,tan
滪,yu
滫,xiu
滬,hu
滯,zhi
滲,shen
滴,di
滷,lu
滸,hu
滹,hu
滺,you
滾,gun
滿,man
漁,yu
漂,piao
漆,qi
漈,ji
漉,lu
漊,lou
漎,cong
漏,lou
漑,gai
漓,li
演,yan
漕,cao
漘,chun
漙,tuan
漚,ou
漠,mo
漢,han
漣,lian
漤,lan
漥,wa
漦,chi
漩,xuan
漪,yi
漫,man
漬,zi
漭,mang
漯,luo
漰,peng
漱,shu
漲,zhang
漳,zhang
漵,xu
漶,huan
漷,huo
漸,jian
漼,cui
漾,yang
漿,jiang
潀,cong
潁,ying
潅,guan
潆,ying
潇,xiao
潋,lian
潍,wei
潎,pi
潏,yu
潑,po
潔,jie
潕,wu
潖,pa
潗,ji
潘,pan
潙,wei
潚,su
潛,qian
潜,qian
潝,xi
潞,lu
潟,xi
潠,xun
潢,huang
潣,min
潤,run
潦,lao
潨,cong
潬,shan
潭,tan
潮,chao
潯,xun
潰,kui
潲,shao
潴,zhu
潷,bi
潸,shan
潺,chan
潼,tong
潾,lin
潿,wei
澀,se
澁,se
澂,cheng
澄,cheng
澆,jiao
澇,lao
澈,che
澉,gan
澌,si
澍,shu
澎,peng
澐,yun
澑,liu
澒,hong
澔,hao
澗,jian
澜,lan
澝,ning
澠,mian
澡,zao
澣,huan
澤,ze
澥,xie
澦,yu
澧,li
澨,shi
澮,hui
澰,lian
澱,dian
澳,ao
澴,huan
澶,chan
澷,man
澹,dan
澼,pi
澾,ta
激,ji
濁,zhuo
濂,lian
濃,nong
濆,fen
濇,se
濈,ji
濊,hui
濑,lai
濒,bin
濔,mi
濕,shi
濘,ning
濙,ying
濚,ying
濛,meng
濜,jin
濟,ji
濠,hao
濡,ru
濤,tao
濩,huo
濫,lan
濬,jun
濮,pu
濯,zhuo
濰,wei
濱,bin
濳,qian
濵,bin
濶,kuo
濺,jian
濼,luo
濾,lu
濿,li
瀁,yang
瀅,ying
瀆,du
瀇,wang
瀉,xie
瀋,shen
瀌,biao
瀍,chan
瀏,liu
瀑,pu
瀒,se
瀔,gu
瀕,bin
瀘,lu
瀚,han
瀛,ying
瀝,li
瀞,jing
瀟,xiao
瀠,ying
瀡,sui
瀣,xie
瀦,zhu
瀧,long
瀨,lai
瀬,lai
瀰,mi
瀲,lian
瀹,yue
瀺,chan
瀼,rang
瀾,lan
灃,feng
灄,she
灉,yong
灋,fa
灌,guan
灎,yan
灏,hao
灑,sa
灒,zan
灔,yan
灕,li
灘,tan
灝,hao
灞,ba
灠,lan
灢,nang
灣,wan
灤,luan
灥,xun
灧,yan
灨,gan
灩,yan
火,huo
灬,biao
灭,mie
灯,deng
灰,hui
灴,hong
灵,ling
灶,zao
灸,jiu
灺,xie
灼,zhuo
災,zai
灾,zai
灿,can
炀,yang
炁,qi
炅,jiong
炉,lu
炊,chui
炎,yan
炒,chao
炔,gui
炕,kang
炖,dun
炘,xin
炙,zhi
炜,wei
炝,qiang
炤,zhao
炧,xie
炫,xuan
炬,ju
炭,tan
炮,pao
炯,jiong
炰,pao
炱,tai
炳,bing
炷,zhu
炸,zha
点,dian
為,wei
炻,shi
炼,lian
炽,chi
烀,hu
烁,shuo
烂,lan
烃,ting
烈,lie
烉,huan
烊,yang
烋,xiu
烏,wu
烓,wei
烔,tong
烕,mie
烖,zai
烘,hong
烙,lao
烛,zhu
烜,xuan
烝,zheng
烟,yan
烤,kao
烦,fan
烧,shao
烨,ye
烩,hui
烫,tang
烬,jin
热,re
烯,xi
烱,jiong
烴,ting
烷,wan
烹,peng
烺,lang
烽,feng
焄,xun
焉,yan
焊,han
焌,jun
焔,yan
焕,huan
焖,men
焘,dao
焙,bei
焚,fen
焜,kun
焞,tun
焠,cui
無,wu
焦,jiao
焭,qiong
焮,xin
焯,chao
焰,yan
焱,yan
焴,yu
焵,gang
然,ran
焻,chang
焼,shao
焿,geng
煃,kui
煅,duan
煆,xia
煇,hui
煉,lian
煊,xuan
煌,huang
煍,jiao
煎,jian
煏,bi
煑,zhu
煒,wei
煕,xi
煖,nuan
煙,yan
煚,jiong
煜,yu
煝,mei
煞,sha
煟,wei
煠,zha
煢,qiong
煤,mei
煥,huan
煦,xu
照,zhao
煨,wei
煩,fan
煬,yang
煮,zhu
煲,bao
煳,hu
煴,yun
煸,bian
煻,tang
煽,shan
熀,huang
熄,xi
熅,yun
熇,he
熈,xi
熉,yun
熊,xiong
熏,xun
熒,ying
熓,wu
熔,rong
熖,yan
熗,qiang
熘,liu
熙,xi
熛,biao
熟,shu
熠,yi
熥,teng
熨,yun
熬,ao
熯,han
熰,ou
熱,re
熲,jiong
熵,shang
熸,jian
熹,xi
熺,xi
熻,xi
熾,chi
燀,chan
燁,ye
燃,ran
燄,yan
燈,deng
燉,dun
燊,shen
燋,jiao
燎,liao
燏,yu
燐,lin
燒,shao
燔,fan
燕,yan
燖,xun
燗,lan
燙,tang
燜,men
營,ying
燠,yu
燡,yi
燣,lan
燥,zao
燦,can
燧,sui
燬,hui
燭,zhu
燮,xie
燴,hui
燵,da
燷,lan
燹,xian
燺,he
燻,xun
燼,jin
燾,dao
燿,yao
爆,bao
爇,ruo
爍,shuo
爐,lu
爓,yan
爖,long
爚,yue
爛,lan
爟,guan
爥,zhu
爨,cuan
爪,zhao
爫,zhao
爬,pa
爭,zheng
爰,yuan
爱,ai
爲,wei
爵,jue
父,fu
爷,ye
爸,ba
爹,die
爺,ye
爻,yao
爼,zu
爽,shuang
爾,er
爿,pan
牀,chuang
牁,ke
牂,zang
牄,qiang
牆,qiang
片,pian
版,ban
牋,jian
牌,pai
牍,du
牏,yu
牐,zha
牒,die
牓,bang
牔,bo
牕,chuang
牖,you
牘,du
牙,ya
牛,niu
牜,niu
牝,pin
牟,mou
牠,ta
牡,mu
牢,lao
牣,ren
牤,mang
牦,mao
牧,mu
物,wu
牯,gu
牲,sheng
牴,di
牵,qian
牶,quan
牷,quan
牸,zi
特,te
牺,xi
牼,keng
牽,qian
牾,wu
犀,xi
犁,li
犂,li
犄,ji
犆,zhi
犇,ben
犉,chun
犊,du
犍,jian
犎,feng
犏,pian
犒,kao
犖,luo
犛,mao
犟,jiang
犠,xi
犢,du
犧,xi
犨,chou
犫,chou
犬,quan
犭,quan
犮,ba
犯,fan
犰,qiu
犲,chai
犴,an
犵,ge
状,zhuang
犷,guang
犸,ma
犹,you
犺,kang
犼,hou
狀,zhuang
狁,yun
狂,kuang
狃,niu
狄,di
狆,zhong
狈,bei
狉,pi
狍,pao
狎,xia
狐,hu
狒,fei
狖,you
狗,gou
狘,xue
狙,ju
狛,bo
狝,xian
狞,ning
狠,hen
狡,jiao
狢,he
狥,xun
狩,shou
独,du
狭,xia
狮,shi
狯,kuai
狰,zheng
狱,yu
狲,sun
狴,bi
狵,mang
狷,juan
狸,li
狹,xia
狺,yin
狻,suan
狼,lang
狽,bei
猁,li
猃,xian
猇,xiao
猊,ni
猎,lie
猓,guo
猔,zong
猕,mi
猖,chang
猗,yi
猘,zhi
猙,zheng
猛,meng
猜,cai
猝,cu
猞,she
猟,lie
猡,luo
猢,hu
猥,wei
猨,yuan
猩,xing
猪,zhu
猫,mao
猬,wei
献,xian
猱,nao
猲,xie
猴,hou
猶,you
猷,you
猸,mei
猹,cha
猺,yao
猻,sun
猾,hua
猿,yuan
獀,sou
獁,ma
獃,dai
獄,yu
獅,shi
獉,zhen
獋,hao
獍,jing
獎,jiang
獏,mo
獐,zhang
獒,ao
獗,jue
獘,bi
獝,xu
獞,tong
獠,liao
獢,xiao
獣,shou
獧,juan
獨,du
獪,kuai
獫,xian
獬,xie
獭,ta
獮,xian
獯,xun
獰,ning
獱,bian
獲,huo
獳,nou
獴,meng
獵,lie
獷,guang
獸,shou
獹,lu
獺,ta
獻,xian
獼,mi
獾,huan
玀,luo
玁,xian
玃,jue
玄,xuan
玅,miao
玆,zi
率,lu
玈,lu
玉,yu
王,wang
玍,ga
玎,ding
玑,ji
玓,di
玔,chuan
玕,gan
玖,jiu
玗,yu
玘,qi
玛,ma
玞,fu
玟,wen
玠,jie
玢,bin
玤,bang
玥,yue
玦,jue
玧,men
玨,jue
玩,wan
玫,mei
玮,wei
环,huan
现,xian
玱,qiang
玲,ling
玳,dai
玶,ping
玷,dian
玹,xuan
玺,xi
玻,bo
玼,ci
珀,po
珂,ke
珈,jia
珉,min
珊,shan
珌,bi
珍,zhen
珎,zhen
珏,jue
珐,fa
珑,long
珓,jiao
珖,guang
珙,gong
珞,luo
珠,zhu
珡,qin
珢,yin
珣,xun
珤,bao
珥,er
珦,xiang
珧,yao
珩,hang
珪,gui
班,ban
珮,pei
珰,dang
珱,ying
珲,hui
珷,wu
珹,cheng
珺,jun
珽,ting
現,xian
琀,han
琁,xuan
球,qiu
琄,xuan
琅,lang
理,li
琇,xiu
琉,liu
琊,ya
琏,lian
琐,suo
琕,pin
琖,zhan
琚,ju
琛,chen
琠,tian
琢,zuo
琤,cheng
琥,hu
琦,qi
琨,kun
琪,qi
琫,beng
琬,wan
琭,lu
琮,cong
琯,guan
琰,yan
琱,diao
琲,bei
琳,lin
琴,qin
琵,pi
琶,pa
琺,fa
琿,hun
瑀,yu
瑁,mao
瑄,xuan
瑇,dai
瑋,wei
瑌,ruan
瑑,zhuan
瑕,xia
瑗,yuan
瑙,nao
瑚,hu
瑛,ying
瑜,yu
瑞,rui
瑟,se
瑠,liu
瑢,rong
瑣,suo
瑤,yao
瑨,jin
瑩,ying
瑪,ma
瑭,tang
瑯,lang
瑰,gui
瑱,zhen
瑲,qiang
瑳,cuo
瑴,jue
瑶,yao
瑷,ai
瑽,cong
瑾,jin
瑿,yi
璀,cui
璁,cong
璂,qi
璃,li
璅,suo
璆,qiu
璇,xuan
璈,ao
璉,lian
璊,men
璋,zhang
璎,ying
璐,lu
璘,lin
璚,qiong
璜,huang
璞,pu
璟,jing
璠,fan
璡,jin
璢,liu
璣,ji
璥,jing
璦,ai
璧,bi
璨,can
璩,qu
璪,zao
璫,dang
環,huan
璲,sui
璵,yu
璸,bin
璺,wen
璽,xi
璿,xuan
瓀,ruan
瓈,li
瓊,qiong
瓌,gui
瓏,long
瓒,zan
瓔,ying
瓖,xiang
瓘,guan
瓚,zan
瓛,huan
瓜,gua
瓞,die
瓟,bo
瓠,hu
瓢,piao
瓣,ban
瓤,rang
瓦,wa
瓩,qian
瓮,weng
瓯,ou
瓴,ling
瓶,ping
瓷,ci
瓸,bai
瓻,chi
瓿,bu
甀,zhui
甁,ping
甃,zhou
甄,zhen
甇,ying
甋,di
甌,ou
甍,meng
甎,zhuan
甏,beng
甑,zeng
甒,wu
甓,pi
甔,dan
甕,weng
甖,ying
甗,yan
甘,gan
甙,dai
甚,shen
甛,tian
甜,tian
甞,chang
生,sheng
甡,shen
產,chan
産,chan
甤,rui
甥,sheng
甦,su
用,yong
甩,shuai
甪,lu
甫,fu
甬,yong
甭,beng
甯,ning
田,tian
由,you
甲,jia
申,shen
电,dian
男,nan
甸,dian dian
町,ting
画,hua
甼,ting
甽,zhen
甾,zai
甿,meng
畀,bi
畁,bi
畄,liu
畅,chang
畆,mu
畇,yun
畈,fan
畊,geng
畋,tian
界,jie
畎,quan
畏,wei
畐,fu
畑,tian
畒,mu
畓,duo
畔,pan
留,liu
畚,ben
畛,zhen
畜,chu
畝,mu
畟,ce
畠,tian
畢,bi
畤,zhi
略,lue
畦,qi
畧,lue
番,fan
畫,hua
畬,she
畯,jun
異,yi
畱,liu
畲,she
畳,die
畴,chou
畵,hua
當,dang
畷,zhui
畸,ji
畺,jiang
畽,tun
畾,lei
畿,ji
疂,die
疃,tuan
疆,jiang
疇,chou
疉,die
疊,die
疋,pi
疎,shu
疏,shu
疐,zhi
疑,yi
疒,ne
疔,ding
疕,bi
疖,jie
疗,liao
疙,ge
疚,jiu
疝,shan
疟,nue
疠,li
疡,yang
疢,chen
疣,you
疤,ba
疥,jie
疧,qi
疫,yi
疬,li
疭,zong
疮,chuang
疯,feng
疱,pao
疲,pi
疳,gan
疴,ke
疵,ci
疸,dan
疹,zhen
疼,teng
疽,ju
疾,ji
疿,fei
痀,ju
痁,shan
痂,jia
痃,xuan
痄,zha
病,bing
症,zheng
痈,yong
痉,jing
痊,quan
痌,tong
痍,yi
痏,wei
痐,hui
痒,yang
痔,zhi
痕,hen
痖,ya
痗,mei
痘,dou
痙,jing
痚,xiao
痛,tong
痜,tu
痞,pi
痠,suan
痡,fu
痢,li
痣,zhi
痤,cuo
痧,sha
痨,lao
痩,shou
痪,huan
痫,xian
痭,beng
痮,zhang
痯,guan
痰,tan
痱,fei
痲,ma
痳,lin
痴,chi
痵,ji
痹,bi
痺,bi
痻,min
痼,gu
痾,e
痿,wei
瘀,yu
瘁,cui
瘂,ya
瘃,zhu
瘅,dan
瘇,zhong
瘈,chi
瘉,yu
瘊,hou
瘋,feng
瘌,la
瘍,yang
瘏,tu
瘐,yu
瘓,huan
瘕,jia
瘖,yin
瘗,yi
瘘,lou
瘙,sao
瘚,jue
瘜,xi
瘝,guan
瘞,yi
瘟,wen
瘠,ji
瘡,chuang
瘢,ban
瘤,liu
瘥,chai
瘦,shou
瘧,nue
瘨,dian
瘩,da
瘪,bie
瘫,tan
瘭,biao
瘯,cu
瘰,luo
瘲,zong
瘳,chou
瘴,zhang
瘵,zhai
瘶,sou
瘸,que
瘺,lou
瘻,lou
瘼,mo
瘾,yin
瘿,ying
癀,huang
療,liao
癃,long
癅,liu
癆,lao
癇,xian
癈,fei
癉,dan
癊,yin
癌,ai
癍,ban
癎,xian
癒,yu
癔,yi
癕,yong
癖,pi
癘,li
癙,shu
癜,dian
癞,lai
癟,bie
癠,ji
癡,chi
癢,yang
癣,xuan
癤,jie
癥,zheng
癧,li
癨,huo
癩,lai
癫,dian
癬,xuan
癭,ying
癮,yin
癯,qu
癰,yong
癱,tan
癲,dian
癶,bo
癸,gui
発,fa
登,deng
發,fa
白,bai
百,bai
皀,ji
皁,zao
皂,zao
皃,mao
的,de
皆,jie
皇,huang
皈,gui
皋,gao
皎,jiao
皐,gao
皑,ai
皓,hao
皖,wan
皙,xi
皚,ai
皜,hao
皝,huang
皞,hao
皡,hao
皤,po
皥,hao
皦,jiao
皫,piao
皭,jiao
皮,pi
皰,pao
皱,zhou
皲,jun
皴,cun
皶,zha
皷,gu
皸,jun
皹,jun
皺,zhou
皻,zha
皽,zhao
皿,min
盂,yu
盃,bei
盅,zhong
盆,pen
盇,he
盈,ying
益,yi
盌,wan
盍,he
盎,ang
盏,zhan
盐,yan
监,jian
盒,he
盔,kui
盖,gai
盗,dao
盘,pan
盙,fu
盛,sheng
盜,dao
盝,lu
盞,zhan
盟,meng
盡,jin
監,jian
盤,pan
盥,guan
盦,an
盧,lu
盩,zhou
盪,dang
盬,gu
盭,li
目,mu
盯,ding
盱,xu
盲,mang
直,zhi
相,xiang
盹,dun
盻,xi
盼,pan
盾,dun
省,sheng
眄,mian
眅,pan
眆,fang
眇,miao
眈,dan
眉,mei
眊,mao
看,kan
県,xian
眍,kou
眎,shi
眑,yao
眕,zhen
眙,yi
眚,sheng
眛,mei
眞,zhen
真,zhen
眠,mian
眢,yuan
眣,die
眥,zi
眦,zi
眨,zha
眩,xuan
眬,long
眭,sui
眯,mi
眴,xuan
眵,chi
眶,kuang
眷,juan
眸,mou
眹,zhen
眺,tiao
眼,yan
眽,mo
眾,zhong
着,zhe
睁,zheng
睅,han
睆,huan
睇,di
睊,juan
睍,xian
睎,xi
睏,kun
睐,lai
睑,jian
睒,shan
睖,leng
睗,shi
睘,qiong
睚,ya
睛,jing
睜,zheng
睞,lai
睟,sui
睠,juan
睡,shui
睢,sui
督,du
睤,bi
睥,pi
睦,mu
睧,hun
睨,ni
睪,yi
睫,jie
睬,cai
睱,xia
睹,du
睽,kui
睾,gao
睿,rui
瞀,mao
瞄,miao
瞅,chou
瞆,kui
瞇,mi
瞋,chen
瞌,ke
瞍,sou
瞎,xia
瞏,qiong
瞑,ming
瞒,man
瞓,shui
瞕,zhang
瞖,yi
瞘,kou
瞜,lou
瞞,man
瞟,piao
瞠,cheng
瞢,meng
瞤,run
瞥,pie
瞧,qiao
瞩,zhu
瞪,deng
瞫,shen
瞬,shun
瞭,liao
瞯,xian
瞰,kan
瞳,tong
瞵,lin
瞶,gui
瞹,ai
瞻,zhan
瞼,jian
瞽,gu
瞿,qu
矁,chou
矇,meng
矈,mian
矉,pin
矍,jue
矑,lu
矓,long
矕,man
矗,chu
矙,kan
矚,zhu
矛,mao
矜,jin
矞,yu
矟,shuo
矢,shi
矣,yi
知,zhi
矧,shen
矩,ju
矫,jiao
矬,cuo
短,duan
矮,ai
矯,jiao
矰,zeng
矱,yue
石,shi
矶,ji
矸,gan
矻,ku
矼,gang
矽,xi
矾,fan
矿,kuang
砀,dang
码,ma
砂,sha
砆,fu
砇,min
砌,qi
砍,kan
砑,ya
砒,pi
研,yan
砕,sui
砖,zhuan
砗,che
砘,dun
砚,yan
砜,feng
砝,fa
砞,mo
砟,zha
砠,ju
砢,ke
砣,tuo
砥,di
砦,zhai
砧,zhen
砬,la
砭,bian
砮,nu
砯,ping
砰,peng
砲,pao
砳,le
破,po
砷,shen
砸,za
砹,ai
砺,li
砻,long
砼,tong
砾,li
砿,kuang
础,chu
硁,keng
硃,zhu
硅,gui
硇,nao
硉,lu
硍,xian
硎,xing
硏,yan
硐,dong
硒,xi
硕,shuo
硖,xia
硗,qiao
硙,wei
硜,keng
硝,xiao
硤,xia
硧,yong
硨,che
硫,liu
硬,ying
硭,mang
确,que
硯,yan
硷,jian
硸,nue
硼,peng
硾,zhui
碁,qi
碆,bo
碇,ding
碉,diao
碌,lu
碍,ai
碎,sui
碏,que
碑,bei
碓,dui
碔,wu
碕,qi
碗,wan
碘,dian
碚,bei
碛,qi
碜,chen
碞,yan
碟,die
碡,du
碣,jie
碧,bi
碩,shuo
碪,zhen
碬,xia
碭,dang
碯,nao
碰,peng
碱,jian
碲,di
碳,tan
碴,cha
碶,qi
碸,feng
確,que
碻,que
碼,ma
碾,nian
磁,ci
磅,bang
磇,pi
磉,sang
磊,lei
磋,cuo
磎,xi
磐,pan
磑,wei
磒,yun
磓,dui
磔,zhe
磕,ke
磙,gun
磚,zhuan
磛,chan
磟,liu
磠,lu
磡,kan
磣,chen
磥,lei
磧,qi
磨,mo
磪,cui
磬,qing
磯,ji
磴,deng
磵,jian
磷,lin
磺,huang
磻,pan
磽,qiao
礁,jiao
礄,qiao
礆,jian
礎,chu
礙,ai
礟,pao
礡,bo
礦,kuang
礧,lei
礪,li
礫,li
礬,fan
礮,pao
礱,long
礳,mo
礴,bo
礵,shuang
礶,guan
示,shi
礻,shi
礼,li
礽,reng
社,she
礿,yue
祀,si
祁,qi
祂,ta
祃,ma
祅,yao
祆,xian
祇,qi
祈,qi
祉,zhi
祊,beng
祎,yi
祏,shi
祐,you
祓,fu
祔,fu
祕,mi
祖,zu
祗,zhi
祘,suan
祙,mei
祚,zuo
祛,qu
祜,hu
祝,zhu
神,shen
祟,sui
祠,ci
祢,mi
祥,xiang
祦,wu
祧,tiao
票,piao
祫,xia
祭,ji
祯,zhen
祲,jin
祷,dao
祸,huo
祺,qi
祼,guan
祿,lu
禀,bing
禁,jin
禂,dao
禄,lu
禅,chan
禊,xi
禋,yin
禍,huo
禎,zhen
福,fu
禑,wu
禓,yang
禔,zhi
禕,yi
禖,mei
禘,di
禚,zhuo
禛,zhen
禜,yong
禠,si
禡,ma
禢,ta
禤,xuan
禦,yu
禧,xi
禨,ji
禪,chan
禫,dan
禮,li
禰,mi
禱,dao
禳,rang
禴,yue
禸,rou
禹,yu
禺,yu
离,li
禽,qin
禾,he
禿,tu
秀,xiu
私,si
秃,tu
秄,zi
秆,gan
秇,yi
秈,xian
秉,bing
秊,nian
秋,qiu
秌,qiu
种,zhong
秏,hao
秐,yun
科,ke
秒,miao
秔,jing
秕,bi
秘,mi
租,zu
秠,pi
秣,mo
秤,cheng
秦,qin
秧,yang
秩,zhi
秪,zhi
秫,shu
秬,ju
秭,zi
积,ji
称,cheng
秸,jie
移,yi
秽,hui
秾,nong
稀,xi
稂,lang
稅,shui
稆,lu
稇,kun
稈,gan
稉,jing
稊,ti
程,cheng
稌,tu
稍,shao
税,shui
稏,ya
稑,lu
稔,ren
稗,bai
稘,ji
稙,zhi
稚,zhi
稛,kun
稜,leng
稞,ke
稟,bing
稠,chou
稣,su
稬,nuo
稭,jie
種,zhong
稱,cheng
稲,dao
稳,wen
稷,ji
稺,zhi
稻,dao
稼,jia
稽,ji
稾,gao
稿,gao
穀,gu
穂,sui
穄,ji
穅,kang
穆,mu
穇,can
穈,mei
穉,zhi
穊,ji
穋,lu
穌,su
積,ji
穎,ying
穏,wen
穐,qiu
穑,se
穗,sui
穜,zhong
穟,sui
穠,nong
穡,se
穢,hui
穣,rang
穤,nuo
穧,ji
穨,tui
穩,wen
穪,cheng
穫,huo
穭,lu
穮,biao
穰,rang
穴,xue
穵,wa
究,jiu
穷,qiong
穸,xi
穹,qiong
空,kong
穽,jing
穿,chuan
窀,zhun
突,tu
窃,qie
窄,zhai
窅,yao
窆,bian
窈,yao
窌,jiao
窍,qiao
窎,diao
窑,yao
窒,zhi
窓,chuang
窔,yao
窕,tiao
窖,jiao
窗,chuang
窘,jiong
窜,cuan
窝,wo
窞,dan
窟,ku
窠,ke
窣,su
窥,kui
窦,dou
窨,xun
窩,wo
窪,wa
窬,yu
窭,ju
窮,qiong
窯,yao
窰,yao
窳,yu
窴,tian
窵,diao
窶,ju
窸,xi
窺,kui
窻,chuang
窽,kuan
窾,kuan
窿,long
竁,cui
竃,zao
竄,cuan
竅,qiao
竆,qiong
竇,dou
竈,zao
竉,long
竊,qie
立,li
竍,shi
竏,qian
竑,hong
竒,qi
竓,hao
竔,sheng
竕,fen
竖,shu
站,zhan
竚,zhu
竜,long
竝,bing
竞,jing
竟,jing
章,zhang
竡,bai
竢,si
竣,jun
童,tong
竦,song
竪,shu
竭,jie
端,duan
竰,li
競,jing
竸,jing
竹,zhu
竺,zhu
竼,peng
竽,yu
竾,chi
竿,gan
笃,du
笄,ji
笆,ba
笈,ji
笊,zhao
笋,sun
笏,hu
笐,hang
笑,xiao
笓,bi
笔,bi
笕,jian
笙,sheng
笛,di
笞,chi
笠,li
笤,tiao
笥,si
符,fu
笧,ce
笨,ben
笪,da
笫,zi
第,di
笭,ling
笮,ze
笯,nu
笰,fu
笱,gou
笲,fan
笳,jia
笴,gan
笵,fan
笸,po
笹,ti
笺,jian
笼,long
笾,bian
筁,qu
筅,xian
筆,bi
筇,qiong
筈,kuo
等,deng
筊,xiao
筋,jin
筌,quan
筍,sun
筏,fa
筐,kuang
筑,zhu
筒,tong
筓,ji
答,da
策,ce
筚,bi
筛,shai
筜,dang
筝,zheng
筠,yun
筢,pa
筤,lang
筥,ju
筦,guan
筧,jian
筩,tong
筬,cheng
筭,suan
筮,shi
筯,zhu
筰,zuo
筱,xiao
筲,shao
筴,ce
筵,yan
筷,kuai
筸,gan
筹,chou
筺,kuang
筻,gang
筼,yun
签,qian
简,jian
箆,bi
箇,ge
箋,jian
箍,gu
箎,chi
箏,zheng
箐,qing
箑,sha
箒,zhou
箓,lu
箔,bo
箕,ji
算,suan
箘,jun
箙,fu
箚,zha
箛,gu
箜,kong
箝,qian
箠,chui
管,guan
箦,ze
箧,qie
箨,tuo
箩,luo
箪,dan
箫,xiao
箬,ruo
箭,jian
箯,bian
箱,xiang
箳,ping
箴,zhen
箸,zhu
箾,shuo
節,jie
篁,huang
範,fan
篆,zhuan
篇,pian
築,zhu
篋,qie
篌,hou
篏,qian
篑,kui
篓,lou
篔,yun
篘,chou
篙,gao
篚,fei
篛,ruo
篝,gou
篠,xiao
篡,cuan
篢,long
篤,du
篥,li
篦,bi
篨,chu
篩,shai
篪,chi
篭,long
篮,lan
篰,bu
篱,li
篲,hui
篳,bi
篴,di
篷,peng
篸,can
篹,zhuan
篾,mie
簀,ze
簁,shai
簃,yi
簆,kou
簇,cu
簈,ping
簉,zao
簋,gui
簌,su
簍,lou
簏,lu
簑,suo
簒,cuan
簓,diao
簔,suo
簖,duan
簗,liang
簘,xiao
簛,shai
簜,dang
簞,dan
簟,dian
簠,fu
簡,jian
簣,kui
簥,jiao
簦,deng
簧,huang
簨,sun
簪,zan
簫,xiao
簰,pai
簵,lu
簷,yan
簸,bo
簹,dang
簻,zhua
簽,qian
簾,lian
簿,bu
籀,zhou
籁,lai
籃,lan
籄,kui
籊,ti
籌,chou
籍,ji
籏,qi
籐,teng
籑,zhuan
籓,fan
籔,sou
籖,qian
籘,teng
籙,lu
籚,lu
籛,jian
籜,tuo
籝,ying
籞,yu
籟,lai
籠,long
籣,lan
籤,qian
籥,yue
籧,qu
籨,lian
籩,bian
籪,duan
籬,li
籮,luo
籯,ying
籲,yu
米,mi
籴,di
籵,fan
籸,shen
籹,nu
类,lei
籼,xian
籽,zi
籾,ni
粁,qian
粂,zhai
粃,bi
粆,sha
粉,fen
粋,cui
粍,zhe
粎,mi
粑,ba
粒,li
粔,ju
粕,po
粗,cu
粘,zhan
粛,su
粜,tiao
粝,li
粞,xi
粟,su
粢,zi
粤,yue
粥,zhou
粦,lin
粧,zhuang
粨,bai
粪,fen
粮,liang
粱,liang
粲,can
粳,jing
粵,yue
粹,cui
粺,bai
粻,zhang
粽,zong
精,jing
粿,guo
糁,san
糅,rou
糇,hou
糈,xu
糉,zong
糊,hu
糍,ci
糎,li
糏,xie
糒,bei
糓,gu
糔,xiu
糕,gao
糖,tang
糗,qiu
糙,cao
糜,mi
糝,san
糞,fen
糟,zao
糠,kang
糡,jiang
糢,mo
糤,san
糧,liang
糨,jiang
糭,zong
糯,nuo
糰,tuan
糱,nie
糲,li
糴,di
糵,nie
糶,tiao
糸,mi
糹,si
糺,jiu
系,xi
糾,jiu
紀,ji
紂,zhou
紃,xun
約,yue
紅,hong
紆,yu
紇,he
紈,wan
紉,ren
紊,wen
紋,wen
納,na
紐,niu
紑,fou
紓,shu
純,chun
紕,pi
紖,zhen
紗,sha
紘,hong
紙,zhi
級,ji
紛,fen
紜,yun
紝,ren
紞,dan
紟,jin
素,su
紡,fang
索,suo
紥,za
紧,jin
紩,zhi
紫,zi
紬,chou
紮,za
累,lei
細,xi
紱,fu
紲,xie
紳,shen
紵,zhu
紹,shao
紺,gan
紼,fu
紽,tuo
紾,zhen
紿,dai
絀,chu
絁,shi
終,zhong
絃,xian
組,zu
絅,jiong
絆,ban
経,jing
絍,ren
絎,hang
絏,xie
結,jie
絓,gua
絕,jue
絖,kuang
絚,geng
絛,tao
絜,jie
絝,ku
絞,jiao
絡,luo
絢,xuan
絣,beng
絥,fu
給,gei
絨,rong
絪,yin
絮,xu
絰,die
統,tong
絲,si
絳,jiang
絵,hui
絶,jue
絷,zhi
絹,juan
絺,chi
絻,mian
絽,lu
絿,qiu
綀,shu
綁,bang
綂,tong
綃,xiao
綅,qin
綆,geng
綈,ti
綉,tou
綌,xi
綍,fu
綎,ting
綏,sui
綐,dui
綑,kun
經,jing
綖,yan
継,ji
続,xu
綜,zong
綝,chen
綠,lu
綢,chou
綣,quan
綦,qi
綪,qian
綫,xian
綬,shou
維,wei
綮,qi
綯,tao
綰,wan
綱,gang
網,wang
綳,beng
綴,zhui
綵,cai
綸,lun
綹,liu
綺,qi
綻,zhan
綽,chuo
綾,ling
綿,mian
緁,qie
緃,zong
緄,gun
緅,zou
緇,zi
緊,jin
緋,fei
緌,rui
緍,min
緎,yu
総,zong
緑,lu
緒,xu
緔,shang
緖,xu
緗,xiang
緘,jian
緙,ke
線,xian
緜,mian
緝,ji
緞,duan
締,di
緡,min
緣,yuan
緤,xie
緥,bao
緦,si
編,bian
緩,huan
緪,geng
緬,mian
緯,wei
緰,tou
緱,gou
緲,miao
練,lian
緵,zong
緶,bian
緹,ti
緻,zhi
緼,yun
縁,yuan
縂,zong
縄,sheng
縅,wei
縆,geng
縇,xuan
縈,ying
縉,jin
縊,yi
縋,zhui
縏,pan
縐,zhou
縑,jian
縒,ci
縓,quan
縕,yun
縗,cui
縚,tao
縛,fu
縝,chen
縞,gao
縟,ru
縠,hu
縡,zai
縢,teng
縣,xian
縦,zong
縧,tao
縫,feng
縭,li
縮,suo
縯,yan
縰,xi
縱,zong
縲,lei
縳,juan
縴,qian
縵,man
縶,zhi
縷,lu
縹,piao
縺,lian
縻,mi
總,zong
績,ji
縿,shan
繁,fan
繃,beng beng
繄,yi
繅,sao
繆,mou
繇,yao
繈,qiang
繊,xian
繋,ji
繍,xiu
繐,sui
繒,zeng
織,zhi
繕,shan
繖,san
繘,yu
繙,fan
繚,liao
繞,rao
繠,rui
繡,xiu
繢,hui
繣,hua
繤,zuan
繦,qiang
繨,da
繩,sheng
繪,hui
繫,xi
繭,jian
繮,jiang
繯,huan
繰,zao
繲,xie
繳,jiao
繴,bi
繸,sui
繹,yi
繻,xu
繼,ji
繽,bin
繾,qian
繿,lan
纁,xun
纂,zuan
纆,mo
纇,lei
纈,xie
纊,kuang
續,xu
纍,lei
纎,xian
纏,chan
纑,lu
纒,chan
纓,ying
纔,cai
纕,rang
纖,xian
纘,zuan
纚,li
纛,dao
纜,lan
纟,si
纠,jiu
纡,yu
红,hong
纣,zhou
纤,xian
纥,ge
约,yue
级,ji
纨,wan
纩,kuang
纪,ji
纫,ren
纬,wei
纭,yun
纮,hong
纯,chun
纰,pi
纱,sha
纲,gang
纳,na
纴,ren
纵,zong
纶,lun
纷,fen
纸,zhi
纹,wen
纺,fang
纻,zhu
纼,zhen
纽,niu
纾,shu
线,xian
绀,gan
绁,xie
绂,fu
练,lian
组,zu
绅,shen
细,xi
织,zhi
终,zhong
绉,zhou
绊,ban
绋,fu
绌,chu
绍,shao
绎,yi
经,jing
绐,dai
绑,bang
绒,rong
结,jie
绔,ku
绕,rao
绖,die
绗,hang
绘,hui
给,gei
绚,xuan
绛,jiang
络,luo
绝,jue
绞,jiao
统,tong
绠,geng
绡,xiao
绢,juan
绣,xiu
绤,xi
绥,sui
绦,tao
继,ji
绨,ti
绩,ji
绪,xu
绫,ling
续,xu
绮,qi
绯,fei
绰,chuo
绱,shang
绲,gun
绳,sheng
维,wei
绵,mian
绶,shou
绷,beng
绸,chou
绹,tao
绺,liu
绻,quan
综,zong
绽,zhan
绾,wan
绿,lu
缀,zhui
缁,zi
缂,ke
缃,xiang
缄,jian
缅,mian
缆,lan
缇,ti
缈,miao
缉,ji
缊,yun
缋,hui
缌,si
缎,duan
缏,bian
缑,gou
缒,zhui
缓,huan
缔,di
缕,lu
编,bian
缗,min
缘,yuan
缙,jin
缚,fu
缛,ru
缜,zhen
缝,feng
缞,cui
缟,gao
缠,chan
缡,li
缢,yi
缣,jian
缤,bin
缥,piao
缦,man
缧,lei
缨,ying
缩,suo
缪,mou
缫,sao
缬,xie
缭,liao
缮,shan
缯,zeng
缰,jiang
缱,qian
缲,qiao
缳,huan
缴,jiao
缵,zuan
缶,fou
缷,xie
缸,gang
缺,que
缻,fou
缽,bo
缾,ping
罁,gang
罂,ying
罃,ying
罄,qing
罅,xia
罆,guan
罇,zun
罈,tan
罋,weng
罌,ying
罍,lei
罎,tan
罏,lu
罐,guan
网,wang
罒,wang
罔,wang
罕,han
罖,luo
罗,luo
罘,fu
罙,shen
罚,fa
罛,gu
罝,ju
罟,gu
罠,min
罡,gang
罢,ba
罣,gua
罥,juan
罦,fu
罧,shen
罨,yan
罩,zhao
罪,zui
罫,gua
罭,yu
置,zhi
罰,fa
罱,lan
署,shu
罳,si
罴,pi
罵,ma
罶,liu
罷,ba
罸,fa
罹,li
罻,wei
罽,ji
罾,zeng
罿,chong
羀,liu
羁,ji
羂,juan
羃,mi
羅,luo
羆,pi
羇,ji
羈,ji
羊,yang
羋,mi
羌,qiang
美,mei
羐,you
羑,you
羓,ba
羔,gao
羖,gu
羗,qiang
羘,zang
羚,ling
羜,zhu
羝,di
羞,xiu
羟,qiang
羡,xian
羢,rong
羣,qun
群,qun
羥,qiang
羧,suo
羨,xian
義,yi
羫,qiang
羭,yu
羮,geng
羯,jie
羱,yuan
羲,xi
羴,shan
羵,fen
羶,shan
羸,lei
羹,geng
羼,chan
羽,yu
羿,yi
翀,chong
翁,weng
翃,hong
翄,chi
翅,chi
翆,cui
翊,yi
翌,yi
翎,ling
翏,liu
習,xi
翔,xiang
翕,xi
翖,xi
翘,qiao
翛,xiao
翟,di
翠,cui
翡,fei
翣,sha
翥,zhu
翦,jian
翩,pian
翪,zong
翫,wan
翬,hui
翮,he
翯,he
翰,han
翱,ao
翳,yi
翹,qiao
翺,ao
翻,fan
翼,yi
翽,hui
翾,xuan
翿,dao
耀,yao
老,lao
耂,lao
考,kao
耄,mao
者,zhe
耆,qi
耇,gou
耈,gou
耉,gou
耋,die
而,er
耍,shua
耎,ruan
耏,nai
耐,nai
耑,duan
耒,lei
耔,zi
耕,geng
耗,hao
耘,yun
耙,ba pa
耜,si
耞,jia
耠,huo
耡,chu
耢,lao
耤,ji
耥,tang
耦,ou
耧,lou
耨,nou
耩,jiang
耪,pang
耬,lou
耭,ji
耮,lao
耰,you
耱,mo
耳,er
耶,ye
耷,da
耸,song
耺,yun
耻,chi
耼,dan
耽,dan
耾,hong
耿,geng
聂,nie
聃,dan
聆,ling
聊,liao
聋,long
职,zhi
聍,ning
聒,gua
联,lian
聖,sheng
聘,pin
聚,ju
聝,guo
聞,wen
聟,xu
聡,cong
聢,ding
聦,cong
聨,lian
聩,kui
聪,cong
聫,lian
聮,lian
聯,lian
聰,cong
聱,ao
聲,sheng
聳,song
聴,ting
聵,kui
聶,nie
職,zhi
聹,ning
聻,ni
聼,ting
聽,ting
聾,long
聿,yu
肀,yu
肃,su
肄,yi
肅,su
肆,si
肇,zhao
肈,zhao
肉,rou
肋,le
肌,ji
肏,cao
肐,ge
肓,huang
肕,ren
肖,xiao
肘,zhou
肙,yuan
肚,du
肛,gang
肜,rong
肝,gan
肟,wo
肠,chang
股,gu
肢,zhi
肤,fu
肥,fei
肦,fen
肧,pei
肨,pang
肩,jian
肪,fang
肫,zhun
肬,you
肭,na
肮,ang
肯,ken
肱,gong
育,yu
肳,wen
肴,yao
肵,qi
肷,qian
肸,xi
肺,fei
肼,jing
肽,tai
肾,shen
肿,zhong
胀,zhang
胁,xie
胃,wei
胄,zhou
胆,dan
胊,qu
背,bei
胎,tai
胏,zi
胑,zhi
胓,ping
胔,zi
胖,pang
胗,zhen
胙,zuo
胚,pei
胛,jia
胜,sheng
胝,zhi
胞,bao
胠,qu
胡,hu
胤,yin
胥,xu
胦,yang
胧,long
胨,dong
胩,ka
胪,lu
胫,jing
胬,nu
胭,yan
胮,pang
胯,kua
胰,yi
胱,guang
胳,ge
胴,dong
胶,jiao
胷,xiong
胸,xiong
胹,er
胺,an
胼,pian
能,neng
胾,zi
脁,tiao
脂,zhi
脃,cui
脅,xie
脆,cui
脇,xie
脈,mai
脉,mai
脊,ji
脍,kuai
脎,sa
脏,zang
脐,qi
脑,nao
脒,mi
脓,nong
脔,luan
脖,bo
脗,wen
脘,wan
脚,jiao
脛,jing
脝,heng
脞,cuo
脡,ting
脢,mei
脣,chun
脤,shen
脦,de
脧,juan
脩,xiu
脪,xin
脫,tuo
脬,pao
脯,pu
脰,dou
脱,tuo
脲,niao
脳,nao
脵,gu
脶,luo
脸,lian
脹,zhang
脾,pi
腁,pian
腆,tian
腈,jing
腉,nai
腊,la
腋,ye
腌,yan
腍,ren
腎,shen
腐,fu
腑,fu
腒,ju
腓,fei
腔,qiang
腕,wan
腖,dong
腙,zong
腚,ding
腜,mei
腟,chi
腠,cou
腡,luo
腢,ou
腥,xing
腦,nao
腧,shu
腫,zhong
腭,e
腮,sai
腯,tu
腰,yao
腱,jian
腳,jiao
腴,yu
腶,duan
腸,chang
腹,fu
腺,xian
腻,ni
腼,mian
腽,wa
腾,teng
腿,tui
膀,bang
膂,lu
膃,wa
膄,shou
膆,su
膇,zhui
膈,ge
膊,bo
膋,liao
膌,ji
膏,gao
膑,bin
膓,chang
膕,guo
膗,chuai
膘,biao
膙,jiang
膚,fu
膛,tang
膜,mo
膝,xi
膟,lu
膠,jiao
膣,zhi
膨,peng
膩,ni
膪,chuai
膫,liao
膰,fan
膲,jiao
膳,shan
膴,hu
膵,cui
膷,xiang
膺,ying
膻,shan
膽,dan
膾,kuai
膿,nong
臀,tun
臁,lian
臂,bi
臃,yong
臄,jue
臆,yi
臇,juan
臈,la
臉,lian
臊,sao
臌,gu
臍,qi
臏,bin
臐,xun
臑,nao
臓,zang
臕,biao
臘,la
臙,yan
臚,lu
臛,huo
臜,za
臝,luo
臟,zang
臠,luan
臢,za
臣,chen
臤,qian
臥,wo
臧,zang
臨,lin
自,zi
臬,nie
臭,chou
臲,nie
至,zhi
致,zhi
臺,tai
臻,zhen
臼,jiu
臽,xian
臾,yu
臿,cha
舀,yao
舁,yu
舂,chong
舃,xi
舄,xi
舅,jiu
舆,yu
與,yu
興,xing
舉,ju
舊,jiu
舌,she
舍,she she
舎,she
舐,shi
舒,shu
舓,shi
舔,tian
舕,tan
舖,pu
舗,pu
舘,guan
舚,tian
舛,chuan
舜,shun
舝,xia
舞,wu
舟,zhou
舠,dao
舡,chuan
舢,shan
舣,yi
舨,ban
舩,chuan
航,hang
舫,fang
般,ban
舮,lu
舰,jian
舱,cang
舲,ling
舳,zhu
舵,duo
舶,bo
舷,xian
舸,ge
船,chuan
舺,xia
舻,lu
艀,fu
艄,shao
艅,yu
艇,ting
艋,meng
艌,nian
艎,huang
艑,bian
艕,bang
艖,cha
艗,yi
艘,sou
艙,cang
艚,cao
艟,chong
艢,qiang
艣,lu
艤,yi
艥,ji
艦,jian
艨,meng
艩,qi
艪,lu
艫,lu
艭,shuang
艮,gen
良,liang
艰,jian
艱,jian
色,se
艳,yan
艴,fu
艶,yan
艷,yan
艸,cao
艹,cao
艺,yi
艾,ai
芀,tiao
节,jie
芃,peng
芈,mi
芊,qian
芋,yu
芍,shao
芎,qiong
芑,qi
芒,mang
芔,hui
芗,xiang
芙,fu
芚,tun
芜,wu
芝,zhi
芟,shan
芡,qian
芣,fu
芥,jie
芦,lu
芧,xu
芨,ji
芩,qin
芪,qi
芫,yan
芬,fen
芭,ba
芮,rui
芯,xin
芰,ji
花,hua
芳,fang
芷,zhi
芸,yun
芹,qin
芻,chu
芼,mao
芽,ya
芾,fei
芿,reng
苁,cong
苄,bian
苅,yi
苇,wei
苈,li
苊,e
苋,xian
苌,chang
苍,cang
苎,zhu
苏,su
苐,ti
苑,yuan
苒,ran
苓,ling
苔,tai
苕,shao
苗,miao
苘,qing
苙,li
苛,ke
苜,mu
苞,bao
苟,gou
苡,yi
苢,yi
苣,ju
苤,pie
若,ruo
苦,ku
苧,ning
苪,bing
苫,shan
苯,ben
英,ying
苳,dong
苴,ju
苶,nie
苷,gan
苹,ping
苺,mei
苻,fu
苽,gu
苾,bi
茀,fu
茁,zhuo
茂,mao
范,fan
茄,jia
茅,mao
茆,mao
茇,ba
茈,ci
茉,mo
茌,chi
茍,ji
茎,jing
茏,long
茑,niao
茔,ying
茕,qiong
茖,ge
茗,ming
茘,li
茚,yin
茛,gen
茜,qian
茞,chen
茠,hao
茢,lie
茣,wu
茦,ci
茧,jian
茨,ci
茫,mang
茬,cha
茭,jiao
茯,fu
茱,zhu
茲,zi
茴,hui
茵,yin
茶,cha
茷,fa
茸,rong
茹,ru
茼,tong
荀,xun
荁,huan
荃,quan
荄,gai
荅,da
荆,jing
荇,xing
草,cao
荊,jing
荍,qiao
荏,ren
荐,jian
荑,ti
荒,huang
荔,li
荖,lao
荘,zhuang
荙,da
荚,jia
荛,rao
荜,bi
荞,qiao
荟,hui
荠,ji
荡,dang
荣,rong
荤,hun
荥,xing
荦,luo
荧,ying
荨,xun
荩,jin
荪,sun
荫,yin
荬,mai
荭,hong
荮,zhou
药,yao
荳,dou
荵,ren
荷,he
荸,bi
荻,di
荼,tu
荽,sui
莀,chen
莅,li
莆,pu
莉,li
莊,zhuang
莎,sha
莒,ju
莓,mei
莕,xing
莖,jing
莘,shen
莙,jun
莚,yan
莛,ting
莜,you
莝,cuo
莞,guan
莟,han
莠,you
莢,jia
莧,xian
莨,lang
莩,fu
莪,e
莫,mo
莱,lai
莲,lian
莳,shi
莴,wo
莵,tu
莶,xian
获,huo
莸,you
莹,ying
莺,ying
莻,gong
莼,chun
莽,mang
莿,ci
菀,wan
菁,jing
菅,jian
菆,zou
菇,gu
菉,lu
菊,ju
菌,jun
菎,kun
菏,he
菐,pu
菑,zai
菓,guo
菔,fu
菖,chang
菘,song
菜,cai
菟,tu
菠,bo
菡,han
菢,bao
菩,pu
菫,jin
華,hua
菰,gu
菱,ling
菲,fei
菴,an
菶,beng
菸,yan
菹,ju
菼,tan
菽,shu
菾,tian
萁,qi
萃,cui
萄,tao
萅,chun
萆,bi
萇,chang
萊,lai
萋,qi
萌,meng
萍,ping
萎,wei
萏,dan
萐,sha
萑,huan
萕,qi
萘,nai
萜,tie
萝,luo
萠,pan
萤,ying
营,ying
萦,ying
萧,xiao
萨,sa
萩,qiu
萬,wan
萱,xuan
萲,xuan
萴,ce
萵,wo
萸,yu
萹,bian
萼,e
落,luo
葁,jiang
葄,zuo
葆,bao
葉,ye
葊,an
葍,fu
葎,lu
葑,feng
葒,hong
葓,hong
葙,xiang
葚,ren
葛,ge
葜,qia
葠,shen
葡,pu
葢,gai
董,dong
葤,zhou
葦,wei
葩,pa
葫,hu
葬,zang
葭,jia
葯,yao
葱,cong
葳,wei
葵,kui
葶,ting
葷,hun
葸,xi
葹,shi
葺,qi
葽,yao
蒂,di
蒇,chan
蒈,kai
蒉,kui
蒋,jiang
蒌,lou
蒐,sou
蒓,chun
蒔,shi
蒖,zhen
蒙,meng
蒜,suan
蒞,li
蒟,ju
蒡,bang
蒦,huo
蒨,qian
蒭,chu
蒯,kuai
蒱,pu
蒲,pu
蒴,shuo
蒸,zheng
蒹,jian
蒺,ji
蒻,ruo
蒼,cang
蒽,en
蒿,hao
蓀,sun
蓁,zhen
蓂,ming
蓄,xu
蓆,xi
蓇,gu
蓉,rong
蓊,weng
蓋,gai
蓌,cuo
蓍,shi
蓏,luo
蓐,ru
蓑,suo
蓓,bei
蓖,bi
蓗,zong
蓙,zuo
蓚,tiao
蓝,lan
蓟,ji
蓠,li
蓣,yu
蓥,ying
蓦,mo
蓧,diao
蓪,tong
蓫,chu
蓬,peng
蓮,lian
蓯,cong
蓰,xi
蓴,chun
蓷,tui
蓺,yi
蓼,liao
蓽,bi
蓿,xu
蔀,bu
蔂,lei
蔆,ling
蔇,ji
蔉,gun
蔌,su
蔑,mie
蔓,man
蔔,bo
蔕,di
蔗,zhe
蔘,shen
蔚,wei
蔛,hu
蔞,lou
蔟,cu
蔡,cai
蔣,jiang
蔥,cong
蔦,niao
蔫,nian
蔬,shu
蔭,yin
蔯,chen
蔲,kou
蔴,ma
蔵,zang
蔷,qiang
蔸,dou
蔹,lian
蔺,lin
蔻,kou
蔼,ai
蔽,bi
蔾,li
蔿,wei
蕁,qian
蕂,sheng
蕃,fan
蕆,chan
蕈,xun
蕉,jiao
蕊,rui
蕋,rui
蕎,qiao
蕐,hua
蕑,jian
蕒,mai
蕓,yun
蕕,you
蕗,lu
蕘,rao
蕙,hui
蕚,e
蕝,jue
蕞,zui
蕡,fen
蕢,kui
蕣,shun
蕤,rui
蕨,jue
蕩,dang
蕪,wu
蕭,xiao
蕰,wen
蕲,qi
蕳,jian
蕴,yun
蕷,yu
蕸,xia
蕹,weng
蕾,lei
薀,yun
薁,yu
薄,bao bo
薅,hao
薆,ai
薇,wei
薈,hui
薉,hui
薊,ji
薌,xiang
薏,yi
薐,leng
薑,jiang
薓,shen
薔,qiang
薖,ke
薗,yuan
薘,da
薙,ti
薛,xue
薜,bi
薟,xian
薢,xie
薤,xie
薦,jian
薧,hao
薨,hong
薩,sa
薪,xin
薫,xun
薬,yao
薮,sou
薯,shu
薰,xun
薴,ning
薶,mai
薸,piao
薹,tai
薺,ji
薽,zhen
薾,er
薿,ni
藁,gao
藄,qi
藇,xu
藉,ji
藊,bian
藍,lan
藎,jin
藏,cang
藐,miao
藓,xian
藕,ou
藘,lu
藙,yi
藚,xu
藜,li
藝,yi
藟,lei
藤,teng
藥,yao
藦,mo
藩,fan
藪,sou
藴,yun
藶,li
藷,shu
藹,ai
藺,lin
藻,zao
藾,lai
藿,huo
蘀,tuo
蘂,rui
蘄,qi
蘅,heng
蘆,lu
蘇,su
蘊,yun
蘋,ping
蘑,mo
蘒,qiu
蘓,su
蘖,nie
蘗,bo
蘘,rang
蘚,xian
蘞,lian
蘢,long
蘤,hua
蘧,qu
蘨,yao
蘩,fan
蘭,lan
蘯,dang
蘴,feng
蘷,kui
蘸,zhan
蘺,li
蘽,lei
蘿,luo
虀,ji
虆,lei
虋,men
虍,hu
虎,hu
虏,lu
虐,nue
虑,lu
虒,si
虓,xiao
虔,qian
處,chu
虖,hu
虚,xu
虛,xu
虜,lu
虞,yu
號,hao
虡,ju
虢,guo
虣,bao
虧,kui
虩,xi
虫,chong
虬,qiu
虮,ji
虯,qiu
虱,shi
虷,han
虹,hong
虺,hui
虻,meng
虼,ge
虽,sui
虾,xia
虿,chai
蚀,shi
蚁,yi
蚂,ma
蚉,wen
蚊,wen
蚋,rui
蚌,bang
蚍,pi
蚑,qi
蚓,yin
蚔,qi
蚕,can
蚘,hui
蚜,ya
蚝,hao
蚠,fen
蚡,fen
蚣,gong
蚤,zao
蚦,ran
蚧,jie
蚨,fu
蚩,chi
蚪,dou
蚫,bao
蚬,xian
蚯,qiu
蚰,you
蚱,zha
蚳,chi
蚴,you
蚵,he
蚶,han
蚺,ran
蚻,zha
蚿,xian
蛀,zhu
蛄,gu
蛅,zhan
蛆,qu
蛇,she
蛉,ling
蛊,gu
蛋,dan
蛌,gu
蛍,ying
蛎,li
蛏,cheng
蛐,qu
蛑,mou
蛔,hui
蛕,hui
蛗,fu
蛘,yang
蛙,wa
蛛,zhu
蛞,kuo
蛟,jiao
蛣,qi
蛤,ha
蛩,qiong
蛭,zhi
蛮,man
蛯,lao
蛰,zhe
蛱,jia
蛲,nao
蛳,si
蛴,qi
蛸,shao
蛹,yong
蛺,jia
蛻,tui
蛾,e
蜀,shu
蜂,feng
蜃,shen
蜆,xian
蜇,zhe
蜈,wu
蜉,fu
蜊,li
蜋,lang
蜍,chu
蜎,yuan
蜑,dan
蜒,yan
蜓,ting
蜔,dian
蜕,tui
蜖,hui
蜗,wo
蜘,zhi
蜚,fei
蜜,mi
蜝,qi
蜞,qi
蜡,la
蜢,meng
蜣,qiang
蜥,xi
蜨,die
蜩,tiao
蜫,kun
蜮,yu
蜱,pi
蜴,yi
蜶,suo
蜷,quan
蜹,rui
蜺,ni
蜻,qing
蜾,guo
蜿,wan
蝀,dong
蝃,di
蝇,ying
蝈,guo
蝉,chan
蝋,la
蝌,ke
蝍,jie
蝎,xie
蝓,yu
蝕,shi
蝗,huang
蝘,yan
蝙,bian
蝛,wei
蝝,yuan
蝟,wei
蝠,fu
蝡,ru
蝣,you
蝥,mao
蝦,xia
蝨,shi
蝮,fu
蝯,yuan
蝰,kui
蝱,meng
蝴,hu
蝶,die
蝸,wo
蝻,nan
蝼,lou
蝽,chun
蝾,rong
蝿,ying
螀,jiang
螂,lang
螃,pang
螄,si
螅,xi
螈,yuan
螉,weng
螋,sou
螌,ban
融,rong
螓,qin
螕,bi
螗,tang
螘,yi
螙,du
螞,ma
螟,ming
螢,ying
螣,te
螥,cang
螨,man
螫,shi
螬,cao
螭,chi
螮,di
螯,ao
螳,tang
螵,piao
螺,luo
螻,lou
螽,zhong
螾,yin
螿,jiang
蟀,shuai
蟁,wen
蟄,zhe
蟆,ma
蟇,ma
蟈,guo
蟊,mao
蟋,xi
蟎,man
蟏,xiao
蟑,zhang
蟒,mang
蟕,zui
蟖,si
蟚,peng
蟛,peng
蟜,jiao
蟠,pan
蟢,xi
蟣,ji
蟥,huang
蟨,jue
蟪,hui
蟫,yin
蟬,chan
蟭,jiao
蟮,shan
蟯,nao
蟰,xiao
蟲,chong
蟳,xun
蟶,cheng
蟷,dang
蟹,xie
蟺,shan
蟻,yi
蟾,chan
蟿,qi
蠁,xiang
蠃,luo
蠅,ying
蠆,chai
蠉,xuan
蠋,zhu
蠍,xie
蠎,mang
蠏,xie
蠐,qi
蠑,rong
蠓,meng
蠔,hao
蠕,ru
蠖,huo
蠙,pin
蠛,mie
蠜,fan
蠟,la
蠡,li
蠢,chun
蠣,li
蠧,du
蠨,xiao
蠩,zhu
蠭,feng
蠮,ye
蠱,gu
蠲,juan
蠵,xi
蠶,can
蠹,du
蠺,can
蠻,man
血,xue
衁,huang
衂,nu
衄,nu
衅,xin
衆,zhong
衇,mai
衈,er
衉,ka
衊,mie
行,xing
衍,yan
衎,kan
衒,xuan
術,shu
衔,xian
衕,tong
衖,xiang
街,jie
衙,ya
衚,hu
衛,wei
衜,dao
衝,chong
衞,wei
衡,heng
衢,qu
衣,yi
衤,yi
补,bu
衦,gan
表,biao
衩,cha
衫,shan
衬,chen
衭,fu
衮,gun
衰,shuai
衲,na
衵,yi
衷,zhong
衹,zhi
衺,xie
衽,ren
衾,qin
衿,jin
袁,yuan
袂,mei
袄,ao
袅,niao
袆,hui
袈,jia
袋,dai
袍,pao
袒,tan
袖,xiu
袗,zhen
袚,bo
袜,wa
袞,gun
袟,zhi
袠,zhi
袢,pan
袤,mao
袪,qu
被,bei
袭,xi
袮,mi
袯,bo
袱,fu
袳,chi
袴,ku
袵,ren
袷,jia
袺,jie
袽,ru
袿,gui
裀,yin
裁,cai
裂,lie
裃,ka
裄,xing
装,zhuang
裆,dang
裈,kun
裉,ken
裊,niao
裋,shu
裌,jia
裍,kun
裎,cheng
裏,li
裒,pou
裔,yi
裕,yu
裘,qiu
裙,qun
裛,yi
補,bu
裝,zhuang
裟,sha
裠,qun
裡,li
裢,lian
裣,lian
裤,ku
裥,jian
裨,bi
裪,tao
裯,chou
裰,duo
裱,biao
裲,liang
裳,shang
裴,pei
裵,pei
裸,luo
裹,guo
裼,ti
製,zhi
裾,ju
褂,gua
褃,ken
褄,qi
複,fu
褉,xie
褊,bian
褌,kun
褎,xiu
褏,xiu
褐,he
褒,bao
褓,bao
褔,fu
褕,yu
褘,hui
褙,bei
褚,chu
褛,lu
褝,dan
褞,yun
褟,ta
褡,da
褢,huai
褥,ru
褧,jiong
褪,tui
褫,chi
褯,jie
褰,qian
褱,huai
褲,ku
褳,lian
褴,lan
褵,li
褶,zhe
褸,lu
褺,die
褻,xie
褽,wei
襀,ji
襁,qiang
襃,bao
襄,xiang
襆,fu
襇,jian
襋,ji
襌,dan
襍,za
襏,bo
襖,ao
襚,sui
襛,nong
襜,chan
襝,lian
襞,bi
襟,jin
襠,dang
襡,shu
襢,tan
襤,lan
襦,ru
襪,wa
襫,shi
襬,bai
襭,xie
襮,bo
襯,chen
襱,long
襲,xi
襴,lan
襵,zhe
襶,dai
襷,ju
襻,pan
襼,yi
襾,ya
西,xi
覀,xi
要,yao
覂,feng
覃,tan
覆,fu
覇,ba
覈,he
覉,ji
覊,ji
見,jian
覌,guan
覎,yan
規,gui
覐,jue
覓,mi
覔,mi
視,shi
覗,si
覘,chan
覙,luo
覚,jue
覜,tiao
覡,xi
覥,tian
覦,yu
覧,lan
覩,du
親,qin
覬,ji
覯,gou
覰,qu
覲,jin
観,guan
覵,jian
覶,luo
覷,qu
覸,jian
覺,jue
覼,luo
覽,lan
覿,di
觀,guan
见,jian
观,guan
觃,yan
规,gui
觅,mi
视,shi
觇,chan
览,lan
觉,jue
觊,ji
觋,xi
觌,di
觍,tian
觎,yu
觏,gou
觐,jin
觑,qu
角,jiao
觔,jin
觕,cu
觖,jue
觚,gu
觜,zi
觝,di
觞,shang
觡,ge
解,jie
觥,gong
触,chu
觧,jie
觩,qiu
觫,su
觭,ji
觯,zhi
觱,bi
觳,hu
觴,shang
觵,gong
觶,zhi
觷,xue
觸,chu
觼,jue
觿,xi
言,yan
訁,yan
訂,ding
訃,fu
訇,hong
計,ji
訊,xun
訌,hong
討,tao
訏,xu
訐,jie
訑,yi
訒,ren
訓,xun
訕,shan
訖,qi
託,tuo
記,ji
訚,yin
訛,e
訝,ya
訟,song
訠,shen
訡,yin
訢,xin
訣,jue
訥,ne
訦,chen
訧,you
訩,xiong
訪,fang
訬,chao
設,she
許,xu
訳,yi
訴,su
訶,he
訹,xu
診,zhen
註,zhu
証,zheng
訽,gou
訾,zi
詀,zhan
詁,gu
詅,ling
詆,di
詈,li
詉,nao
詋,zhou
詎,ju
詐,zha
詑,yi
詒,yi
詔,zhao
評,ping
詖,bi
詗,xiong
詘,qu
詛,zu
詞,ci
詟,zhe
詠,yong
詡,xu
詢,xun
詣,yi
詤,huang
試,shi
詧,cha
詨,xiao
詩,shi
詪,hen
詫,cha
詬,gou
詭,gui
詮,quan
詰,jie
話,hua
該,gai
詳,xiang
詵,shen
詹,zhan
詻,e
詼,hui
詾,xiong
詿,gua
誂,tiao
誃,yi
誄,lei
誅,zhu
誆,kuang
誇,kua
誉,yu
誊,teng
誌,zhi
認,ren
誐,e
誑,kuang
誒,ei
誓,shi
誕,dan
誖,bei
誘,you
誚,qiao
語,yu
誠,cheng
誡,jie
誣,wu
誤,wu
誥,gao
誦,song
誧,bu
誨,hui
誩,jing
說,shuo
説,shuo
読,du
誰,shui shei
課,ke
誶,sui
誹,fei
誼,yi
誾,yin
調,diao
諁,zhuo
諂,chan
諄,zhun
諆,qi
談,tan
諉,wei
諊,ju
請,qing
諌,dong
諍,zheng
諏,zou
諐,qian
諑,zhuo
諒,liang
諓,jian
諕,hao
論,lun
諗,shen
諚,pian
諛,yu
諜,die
諝,xu
諞,pian pian
諟,shi
諠,xuan
諡,shi
諢,hun
諤,e
諦,di
諧,xie
諫,jian
諬,qi
諭,yu
諮,zi
諰,xi
諱,hui
諳,an
諴,xian
諵,nan
諶,chen
諷,feng feng
諸,zhu
諺,yan
諼,xuan
諾,nuo
謀,mou
謁,ye
謂,wei
謄,teng
謅,zhou
謆,shan
謇,jian
謊,huang
謌,ge
謎,mi
謏,xiao
謐,mi
謑,xi
謔,xue
謖,su
謗,bang
謙,qian
謚,shi
講,jiang
謝,xie
謟,tao
謠,yao
謡,yao
謦,qing
謨,mo
謪,shang
謫,zhe
謬,miu
謭,jian
謳,ou
謷,ao
謹,jin
謼,hu
謾,man
謿,chao
譁,hua
譅,se
譆,xi
譈,dui
證,zheng
譊,nao
譌,e
譍,ying
譎,jue
譏,ji
譐,zun
譔,zhuan
譖,zen
識,shi shi
譙,qiao
譚,tan
譛,zen
譜,pu
譟,zao
警,jing
譫,zhan
譬,pi
譭,hui
譯,yi
議,yi
譲,rang
譴,qian
護,hu
譸,zhou
譹,hao
譼,jian
譽,yu
譾,jian
讀,du
讁,zhe
讃,zan
讅,shen
讆,wei
讇,chan
變,bian
讋,zhe
讌,yan
讍,e
讎,chou
讐,chou
讒,chan
讓,rang
讕,lan
讖,chen
讙,huan
讚,zan
讜,dang
讞,yan
讟,du
讠,yan
计,ji
订,ding
讣,fu
认,ren
讥,ji
讦,jie
讧,hong
讨,tao
让,rang
讪,shan
讫,qi
讬,tuo
训,xun
议,yi
讯,xun
记,ji
讱,ren
讲,jiang
讳,hui
讴,ou
讵,ju
讶,ya
讷,ne
许,xu
讹,e
论,lun
讻,xiong
讼,song
讽,feng
设,she
访,fang
诀,jue
证,zheng
诂,gu
诃,he
评,ping
诅,zu
识,shi
诇,xiong
诈,zha
诉,su
诊,zhen
诋,di
诌,zhou
词,ci
诎,qu
诏,zhao
诐,bi
译,yi
诒,yi
诓,kuang
诔,lei
试,shi
诖,gua
诗,shi
诘,ji
诙,hui
诚,cheng
诛,zhu
诜,shen
话,hua
诞,dan
诟,gou
诠,quan
诡,gui
询,xun
诣,yi
诤,zheng
该,gai
详,xiang
诧,cha
诨,hun
诩,xu
诪,zhou
诫,jie
诬,wu
语,yu
诮,qiao
误,wu
诰,gao
诱,you
诲,hui
诳,kuang
说,shuo
诵,song
诶,ei
请,qing
诸,zhu
诹,zou
诺,nuo
读,du
诼,zhuo
诽,fei
课,ke
诿,wei
谀,yu
谁,shei
谂,shen
调,diao
谄,chan
谅,liang
谆,zhun
谇,sui
谈,tan
谊,yi
谋,mou
谌,chen
谍,die
谎,huang
谏,jian
谐,xie
谑,xue
谒,ye
谓,wei
谔,e
谕,yu
谖,xuan
谗,chan
谘,zi
谙,an
谚,yan
谛,di
谜,mi
谝,pian
谞,xu
谟,mo
谠,dang
谡,su
谢,xie
谣,yao
谤,bang
谥,shi
谦,qian
谧,mi
谨,jin
谩,man
谪,zhe
谫,jian
谬,miu
谭,tan
谮,zen
谯,qiao
谰,lan
谱,pu
谲,jue
谳,yan
谴,qian
谵,zhan
谶,chen
谷,gu
谺,xia
谽,han
谿,xi
豀,xi
豁,huo
豆,dou
豇,jiang
豈,qi
豉,shi
豊,li
豋,deng
豌,wan
豎,shu
豏,xian
豐,feng
豓,yan
豔,yan
豕,shi
豖,chu
豗,hui
豘,tun
豚,tun
豜,jian
豝,ba
象,xiang
豢,huan
豣,jian
豦,ju
豨,xi
豪,hao
豫,yu
豬,zhu
豭,jia
豮,fen
豳,bin
豴,di
豵,zong
豶,fen
豷,yi
豸,zhi
豹,bao
豺,chai
豻,an
豼,pi
貂,diao
貅,xiu
貆,huan
貇,kun
貉,hao
貊,mo
貌,mao
貍,li
貎,ni
貓,mao
貔,pi
貘,mo
貙,chu
貛,huan
貜,jue
貝,bei
貞,zhen
貟,yuan
負,fu
財,cai
貢,gong
貤,yi
貧,pin
貨,huo
販,fan
貪,tan
貫,guan
責,ze
貭,zhi
貮,er
貯,zhu
貰,shi
貲,zi
貳,er
貴,gui
貶,bian
買,mai
貸,dai
貺,kuang
費,fei
貼,tie
貽,yi
貿,mao
賀,he
賁,bi
賂,lu
賃,lin
賄,hui
賅,gai
資,zi
賈,jia
賉,xu
賊,zei
賍,zang
賎,jian
賏,ying
賑,zhen
賒,she
賓,bin
賔,bin
賕,qiu
賙,zhou
賚,lai
賛,zan
賜,ci
賝,chen
賞,shang
賠,pei
賡,geng
賢,xian
賣,mai
賤,jian
賦,fu
賧,tan
賨,cong
質,zhi
賫,ji
賬,zhang
賭,du
賮,jin
賰,chun
賴,lai
賵,feng
賸,sheng
賺,zhuan
賻,fu
購,gou
賽,sai
賾,ze
贁,bai
贄,zhi
贅,zhui
贇,yun
贈,zeng
贉,dan
贊,zan
贋,yan
贍,shan
贏,ying
贐,jin
贑,gan
贒,xian
贓,zang
贔,bi
贖,shu
贗,yan
贛,gan
贜,zang
贝,bei
贞,zhen
负,fu
贠,yuan
贡,gong
财,cai
责,ze
贤,xian
败,bai
账,zhang
货,huo
质,zhi
贩,fan
贪,tan
贫,pin
贬,bian
购,gou
贮,zhu
贯,guan
贰,er
贱,jian
贲,ben
贳,shi
贴,tie
贵,gui
贶,kuang
贷,dai
贸,mao
费,fei
贺,he
贻,yi
贼,zei
贽,zhi
贾,jia
贿,hui
赀,zi
赁,lin
赂,lu
赃,zang
资,zi
赅,gai
赆,jin
赇,qiu
赈,zhen
赉,lai
赊,she
赋,fu
赌,du
赍,ji
赎,shu
赏,shang
赐,ci
赑,bi
赒,zhou
赓,geng
赔,pei
赕,dan
赖,lai
赗,feng
赘,zhui
赙,fu
赚,zhuan
赛,sai
赜,ze
赝,yan
赞,zan
赟,yun
赠,zeng
赡,shan
赢,ying
赣,gan
赤,chi
赦,she
赧,nan
赪,cheng
赫,he
赬,cheng
赭,zhe
走,zou
赱,zou
赳,jiu
赴,fu
赵,zhao
赶,gan
起,qi
赿,chi
趁,chen
趂,chen
趄,ju
超,chao
越,yue
趋,qu
趑,zi
趒,tiao
趔,lie
趕,gan
趙,zhao
趝,jian
趟,tang
趡,cui
趣,qu
趦,zi
趨,qu
趫,qiao
趮,zao
趯,ti
趱,zan
趲,zan
足,zu
趴,pa
趵,bao
趸,dun
趹,jue
趺,fu
趼,jian
趾,zhi
趿,ta
跀,yue
跂,qi
跃,yue
跄,qiang
跅,tuo
跆,tai
跋,ba
跌,die die
跎,tuo
跏,jia
跐,ci
跑,pao
跔,ju
跕,dian
跖,zhi
跗,fu
跙,ju
跚,shan
跛,bo
距,ju
跞,li
跟,gen
跡,ji
跣,xian
跤,jiao
跥,duo
跦,zhu
跧,quan
跨,kua
跩,zhuai
跪,gui
跫,qiong
跬,kui
跮,chi
路,lu
跱,zhi
跲,jia
跳,tiao
跴,cai
践,jian
跶,da
跷,qiao
跸,bi
跹,xian
跺,duo
跻,ji
跼,ju
跽,ji
踁,jing
踅,xue
踆,cun
踈,shu
踉,liang
踊,yong
踋,jiao
踌,chou
踏,ta
踐,jian
踒,wo
踔,chuo
踖,ji
踘,ju
踜,leng
踝,huai
踞,ju
踟,chi
踠,wan
踡,quan
踢,ti
踣,bo
踦,yi
踧,cu
踩,cai
踪,zong
踫,peng
踬,zhi
踮,dian
踯,zhi
踰,yu
踱,duo
踴,yong
踵,zhong
踶,di
踹,chuai
踼,tang
踽,ju
蹀,die
蹁,pian
蹂,rou
蹄,ti
蹅,cha
蹇,jian
蹈,dao
蹉,cuo
蹊,qi
蹋,ta
蹌,qiang
蹍,nian
蹏,ti
蹐,ji
蹑,nie
蹒,man
蹓,liu
蹔,zan
蹕,bi
蹙,cu
蹚,tang
蹜,su
蹝,xi
蹟,ji
蹠,zhi
蹡,qiang
蹢,di
蹣,pan man
蹤,zong
蹦,beng
蹧,zao
蹩,bie
蹬,deng deng
蹭,ceng
蹮,xian
蹯,fan
蹰,chu
蹱,zhong
蹲,dun
蹴,cu
蹵,cu
蹶,jue
蹷,jue
蹹,ta
蹺,qiao
蹻,jue
蹼,pu
蹾,dun
蹿,cuan
躁,zao
躂,da
躄,bi
躅,zhu
躇,chu
躉,dun
躊,chou
躋,ji
躍,yue
躏,lin
躐,lie
躑,zhi
躒,li
躓,zhi
躔,chan
躕,chu
躗,wei
躘,long
躙,lin
躚,xian
躛,wei
躜,zuan
躝,lan
躞,xie
躠,sa
躡,nie
躥,cuan
躦,cuo
躧,xi
躩,jue
躪,lin
身,shen
躬,gong
躭,dan
躯,qu
躰,ti
躱,duo
躲,duo
躳,gong
躴,lang
躶,luo
躷,ai
躺,tang
躾,mei
躿,kang
軀,qu
軄,zhi
軆,ti
軈,ying
車,che
軋,ya
軌,gui
軍,jun
軎,wei
軏,yue
軒,xuan
軔,ren
軘,tun
軙,chen
軛,e
軜,na
軝,qi
軟,ruan
転,zhuan
軣,hong
軤,hu
軥,qu
軨,ling
軫,zhen
軰,bei
軲,gu
軷,ba
軸,zhou
軹,zhi
軺,yao
軻,ke
軼,yi
軽,zhi
軾,shi
軿,ping
輀,er
較,jiao
輅,he
輇,quan
輈,zhou
載,zai
輊,zhi
輋,she
輌,liang
輏,you
輒,zhe
輓,wan
輔,fu
輕,qing
輗,ni
輘,leng
輙,zhe
輛,liang
輜,zi
輝,hui
輞,wang
輟,chuo
輠,guo
輡,kan
輤,qian
輥,gun
輦,nian
輧,ping
輩,bei
輪,lun
輬,liang
輭,ruan
輮,rou
輯,ji
輳,cou
輴,chun
輵,ge
輶,you
輸,shu
輹,fu
輻,fu
輽,ben
輾,zhan
輿,yu
轀,wen
轂,gu
轄,xia
轅,yuan
轆,lu
轇,jiao
轈,chao
轉,zhuan
轊,wei
轌,xue
轍,zhe
轎,jiao
轏,zhan
轑,lao
轒,fen
轔,lin
轕,ge
轖,se
轗,kan
轘,huan
轙,yi
轜,er
轝,yu
轞,jian
轟,hong
轡,pei
轢,li
轣,li
轤,lu
车,che
轧,ya
轨,gui
轩,xuan
轫,ren
转,zhuan
轭,e
轮,lun
软,ruan
轰,hong
轱,gu
轲,ke
轳,lu
轴,zhou
轵,zhi
轶,yi
轷,hu
轸,zhen
轹,li
轺,yao
轻,qing
轼,shi
载,zai
轾,zhi
轿,jiao
辀,zhou
辁,quan
辂,lu
较,jiao
辄,zhe
辅,fu
辆,liang
辇,nian
辈,bei
辉,hui
辊,gun
辋,wang
辌,liang
辍,chuo
辎,zi
辏,cou
辐,fu
辑,ji
辒,wen
输,shu
辔,pei
辕,yuan
辖,xia
辗,nian
辘,lu
辙,zhe
辚,lin
辛,xin
辜,gu
辞,ci
辟,pi
辠,zui
辡,bian
辢,la
辣,la
辤,ci
辥,xue
辦,ban
辧,bian
辨,bian
辩,bian
辫,bian
辭,ci
辮,bian
辯,bian
辰,chen
辱,ru
農,nong
辵,chuo
辶,chuo
辷,yi
边,bian
辺,bian
辻,shi
込,yu
辽,liao
达,da
辿,chan
迁,qian
迂,yu
迄,qi
迅,xun
迆,yi
过,guo
迈,mai
迊,za
迋,wang
迍,zhun
迎,ying
运,yun
近,jin
迓,ya
返,fan
迕,wu
还,hai
这,zhe
迚,da
进,jin
远,yuan
违,wei
连,lian
迟,chi
迠,che
迢,tiao
迣,zhi
迤,yi
迥,jiong
迦,jia
迧,chen
迨,dai
迩,er
迪,di
迫,po
迬,zhu
迭,die
迮,ze
迯,tao
述,shu
迳,jing
迴,hui
迷,mi
迸,beng
迹,ji
迺,nai
迻,yi
追,zhui
迿,xun
退,tui
送,song
适,shi
逃,tao
逄,pang
逅,hou
逆,ni
逈,jiong
选,xuan
逊,xun
逋,bu
逌,you
逍,xiao
逎,qiu
透,tou
逐,zhu
逑,qiu
递,di
逓,di
途,tu
逕,jing
逖,ti
逗,dou
這,zhe
通,tong
逛,guang
逝,shi
逞,cheng
速,su
造,zao
逡,qun
逢,feng
連,lian
逥,hui
逦,li
逩,ben
逬,beng
逭,huan
逮,dai
逯,lu
逰,you
週,zhou
進,jin
逴,chuo
逵,kui
逶,wei
逷,ti
逸,yi
逹,da
逺,yuan
逻,luo
逼,bi
逾,yu
逿,dang
遁,dun
遂,sui
遄,chuan
遅,chi
遇,yu
遉,zhen
遊,you
運,yun
遍,bian
過,guo
遏,e
遐,xia
遑,huang
遒,qiu
道,dao
達,da
違,wei
遗,yi
遘,gou
遙,yao
遛,liu
遜,xun
遝,ta
遞,di
遟,chi
遠,yuan
遡,su
遢,ta
遣,qian
遥,yao
遨,ao
適,shi
遫,chi
遭,zao
遮,zhe
遯,dun
遰,di
遲,chi
遴,lin
遵,zun
遶,rao
遷,qian
選,xuan
遹,yu
遺,yi
遻,e
遼,liao
遽,ju
避,bi
邀,yao
邁,mai
邂,xie
邃,sui
還,hai
邅,zhan
邇,er
邈,miao
邉,bian
邊,bian
邋,la
邌,li
邏,luo
邐,li
邑,yi
邓,deng
邕,yong
邗,han
邘,yu
邙,mang
邛,qiong
邝,kuang
邠,bin
邡,fang
邢,xing
那,na
邦,bang
邧,yuan
邨,cun
邪,xie
邬,wu
邮,you
邯,han
邰,tai
邱,qiu
邲,bi
邳,pi
邴,bing
邵,shao
邶,bei
邸,di
邹,zou
邺,ye
邻,lin
邽,gui
邾,zhu
邿,shi
郃,he
郄,qie
郅,zhi
郇,huan
郈,hou
郉,xing
郊,jiao
郌,gui
郎,lang
郏,jia
郐,kuai
郑,zheng
郓,yun
郔,yan
郕,cheng
郗,xi
郙,fu
郚,wu
郛,fu
郜,gao
郝,hao
郞,lang
郟,jia
郠,geng
郡,jun
郢,ying
郤,xi
郦,li
郧,yun
部,bu
郪,qi
郭,guo
郯,tan
郰,zou
郳,ni
郴,chen
郵,you
郷,xiang
郸,dan
都,dou du
郾,yan
郿,mei
鄀,ruo
鄂,e
鄆,yun
鄇,hou
鄈,kui
鄉,xiang
鄋,sou
鄍,ming
鄎,xi
鄏,ru
鄐,chu
鄑,zi
鄒,zou
鄔,wu
鄕,xiang
鄖,yun
鄗,hao
鄘,yong
鄙,bi
鄚,mao
鄜,fu
鄞,yin
鄠,hu
鄢,yan
鄣,zhang
鄤,man
鄧,deng
鄩,xun
鄫,zeng
鄬,wei
鄭,zheng
鄯,shan
鄰,lin
鄱,po
鄲,dan
鄴,ye
鄶,kuai
鄹,zou
鄺,kuang
鄻,lian
鄾,you
鄿,ji
酂,cuo
酃,ling
酅,xi
酆,feng
酇,zan
酈,li
酉,you
酊,ding
酋,qiu
酌,zhuo
配,pei
酎,zhou
酏,yi
酐,gan
酒,jiu
酔,zui
酖,zhen
酗,xu
酚,fen
酝,yun
酞,tai
酡,tuo
酢,cu
酣,han
酤,gu
酥,su
酦,po
酧,chou
酩,ming
酪,lao
酬,chou
酮,tong
酯,zhi
酰,xian
酱,jiang
酲,cheng
酴,tu
酵,jiao
酷,ku
酸,suan
酹,lei
酺,pu
酽,yan
酾,shai
酿,niang
醁,lu
醂,lan
醃,yan
醅,pei
醆,zhan
醇,chun
醉,zui
醊,zhui
醋,cu
醍,ti
醐,hu
醑,xu
醒,xing
醓,tan
醖,yun
醗,po
醚,mi
醛,quan
醜,chou
醝,cuo
醞,yun
醡,zha
醢,hai
醣,tang
醤,jiang
醨,li
醩,zao
醪,lao
醫,yi
醬,jiang
醭,bu
醮,jiao
醯,xi
醰,tan
醱,fa po
醲,nong
醴,li
醵,ju
醸,niang
醹,ru
醺,xun
醻,chou
醼,yan
醽,ling
釀,niang
釁,xin
釂,jiao
釃,shai
釄,mi
釅,yan
釆,bian
采,cai
釈,shi
釉,you
释,shi
釋,shi
里,li
重,zhong
野,ye
量,liang
釐,li
金,jin
釒,jin
釓,qiu
釔,yi
釕,liao
釖,dao
釗,zhao
釘,ding
釙,po
釜,fu
針,zhen
釡,fu
釣,diao
釤,shan
釦,kou
釧,chuan
釩,fan
釪,hua
釬,han
釭,gang
釯,mang
釱,di
釵,chai
釷,tu
釹,nu
釺,qian
釼,jian
釽,pi
鈀,ba
鈁,fang
鈃,xing
鈄,dou
鈆,qian
鈇,fu
鈈,pi
鈉,na
鈊,xin
鈌,jue
鈍,dun
鈎,gou
鈐,qian
鈑,ban
鈔,chao
鈕,niu
鈞,jun
鈣,gai
鈥,huo
鈦,tai
鈧,kang
鈩,lu
鈬,duo
鈮,ni
鈰,shi
鈳,ke
鈴,ling
鈷,gu
鈸,bo
鈹,pi
鈺,yu
鈽,bu
鈾,you
鈿,tian
鉀,jia
鉄,zhi
鉅,ju
鉆,chan
鉈,shi
鉉,xuan
鉋,bao
鉌,he
鉍,bi
鉏,chu
鉑,bo
鉕,po
鉗,qian
鉚,liu
鉛,qian
鉞,yue
鉢,bo
鉤,gou
鉥,shu
鉦,zheng
鉬,mu
鉭,tan
鉱,kuang
鉲,ka
鉴,jian
鉶,xing
鉷,hong
鉸,jiao
鉺,er
鉻,luo
鉾,mou
鉿,jia
銀,yin
銁,jun
銃,chong
銅,tong
銍,zhi
銎,qiong
銑,xian
銓,quan
銕,tie
銖,zhu
銘,ming
銚,yao
銛,xian
銜,xian
銠,lao
銣,ru
銥,yi
銦,yin
銧,guang
銨,an
銩,diu
銪,you
銫,se
銬,kao
銭,qian
銮,luan
銲,han
銳,rui
銶,qiu
銷,xiao
銹,xiu
銻,ti
銼,cuo
銾,hong
鋁,lu
鋂,mei
鋃,lang
鋅,xin
鋆,yun
鋇,bei
鋈,wu
鋊,yu
鋌,ding
鋏,jia
鋐,hong
鋑,cuan
鋒,feng
鋕,zhi
鋗,xuan
鋘,hua
鋙,yu
鋚,tiao
鋜,zhuo
鋝,lue
鋟,qin
鋣,ye
鋤,chu
鋥,zeng
鋦,ju
鋨,tie
鋩,mang
鋪,pu
鋭,rui
鋮,cheng
鋯,gao
鋰,li
鋱,te
鋲,bing
鋳,zhu
鋸,ju
鋹,chang
鋺,yuan
鋼,gang
錁,guo
錄,lu
錆,qiang
錇,pou
錈,juan
錏,ya
錐,zhui
錒,ke
錔,ta
錕,kun
錘,chui
錙,zi
錚,zheng
錛,ben
錞,chun
錟,tan
錠,ding
錡,qi
錢,qian
錣,zhui
錤,ji
錦,jin
錨,mao
錩,chang
錫,xi
錬,lian
錮,gu
錯,cuo
録,lu
錳,meng
錶,biao
錸,lai
錺,fang
錻,wu
錼,nai
錾,zan
鍀,de
鍁,xian
鍃,huo
鍆,men
鍇,kai
鍉,di
鍊,lian
鍋,guo
鍍,du
鍐,zong
鍔,e
鍘,zha
鍚,yang
鍛,duan
鍜,xia
鍠,huang
鍤,cha
鍥,qie
鍩,tian
鍪,mou
鍫,qiao
鍬,qiao
鍭,hou
鍮,tou
鍰,huan
鍱,ye
鍵,jian
鍶,song
鍸,hu
鍺,duo
鍼,zhen
鍾,zhong
鎂,mei
鎄,ai
鎇,mei
鎉,da
鎊,bang
鎋,xia
鎌,lian
鎍,suo
鎏,liu
鎐,yao
鎒,nou
鎔,rong
鎖,suo
鎗,qiang
鎘,li
鎙,shuo
鎚,chui
鎛,bo
鎝,da
鎞,bi
鎡,zi
鎢,wu
鎣,ying
鎤,huang
鎦,liu
鎧,kai
鎩,sha
鎪,sou
鎫,wan
鎬,hao
鎭,zhen
鎮,zhen
鎯,lang
鎰,yi
鎳,nie
鎵,jia
鎶,ge
鎸,juan
鎹,song
鎻,suo
鎿,na
鏁,suo
鏃,zu
鏇,xuan
鏈,lian
鏊,ao
鏌,mo
鏐,liu
鏑,di
鏖,ao
鏗,keng
鏘,qiang
鏚,qi
鏛,chang
鏜,tang
鏝,man
鏞,yong
鏟,chan
鏡,jing
鏢,biao
鏤,lou
鏥,xiu
鏦,cong
鏨,zan
鏰,beng
鏴,lu
鏵,hua
鏷,pu
鏻,lin
鏽,xiu
鏾,san
鐀,kui
鐃,nao
鐄,huang
鐇,fan
鐋,tang
鐍,jue
鐏,zun
鐐,liao
鐒,lao
鐓,dui
鐔,xin
鐘,zhong
鐙,deng
鐚,ya
鐝,jue
鐠,pu
鐡,tie
鐤,ding
鐦,kai
鐧,jian
鐨,fei
鐩,sui
鐫,juan
鐮,lian
鐲,zhuo
鐳,lei
鐵,tie
鐶,huan
鐸,duo
鐺,dang
鐻,ju
鐿,yi
鑀,ai
鑄,zhu
鑊,huo
鑌,bin
鑐,xu
鑑,jian
鑒,jian
鑓,qian
鑔,cha
鑕,zhi
鑚,zuan
鑛,kuang
鑞,la
鑠,shuo
鑣,biao
鑤,bao
鑥,lu
鑪,lu
鑫,xin
鑭,lan
鑰,yao
鑱,chan
鑲,xiang
鑴,xi
鑵,guan
鑷,nie
鑹,cuan
鑼,luo
鑽,zuan
鑾,luan
鑿,zao
钁,jue
钅,jin
钆,ga
钇,yi
针,zhen
钉,ding
钊,zhao
钋,po
钌,liao
钍,tu
钎,qian
钏,chuan
钐,shan
钑,sa
钒,fan
钓,diao
钔,men
钕,nu
钖,yang
钗,chai
钘,xing
钙,gai
钚,bu
钛,tai
钜,ju
钝,dun
钞,chao
钟,zhong
钠,na
钡,bei
钢,gang
钣,ban
钤,qian
钥,yao
钦,qin
钧,jun
钨,wu
钩,gou
钪,kang
钫,fang
钬,huo
钭,tou
钮,niu
钯,ba
钰,yu
钱,qian
钲,zheng
钳,qian
钴,gu
钵,bo
钶,ke
钷,po
钸,bu
钹,bo
钺,yue
钻,zuan
钼,mu
钽,tan
钾,jia
钿,dian
铀,you
铁,tie
铂,bo
铃,ling
铄,shuo
铅,qian
铆,mao
铇,bao
铈,shi
铉,xuan
铊,ta
铋,bi
铌,ni
铍,pi
铎,duo
铏,xing
铐,kao
铑,lao
铒,er
铓,mang
铔,ya
铕,you
铖,cheng
铗,jia
铘,ye
铙,nao
铚,zhi
铛,dang
铜,tong
铝,lu
铟,yin
铠,kai
铡,zha
铢,zhu
铣,xi
铤,ding
铥,diu
铦,xian
铧,hua
铨,quan
铩,sha
铪,ha
铫,diao
铬,ge
铭,ming
铮,zheng
铯,se
铰,jiao
铱,yi
铲,chan
铳,chong
铴,tang
铵,an
银,yin
铷,ru
铸,zhu
铹,lao
铺,pu
铻,wu
铼,lai
铽,te
链,lian
铿,keng
销,xiao
锁,suo
锂,li
锃,zeng
锄,chu
锅,guo
锆,gao
锇,e
锈,xiu
锉,cuo
锊,lue
锋,feng
锌,xin
锎,kai
锏,jian
锐,rui
锑,ti
锒,lang
锓,qin
锔,ju
锕,a
锖,qiang
锗,zhe
锘,nuo
错,cuo
锚,mao
锛,ben
锜,qi
锝,de
锞,ke
锟,kun
锠,chang
锡,xi
锢,gu
锣,luo
锤,chui
锥,zhui
锦,jin
锧,zhi
锨,xian
锩,juan
锪,huo
锫,pei
锬,tan
锭,ding
键,jian
锯,ju
锰,meng
锱,zi
锲,qie
锴,kai
锵,qiang
锶,si
锷,e
锸,cha
锹,qiao
锺,zhong
锻,duan
锼,sou
锽,huang
锾,huan
锿,ai
镀,du
镁,mei
镂,lou
镃,zi
镄,fei
镅,mei
镆,mo
镇,zhen
镈,bo
镉,ge
镊,nie
镌,juan
镍,nie
镎,na
镏,liu
镐,gao
镑,bang
镒,yi
镓,jia
镔,bin
镕,rong
镖,biao
镗,tang
镘,man
镚,beng
镛,yong
镜,jing
镝,di
镞,zu
镟,xuan
镠,liu
镡,chan
镢,jue
镣,liao
镤,pu
镥,lu
镦,dui
镧,lan
镨,pu
镩,cuan
镪,qiang
镫,deng
镬,huo
镭,lei
镮,huan
镯,zhuo
镰,lian
镱,yi
镲,cha
镳,biao
镴,la
镵,chan
镶,xiang
長,zhang
镸,chang
长,zhang
門,men
閂,shuan
閃,shan
閆,yan
閇,bi
閈,han
閉,bi
閊,shan
開,kai
閌,kang
閎,hong
閏,run
閑,xian
閒,xian
間,jian
閔,min
閖,shui
閘,zha
閙,nao
閟,bi
閠,run
閡,ai
関,guan
閣,ge
閤,ge
閥,fa
閦,chu
閧,hong
閨,gui
閩,min
閫,kun
閬,lang
閭,lu
閱,yue
閲,yue
閴,qu
閶,chang
閹,yan
閻,yan
閼,e
閽,hun
閾,yu
閿,wen
闃,qu
闆,ban
闇,an
闈,wei
闉,yin
闊,kuo
闋,que
闌,lan
闍,du
闐,tian
闑,nie
闒,ta
闓,kai
闔,he
闕,que
闖,chuang
闗,guan
闘,dou
闚,kui
關,guan
闞,kan
闟,xi
闠,hui
闡,chan
闢,pi
闤,huan
闥,ta
门,men
闩,shuan
闪,shan
闫,yan
闬,han
闭,bi
问,wen
闯,chuang
闰,run
闱,wei
闲,xian
闳,hong
间,jian
闵,min
闶,kang
闷,men
闸,zha
闹,nao
闺,gui
闻,wen
闼,ta
闽,min
闾,lu
闿,kai
阀,fa
阁,ge
阂,he
阃,kun
阄,jiu
阅,yue
阆,lang
阇,du
阈,yu
阉,yan
阊,chang
阋,xi
阌,wen
阍,hun
阎,yan
阏,e
阐,chan
阑,lan
阒,qu
阓,hui
阔,kuo
阕,que
阖,he
阗,tian
阘,da
阙,que
阚,han
阛,huan
阜,fu
阝,fu
阞,le
队,dui
阡,qian
阤,zhi
阧,dou
阪,ban
阬,keng
阮,ruan
阯,zhi
阱,jing
防,fang
阳,yang
阴,yin
阵,zhen
阶,jie
阸,e
阹,qu
阻,zu
阼,zuo
阿,a
陀,tuo
陁,tuo
陂,bei pi
附,fu
际,ji
陆,lu
陇,long
陈,chen
陉,xing
陋,lou
陌,mo
降,jiang
限,xian
陔,gai
陕,shan
陗,qiao
陘,xing
陛,bi
陜,xia
陝,shan
陞,sheng
陟,zhi
陡,dou
院,yuan
陣,zhen
除,chu
陥,xian
陧,nie
陨,yun
险,xian
陪,pei
陬,zou
陰,yin
陲,chui
陳,chen
陴,pi
陵,ling
陶,tao
陷,xian
陸,lu
険,xian
陻,yin
陼,zhu
陽,yang
陾,reng
隂,yin
隃,shu
隄,di ti
隅,yu
隆,long
隈,wei
隉,nie
隊,dui
隋,sui
隍,huang
階,jie
随,sui
隐,yin
隒,yan
隔,ge
隕,yun
隖,wu
隗,kui wei
隘,ai
隙,xi
際,ji
障,zhang
隝,dao
隠,yin
隣,lin
隤,tui
隧,sui
隨,sui
隩,ao
險,xian
隮,ji
隰,xi
隱,yin
隲,zhi
隳,hui
隴,long
隶,li
隷,li
隸,li
隹,zhui
隺,hu
隻,zhi
隼,sun
隽,juan
难,nan
雀,que
雁,yan
雄,xiong
雅,ya
集,ji
雇,gu
雉,zhi
雊,gou
雋,juan
雌,ci
雍,yong
雎,ju
雏,chu
雑,za
雒,luo
雕,diao
雖,sui
雗,han
雘,wo
雙,shuang
雚,guan
雛,chu
雜,za
雝,yong
雞,ji
雟,xi
雠,chou
離,li
難,nan
雨,yu
雩,yu
雪,xue
雫,na
雯,wen
雰,fen
雱,pang
雲,yun
雳,li
零,ling
雷,lei
雹,bao
電,dian
雾,wu
需,xu
霁,ji
霂,mu
霃,chen
霄,xiao
霅,zha
霆,ting
震,zhen
霈,pei
霉,mei
霊,ling
霋,qi
霍,huo
霎,sha
霏,fei
霑,zhan
霓,ni
霖,lin
霙,ying
霜,shuang
霝,ling
霞,xia
霡,mai
霢,mai
霣,yun
霤,liu
霧,wu
霨,wei
霪,yin
霫,xi
霭,ai
霰,san
霱,yu
露,lu
霶,pang
霸,ba
霹,pi
霽,ji
霾,mai
靀,meng
靁,lei
靂,li
靄,ai
靆,dai
靈,ling
靉,ai
靑,qing
青,qing
靓,jing
靖,jing
静,jing
靛,dian
靜,jing
靝,tian
非,fei
靠,kao
靡,mi
面,mian
靥,ye
靦,tian
靧,hui
靨,ye
革,ge
靪,ding
靫,cha
靭,ren
靮,di
靰,wu
靱,ren
靳,jin
靴,xue
靶,ba
靷,yin
靸,sa
靺,mo
靼,da
靿,yao
鞀,tao
鞃,hong
鞄,pao
鞅,yang
鞆,bing
鞉,tao
鞋,xie
鞍,an
鞏,gong
鞑,da
鞒,qiao
鞗,tiao
鞘,qiao
鞙,xuan
鞚,kong
鞜,ta
鞝,shang
鞞,bing
鞟,kuo
鞠,ju
鞡,la
鞣,rou
鞦,qiu
鞧,qiu
鞨,he
鞫,ju
鞬,jian
鞭,bian
鞮,di
鞯,jian
鞲,gou
鞴,bei
鞵,xie
鞶,pan
鞸,bi
鞹,kuo
鞺,tang
鞽,qiao
鞾,xue
韀,jian
韁,jiang
韂,chan
韃,da
韅,xian
韆,qian
韈,wa
韉,jian
韊,lan
韋,wei
韍,fu
韎,mei
韐,ge
韒,qiao
韓,han
韔,chang
韖,rou
韘,she
韙,wei
韜,tao
韝,gou
韞,yun
韠,bi
韡,wei
韣,du
韤,wa
韦,wei
韧,ren
韨,fu
韩,han
韪,wei
韫,yun
韬,tao
韭,jiu
韮,jiu
韯,xian
韱,xian
韲,ji
音,yin
韵,yun
韶,shao
韹,huang
韺,ying
韻,yun
響,xiang
頀,hu
頁,ye
頂,ding
頃,qing
頄,kui
項,xiang
順,shun
頇,han
須,xu
頉,yi
頊,xu
頋,e
頌,song
頍,kui
頎,qi
頏,hang
預,yu
頑,wan
頒,ban
頓,dun
頔,di
頖,pan
頗,po po
領,ling
頙,che
頚,jing
頜,he
頞,e
頟,e
頠,wei
頡,xie
頣,shen
頤,yi
頦,hai
頫,fu
頬,jia
頭,tou
頮,hui
頯,kui
頰,jia
頲,ting
頳,cheng
頴,ying
頷,han
頸,jing
頹,tui
頻,pin
頼,lai
頽,tui
頾,zi
顆,ke
顇,cui
顋,sai
題,ti
額,e
顎,e
顏,yan
顑,kan
顒,yong
顓,zhuan
顔,yan
顕,xian
顖,xin
顗,yi
願,yuan
顙,sang
顚,dian
顛,dian
類,lei
顢,man
顣,cu
顥,hao
顦,qiao
顧,gu
顫,chan
顬,ru
顯,xian
顰,pin
顱,lu
顳,nie
顴,quan
页,ye
顶,ding
顷,qing
顸,han
项,xiang
顺,shun
须,xu
顼,xu
顽,wan
顾,gu
顿,dun
颀,qi
颁,ban
颂,song
颃,hang
预,yu
颅,lu
领,ling
颇,po
颈,jing
颉,jie
颊,jia
颋,ting
颌,he
颍,ying
颎,jiong
颏,ke
颐,yi
频,pin
颒,hui
颓,tui
颔,han
颕,ying
颖,ying
颗,ke
题,ti
颙,yong
颚,e
颛,zhuan
颜,yan
额,e
颞,nie
颟,man
颠,dian
颡,sang
颢,hao
颤,chan
颥,ru
颦,pin
颧,quan
風,feng
颪,gua
颫,fu
颭,zhan
颮,biao
颯,sa
颱,tai
颳,gua
颴,xuan
颶,ju
颷,biao
颸,si
颺,yang
颻,yao
颼,sou
颾,sou
颿,fan
飀,liu
飂,liu
飃,piao
飄,piao
飆,biao
飇,biao
飈,biao
飌,feng
风,feng
飏,yang
飐,zhan
飑,biao
飒,sa
飓,ju
飔,si
飕,sou
飖,yao
飗,liu
飘,piao
飙,biao
飚,biao
飛,fei
飜,fan
飞,fei
食,shi
飠,shi
飡,can
飢,ji
飣,ding
飤,si
飥,tuo
飦,zhan
飧,sun
飨,xiang
飩,tun
飪,ren
飫,yu
飭,chi
飮,yin
飯,fan
飱,sun
飲,yin
飴,yi
飶,bi
飼,si
飽,bao
飾,shi
餀,hai
餁,ren
餂,tian
餃,jiao
餅,bing
餇,tong
餈,ci
餉,xiang
養,yang
餌,er
餍,yan
餐,can
餑,bo
餒,nei
餓,e
餔,bu
餕,jun
餖,dou
餗,su
餘,yu
餙,shi
餚,yao
餛,hun
餜,guo
餞,jian
餟,zhui
餠,bing
餡,xian
餤,tan
餦,zhang
餧,wei
館,guan
餩,e
餪,nuan
餫,yun
餬,hu
餭,huang
餮,tie
餱,hou
餲,ai
餳,tang
餵,wei
餷,cha
餹,tang
餺,bo
餻,gao
餼,xi
餽,kui
餾,liu
餿,sou
饁,ye
饂,wen
饃,mo
饅,man
饇,yu
饈,xiu
饉,jin
饊,san
饋,kui
饌,zhuan
饍,shan
饎,chi
饐,yi
饑,ji
饒,rao
饔,yong
饕,tao
饗,xiang
饘,zhan
饜,yan
饝,mo
饞,chan
饟,xiang
饠,luo
饢,nang
饣,shi
饤,ding
饥,ji
饦,tuo
饧,tang
饨,tun
饩,xi
饪,ren
饫,yu
饬,chi
饭,fan
饮,yin
饯,jian
饰,shi
饱,bao
饲,si
饴,yi
饵,er
饶,rao
饷,xiang
饺,jiao
饼,bing
饽,bo
饾,dou
饿,e
馀,yu
馁,nei
馂,jun
馃,guo
馄,hun
馅,xian
馆,guan
馇,cha
馈,kui
馊,sou
馋,chan
馌,ye
馍,mo
馎,bo
馏,liu
馐,xiu
馑,jin
馒,man
馓,san
馔,zhuan
馕,nang
首,shou
馗,kui
馘,guo
香,xiang
馚,fen
馛,bo
馝,bi
馟,tu
馡,fei
馥,fu
馨,xin
馩,fen
馬,ma
馭,yu
馮,feng
馱,tuo
馲,zhe
馳,chi
馴,xun
馵,zhu
馹,ri
馿,lu
駁,bo
駃,jue
駄,tuo
駅,yi
駆,qu
駈,qu
駉,jiong
駏,ju
駐,zhu
駑,nu
駒,ju
駓,pi
駔,zang
駕,jia
駘,tai
駙,fu
駛,shi
駜,bi
駝,tuo
駞,tuo
駟,si
駡,ma
駢,pian
駦,teng
駪,shen
駬,er
駭,hai
駮,bo
駰,yin
駱,luo
駴,hai
駸,qin
駹,mang
駻,han
駽,xuan
駾,tui
駿,jun
騁,cheng
騂,xing
騃,ai
騄,lu
騅,zhui
騈,pian
騉,kun
騋,lai
騌,zong
騍,ke
騎,qi
騏,qi
騐,yan
騑,fei
騒,sao
験,yan
騕,yao
騖,wu
騗,pian
騘,cong
騙,pian
騠,ti
騢,xia
騣,zong
騤,kui
騧,gua
騨,tuo
騫,qian
騭,zhi
騮,liu
騯,peng
騰,teng
騲,cao
騳,du
騵,yuan
騶,zou
騷,sao
騸,shan
騺,zhi
騻,shuang
騾,luo
驀,mo
驁,ao
驂,can
驃,biao
驄,cong
驅,qu
驆,bi
驇,zhi
驈,yu
驊,hua
驌,su
驍,xiao
驏,zhan
驒,tuo
驔,dian
驕,jiao
驖,tie
驗,yan
驘,luo
驚,jing
驛,yi
驝,tuo
驟,zhou
驢,lu
驤,xiang
驥,ji
驦,shuang
驩,huan
驪,li
驫,biao
马,ma
驭,yu
驮,tuo
驯,xun
驰,chi
驱,qu
驲,ri
驳,bo
驴,lu
驵,zang
驶,shi
驷,si
驸,fu
驹,ju
驺,zou
驻,zhu
驼,tuo
驽,nu
驾,jia
驿,yi
骀,dai
骁,xiao
骂,ma
骃,yin
骄,jiao
骅,hua
骆,luo
骇,hai
骈,pian
骉,biao
骊,li
骋,cheng
验,yan
骍,xing
骎,qin
骏,jun
骐,qi
骑,qi
骒,ke
骓,zhui
骔,zong
骕,su
骖,can
骗,pian
骘,zhi
骙,kui
骚,sao
骛,wu
骜,ao
骝,liu
骞,qian
骟,shan
骠,biao
骡,luo
骢,cong
骣,chan
骤,zhou
骥,ji
骦,shuang
骧,xiang
骨,gu
骪,wei
骭,gan
骯,ang
骰,tou
骴,ci
骶,di
骷,ku
骸,hai
骺,hou
骼,ge
骽,tui
骾,geng
髀,bi
髁,ke
髂,qia
髃,yu
髄,sui
髅,lou
髆,bo
髈,bang
髋,kuan
髌,bin
髎,liao
髏,lou
髑,du
髒,zang
髓,sui
體,ti
髕,bin
髖,kuan
髗,lu
高,gao
髙,gao
髞,sao
髟,biao
髠,kun
髡,kun
髢,di
髣,fang
髥,ran
髦,mao
髪,fa fa
髫,tiao
髭,zi
髮,fa fa
髯,ran
髱,bao
髲,bi
髳,mao
髴,fu
髵,er
髷,qu
髹,xiu
髺,kuo
髻,ji
髽,zhua
髾,shao
鬀,ti
鬁,li
鬂,bin
鬃,zong
鬆,song
鬈,quan
鬋,jian
鬌,tuo
鬍,hu
鬎,la
鬏,jiu
鬐,qi
鬑,lian
鬒,zhen
鬓,bin
鬖,san
鬘,man
鬙,seng
鬚,xu
鬛,lie
鬜,qian
鬟,huan
鬢,bin
鬣,lie
鬥,dou
鬦,dou
鬧,nao
鬨,hong
鬩,xi
鬪,dou
鬬,dou
鬮,jiu
鬯,chang
鬰,yu
鬱,yu
鬲,ge
鬴,fu
鬵,qin
鬷,zong
鬻,yu
鬼,gui
魁,kui
魂,hun
魃,ba
魄,po
魅,mei
魆,xu
魇,yan
魈,xiao
魉,liang
魊,yu
魋,tui
魍,wang
魎,liang
魏,wei
魑,chi
魔,mo
魘,yan
魚,yu
魛,dao
魜,ren
魞,ba
魟,hong
魢,ji
魦,sha
魨,tun
魫,shen
魬,ban
魯,lu
魰,wen
魲,lu
魳,za
魴,fang
魵,fen
魷,you
鮀,tuo
鮁,bo
鮃,ping
鮄,fu
鮆,ci
鮉,diao
鮎,nian
鮐,tai
鮑,bao
鮒,fu
鮓,zha
鮚,jie
鮝,xiang
鮞,er
鮟,an
鮠,wei
鮦,tong
鮧,ti
鮨,yi
鮪,wei
鮫,jiao
鮭,gui
鮮,xian
鮰,hui
鮸,mian
鮹,shao
鮻,suo
鮿,zhe
鯀,gun
鯁,geng
鯆,pu
鯇,huan
鯈,tiao
鯉,li
鯊,sha
鯋,sha
鯏,li
鯒,yong
鯔,zi
鯕,qi
鯖,zheng
鯗,xiang
鯙,chun
鯛,diao
鯝,gu
鯠,lai
鯡,fei
鯢,ni
鯣,yi
鯤,kun
鯧,chang
鯨,jing
鯪,ling
鯫,zou
鯰,nian
鯱,hu
鯴,shi
鯷,ti
鯸,hou
鯺,zhu
鯽,zei
鯿,bian
鰁,quan
鰂,zei
鰃,wei
鰆,chun
鰈,die
鰉,huang
鰊,lian
鰋,yan
鰌,qiu
鰍,qiu
鰐,e
鰒,fu
鰓,sai
鰕,xia
鰛,wen
鰜,qian
鰞,wu
鰠,sao
鰣,shi
鰤,shi
鰥,guan
鰨,ta
鰩,yao
鰭,qi
鰮,wen
鰯,ruo
鰱,lian
鰲,ao
鰳,le
鰵,min
鰷,tiao
鰹,jian
鰺,shen
鰻,man
鰼,xi
鰽,qiu
鰾,biao
鱂,jiang
鱄,zhuan
鱅,yong
鱆,zhang
鱇,kang
鱈,xue
鱉,bie
鱏,xun
鱐,su
鱑,huang
鱒,zun
鱓,shan
鱔,shan
鱖,gui
鱗,lin
鱘,xun
鱛,zeng
鱝,fen
鱟,hou
鱠,kuai
鱡,zei
鱣,zhan
鱧,li
鱨,chang
鱭,ji
鱶,xiang
鱷,e
鱸,lu
鱺,li
鱻,xian
鱼,yu
鱽,dao
鱾,ji
鱿,you
鲀,tun
鲁,lu
鲂,fang
鲃,ba
鲅,ba
鲆,ping
鲇,nian
鲈,lu
鲊,zha
鲋,fu
鲍,bao
鲎,hou
鲐,tai
鲑,gui
鲒,jie
鲔,wei
鲕,er
鲖,tong
鲗,zei
鲙,kuai
鲚,ji
鲛,jiao
鲜,xian
鲞,xiang
鲟,xun
鲠,geng
鲡,li
鲢,lian
鲣,jian
鲤,li
鲥,shi
鲦,tiao
鲧,gun
鲨,sha
鲩,huan
鲫,ji
鲬,yong
鲭,qing
鲮,ling
鲯,qi
鲰,zou
鲱,fei
鲲,kun
鲳,chang
鲴,gu
鲵,ni
鲶,nian
鲷,diao
鲸,jing
鲹,shen
鲺,shi
鲻,zi
鲼,fen
鲽,die
鲿,chang
鳀,ti
鳁,wen
鳂,wei
鳃,sai
鳄,e
鳅,qiu
鳆,fu
鳇,huang
鳈,quan
鳉,jiang
鳊,bian
鳋,sao
鳌,ao
鳍,qi
鳎,ta
鳏,guan
鳐,yao
鳒,jian
鳓,le
鳔,biao
鳕,xue
鳖,bie
鳗,man
鳘,min
鳙,yong
鳚,wei
鳛,xi
鳜,gui
鳝,shan
鳞,lin
鳟,zun
鳢,li
鳣,zhan
鳥,niao
鳦,yi
鳧,fu
鳩,jiu
鳫,yan
鳬,fu
鳮,ji
鳯,feng
鳲,shi
鳳,feng
鳴,ming
鳶,yuan
鳷,zhi
鳻,ban
鳾,shi
鴁,yao
鴂,jue
鴃,jue
鴄,pi
鴆,zhen
鴇,bao
鴈,yan
鴉,ya
鴎,ou
鴒,ling
鴕,tuo
鴗,li
鴛,yuan
鴝,qu
鴞,xiao
鴟,chi
鴠,dan
鴣,gu
鴥,yu
鴦,yang
鴨,ya
鴪,yu
鴫,tian
鴬,ying
鴯,er
鴰,gua
鴳,yan
鴷,lie
鴺,ti
鴻,hong
鴽,ru
鴾,mou
鴿,ge
鵀,ren
鵁,jiao
鵂,xiu
鵄,chi
鵑,juan
鵒,yu
鵓,bo
鵙,ju
鵜,ti
鵝,e
鵞,e
鵠,hu
鵡,wu
鵩,fu
鵪,an
鵫,zhuo
鵬,peng
鵭,qin
鵮,qian
鵯,bei
鵰,diao
鵲,que
鵷,yuan
鵻,zhui
鵼,kong
鵾,kun
鶂,yi
鶃,yi
鶄,jing
鶇,dong
鶉,chun
鶊,geng
鶋,ju
鶏,ji
鶒,chi
鶓,miao
鶖,qiu
鶗,ti
鶘,hu
鶚,e
鶡,he
鶢,yuan
鶦,hu
鶩,wu
鶪,ju
鶫,dong
鶬,cang
鶯,ying
鶱,xian
鶴,he
鶵,chu
鶸,ruo
鶹,liu
鶺,ji
鶻,gu
鶼,jian
鶽,sun
鶿,ci
鷀,ci
鷁,yi
鷂,yao
鷃,yan
鷄,ji
鷆,tian
鷇,kou
鷈,ti
鷊,yi
鷏,tian
鷓,zhe
鷔,ao
鷕,yao
鷖,yi
鷗,ou
鷙,zhi
鷚,liu
鷞,shuang
鷟,zhuo
鷥,si
鷦,jiao
鷧,yi
鷩,bi
鷫,su
鷯,liao
鷲,jiu
鷳,xian
鷴,xian
鷸,yu
鷹,ying
鷺,lu
鷽,xue
鷾,yi
鷿,pi
鸂,xi
鸇,zhan
鸊,pi
鸋,ning
鸎,ying
鸑,yue
鸒,yu
鸕,lu
鸘,shuang
鸚,ying
鸛,guan
鸜,qu
鸝,li
鸞,luan
鸟,niao
鸠,jiu
鸡,ji
鸢,yuan
鸣,ming
鸤,shi
鸥,ou
鸦,ya
鸧,cang
鸨,bao
鸩,zhen
鸪,gu
鸫,dong
鸬,lu
鸭,ya
鸮,xiao
鸯,yang
鸰,ling
鸱,chi
鸲,qu
鸳,yuan
鸴,xue
鸵,tuo
鸶,si
鸷,zhi
鸸,er
鸹,gua
鸺,xiu
鸽,ge
鸾,luan
鸿,hong
鹁,bo
鹂,li
鹃,juan
鹄,gu
鹅,e
鹆,yu
鹇,xian
鹈,ti
鹉,wu
鹊,que
鹋,miao
鹌,an
鹍,kun
鹎,bei
鹏,peng
鹐,qian
鹑,chun
鹒,geng
鹓,yuan
鹔,su
鹕,hu
鹖,he
鹗,e
鹘,gu
鹙,qiu
鹚,ci
鹜,wu
鹝,yi
鹞,yao
鹠,liu
鹡,ji
鹢,yi
鹣,jian
鹤,he
鹥,yi
鹦,ying
鹧,zhe
鹨,liu
鹩,liao
鹪,jiao
鹫,jiu
鹬,yu
鹭,lu
鹮,huan
鹯,zhan
鹰,ying
鹳,guan
鹴,shuang
鹵,lu
鹶,jin
鹸,jian
鹹,xian
鹺,cuo
鹻,jian
鹼,jian
鹽,yan
鹾,cuo
鹿,lu
麀,you
麁,cu
麂,ji
麃,pao biao
麄,cu
麅,pao
麇,jun
麈,zhu
麋,mi
麌,yu
麐,lin
麑,ni
麒,qi
麓,lu
麕,jun
麗,li
麘,xiang
麛,mi
麝,she
麞,zhang
麟,lin
麠,jing
麤,cu
麥,mai
麦,mai
麩,fu
麪,mian
麫,mian
麭,pao
麮,qu
麯,qu
麰,mou
麴,qu
麵,mian
麸,fu
麹,qu
麺,mian
麻,ma
麼,me
麽,mo
麾,hui
麿,mo
黃,huang
黄,huang
黈,tou
黉,hong
黌,hong
黍,shu
黎,li
黏,nian
黐,chi
黑,hei
黒,hei
黓,yi
黔,qian
黕,dan
默,mo
黙,mo
黛,dai
黜,chu
黝,you
點,dian
黟,yi
黠,xia
黡,yan
黢,qu
黤,yan
黥,qing
黧,li
黨,dang
黩,du
黪,can
黬,yan
黮,dan
黯,an
黰,zhen
黲,can
黴,mei
黶,yan
黷,du
黹,zhi
黻,fu
黼,fu
黽,mian
黾,mian
黿,yuan
鼂,chao
鼃,wa
鼄,zhu
鼅,zhi
鼇,ao
鼈,bie
鼉,tuo
鼋,yuan
鼍,tuo
鼎,ding
鼏,mi
鼐,nai
鼒,zi
鼓,gu
鼔,gu
鼕,dong
鼖,fen
鼗,tao
鼙,pi
鼚,chang
鼛,gao
鼠,shu
鼡,shu
鼢,fen
鼧,tuo
鼪,sheng
鼫,shi
鼬,you
鼯,wu
鼴,yan
鼷,xi
鼹,yan
鼻,bi
鼽,qiu
鼾,han
齁,hou
齄,zha
齅,xiu
齆,weng
齈,nong
齉,nang
齊,qi
齋,zhai
齎,ji
齏,ji
齐,qi
齑,ji
齒,chi
齔,chen
齕,he
齗,yin
齙,bao
齚,ze
齜,chai
齝,chi
齞,yan
齟,ju
齠,tiao
齡,ling
齢,ling
齣,chu
齦,ken
齧,nie
齩,yao
齪,chuo
齬,yu
齭,chu
齮,yi
齯,ni
齰,ze
齲,qu
齳,yun
齵,ou
齶,e
齷,wo
齿,chi
龀,chen
龁,he
龂,yin
龃,ju
龄,ling
龅,bao
龆,tiao
龇,zi
龈,ken
龉,yu
龊,chuo
龋,qu
龌,wo
龍,long
龎,pang
龐,pang
龑,yan
龒,long
龓,long
龔,gong
龕,kan
龖,da
龘,da
龙,long
龚,gong
龛,kan
龜,gui
龝,qiu
龞,bie
龟,gui
龠,yue
龡,chui
龢,he
龤,xie
龥,yu
鿃,shan
鿍,gang
鿎,ta
鿏,mai
鿔,ge
鿕,dan
𠀀,he
𠀁,qi
𠀅,hai
𠀉,qiu
𠀍,shi
𠁥,ga
𠂔,zi
𠂢,pai
𠂤,dui
𠆌,yong
𠊧,bing
𠔃,xi
𠔉,juan
𠖥,chong
𠗦,ping
𠚹,shan
𠚺,sha
𠛒,gua
𠛪,tiao
𠜎,xian
𠜱,pi
𠜼,qia
𠞭,lou
𠞰,jiao
𠢤,jue
𠤏,bao
𠦌,xi
𠦜,xi
𠧩,hui
𠩺,xi
𠬛,mo
𠬶,jin
𠭴,zhuo
𠯗,za
𠲖,yi
𠲿,shuo
𠳶,tu
𠼗,zan
𠼞,a
𠼻,ji
𠿛,lu
𡀔,lu
𡃖,le
𡈎,wu
𡈙,you
𡑞,sui
𡒃,yu
𡒄,lan
𡗗,peng
𡞾,nen
𡠹,zhi
𡨄,xia
𡬙,seng
𡮦,cao
𡱆,shu
𡲕,ti
𡻕,sui
𡽱,jie
𡿺,nao
𢂑,shi
𢃕,ta
𢄶,hua
𢅏,lian
𢅖,lian
𢅥,chu
𢆞,jian
𢇇,guan
𢊍,chu
𢏳,peng
𢒉,shan
𢒹,shan
𢘸,jiang
𢙱,long
𢜫,xing
𢜬,duo
𢜸,nao
𢠳,bie
𢠵,tang
𢥞,chong
𢦏,zai
𢭆,chou
𢱟,chan
𢶅,she
𢶑,niao
𢶣,die
𢸣,niao
𣀒,zong
𣄙,huang
𣇢,bie
𣎆,luo
𣎴,dun
𣑁,chong
𣓌,gao
𣘗,ni
𣘦,yi
𣪠,ji
𣴓,jian
𤃶,teng
𤆍,chi
𤇾,ying
𤍕,you
𤍤,zhang
𤎱,juan
𤏲,zhou
𤑕,xun
𤕭,jiang
𤕯,jiang
𤘅,ya
𤘘,kou
𤝞,chu
𤡮,ran
𤢕,duo
𤢪,lie
𤧚,cong
𤫩,ling
𤬛,lu
𤮭,chan
𤺓,bie
𤿎,pi
𥁕,wen
𥄴,xue
𥈟,sou
𥉵,ma
𥋌,sa
𥋟,xi
𥐘,shi
𥐞,mang
𥑢,bu
𥑪,nao
𥓿,tuo
𥔀,hong
𥜌,ao
𥜒,yan
𥜥,yi
𥝢,li
𥞛,duo
𥡤,jiao
𥡴,ji
𥩲,hai
𥫱,dun
𥬯,kao
𥽘,mo
𦀇,jing
𦄂,dai
𦆟,meng
𦉆,cha
𦌁,liu
𦍩,gu
𦐇,ta
𦐈,fen
𦕒,dian
𦙵,wan
𦚓,ping
𦛏,ku
𦛚,nan
𦜖,ya
𦞣,sao
𦟤,xiu
𦤎,gao
𦥯,xue
𦱖,fu
𦶲,kou
𦷝,chu
𦺜,lao
𦽊,hua
𧋍,di
𧌓,fu
𧐅,qu
𧗴,yong
𧘂,chong
𧙀,la
𧜁,shai
𧜵,xie
𧞪,la
𧡣,cou
𧬨,hui
𧭜,lu
𧰊,tian
𧴪,suo
𧵳,she
𧸖,zhuan
𧼮,ti
𧽍,dian
𧽸,jue
𧿹,mu
𨃞,pan
𨃟,pan
𨈚,pi
𨋯,yi
𨌩,tang
𨍳,yao
𨎴,dang
𨑒,tu
𨢥,mi
𨣦,xu
𨧧,zhuo
𨱏,da
𨴑,kuang
𨸚,ji
𨸬,zhen
𨺹,jiao
𨻲,xia
𩋘,xie
𩋧,xie
𩍗,bang
𩔗,lei
𩕭,gai
𩜇,juan
𩝠,qiu
𩠑,ding
𩦢,yu
𩨘,qi
𩨭,que
𩪗,jue
𩶅,chi
𩶘,li
𩷸,fang
𩸨,yi
𩼈,ao
𪀒,die
𪃿,ge
𪇜,gua
𪍸,qu
𪏙,huang
𪔂,ding
𪔾,ping
𪖙,hou
𪞝,duo
𪡈,bai
𪡏,zhan
𪢮,luan
𪨊,song
𪨗,jue
𪪝,yong
𪺹,nu
𪻐,cong
𪾢,xian
𫁡,li
𫂈,fei
𫂙,su
𫃜,kou
𫄨,chi
𫄸,xun
𫈰,qia
𫋐,gong
𫌀,ji
𫌨,luo
𫍙,yi
𫍢,nao
𫍰,xi
𫍲,xiao
𫏋,jue
𫐄,yue
𫐆,kuai
𫐉,ling
𫐐,ni
𫐓,bu
𫒶,han
𫓧,fu
𫓩,cong
𫔎,jue
𫗠,zhang
𫗦,bu
𫗧,su
𫗮,huang
𫗴,zhan
𫘝,jue
𫘣,han
𫘤,ai
𫘨,ti
𫚈,xu
𫚉,hong
𫚒,fu
𫚔,hui
𫚕,shi
𫚙,pu
𫛛,zhi
𫛞,jue
𫛢,ning
𫛶,chi
𫛸,ti
