hanzi,pinyin,pinyinToneless,tone
芰,jì,ji,4
炃,fén,fen,2
䣜,cuó,cuo,2
湢,bì,bi,4
臼,jìu,jiu,4
锡,xí,xi,2
愂,bèi,bei,4
耜,sì,si,4
秴,hé,he,2
挘,挘,挘,
阠,xìn,xin,4
㡝,fèng,feng,4
搵,wèn,wen,4
犦,bào,bao,4
紁,chà,cha,4
㡙,bì,bi,4
㔼,sǔn,sun,3
氒,jué,jue,2
何,hé,he,2
藙,yì,yi,4
燃,rán,ran,2
回,húi,hui,2
庈,qín,qin,2
鎘,gé,ge,2
扞,hàn,han,4
裕,yù,yu,4
鳜,jué,jue,2
鿢,鿢,鿢,
贷,dài,dai,4
㳶,gòu,gou,4
頃,qǐng,qing,3
鬽,mèi,mei,4
䆻,qiào,qiao,4
邬,wū,wu,1
蛑,móu,mou,2
啡,fēi,fei,1
尺,chǐ,chi,3
㤰,zǎn,zan,3
渘,róu,rou,2
磳,zēng,zeng,1
䌫,lǎn,lan,3
潆,yíng,ying,2
赴,fù,fu,4
唰,shuā,shua,1
鸄,jí,ji,2
兲,tiān,tian,1
鰜,jiān,jian,1
罍,léi,lei,2
斱,zhuó,zhuo,2
爳,爳,爳,
䰟,hún,hun,2
頲,tǐng,ting,3
昋,gùi,gui,4
啋,xiāo,xiao,1
茯,fú,fu,2
鋰,lǐ,li,3
屇,tián,tian,2
归,gūi,gui,1
蝑,xū,xu,1
馬,mǎ,ma,3
縋,zhùi,zhui,4
欏,luó,luo,2
䢅,chén,chen,2
邃,sùi,sui,4
犭,犭,犭,
莇,zhù,zhu,4
䏱,jú,ju,2
捅,tǒng,tong,3
下,xià,xia,4
鴲,zhī,zhi,1
爹,diē,die,1
㚾,㚾,㚾,
蓏,luǒ,luo,3
磄,táng,tang,2
鬔,péng,peng,2
䆳,qióng,qiong,2
蹐,jí,ji,2
淹,yān,yan,1
妘,yún,yun,2
靰,wù,wu,4
诙,hūi,hui,1
鴯,ér,er,2
䒫,dài,dai,4
儾,nàng,nang,4
炊,chūi,chui,1
晣,zhē,zhe,1
霺,wéi,wei,2
捽,zú,zu,2
籝,yíng,ying,2
滱,kòu,kou,4
栙,xiáng,xiang,2
䮨,zǎi,zai,3
㑜,yì,yi,4
橽,tà,ta,4
磝,áo,ao,2
垏,lù,lu,4
溶,róng,rong,2
揵,qián,qian,2
爘,爘,爘,
㜕,lián,lian,2
㶧,nèn,nen,4
鰢,mǎ,ma,3
畆,mǔ,mu,3
伍,wǔ,wu,3
䐢,zhù,zhu,4
䐋,䐋,䐋,
仙,xiān,xian,1
寒,hán,han,2
鶝,fú,fu,2
䏮,xí,xi,2
镲,chǎ,cha,3
氘,dāo,dao,1
賨,cóng,cong,2
歔,xū,xu,1
䎇,䎇,䎇,
䨑,tí,ti,2
輵,gé,ge,2
臶,jiàn,jian,4
因,yīn,yin,1
㼈,luó,luo,2
貢,gòng,gong,4
掣,chè,che,4
级,jí,ji,2
絀,chù,chu,4
勴,lv̀,lv,4
灨,gǎn,gan,3
鹘,gú,gu,2
㯣,㯣,㯣,
糧,liáng,liang,2
錴,lù,lu,4
凤,fèng,feng,4
垯,垯,垯,
铆,lǐu,liu,3
沐,mù,mu,4
牪,yàn,yan,4
韁,jiāng,jiang,1
岴,qū,qu,1
榒,nài,nai,4
翾,xuān,xuan,1
津,jīn,jin,1
虗,xū,xu,1
㫠,㫠,㫠,
鈠,yì,yi,4
硼,péng,peng,2
缯,zēng,zeng,1
秖,zhī,zhi,1
懥,zhì,zhi,4
揩,kāi,kai,1
伨,xùn,xun,4
渵,máo,mao,2
茾,茾,茾,
晳,xì,xi,4
俼,yù,yu,4
䕴,zhuó,zhuo,2
鑷,niè,nie,4
櫢,sǒu,sou,3
㪧,㪧,㪧,
砗,chē,che,1
䥻,䥻,䥻,
䪀,guǎn,guan,3
䘞,䘞,䘞,
㶡,dài,dai,4
㠢,huà,hua,4
擟,mí,mi,2
觧,jiě,jie,3
鵺,yè,ye,4
揬,tú,tu,2
虲,虲,虲,
刟,jū,ju,1
縍,bāng,bang,1
杶,chūn,chun,1
㾉,líng,ling,2
䍸,bó,bo,2
䓆,zhé,zhe,2
䉐,䉐,䉐,
蘳,huǎ,hua,3
酞,tài,tai,4
缔,dì,di,4
諦,dì,di,4
㹢,㹢,㹢,
螨,mǎn,man,3
锧,zhì,zhi,4
㸼,㸼,㸼,
䦿,䦿,䦿,
貮,èr,er,4
唄,bài,bai,4
䥪,xiǎn,xian,3
䢘,䢘,䢘,
袲,yí,yi,2
製,zhì,zhi,4
檇,zùi,zui,4
蟶,chēng,cheng,1
㣇,nǐ,ni,3
㕫,fǎng,fang,3
橇,qiāo,qiao,1
㣛,tà,ta,4
罠,mín,min,2
月,yuè,yue,4
感,gǎn,gan,3
駑,nú,nu,2
傔,qiàn,qian,4
蝏,tíng,ting,2
羮,gēng,geng,1
聇,zhēng,zheng,1
乢,gài,gai,4
㧸,㧸,㧸,
䝏,lóu,lou,2
鱠,kuài,kuai,4
䪣,䪣,䪣,
濋,chǔ,chu,3
匷,qú,qu,2
鞶,pán,pan,2
詤,huǎng,huang,3
䪜,chàn,chan,4
躓,zhì,zhi,4
傣,dǎi,dai,3
炲,tái,tai,2
毎,měi,mei,3
礘,qì,qi,4
耊,diè,die,4
聽,tīng,ting,1
電,diàn,dian,4
嘟,dū,du,1
贮,zhǔ,zhu,3
錛,bēn,ben,1
熬,áo,ao,2
醦,shǎn,shan,3
溮,shī,shi,1
䇿,䇿,䇿,
㗂,shěng,sheng,3
递,dì,di,4
萃,cùi,cui,4
菕,lún,lun,2
椳,wēi,wei,1
踲,dùn,dun,4
祜,hù,hu,4
舷,xián,xian,2
鹒,gēng,geng,1
釴,yì,yi,4
㥎,lái,lai,2
综,zòng,zong,4
箠,chúi,chui,2
嶱,kě,ke,3
儏,儏,儏,
㓜,yòu,you,4
僁,xī,xi,1
俳,pái,pai,2
逳,yù,yu,4
䡖,jìng,jing,4
櫝,dú,du,2
㔘,chù,chu,4
俋,yì,yi,4
隕,yǔn,yun,3
毾,tà,ta,4
熴,熴,熴,
鋭,rùi,rui,4
䉖,líng,ling,2
㡡,chú,chu,2
䴈,ǎo,ao,3
袨,xiàn,xian,4
榪,mà,ma,4
螧,螧,螧,
䞩,è,e,4
醀,wéi,wei,2
詗,xiòng,xiong,4
䶑,tì,ti,4
蛅,rán,ran,2
嚙,niè,nie,4
㖖,niè,nie,4
擉,chuò,chuo,4
䁪,nǎn,nan,3
闫,yàn,yan,4
㤹,qíu,qiu,2
䲍,téng,teng,2
辡,biàn,bian,4
寗,níng,ning,2
㞽,xuè,xue,4
呉,wú,wu,2
䳴,dá,da,2
㪚,sàn,san,4
㸬,bèi,bei,4
皏,pěng,peng,3
翰,hàn,han,4
缌,sī,si,1
䅌,䅌,䅌,
恦,xiàng,xiang,4
虘,cuó,cuo,2
䥋,䥋,䥋,
䠩,gùi,gui,4
鰒,fù,fu,4
嶎,yù,yu,4
罶,lǐu,liu,3
嵧,líu,liu,2
剶,juān,juan,1
鹈,tí,ti,2
軃,tuǒ,tuo,3
豇,jiāng,jiang,1
㼆,㼆,㼆,
瑛,yīng,ying,1
螫,shì,shi,4
琥,hǔ,hu,3
癲,diān,dian,1
䵘,shà,sha,4
铘,yé,ye,2
悎,hào,hao,4
䇡,zhù,zhu,4
輗,ní,ni,2
㮪,qióng,qiong,2
毿,sān,san,1
㧤,chòng,chong,4
誷,wǎng,wang,3
磧,qì,qi,4
罱,nǎn,nan,3
优,yōu,you,1
䪰,䪰,䪰,
藮,qiáo,qiao,2
絋,絋,絋,
媁,wēi,wei,1
䏷,hàn,han,4
禒,xiǎn,xian,3
䑤,jìn,jin,4
答,dá,da,2
㵣,kě,ke,3
䟡,dì,di,4
籧,qú,qu,2
監,jiān,jian,1
宋,sòng,song,4
䔬,yì,yi,4
墛,墛,墛,
箸,zhù,zhu,4
韆,qiān,qian,1
㾎,㾎,㾎,
麟,lín,lin,2
洖,wú,wu,2
㮠,㮠,㮠,
黌,héng,heng,2
嫈,yīng,ying,1
鷐,chén,chen,2
乔,qiáo,qiao,2
哖,哖,哖,
頮,hùi,hui,4
妎,xiè,xie,4
櫪,lì,li,4
怆,chuàng,chuang,4
谏,jiàn,jian,4
阧,dǒu,dou,3
㵈,㵈,㵈,
䕹,zá,za,2
箆,bì,bi,4
糛,táng,tang,2
飑,biāo,biao,1
奅,pào,pao,4
軙,chén,chen,2
溱,zhēn,zhen,1
鍻,jié,jie,2
䞚,qí,qi,2
醝,cuó,cuo,2
柰,nài,nai,4
誑,kuáng,kuang,2
潙,gúi,gui,2
冓,gòu,gou,4
曐,xīng,xing,1
㟧,è,e,4
醘,kè,ke,4
辆,liàng,liang,4
楪,yè,ye,4
瑧,jīn,jin,1
溓,lián,lian,2
軁,lóu,lou,2
鈯,tú,tu,2
魉,liǎng,liang,3
躣,qú,qu,2
乾,gān,gan,1
䪁,bǔ,bu,3
籆,yuè,yue,4
鱇,kāng,kang,1
柼,yǎo,yao,3
穟,sùi,sui,4
小,xiǎo,xiao,3
擶,jiàn,jian,4
㓬,㓬,㓬,
處,chù,chu,4
訐,jié,jie,2
㯒,㯒,㯒,
髉,bō,bo,1
祈,qí,qi,2
汁,zhī,zhi,1
楊,yáng,yang,2
蓞,蓞,蓞,
䴾,cuó,cuo,2
珓,jiào,jiao,4
㓓,nán,nan,2
蹜,suō,suo,1
䔛,qǐng,qing,3
瞈,wěng,weng,3
㚓,lái,lai,2
哾,shuō,shuo,1
壺,hú,hu,2
髵,ér,er,2
㬹,㬹,㬹,
䔽,ài,ai,4
耥,tǎng,tang,3
晒,shài,shai,4
簽,qiān,qian,1
闔,hé,he,2
涼,liáng,liang,2
澨,shì,shi,4
炸,zhà,zha,4
骈,pián,pian,2
㠿,cǐ,ci,3
䰊,bó,bo,2
㕓,㕓,㕓,
嶦,zhān,zhan,1
㬎,xiǎn,xian,3
鱲,liè,lie,4
㼀,㼀,㼀,
魨,tún,tun,2
䕀,kuǎn,kuan,3
櫁,mì,mi,4
㒒,pú,pu,2
㓊,dòng,dong,4
珝,xǔ,xu,3
䥤,báo,bao,2
潢,huáng,huang,2
肣,hán,han,2
籷,zhé,zhe,2
权,quán,quan,2
曚,méng,meng,2
扜,yū,yu,1
丸,wán,wan,2
䤒,jǐ,ji,3
㐚,㐚,㐚,
㔈,㔈,㔈,
藺,lìn,lin,4
潕,wǔ,wu,3
吰,hóng,hong,2
倎,tiān,tian,1
嶲,xī,xi,1
狡,jiǎo,jiao,3
㞜,㞜,㞜,
笇,suàn,suan,4
䳼,䳼,䳼,
䛷,wǎn,wan,3
腚,dìng,ding,4
蔞,lóu,lou,2
朷,dāo,dao,1
畋,tián,tian,2
諩,pǔ,pu,3
磻,pán,pan,2
躨,kúi,kui,2
狌,shēng,sheng,1
增,zēng,zeng,1
砬,lì,li,4
纣,zhòu,zhou,4
宵,xiāo,xiao,1
氫,qīng,qing,1
贐,jìn,jin,4
軡,fǎn,fan,3
朢,wàng,wang,4
偄,nuàn,nuan,4
慶,qìng,qing,4
䤫,chán,chan,2
匿,nì,ni,4
奏,zòu,zou,4
僑,qiáo,qiao,2
䟯,kuò,kuo,4
䪗,xiá,xia,2
勠,lù,lu,4
㦙,㦙,㦙,
盋,bō,bo,1
芙,fú,fu,2
瞋,chēn,chen,1
䦊,niǎo,niao,3
㲑,㲑,㲑,
紊,wèn,wen,4
鱆,zhāng,zhang,1
㸏,mí,mi,2
䂻,zhèng,zheng,4
舨,bǎn,ban,3
桨,jiǎng,jiang,3
俶,chù,chu,4
衉,kè,ke,4
怾,怾,怾,
遏,è,e,4
㕃,㕃,㕃,
峑,quán,quan,2
狻,suān,suan,1
魌,qī,qi,1
桜,yīng,ying,1
暌,kúi,kui,2
示,shì,shi,4
諫,jiàn,jian,4
㘀,zuò,zuo,4
䁗,kǎi,kai,3
襭,xié,xie,2
鈜,hóng,hong,2
雀,què,que,4
勱,mài,mai,4
涂,tú,tu,2
䜘,jǐng,jing,3
荇,xìng,xing,4
㙛,bǔ,bu,3
绿,lv̀,lv,4
溅,jiàn,jian,4
骳,bì,bi,4
汖,pài,pai,4
轂,gǔ,gu,3
桤,qī,qi,1
䴙,pì,pi,4
制,zhì,zhi,4
邲,bì,bi,4
䧾,䧾,䧾,
㛎,㛎,㛎,
芃,péng,peng,2
檓,hǔi,hui,3
驴,lv́,lv,2
枚,méi,mei,2
䤂,méi,mei,2
䘝,yì,yi,4
麻,má,ma,2
薍,luàn,luan,4
锸,chá,cha,2
紞,dǎn,dan,3
砪,mǔ,mu,3
躹,jú,ju,2
螯,áo,ao,2
汷,zhōng,zhong,1
痾,ē,e,1
䞦,hé,he,2
鬐,qí,qi,2
拽,yè,ye,4
秚,bàn,ban,4
蹫,jú,ju,2
潥,sù,su,4
伎,jì,ji,4
䑟,huáng,huang,2
㙎,㙎,㙎,
瘯,cù,cu,4
䤱,shì,shi,4
䫽,䫽,䫽,
藠,xiào,xiao,4
蝡,ruǎn,ruan,3
䯏,huó,huo,2
㔪,lǔ,lu,3
褨,suǒ,suo,3
錭,táo,tao,2
垆,lú,lu,2
趯,tì,ti,4
鐉,quān,quan,1
檌,zùi,zui,4
犀,xī,xi,1
見,jiàn,jian,4
㫮,㫮,㫮,
鈿,diàn,dian,4
㼮,mái,mai,2
碽,gōng,gong,1
灇,cóng,cong,2
裃,裃,裃,
秾,nóng,nong,2
孨,zhuǎn,zhuan,3
侃,kǎn,kan,3
琻,琻,琻,
庖,páo,pao,2
译,yì,yi,4
魇,yǎn,yan,3
澀,sè,se,4
頒,bān,ban,1
磶,xì,xi,4
穸,xì,xi,4
剓,lí,li,2
帮,bāng,bang,1
缸,gāng,gang,1
厄,è,e,4
㰕,㰕,㰕,
㣷,nìng,ning,4
餛,hún,hun,2
枌,fén,fen,2
崆,kōng,kong,1
瞚,shùn,shun,4
删,shān,shan,1
㾶,gǔ,gu,3
䃶,huái,huai,2
瑰,gūi,gui,1
㑫,㑫,㑫,
窻,chuāng,chuang,1
㵿,xí,xi,2
㗨,ǎi,ai,3
伻,bēng,beng,1
绮,qǐ,qi,3
鵑,juān,juan,1
蚇,chǐ,chi,3
祁,qí,qi,2
獠,liáo,liao,2
䃎,zé,ze,2
䆩,míng,ming,2
伤,shāng,shang,1
㤣,㤣,㤣,
篙,gāo,gao,1
㸭,㸭,㸭,
嘰,jī,ji,1
悜,chěng,cheng,3
屹,yì,yi,4
淢,yù,yu,4
饖,hùi,hui,4
駔,zǎng,zang,3
粹,cùi,cui,4
硈,jiá,jia,2
瓵,yí,yi,2
㹬,shǐ,shi,3
臄,jué,jue,2
䈢,sǎi,sai,3
牓,bǎng,bang,3
弩,nǔ,nu,3
纯,chún,chun,2
蚕,cán,can,2
凌,líng,ling,2
㣺,㣺,㣺,
魩,mò,mo,4
晗,hán,han,2
溎,gùi,gui,4
椇,jǔ,ju,3
経,jīng,jing,1
䉎,táng,tang,2
伮,nú,nu,2
軲,kū,ku,1
苳,dōng,dong,1
故,gù,gu,4
嗖,sōu,sou,1
侫,nìng,ning,4
仌,bīng,bing,1
㦲,㦲,㦲,
丅,xià,xia,4
筴,cè,ce,4
噲,kuài,kuai,4
薛,xuē,xue,1
汛,xùn,xun,4
㝑,máng,mang,2
噒,lián,lian,2
䣆,xíng,xing,2
縆,gēng,geng,1
皭,jiào,jiao,4
絛,tāo,tao,1
楮,chǔ,chu,3
挷,péng,peng,2
與,yǔ,yu,3
䦁,䦁,䦁,
觝,dǐ,di,3
㐐,㐐,㐐,
兕,sì,si,4
翿,dào,dao,4
䘷,䘷,䘷,
鞑,dá,da,2
殩,cuàn,cuan,4
挍,jiào,jiao,4
䉦,䉦,䉦,
䒏,䒏,䒏,
願,yuàn,yuan,4
玟,mín,min,2
娼,chāng,chang,1
螳,táng,tang,2
驨,xī,xi,1
紜,yún,yun,2
澍,shù,shu,4
酤,gū,gu,1
資,zī,zi,1
慳,qiān,qian,1
殞,yǔn,yun,3
㲆,líng,ling,2
棠,táng,tang,2
崄,xiǎn,xian,3
鵪,ān,an,1
䍘,mí,mi,2
㸋,fán,fan,2
阁,gé,ge,2
駮,bó,bo,2
㐱,zhěn,zhen,3
詓,qǔ,qu,3
浻,wěng,weng,3
䡼,líng,ling,2
歷,lì,li,4
铴,tàng,tang,4
石,shí,shi,2
鍎,tú,tu,2
萔,tiáo,tiao,2
㯋,yǐng,ying,3
䶒,qí,qi,2
旅,lv̌,lv,3
劓,yì,yi,4
辮,biàn,bian,4
赔,péi,pei,2
垸,huàn,huan,4
㦭,líng,ling,2
䫶,fán,fan,2
䵑,nì,ni,4
磈,wěi,wei,3
荏,rěn,ren,3
滉,huǎng,huang,3
坃,xūn,xun,1
迲,迲,迲,
匊,jú,ju,2
嬺,nì,ni,4
鍊,liàn,lian,4
勫,fán,fan,2
磱,láo,lao,2
礭,què,que,4
抉,jué,jue,2
吼,hǒu,hou,3
㞺,zú,zu,2
㮥,fèn,fen,4
㿍,jiè,jie,4
沾,zhān,zhan,1
芬,fēn,fen,1
梇,lòng,long,4
悙,hēng,heng,1
瓽,dàng,dang,4
举,jǔ,ju,3
啸,xiào,xiao,4
圀,guó,guo,2
桶,tǒng,tong,3
䝸,jì,ji,4
挠,náo,nao,2
栳,lǎo,lao,3
栊,lóng,long,2
祰,gào,gao,4
鲮,líng,ling,2
㪭,lú,lu,2
熮,liáo,liao,2
䊳,mí,mi,2
椸,yí,yi,2
鋯,gào,gao,4
昉,fǎng,fang,3
耻,chǐ,chi,3
䫜,䫜,䫜,
涏,tǐng,ting,3
坴,lìu,liu,4
扢,gǔ,gu,3
摊,tān,tan,1
肙,yuān,yuan,1
㟩,mín,min,2
㤙,㤙,㤙,
刪,shān,shan,1
椨,椨,椨,
桅,wéi,wei,2
芪,qí,qi,2
籕,zhòu,zhou,4
剞,jī,ji,1
葠,shēn,shen,1
䨾,fěi,fei,3
隰,xí,xi,2
泖,mǎo,mao,3
䶳,yuè,yue,4
焨,fèng,feng,4
莶,liǎn,lian,3
䗜,líu,liu,2
哘,哘,哘,
赐,sì,si,4
讷,nè,ne,4
堺,jiè,jie,4
鉸,jiǎo,jiao,3
婤,zhōu,zhou,1
宙,zhòu,zhou,4
湶,quán,quan,2
㩙,㩙,㩙,
毂,gǔ,gu,3
㣏,jìng,jing,4
翯,hè,he,4
儂,nóng,nong,2
族,zú,zu,2
蝂,bǎn,ban,3
崔,cūi,cui,1
崛,jué,jue,2
厤,lì,li,4
䳛,yàn,yan,4
励,lì,li,4
壔,dǎo,dao,3
脸,liǎn,lian,3
䈓,gé,ge,2
愹,yǒng,yong,3
䣸,rǎn,ran,3
㺘,zhàn,zhan,4
乮,乮,乮,
矐,huò,huo,4
䈭,huái,huai,2
讪,shàn,shan,4
晖,hūi,hui,1
坋,fèn,fen,4
䢵,yún,yun,2
懃,qín,qin,2
槝,槝,槝,
钃,shǔ,shu,3
鴁,yāo,yao,1
刃,rèn,ren,4
㳂,yán,yan,2
剹,lù,lu,4
簡,jiǎn,jian,3
虢,guó,guo,2
廩,lǐn,lin,3
鸚,yīng,ying,1
閷,shài,shai,4
㣉,㣉,㣉,
䰡,chì,chi,4
贊,zàn,zan,4
叼,diāo,diao,1
圑,fù,fu,4
虼,gè,ge,4
懶,lǎn,lan,3
逦,lǐ,li,3
螴,chén,chen,2
蟂,jiāo,jiao,1
毡,zhān,zhan,1
鎠,gāng,gang,1
锇,tiě,tie,3
䋷,líu,liu,2
㣫,zhǒng,zhong,3
魧,háng,hang,2
褩,bān,ban,1
楉,ruò,ruo,4
憹,náo,nao,2
儆,jǐng,jing,3
撎,yì,yi,4
緋,fēi,fei,1
懘,chì,chi,4
缉,qì,qi,4
澅,huà,hua,4
跅,tuò,tuo,4
濉,sūi,sui,1
侥,jiǎo,jiao,3
欄,lán,lan,2
㟪,wěi,wei,3
丘,qīu,qiu,1
堸,féng,feng,2
膱,zhí,zhi,2
䇐,lì,li,4
壤,rǎng,rang,3
啫,zhě,zhe,3
㱉,yè,ye,4
仈,bā,ba,1
簼,lóng,long,2
燥,zào,zao,4
䢍,fǎng,fang,3
馚,fén,fen,2
绩,jī,ji,1
噏,xī,xi,1
渳,mǐ,mi,3
揟,xū,xu,1
䦃,䦃,䦃,
歖,xī,xi,1
硤,xiá,xia,2
庉,dùn,dun,4
唐,táng,tang,2
銠,lǎo,lao,3
痨,láo,lao,2
榯,shí,shi,2
朦,méng,meng,2
稆,lv̌,lv,3
㐛,㐛,㐛,
騼,lù,lu,4
伇,yì,yi,4
拤,拤,拤,
豨,xī,xi,1
䂿,tà,ta,4
乩,jī,ji,1
鯴,shī,shi,1
㳄,xián,xian,2
䲡,䲡,䲡,
㜹,qú,qu,2
寽,lv̀,lv,4
拵,cún,cun,2
撩,liāo,liao,1
栎,lì,li,4
檔,dàng,dang,4
愆,qiān,qian,1
緽,chēng,cheng,1
蔣,jiǎng,jiang,3
鰯,ruò,ruo,4
懫,zhí,zhi,2
蕣,shùn,shun,4
耱,mò,mo,4
蟑,zhāng,zhang,1
歎,tàn,tan,4
爽,shuǎng,shuang,3
圧,yā,ya,1
苝,pèi,pei,4
么,yāo,yao,1
筫,zhì,zhi,4
繬,sè,se,4
蝣,yóu,you,2
眛,mèi,mei,4
艑,biàn,bian,4
藄,qí,qi,2
棌,cǎi,cai,3
奙,běn,ben,3
缧,léi,lei,2
焱,yàn,yan,4
㢌,㢌,㢌,
塚,zhǒng,zhong,3
佌,cǐ,ci,3
惇,dūn,dun,1
倛,qī,qi,1
䄂,lìu,liu,4
䧒,lái,lai,2
㕡,hé,he,2
埸,yì,yi,4
鑉,tà,ta,4
敡,yì,yi,4
㺢,㺢,㺢,
瀁,yàng,yang,4
乄,乄,乄,
蚀,shí,shi,2
瞐,mào,mao,4
鞘,qiào,qiao,4
靑,qīng,qing,1
㜂,㜂,㜂,
觚,gū,gu,1
過,guò,guo,4
濹,濹,濹,
鑧,鑧,鑧,
㖤,hán,han,2
淒,qī,qi,1
载,zài,zai,4
飀,líu,liu,2
䯅,niè,nie,4
塻,mò,mo,4
橣,nǐng,ning,3
升,shēng,sheng,1
㐗,㐗,㐗,
豯,xī,xi,1
閒,xián,xian,2
䴔,jiāo,jiao,1
㞮,㞮,㞮,
嗅,xìu,xiu,4
泦,jú,ju,2
穤,nuò,nuo,4
㦬,luǒ,luo,3
瑁,mào,mao,4
䯇,䯇,䯇,
怶,pī,pi,1
柤,zhā,zha,1
依,yī,yi,1
㦩,yǐn,yin,3
扺,zhǐ,zhi,3
䟮,fú,fu,2
縌,nì,ni,4
㸂,㸂,㸂,
萣,萣,萣,
㣄,qú,qu,2
茄,qié,qie,2
榌,榌,榌,
堰,yàn,yan,4
廳,tīng,ting,1
椖,péng,peng,2
翇,fú,fu,2
襛,nóng,nong,2
㻄,bǎo,bao,3
镢,jué,jue,2
䇍,chuò,chuo,4
䶼,䶼,䶼,
施,shī,shi,1
䱐,䱐,䱐,
跎,tuó,tuo,2
注,zhù,zhu,4
鹀,wú,wu,2
鐋,tàng,tang,4
鏰,bèng,beng,4
鿎,鿎,鿎,
袇,rán,ran,2
厫,áo,ao,2
锋,fēng,feng,1
縸,mò,mo,4
谫,jiǎn,jian,3
汸,fāng,fang,1
西,xī,xi,1
馎,bó,bo,2
䟋,zhǎn,zhan,3
㔺,shì,shi,4
麺,miàn,mian,4
迋,wàng,wang,4
烀,hū,hu,1
暄,xuān,xuan,1
謤,biāo,biao,1
䜷,䜷,䜷,
䡿,líng,ling,2
腋,yì,yi,4
櫸,jǔ,ju,3
爻,yáo,yao,2
泃,jù,ju,4
匶,jìu,jiu,4
狣,zhào,zhao,4
韍,fú,fu,2
蚞,mù,mu,4
晱,shǎn,shan,3
趮,zào,zao,4
庡,yǐ,yi,3
䆿,yì,yi,4
身,shēn,shen,1
㢅,lòng,long,4
哏,hěn,hen,3
蔁,zhāng,zhang,1
䭧,mǐ,mi,3
䩢,dá,da,2
邟,kàng,kang,4
䴉,xuán,xuan,2
棘,jí,ji,2
籌,chóu,chou,2
膋,liáo,liao,2
嫘,léi,lei,2
譋,lán,lan,2
䃳,là,la,4
僗,láo,lao,2
㗬,㗬,㗬,
喴,wēi,wei,1
蕚,è,e,4
纘,zuǎn,zuan,3
嚁,dí,di,2
荍,shōu,shou,1
嫖,piào,piao,4
㛿,zhì,zhi,4
港,gǎng,gang,3
䋍,䋍,䋍,
蕰,yùn,yun,4
吀,miē,mie,1
揕,zhèn,zhen,4
攁,yǎng,yang,3
㐏,㐏,㐏,
篜,zhēng,zheng,1
㵷,biàn,bian,4
噵,dào,dao,4
拃,zhǎn,zhan,3
醖,yùn,yun,4
陧,niè,nie,4
棐,fěi,fei,3
囚,qíu,qiu,2
埐,jīn,jin,1
撼,hàn,han,4
踶,dì,di,4
擯,bìn,bin,4
灞,bà,ba,4
㼉,yìn,yin,4
抮,zhěn,zhen,3
匲,lián,lian,2
䜙,án,an,2
皰,pào,pao,4
樀,dì,di,4
軚,dài,dai,4
宱,zhà,zha,4
䲧,dù,du,4
羄,zhào,zhao,4
僺,qiào,qiao,4
壷,hú,hu,2
剋,kè,ke,4
䘁,gé,ge,2
郯,tán,tan,2
窂,láo,lao,2
䣯,tiǎn,tian,3
俵,biào,biao,4
冥,míng,ming,2
浪,làng,lang,4
秡,bá,ba,2
肘,zhǒu,zhou,3
賂,lù,lu,4
选,xuǎn,xuan,3
騰,téng,teng,2
辈,bèi,bei,4
俄,é,e,2
諂,chǎn,chan,3
駜,bì,bi,4
叠,dié,die,2
猂,hàn,han,4
蕀,jí,ji,2
轀,wēn,wen,1
函,hán,han,2
曀,yì,yi,4
媧,wā,wa,1
曻,曻,曻,
鉱,kuàng,kuang,4
鳲,shī,shi,1
䝿,gùi,gui,4
蹄,tí,ti,2
贞,zhēn,zhen,1
榎,jiǎ,jia,3
塃,huāng,huang,1
囟,xìn,xin,4
巄,lóng,long,2
梩,lí,li,2
鸦,yā,ya,1
㳷,wěn,wen,3
䖍,qián,qian,2
忿,fèn,fen,4
憐,lián,lian,2
豿,gǒu,gou,3
苜,mù,mu,4
謬,mìu,miu,4
䐼,xì,xi,4
獣,獣,獣,
機,jī,ji,1
苻,fú,fu,2
䃲,pán,pan,2
胙,zuò,zuo,4
鷙,zhì,zhi,4
䆖,hóng,hong,2
顕,xiǎn,xian,3
斂,liǎn,lian,3
镓,jiā,jia,1
䤻,duò,duo,4
紘,hóng,hong,2
娪,wú,wu,2
飴,yí,yi,2
唾,tuò,tuo,4
醱,pò,po,4
洷,zhì,zhi,4
涣,huàn,huan,4
乑,zhòng,zhong,4
姥,mǔ,mu,3
䞁,xiàn,xian,4
碐,líng,ling,2
秦,qín,qin,2
橨,fén,fen,2
袓,jǔ,ju,3
沒,méi,mei,2
柕,mào,mao,4
䈍,máng,mang,2
㨀,bǐng,bing,3
抙,póu,pou,2
裈,kūn,kun,1
糳,zuò,zuo,4
耫,zé,ze,2
晡,bū,bu,1
䙕,chù,chu,4
㦁,lián,lian,2
堕,duò,duo,4
肕,rèn,ren,4
忯,qí,qi,2
賙,zhōu,zhou,1
鑐,xū,xu,1
溼,shī,shi,1
鮾,něi,nei,3
㬃,tái,tai,2
㰷,zì,zi,4
窶,jù,ju,4
詎,jù,ju,4
众,zhòng,zhong,4
跋,bá,ba,2
䓃,yì,yi,4
窄,zhǎi,zhai,3
㲻,nì,ni,4
㼞,pèng,peng,4
炷,zhù,zhu,4
衂,nìu,niu,4
棇,cōng,cong,1
堈,gāng,gang,1
囷,qūn,qun,1
檳,bīn,bin,1
㣟,xì,xi,4
䇯,róng,rong,2
㐊,㐊,㐊,
幱,lán,lan,2
䚒,chuáng,chuang,2
䩛,bì,bi,4
澪,líng,ling,2
鯉,lǐ,li,3
岵,hù,hu,4
幌,huǎng,huang,3
憼,jǐng,jing,3
㫂,zhù,zhu,4
哂,shěn,shen,3
枣,zǎo,zao,3
䛄,yuǎn,yuan,3
荭,hóng,hong,2
堝,guō,guo,1
邥,shěn,shen,3
潣,mǐn,min,3
柬,jiǎn,jian,3
数,shù,shu,4
缦,màn,man,4
诵,sòng,song,4
歩,bù,bu,4
䤀,䤀,䤀,
檫,chá,cha,2
罘,fú,fu,2
㯪,líng,ling,2
关,guān,guan,1
㐾,㐾,㐾,
谧,mì,mi,4
兤,huáng,huang,2
礿,yuè,yue,4
霛,líng,ling,2
凂,měi,mei,3
哽,gěng,geng,3
䱿,chàn,chan,4
勤,qín,qin,2
䯜,tì,ti,4
谼,hóng,hong,2
廭,廭,廭,
嶡,gùi,gui,4
绣,xìu,xiu,4
嘐,xiāo,xiao,1
卦,guà,gua,4
䩟,yí,yi,2
㭑,mèi,mei,4
烢,zhè,zhe,4
舣,yǐ,yi,3
所,suǒ,suo,3
蝶,dié,die,2
豲,huán,huan,2
棖,chéng,cheng,2
溃,kùi,kui,4
䧼,hú,hu,2
紑,fóu,fou,2
㜈,mù,mu,4
㥟,xié,xie,2
鰰,鰰,鰰,
璙,liáo,liao,2
菊,jú,ju,2
骡,luó,luo,2
䄇,chéng,cheng,2
酭,yòu,you,4
雹,báo,bao,2
㼛,xíng,xing,2
濢,zǔi,zui,3
奛,xiǎng,xiang,3
訴,sù,su,4
䞗,䞗,䞗,
㿓,jiá,jia,2
褥,rù,ru,4
䣀,gǔi,gui,3
㝚,㝚,㝚,
惡,è,e,4
靂,lì,li,4
㿎,fèn,fen,4
耯,huò,huo,4
膚,fū,fu,1
㽝,lì,li,4
苐,yí,yi,2
槗,槗,槗,
赣,gàn,gan,4
蚍,bǐ,bi,3
鍿,zī,zi,1
歪,wāi,wai,1
賏,yìng,ying,4
助,zhù,zhu,4
昏,hūn,hun,1
卡,qiǎ,qia,3
䤕,xuè,xue,4
䧌,䧌,䧌,
㲊,rùi,rui,4
罢,bà,ba,4
莍,qíu,qiu,2
唯,wéi,wei,2
魝,jì,ji,4
庾,yǔ,yu,3
㒀,zhǎ,zha,3
㞑,wěi,wei,3
䂑,䂑,䂑,
蓑,suō,suo,1
识,shì,shi,4
阬,kēng,keng,1
㓶,qiè,qie,4
詘,qū,qu,1
鉠,yāng,yang,1
䍥,lèi,lei,4
鐟,tì,ti,4
治,zhì,zhi,4
䧪,chè,che,4
甖,yīng,ying,1
埳,kǎn,kan,3
䏢,bǐ,bi,3
植,zhí,zhi,2
辩,biàn,bian,4
坥,qū,qu,1
绐,dài,dai,4
葷,hūn,hun,1
鯑,鯑,鯑,
暉,hūi,hui,1
叹,tàn,tan,4
庀,pǐ,pi,3
姻,yīn,yin,1
鸏,méng,meng,2
聂,niè,nie,4
䴯,䴯,䴯,
瑆,xīng,xing,1
㟲,jué,jue,2
梟,xiāo,xiao,1
角,jiǎo,jiao,3
巯,qíu,qiu,2
雗,hàn,han,4
腢,ǒu,ou,3
虜,lǔ,lu,3
諆,qī,qi,1
㽩,càn,can,4
幯,jié,jie,2
聰,cōng,cong,1
堤,dī,di,1
臃,yǒng,yong,3
睽,kúi,kui,2
鼏,mì,mi,4
䁁,lǎng,lang,3
㖘,㖘,㖘,
轒,fén,fen,2
瞇,mī,mi,1
镦,dùi,dui,4
芢,rén,ren,2
䊃,pèi,pei,4
畛,zhěn,zhen,3
㑏,zhù,zhu,4
㘓,lán,lan,2
㺭,zǐ,zi,3
阅,yuè,yue,4
敋,gé,ge,2
齓,chèn,chen,4
㫺,㫺,㫺,
骿,pián,pian,2
䁷,jué,jue,2
敍,xù,xu,4
绶,shòu,shou,4
梵,fàn,fan,4
㹰,㹰,㹰,
媒,méi,mei,2
瘴,zhàng,zhang,4
梛,nuó,nuo,2
洼,wā,wa,1
秀,xìu,xiu,4
㶒,shǎn,shan,3
凘,sī,si,1
䍮,zhào,zhao,4
裛,yì,yi,4
睹,dǔ,du,3
涝,lào,lao,4
韈,wà,wa,4
㰺,xiá,xia,2
喸,喸,喸,
襯,chèn,chen,4
椓,zhuó,zhuo,2
䛂,chí,chi,2
煾,ēn,en,1
皶,zhā,zha,1
矉,bīn,bin,1
烁,shuò,shuo,4
䨕,䨕,䨕,
㛆,duǒ,duo,3
鯂,鯂,鯂,
樑,liáng,liang,2
虹,hóng,hong,2
䡞,jú,ju,2
馠,hān,han,1
䵏,lǎo,lao,3
鴇,bǎo,bao,3
靻,zǔ,zu,3
嶇,qū,qu,1
涹,wō,wo,1
鵨,shū,shu,1
㚨,㚨,㚨,
䪅,dú,du,2
粣,cè,ce,4
萢,萢,萢,
煰,gào,gao,4
䟄,qì,qi,4
圷,圷,圷,
禳,ráng,rang,2
䰌,zǒng,zong,3
襙,cào,cao,4
荰,dù,du,4
蚝,cì,ci,4
䵚,tǎo,tao,3
婀,ē,e,1
砤,tuó,tuo,2
蘿,luó,luo,2
诡,gǔi,gui,3
愓,dàng,dang,4
氿,gǔi,gui,3
䣩,chún,chun,2
墫,zūn,zun,1
个,gè,ge,4
儭,chèn,chen,4
洭,kuāng,kuang,1
㭅,㭅,㭅,
䣹,fá,fa,2
甛,tián,tian,2
肻,kěn,ken,3
梉,zhuāng,zhuang,1
綺,qǐ,qi,3
插,chā,cha,1
䚢,chè,che,4
埿,ní,ni,2
敊,chù,chu,4
澵,zhēn,zhen,1
抾,qū,qu,1
濁,zhuó,zhuo,2
坻,chí,chi,2
鰝,hào,hao,4
䕸,䕸,䕸,
槷,yì,yi,4
老,lǎo,lao,3
㳑,yì,yi,4
岗,gǎng,gang,3
煚,jiǒng,jiong,3
擀,gǎn,gan,3
㗳,tǎ,ta,3
㽨,cuó,cuo,2
欈,wéi,wei,2
脀,chéng,cheng,2
炮,pào,pao,4
鬕,mò,mo,4
㣹,㣹,㣹,
忸,nǐu,niu,3
匋,táo,tao,2
虪,shú,shu,2
㘶,jié,jie,2
掿,nuò,nuo,4
鋖,sī,si,1
㧥,xiǎn,xian,3
䮱,zhú,zhu,2
疉,dié,die,2
䨿,qián,qian,2
窉,bǐng,bing,3
聲,shēng,sheng,1
箃,zōu,zou,1
脰,dòu,dou,4
僤,dàn,dan,4
嘪,mǎi,mai,3
嶉,zūi,zui,1
訪,fǎng,fang,3
碴,chá,cha,2
孪,luán,luan,2
租,zū,zu,1
䮠,䮠,䮠,
騏,qí,qi,2
㠈,rùn,run,4
擡,tái,tai,2
㗈,màn,man,4
㧜,liè,lie,4
䗁,jì,ji,4
䦩,䦩,䦩,
賷,jī,ji,1
㸤,piàn,pian,4
䫄,chuà,chua,4
䬇,yuàn,yuan,4
憍,jiāo,jiao,1
蟍,lí,li,2
惺,xīng,xing,1
鼣,fèi,fei,4
荤,hūn,hun,1
跡,jī,ji,1
㴢,㴢,㴢,
镀,dù,du,4
髹,xīu,xiu,1
钜,jù,ju,4
䦤,chuài,chuai,4
碱,jiǎn,jian,3
譒,bò,bo,4
櫰,huái,huai,2
肿,zhǒng,zhong,3
窪,wā,wa,1
隞,áo,ao,2
濠,háo,hao,2
鉹,chǐ,chi,3
衰,shuāi,shuai,1
蒠,xí,xi,2
㮿,bì,bi,4
䉡,tán,tan,2
巆,yíng,ying,2
腼,miǎn,mian,3
鐯,zhuó,zhuo,2
饘,zhān,zhan,1
㨙,xié,xie,2
沇,yǎn,yan,3
㞾,ní,ni,2
泍,bēn,ben,1
㘳,㘳,㘳,
郍,nuó,nuo,2
娔,kè,ke,4
鮜,hòu,hou,4
錇,póu,pou,2
匐,fú,fu,2
粛,sù,su,4
㻕,jué,jue,2
顺,shùn,shun,4
矴,dìng,ding,4
隚,táng,tang,2
鶦,hú,hu,2
䔱,䔱,䔱,
網,wǎng,wang,3
驜,yè,ye,4
鳸,hù,hu,4
醨,lí,li,2
奨,jiǎng,jiang,3
擋,dǎng,dang,3
椮,sēn,sen,1
奩,lián,lian,2
耋,diè,die,4
柳,lǐu,liu,3
壜,tán,tan,2
伽,qié,qie,2
牴,dǐ,di,3
㩗,xí,xi,2
炵,tōng,tong,1
鞢,xiè,xie,4
蘵,zhí,zhi,2
鼱,jīng,jing,1
蓩,mào,mao,4
繨,dá,da,2
標,biāo,biao,1
誴,cóng,cong,2
䃇,mián,mian,2
珟,sù,su,4
缵,zuǎn,zuan,3
裰,duó,duo,2
踃,xiāo,xiao,1
㿨,lì,li,4
㾩,㾩,㾩,
㶚,bà,ba,4
㵢,léi,lei,2
刄,rèn,ren,4
鰛,wēn,wen,1
掻,sāo,sao,1
艹,艹,艹,
册,cè,ce,4
懝,ài,ai,4
扳,bān,ban,1
䶅,hé,he,2
籗,zhuó,zhuo,2
镏,líu,liu,2
渫,xiè,xie,4
桏,qióng,qiong,2
囙,yīn,yin,1
榿,qī,qi,1
轣,lì,li,4
悥,yì,yi,4
魽,hān,han,1
輶,yóu,you,2
酯,zhǐ,zhi,3
栿,fú,fu,2
赩,xì,xi,4
眪,bǐng,bing,3
覀,xī,xi,1
繫,xì,xi,4
䔗,xiáng,xiang,2
劉,líu,liu,2
鬤,ráng,rang,2
䥒,chóu,chou,2
岰,yǒu,you,3
䢒,䢒,䢒,
栦,chóu,chou,2
㞶,mǐn,min,3
鹢,nì,ni,4
逸,yì,yi,4
㬵,xiáo,xiao,2
癔,yì,yi,4
㺝,jiàn,jian,4
翚,hūi,hui,1
螹,jiàn,jian,4
䢪,bó,bo,2
颠,diān,dian,1
恠,guài,guai,4
湼,niè,nie,4
觋,xí,xi,2
涱,zhàng,zhang,4
蓦,mò,mo,4
闹,nào,nao,4
摵,suǒ,suo,3
䭞,yì,yi,4
铷,rǔ,ru,3
蟺,shàn,shan,4
轲,kē,ke,1
奊,xié,xie,2
鉘,fú,fu,2
鄈,kúi,kui,2
叽,jī,ji,1
垔,yīn,yin,1
殀,yǎo,yao,3
嵢,cāng,cang,1
玦,jué,jue,2
艓,dié,die,2
皺,zhòu,zhou,4
奯,huò,huo,4
陁,tuó,tuo,2
㫓,qǐ,qi,3
硡,hóng,hong,2
镼,qū,qu,1
㙚,㙚,㙚,
覔,mì,mi,4
秷,zhí,zhi,2
齷,wò,wo,4
矻,kù,ku,4
閘,zhá,zha,2
䶵,chí,chi,2
摣,zhā,zha,1
㞦,jǐ,ji,3
詂,fù,fu,4
㞨,zǎi,zai,3
㨡,hún,hun,2
㧁,qù,qu,4
蜒,yán,yan,2
薋,cī,ci,1
誖,bó,bo,2
狵,máng,mang,2
详,xiáng,xiang,2
捪,mín,min,2
薚,táng,tang,2
堥,máo,mao,2
猨,yuán,yuan,2
囒,lán,lan,2
疶,xiè,xie,4
斮,zhuó,zhuo,2
朸,lì,li,4
蟸,lǐ,li,3
䍃,yáo,yao,2
釥,qiǎo,qiao,3
槏,qiǎn,qian,3
篺,pái,pai,2
璇,xuán,xuan,2
慎,shèn,shen,4
䋏,zuò,zuo,4
泱,yāng,yang,1
帧,zhèng,zheng,4
噂,zǔn,zun,3
聜,dǐ,di,3
醥,piǎo,piao,3
㺟,zhuó,zhuo,2
䐑,zhé,zhe,2
㱧,wò,wo,4
亻,rén,ren,2
嫟,nì,ni,4
峍,lù,lu,4
銂,zhōu,zhou,1
铤,tǐng,ting,3
堜,liàn,lian,4
䗴,tíng,ting,2
癝,lǐn,lin,3
帙,zhì,zhi,4
鯻,là,la,4
衏,yuàn,yuan,4
䢤,shù,shu,4
揙,biàn,bian,4
㡭,jì,ji,4
㪙,kě,ke,3
硞,què,que,4
毼,hé,he,2
籏,籏,籏,
創,chuàng,chuang,4
㒛,diào,diao,4
呯,píng,ping,2
濝,qí,qi,2
濫,làn,lan,4
芥,jiè,jie,4
䅞,nà,na,4
䋂,yáo,yao,2
䙗,tì,ti,4
呎,chǐ,chi,3
㠠,lú,lu,2
礓,jiāng,jiang,1
娲,wā,wa,1
塯,lìu,liu,4
䗐,䗐,䗐,
㤂,jí,ji,2
栝,guā,gua,1
鼢,fén,fen,2
㘺,fá,fa,2
姷,yòu,you,4
㻇,㻇,㻇,
䯢,mó,mo,2
䑑,pú,pu,2
䂲,fǎ,fa,3
位,wèi,wei,4
鄎,xì,xi,4
渕,yuān,yuan,1
頞,è,e,4
瞃,wēn,wen,1
唸,niàn,nian,4
咊,hé,he,2
疋,pǐ,pi,3
鮒,fù,fu,4
畾,léi,lei,2
䟠,yuè,yue,4
硘,硘,硘,
柏,bǎi,bai,3
祳,chěn,chen,3
鰞,wū,wu,1
䉬,fèi,fei,4
蒤,tú,tu,2
眙,chì,chi,4
䋼,tǐng,ting,3
兗,yǎn,yan,3
殨,hùi,hui,4
圬,wū,wu,1
迊,zā,za,1
痬,yì,yi,4
猩,xīng,xing,1
㵶,㵶,㵶,
孎,zhǔ,zhu,3
銯,銯,銯,
眖,kuàng,kuang,4
袅,niǎo,niao,3
诰,gào,gao,4
郥,bèi,bei,4
苪,bǐng,bing,3
㶤,chǎo,chao,3
䤧,hùi,hui,4
萋,qī,qi,1
䪵,yǎ,ya,3
鼯,wú,wu,2
径,jìng,jing,4
泥,ní,ni,2
犠,犠,犠,
禍,huò,huo,4
䩰,xuàn,xuan,4
拗,ǎo,ao,3
㭃,㭃,㭃,
陥,xiàn,xian,4
睱,xià,xia,4
耲,huái,huai,2
陭,yī,yi,1
㜆,mì,mi,4
䙺,lián,lian,2
堌,gù,gu,4
莓,méi,mei,2
䈡,䈡,䈡,
燜,mèn,men,4
宬,chéng,cheng,2
䜇,gǔn,gun,3
羲,xī,xi,1
讑,yào,yao,4
凯,kǎi,kai,3
撣,dǎn,dan,3
荝,zé,ze,2
艮,gèn,gen,4
䇩,yì,yi,4
劔,jiàn,jian,4
闑,niè,nie,4
䁚,sǔn,sun,3
䚵,tǎo,tao,3
㬈,㬈,㬈,
娓,wěi,wei,3
攆,niǎn,nian,3
卺,jǐn,jin,3
畉,fú,fu,2
楈,xū,xu,1
讦,jié,jie,2
䋭,huò,huo,4
綐,dùi,dui,4
埊,dì,di,4
㺚,tǎ,ta,3
䨦,páng,pang,2
頖,pàn,pan,4
哃,tóng,tong,2
䉩,䉩,䉩,
古,gǔ,gu,3
蓤,蓤,蓤,
稛,kǔn,kun,3
㹩,㹩,㹩,
嫺,xián,xian,2
塔,tǎ,ta,3
㴐,miàn,mian,4
㾣,㾣,㾣,
䌼,rùi,rui,4
㳣,㳣,㳣,
毽,jiàn,jian,4
喖,hú,hu,2
穢,hùi,hui,4
趝,jiàn,jian,4
萂,hé,he,2
亝,qí,qi,2
㾻,zhù,zhu,4
䦞,rùn,run,4
勝,shèng,sheng,4
颬,xiā,xia,1
奁,lián,lian,2
湃,pài,pai,4
酲,chéng,cheng,2
妥,tuǒ,tuo,3
纠,jīu,jiu,1
㑕,㑕,㑕,
嬆,xī,xi,1
勆,láng,lang,2
潒,dàng,dang,4
箹,yuē,yue,1
玄,xuán,xuan,2
緊,jǐn,jin,3
殕,fǒu,fou,3
収,shōu,shou,1
禪,chán,chan,2
沘,bǐ,bi,3
涙,lèi,lei,4
興,xīng,xing,1
蠵,xī,xi,1
叚,jiǎ,jia,3
怣,yóu,you,2
㬓,piào,piao,4
憾,hàn,han,4
稄,zè,ze,4
䗮,shuǎng,shuang,3
㐯,yōng,yong,1
䧝,dì,di,4
溸,sù,su,4
祛,qū,qu,1
骱,xiè,xie,4
殑,qíng,qing,2
熯,hàn,han,4
虧,kūi,kui,1
㙔,hán,han,2
䰣,wǎng,wang,3
岕,jiè,jie,4
哨,shào,shao,4
蚉,wén,wen,2
䦋,áo,ao,2
㑳,zhòu,zhou,4
䁀,䁀,䁀,
䊬,chà,cha,4
乳,rǔ,ru,3
簤,dài,dai,4
䀁,yòu,you,4
涾,tà,ta,4
鋨,tiě,tie,3
岪,fú,fu,2
褒,bāo,bao,1
䖂,luán,luan,2
涪,fú,fu,2
瘅,dàn,dan,4
㧠,㧠,㧠,
僱,gù,gu,4
酪,lào,lao,4
烿,róng,rong,2
倉,cāng,cang,1
㘎,hǎn,han,3
䓯,dú,du,2
饧,xíng,xing,2
苁,cōng,cong,1
齍,zī,zi,1
㵉,㵉,㵉,
知,zhī,zhi,1
丣,yǒu,you,3
悑,bù,bu,4
犱,jǐ,ji,3
䧵,qí,qi,2
柞,zuò,zuo,4
谬,mìu,miu,4
㴂,㴂,㴂,
䝟,yà,ya,4
组,zǔ,zu,3
㞏,zhé,zhe,2
糂,sǎn,san,3
蒶,fén,fen,2
輰,yáng,yang,2
桥,qiáo,qiao,2
甠,qíng,qing,2
噉,dàn,dan,4
娚,nán,nan,2
巺,xùn,xun,4
凫,fú,fu,2
㚫,shà,sha,4
紉,rèn,ren,4
狂,kuáng,kuang,2
醆,zhǎn,zhan,3
䝑,䝑,䝑,
怀,huái,huai,2
濩,huò,huo,4
陹,陹,陹,
绉,zhòu,zhou,4
畫,huà,hua,4
枦,枦,枦,
䒮,䒮,䒮,
甍,méng,meng,2
栓,shuān,shuan,1
誨,hùi,hui,4
欫,chī,chi,1
迏,tì,ti,4
幈,píng,ping,2
炆,wén,wen,2
㚸,㚸,㚸,
曣,yàn,yan,4
䵝,yà,ya,4
杁,杁,杁,
輽,bèn,ben,4
㦰,㦰,㦰,
璚,qióng,qiong,2
虏,lǔ,lu,3
㟬,shǔ,shu,3
尣,wāng,wang,1
岶,pò,po,4
鰏,bì,bi,4
䔴,cè,ce,4
她,tā,ta,1
氯,lv̀,lv,4
䰪,mèi,mei,4
换,huàn,huan,4
㬆,mián,mian,2
锽,huáng,huang,2
收,shōu,shou,1
傰,péng,peng,2
锪,huō,huo,1
竪,shù,shu,4
劼,jié,jie,2
㡛,máng,mang,2
跍,kū,ku,1
砎,jiè,jie,4
薝,zhán,zhan,2
㫣,㫣,㫣,
瘓,huàn,huan,4
籣,lán,lan,2
騺,zhì,zhi,4
㒢,㒢,㒢,
棛,yù,yu,4
䆶,䆶,䆶,
㣙,dí,di,2
熇,hè,he,4
始,shǐ,shi,3
爪,zhuǎ,zhua,3
䮪,chéng,cheng,2
晷,gǔi,gui,3
抽,chōu,chou,1
羐,yǒu,you,3
麃,biāo,biao,1
腑,fǔ,fu,3
㑃,ǎo,ao,3
謳,ōu,ou,1
禈,hūi,hui,1
趓,duǒ,duo,3
难,nán,nan,2
韸,péng,peng,2
居,jū,ju,1
冪,mì,mi,4
㷁,㷁,㷁,
塞,sāi,sai,1
沀,xù,xu,4
舾,xī,xi,1
鹯,zhān,zhan,1
呶,náo,nao,2
郞,láng,lang,2
鍁,xiān,xian,1
馁,něi,nei,3
悏,qiè,qie,4
誙,héng,heng,2
弣,fǔ,fu,3
饵,ěr,er,3
姺,shēn,shen,1
殻,què,que,4
鼚,chāng,chang,1
㢃,láng,lang,2
慗,chì,chi,4
㽿,㽿,㽿,
摎,liáo,liao,2
蚑,qí,qi,2
欜,náng,nang,2
僝,chán,chan,2
帷,wéi,wei,2
浭,gēng,geng,1
浨,lǎn,lan,3
隌,ǎn,an,3
傥,tǎng,tang,3
㞻,hào,hao,4
餉,xiǎng,xiang,3
䆾,lán,lan,2
堫,zōng,zong,1
龩,龩,龩,
桗,duò,duo,4
樅,cōng,cong,1
㨅,nèi,nei,4
嗂,yáo,yao,2
惭,cán,can,2
垌,dòng,dong,4
朋,péng,peng,2
㮖,jiá,jia,2
䠞,cù,cu,4
蠀,cī,ci,1
㰰,qiè,qie,4
粝,lì,li,4
瘬,zhàng,zhang,4
疞,xū,xu,1
受,shòu,shou,4
瓛,huán,huan,2
牦,máo,mao,2
柡,yǒng,yong,3
觾,yàn,yan,4
㗌,zhì,zhi,4
焒,焒,焒,
缴,jiǎo,jiao,3
屋,wū,wu,1
䓑,bǐng,bing,3
襍,zá,za,2
婱,xián,xian,2
潹,chán,chan,2
㻢,㻢,㻢,
䅐,jiǎn,jian,3
闓,kǎi,kai,3
輧,pián,pian,2
㪰,㪰,㪰,
斛,hú,hu,2
伓,bēi,bei,1
綁,bǎng,bang,3
埫,chǒng,chong,3
蘚,xiǎn,xian,3
有,yǒu,you,3
䨰,pò,po,4
猳,jiā,jia,1
缎,duàn,duan,4
茆,mǎo,mao,3
䝲,jìn,jin,4
弮,quān,quan,1
悓,qiàn,qian,4
睡,shùi,shui,4
醔,jīu,jiu,1
暂,zàn,zan,4
唞,dǒu,dou,3
䵈,䵈,䵈,
䍨,bó,bo,2
燰,wēi,wei,1
畗,dá,da,2
㫐,yǎo,yao,3
䆜,yòu,you,4
游,yóu,you,2
㸐,rán,ran,2
筷,kuài,kuai,4
弽,shè,she,4
蘟,yǐn,yin,3
尔,ěr,er,3
艵,píng,ping,2
吳,wú,wu,2
㥠,xǔ,xu,3
䘦,ní,ni,2
坌,bèn,ben,4
䘊,miè,mie,4
織,zhī,zhi,1
謆,shàn,shan,4
慥,zào,zao,4
扪,mén,men,2
谵,zhān,zhan,1
䘬,róng,rong,2
䴃,náo,nao,2
窐,gūi,gui,1
魕,jǐ,ji,3
蠊,lián,lian,2
㓏,jiǒng,jiong,3
㗀,㗀,㗀,
唷,yō,yo,1
譽,yù,yu,4
箪,dān,dan,1
䞀,gòu,gou,4
樢,niǎo,niao,3
䐔,bìn,bin,4
两,liǎng,liang,3
抸,zā,za,1
釪,yú,yu,2
栁,lǐu,liu,3
鋜,zhuó,zhuo,2
規,gūi,gui,1
勗,xù,xu,4
樴,zhí,zhi,2
惮,dàn,dan,4
龚,gōng,gong,1
嵈,huǎn,huan,3
迓,yà,ya,4
㖐,wěi,wei,3
㣈,sì,si,4
䴳,hè,he,4
婲,婲,婲,
鎎,xì,xi,4
䘛,䘛,䘛,
疠,lì,li,4
䚧,líu,liu,2
髲,pī,pi,1
鶍,鶍,鶍,
㔶,gòng,gong,4
笹,笹,笹,
㣓,càn,can,4
䵢,mèi,mei,4
㡆,㡆,㡆,
樄,chén,chen,2
歸,gūi,gui,1
摦,huà,hua,4
茋,dǐ,di,3
䱽,䱽,䱽,
髣,fǎng,fang,3
鱝,fèn,fen,4
鹇,xián,xian,2
砺,lì,li,4
魱,hú,hu,2
肟,wò,wo,4
娗,dìng,ding,4
藝,yì,yi,4
剜,wān,wan,1
膣,zhì,zhi,4
䍫,tuó,tuo,2
鴜,zī,zi,1
䇣,nà,na,4
蚣,gōng,gong,1
䪔,bǔ,bu,3
賣,mài,mai,4
摡,gài,gai,4
㨯,huò,huo,4
樈,qíng,qing,2
磍,xiá,xia,2
㜳,huái,huai,2
胍,guā,gua,1
鏞,yōng,yong,1
冤,yuān,yuan,1
辋,wǎng,wang,3
蜕,shùi,shui,4
咑,què,que,4
鹱,huò,huo,4
瞧,qiáo,qiao,2
㧇,mǎo,mao,3
䀚,áng,ang,2
郺,yōng,yong,1
㥪,lóu,lou,2
爏,lì,li,4
敾,敾,敾,
韀,jiān,jian,1
薻,zǎo,zao,3
订,dìng,ding,4
詑,tuó,tuo,2
驋,bō,bo,1
㟡,㟡,㟡,
㛉,㛉,㛉,
迅,xùn,xun,4
玞,fū,fu,1
褿,cáo,cao,2
摍,suō,suo,1
疂,疂,疂,
槭,cù,cu,4
鮝,xiǎng,xiang,3
稿,gǎo,gao,3
嘎,gā,ga,1
碆,bō,bo,1
蜲,wěi,wei,3
嗇,sè,se,4
㕪,dǎn,dan,3
䣷,䣷,䣷,
埀,chúi,chui,2
冞,mí,mi,2
菃,qú,qu,2
䫇,rán,ran,2
鷪,yīng,ying,1
䠽,hái,hai,2
妿,ē,e,1
骨,gǔ,gu,3
砥,dǐ,di,3
蛷,qíu,qiu,2
㪣,qiào,qiao,4
鈐,qián,qian,2
蜀,shǔ,shu,3
䲺,gàn,gan,4
䖰,pài,pai,4
攈,jùn,jun,4
侍,shì,shi,4
貖,è,e,4
樇,xīu,xiu,1
㹻,㹻,㹻,
㱠,㱠,㱠,
緡,mín,min,2
䖲,xún,xun,2
鯘,něi,nei,3
䭗,yǐng,ying,3
煔,tiàn,tian,4
矁,chǒu,chou,3
湈,méi,mei,2
灩,yàn,yan,4
怅,chàng,chang,4
䂤,fù,fu,4
欢,huān,huan,1
晟,shèng,sheng,4
䊩,fán,fan,2
㴄,yíng,ying,2
嗓,sǎng,sang,3
灖,mǐ,mi,3
蟢,xǐ,xi,3
罳,sī,si,1
䌮,䌮,䌮,
雪,xuě,xue,3
软,ruǎn,ruan,3
藩,fán,fan,2
舸,gě,ge,3
穣,ráng,rang,2
㛭,㛭,㛭,
鯤,kūn,kun,1
箒,zhǒu,zhou,3
㭩,lèi,lei,4
䃀,cùi,cui,4
妸,ē,e,1
敽,jiǎo,jiao,3
䦠,shǐ,shi,3
蓈,láng,lang,2
䠷,tiǎo,tiao,3
苮,xiān,xian,1
㗣,tì,ti,4
㪳,㪳,㪳,
㞥,cén,cen,2
蘆,lú,lu,2
幎,mì,mi,4
蹭,cèng,ceng,4
䦪,yà,ya,4
䕃,yìn,yin,4
釄,mí,mi,2
繜,zūn,zun,1
敞,chǎng,chang,3
麘,xiāng,xiang,1
凾,hán,han,2
埝,niàn,nian,4
覣,wēi,wei,1
㿠,㿠,㿠,
鍟,xīng,xing,1
啗,dàn,dan,4
㡢,màn,man,4
㽬,fù,fu,4
姿,zī,zi,1
鷷,zūn,zun,1
駃,kuài,kuai,4
帰,gūi,gui,1
侳,zuò,zuo,4
䜔,súi,sui,2
䡯,shuàng,shuang,4
䕻,gé,ge,2
䚴,wà,wa,4
繒,zēng,zeng,1
崍,lái,lai,2
䥶,lì,li,4
左,zuǒ,zuo,3
㦈,㦈,㦈,
攣,luán,luan,2
䕍,yì,yi,4
甤,rúi,rui,2
塉,jí,ji,2
㧉,gài,gai,4
翝,hóng,hong,2
遥,yáo,yao,2
劽,liè,lie,4
秢,líng,ling,2
鎪,sōu,sou,1
鮊,bó,bo,2
䖧,nà,na,4
㾗,lǎng,lang,3
醸,niàng,niang,4
飉,liáo,liao,2
僜,dèng,deng,4
歓,huān,huan,1
㪁,qín,qin,2
䵆,méng,meng,2
郁,yù,yu,4
㦴,gé,ge,2
衖,lòng,long,4
䠨,chàn,chan,4
耤,jí,ji,2
䁻,lì,li,4
䅧,yàn,yan,4
㶨,㶨,㶨,
哰,láo,lao,2
鵠,hú,hu,2
郑,zhèng,zheng,4
秓,zhī,zhi,1
秥,nián,nian,2
匱,gùi,gui,4
晴,qíng,qing,2
臊,sāo,sao,1
慹,zhí,zhi,2
㹀,bó,bo,2
陓,yū,yu,1
䝭,gòu,gou,4
鴿,gē,ge,1
㬞,hè,he,4
弚,túi,tui,2
鳻,fēn,fen,1
垡,fá,fa,2
性,xìng,xing,4
鏿,chēng,cheng,1
㣲,wéi,wei,2
祎,yī,yi,1
跖,zhí,zhi,2
璲,sùi,sui,4
㥣,hùi,hui,4
䔆,lí,li,2
槻,gūi,gui,1
㵹,huán,huan,2
瑩,yíng,ying,2
䵻,gǔ,gu,3
虙,fú,fu,2
觃,yàn,yan,4
崕,yá,ya,2
逷,tì,ti,4
䧻,䧻,䧻,
押,yā,ya,1
霢,mài,mai,4
䶾,䶾,䶾,
䃏,䃏,䃏,
災,zāi,zai,1
拭,shì,shi,4
轹,lì,li,4
㬏,lì,li,4
跉,líng,ling,2
軟,ruǎn,ruan,3
趦,zī,zi,1
錑,lèi,lei,4
乨,shǐ,shi,3
䔪,dùi,dui,4
饸,jiá,jia,2
夞,夞,夞,
䉀,shù,shu,4
㭊,㭊,㭊,
嵰,qiǎn,qian,3
蕹,yōng,yong,1
煂,hè,he,4
糽,zhěng,zheng,3
盳,máng,mang,2
说,shuō,shuo,1
抟,tuán,tuan,2
㯚,dá,da,2
鿦,鿦,鿦,
默,mò,mo,4
䠄,tiǎn,tian,3
㩔,tún,tun,2
诌,zōu,zou,1
愠,yùn,yun,4
擸,liè,lie,4
躬,gōng,gong,1
捔,jué,jue,2
㫤,chǎng,chang,3
袾,zhū,zhu,1
褶,zhé,zhe,2
朲,rén,ren,2
耠,hé,he,2
棍,gùn,gun,4
蛊,gǔ,gu,3
橖,táng,tang,2
㢨,hàn,han,4
亡,wáng,wang,2
螻,lóu,lou,2
刌,cǔn,cun,3
癦,癦,癦,
馭,yù,yu,4
玌,qíu,qiu,2
愔,yīn,yin,1
枥,lì,li,4
炳,bǐng,bing,3
㩓,hǔi,hui,3
鄪,bì,bi,4
判,pàn,pan,4
羫,qiāng,qiang,1
㳇,fù,fu,4
蕒,mǎi,mai,3
衒,xuàn,xuan,4
総,zǒng,zong,3
觓,jīu,jiu,1
䒤,rì,ri,4
銵,kēng,keng,1
孟,mèng,meng,4
周,zhōu,zhou,1
䁈,qì,qi,4
㓞,qì,qi,4
㮭,xián,xian,2
铞,diào,diao,4
怵,chù,chu,4
㯝,lù,lu,4
赾,qǐn,qin,3
坧,zhī,zhi,1
齃,gé,ge,2
㻓,㻓,㻓,
休,xīu,xiu,1
曗,yè,ye,4
㤕,chù,chu,4
鎸,juān,juan,1
莞,guān,guan,1
諻,hēng,heng,1
䅍,dòng,dong,4
浱,chún,chun,2
阾,lǐng,ling,3
㧨,qíu,qiu,2
鳔,biào,biao,4
碚,bèi,bei,4
厊,yǎ,ya,3
鴪,yù,yu,4
瘽,jìn,jin,4
蟣,jǐ,ji,3
觊,jì,ji,4
擪,yè,ye,4
臎,cùi,cui,4
铧,huá,hua,2
豵,zōng,zong,1
儕,chái,chai,2
奫,yūn,yun,1
賘,zāng,zang,1
䫒,mén,men,2
蘥,yuè,yue,4
蟧,láo,lao,2
娿,ē,e,1
岤,xuè,xue,4
敃,mǐn,min,3
禨,jī,ji,1
煬,yáng,yang,2
膒,膒,膒,
䑫,䑫,䑫,
罂,yīng,ying,1
燢,xué,xue,2
淮,huái,huai,2
鷔,áo,ao,2
㤠,liè,lie,4
淶,lái,lai,2
紿,dài,dai,4
喝,hē,he,1
肶,pí,pi,2
䭌,hú,hu,2
塺,méi,mei,2
㯵,㯵,㯵,
愎,bì,bi,4
封,fēng,feng,1
靖,jìng,jing,4
孧,孧,孧,
㕑,chú,chu,2
㧍,fǎng,fang,3
兒,ér,er,2
䶛,là,la,4
蚿,xián,xian,2
䪎,䪎,䪎,
㿗,túi,tui,2
榸,zhāi,zhai,1
鼜,qì,qi,4
鳨,lì,li,4
繇,yáo,yao,2
爓,yàn,yan,4
隥,dèng,deng,4
㼡,㼡,㼡,
㵴,cáng,cang,2
㿹,tà,ta,4
蜹,rùi,rui,4
頻,pín,pin,2
㣆,mí,mi,2
恞,yí,yi,2
寷,fēng,feng,1
霂,mù,mu,4
灱,xiāo,xiao,1
㙂,dùi,dui,4
虻,méng,meng,2
鹩,liáo,liao,2
谕,yù,yu,4
闂,xiàng,xiang,4
榕,róng,rong,2
窼,zhāo,zhao,1
㼤,qì,qi,4
阑,lán,lan,2
䞉,shèng,sheng,4
楬,jié,jie,2
褜,褜,褜,
艰,jiān,jian,1
尙,shàng,shang,4
鋺,yuān,yuan,1
鑸,lěi,lei,3
点,diǎn,dian,3
忘,wàng,wang,4
龜,gūi,gui,1
䳺,yàn,yan,4
歨,bù,bu,4
蔐,dí,di,2
強,qiáng,qiang,2
偩,fù,fu,4
訑,yí,yi,2
穜,tóng,tong,2
廎,qǐng,qing,3
誠,chéng,cheng,2
惉,chān,chan,1
罬,zhuó,zhuo,2
糕,gāo,gao,1
䀛,mèi,mei,4
弪,jìng,jing,4
阮,ruǎn,ruan,3
㭍,㭍,㭍,
瓼,瓼,瓼,
暏,dǔ,du,3
碾,niǎn,nian,3
駨,xún,xun,2
埑,zhé,zhe,2
㖚,㖚,㖚,
噾,yīn,yin,1
倊,zòng,zong,4
杝,yí,yi,2
悒,yì,yi,4
啁,zhōu,zhou,1
鄴,yè,ye,4
䒷,䒷,䒷,
䅘,lái,lai,2
㑁,zhuō,zhuo,1
璑,wú,wu,2
誾,yín,yin,2
㒤,shè,she,4
碳,tàn,tan,4
䶔,chí,chi,2
屮,chè,che,4
旹,shí,shi,2
絖,kuàng,kuang,4
䕚,kùi,kui,4
槀,kǎo,kao,3
滥,làn,lan,4
登,dēng,deng,1
縵,màn,man,4
鄫,céng,ceng,2
䃐,䃐,䃐,
稖,bàng,bang,4
䩞,nián,nian,2
潸,shān,shan,1
䇹,jùn,jun,4
䝗,䝗,䝗,
蓴,chún,chun,2
鲑,gūi,gui,1
赍,jī,ji,1
䴸,䴸,䴸,
㻼,㻼,㻼,
傁,sǒu,sou,3
䶣,ái,ai,2
磌,zhēn,zhen,1
吹,chūi,chui,1
㥷,yè,ye,4
籇,háo,hao,2
靛,diàn,dian,4
踑,qí,qi,2
㷩,㷩,㷩,
靕,zhēn,zhen,1
㮎,㮎,㮎,
獧,juàn,juan,4
䬊,qiè,qie,4
鑒,jiàn,jian,4
黱,dài,dai,4
輁,qióng,qiong,2
欓,dǎng,dang,3
笖,yǐ,yi,3
徘,pái,pai,2
帇,niè,nie,4
䰤,䰤,䰤,
浶,láo,lao,2
㩜,lǎn,lan,3
㓿,㓿,㓿,
嘮,láo,lao,2
爄,lì,li,4
棷,zōu,zou,1
萌,méng,meng,2
㫫,xiǎn,xian,3
珃,rǎn,ran,3
駪,shēn,shen,1
剝,bō,bo,1
躀,kuàng,kuang,4
認,rèn,ren,4
蒦,wò,wo,4
鵿,shēng,sheng,1
的,de,de,5
谥,shì,shi,4
䮳,fán,fan,2
暲,zhāng,zhang,1
呞,shī,shi,1
㣍,tái,tai,2
忾,kài,kai,4
餴,fēn,fen,1
烤,kǎo,kao,3
觴,shāng,shang,1
禥,qí,qi,2
鱮,xù,xu,4
滜,gāo,gao,1
垚,yáo,yao,2
枞,cōng,cong,1
軩,dài,dai,4
瓾,měng,meng,3
湧,yǒng,yong,3
䝻,䝻,䝻,
䳭,jí,ji,2
鉬,mù,mu,4
记,jì,ji,4
爑,jué,jue,2
喓,yāo,yao,1
燨,xī,xi,1
䶉,líu,liu,2
珻,méi,mei,2
㘉,zhì,zhi,4
䕥,nǐ,ni,3
畒,mǔ,mu,3
䂓,䂓,䂓,
埛,jiōng,jiong,1
获,huò,huo,4
霟,hóng,hong,2
捊,póu,pou,2
迨,dài,dai,4
繠,rǔi,rui,3
騱,xī,xi,1
喔,ō,o,1
痠,suān,suan,1
瑘,yé,ye,2
䣖,mǎ,ma,3
湿,shī,shi,1
䞜,fù,fu,4
鳵,bǎo,bao,3
茎,jīng,jing,1
敎,jiào,jiao,4
锬,tán,tan,2
蒚,hé,he,2
恀,chǐ,chi,3
䮔,zǔi,zui,3
爚,yuè,yue,4
䧬,䧬,䧬,
材,cái,cai,2
睓,tiǎn,tian,3
塅,duàn,duan,4
榦,gàn,gan,4
鮕,gū,gu,1
屦,jù,ju,4
䚣,tí,ti,2
䫁,bì,bi,4
由,yóu,you,2
盼,pàn,pan,4
㡣,lóng,long,2
刼,jié,jie,2
㩧,bó,bo,2
㯳,qíng,qing,2
猍,lái,lai,2
猧,wō,wo,1
蜜,mì,mi,4
鹍,kūn,kun,1
婋,xiāo,xiao,1
䠣,xuǎn,xuan,3
燤,tài,tai,4
產,chǎn,chan,3
惂,kǎn,kan,3
劸,wā,wa,1
䏞,mò,mo,4
氛,fēn,fen,1
㧳,bó,bo,2
㞕,xiè,xie,4
亳,bó,bo,2
巐,chǎo,chao,3
窯,yáo,yao,2
㒵,mào,mao,4
㕊,㕊,㕊,
䀱,䀱,䀱,
驊,huá,hua,2
挰,chéng,cheng,2
黆,guāng,guang,1
班,bān,ban,1
卢,lú,lu,2
嘩,huā,hua,1
䮈,chí,chi,2
俁,yǔ,yu,3
簳,gàn,gan,4
禄,lù,lu,4
㿛,lí,li,2
号,hào,hao,4
艌,niàn,nian,4
粖,mò,mo,4
疧,zhī,zhi,1
蠯,bèng,beng,4
櫔,lì,li,4
䧜,táng,tang,2
鉝,lì,li,4
䙤,duǒ,duo,3
蒂,dì,di,4
佚,yì,yi,4
情,qíng,qing,2
匌,gé,ge,2
妆,zhuāng,zhuang,1
糱,niè,nie,4
秕,bǐ,bi,3
泣,qì,qi,4
招,zhāo,zhao,1
絹,juàn,juan,4
犃,pǒu,pou,3
洒,sǎ,sa,3
彪,biāo,biao,1
䫖,chěn,chen,3
奼,chà,cha,4
骙,kúi,kui,2
澇,lào,lao,4
劫,jié,jie,2
郊,jiāo,jiao,1
踕,jié,jie,2
稱,chēng,cheng,1
䜏,䜏,䜏,
髙,gāo,gao,1
僉,qiān,qian,1
卿,qīng,qing,1
罚,fá,fa,2
螥,cāng,cang,1
轝,yú,yu,2
㤦,lì,li,4
須,xū,xu,1
㻆,㻆,㻆,
岂,qǐ,qi,3
昴,mǎo,mao,3
珥,ěr,er,3
椌,qiāng,qiang,1
烮,烮,烮,
䭔,䭔,䭔,
砣,tuó,tuo,2
鸓,lěi,lei,3
辭,cí,ci,2
黣,měi,mei,3
蟷,dāng,dang,1
詴,wēi,wei,1
黒,hēi,hei,1
䜰,䜰,䜰,
䱮,é,e,2
衈,èr,er,4
攫,jué,jue,2
貁,yòu,you,4
旒,líu,liu,2
潶,hēi,hei,1
癟,biě,bie,3
喦,niè,nie,4
揀,jiǎn,jian,3
钳,qián,qian,2
鬝,qiān,qian,1
㽳,hàn,han,4
濘,nìng,ning,4
襦,rú,ru,2
㕇,lá,la,2
䄠,shàn,shan,4
碋,hè,he,4
鴌,fèng,feng,4
啭,zhuàn,zhuan,4
瑓,liàn,lian,4
蜐,jié,jie,2
牊,sháo,shao,2
僄,piào,piao,4
䉝,qǐ,qi,3
倃,zán,zan,2
䑸,䑸,䑸,
䞷,jué,jue,2
诏,zhào,zhao,4
㻖,dài,dai,4
妽,shēn,shen,1
嶻,zá,za,2
罺,chāo,chao,1
生,shēng,sheng,1
䓄,yín,yin,2
䎡,nuǎn,nuan,3
奀,ēn,en,1
耓,tīng,ting,1
步,bù,bu,4
蟥,huáng,huang,2
䬜,䬜,䬜,
㹘,rú,ru,2
姸,yán,yan,2
愷,kǎi,kai,3
䞑,hóng,hong,2
覥,tiǎn,tian,3
瑳,cuǒ,cuo,3
嵩,sōng,song,1
叒,ruò,ruo,4
揝,zuàn,zuan,4
鲈,lú,lu,2
陿,shǎn,shan,3
巬,巬,巬,
暭,hào,hao,4
彈,dàn,dan,4
鴆,zhèn,zhen,4
竿,gān,gan,1
肵,jìn,jin,4
璃,lí,li,2
莻,莻,莻,
镟,xuàn,xuan,4
平,píng,ping,2
㚞,měng,meng,3
赮,xiá,xia,2
㲘,qú,qu,2
赓,gēng,geng,1
蘤,wěi,wei,3
箷,shī,shi,1
莢,jiá,jia,2
卍,wàn,wan,4
碉,diāo,diao,1
䟧,tián,tian,2
靹,nà,na,4
䴞,dí,di,2
萭,yǔ,yu,3
暃,暃,暃,
闎,闎,闎,
徼,jiào,jiao,4
芔,hǔi,hui,3
锝,dé,de,2
毢,sāi,sai,1
趩,chì,chi,4
䤗,gǎn,gan,3
搉,què,que,4
箚,zhá,zha,2
䁣,chuán,chuan,2
嚨,lóng,long,2
獘,bì,bi,4
倶,jù,ju,4
銉,yù,yu,4
懆,cǎo,cao,3
偫,zhì,zhi,4
嶶,嶶,嶶,
拏,ná,na,2
氢,qīng,qing,1
㰢,㰢,㰢,
苉,pǐ,pi,3
媃,róu,rou,2
䇁,䇁,䇁,
曰,yuē,yue,1
俎,zǔ,zu,3
湡,yú,yu,2
辣,là,la,4
䒙,䒙,䒙,
㚌,huà,hua,4
䨒,yù,yu,4
褫,chǐ,chi,3
锖,qiāng,qiang,1
㜴,mèng,meng,4
鱰,鱰,鱰,
挮,tǐ,ti,3
穷,qióng,qiong,2
腄,chúi,chui,2
俏,qiào,qiao,4
鍫,qiāo,qiao,1
蒨,qiàn,qian,4
炢,zhú,zhu,2
瑲,qiāng,qiang,1
䶩,jì,ji,4
芀,tiáo,tiao,2
硍,kèn,ken,4
匥,biàn,bian,4
驠,yàn,yan,4
㾙,yǐn,yin,3
㟌,máng,mang,2
䬍,䬍,䬍,
厼,厼,厼,
包,bāo,bao,1
䩗,bà,ba,4
䣵,èr,er,4
䪇,bó,bo,2
鮣,yìn,yin,4
彵,tuǒ,tuo,3
曊,fèi,fei,4
賎,jiàn,jian,4
丙,bǐng,bing,3
货,huò,huo,4
膓,cháng,chang,2
傤,zài,zai,4
㰍,lóng,long,2
箂,lái,lai,2
頋,gù,gu,4
枸,jǔ,ju,3
㣶,zhān,zhan,1
㖴,㖴,㖴,
眹,zhèn,zhen,4
䤡,rǎn,ran,3
滓,zǐ,zi,3
鑠,shuò,shuo,4
㓋,gòng,gong,4
抻,shèn,shen,4
杕,dì,di,4
羴,shān,shan,1
懈,xiè,xie,4
㪠,qiàn,qian,4
鷯,liáo,liao,2
奥,ào,ao,4
㥽,cè,ce,4
袥,袥,袥,
嵲,niè,nie,4
厱,lán,lan,2
謙,qiān,qian,1
攃,sà,sa,4
绗,hèng,heng,4
雕,diāo,diao,1
犥,piǎo,piao,3
踰,yú,yu,2
䱚,lù,lu,4
㭡,xì,xi,4
㶟,lěi,lei,3
䛡,huà,hua,4
罐,guàn,guan,4
剿,jiǎo,jiao,3
剌,là,la,4
湪,湪,湪,
㢓,yǎo,yao,3
㚊,㚊,㚊,
嫼,mò,mo,4
稰,xū,xu,1
忓,gān,gan,1
鼘,yuān,yuan,1
悛,quān,quan,1
姘,pīn,pin,1
敫,jiào,jiao,4
㝫,lóng,long,2
咒,zhòu,zhou,4
椹,shèn,shen,4
㰯,kòu,kou,4
崦,yān,yan,1
蹙,cù,cu,4
噯,ǎi,ai,3
嘯,xiào,xiao,4
賍,zāng,zang,1
㬱,tì,ti,4
埯,ǎn,an,3
㙭,㙭,㙭,
㿌,㿌,㿌,
伉,kàng,kang,4
舭,què,que,4
鹥,yī,yi,1
縺,lián,lian,2
廾,gǒng,gong,3
釳,xì,xi,4
鏈,liàn,lian,4
恏,hǎo,hao,3
朜,tūn,tun,1
鄟,zhuān,zhuan,1
恆,héng,heng,2
溉,gài,gai,4
䆈,zhì,zhi,4
鰬,qián,qian,2
謉,謉,謉,
顮,bīn,bin,1
特,tè,te,4
䍟,zòng,zong,4
䦆,jué,jue,2
䫆,chéng,cheng,2
婃,cóng,cong,2
阂,hé,he,2
㜷,mí,mi,2
酸,suān,suan,1
萘,nài,nai,4
媩,hú,hu,2
羘,zāng,zang,1
躉,dǔn,dun,3
螠,yì,yi,4
湞,chéng,cheng,2
僛,qī,qi,1
閊,閊,閊,
友,yǒu,you,3
卂,xìn,xin,4
鴎,ōu,ou,1
嵿,dǐng,ding,3
犕,bèi,bei,4
蛍,yíng,ying,2
桄,guàng,guang,4
舩,chuán,chuan,2
粌,粌,粌,
盂,yú,yu,2
獬,xiè,xie,4
鱊,jué,jue,2
薟,liǎn,lian,3
蟽,dá,da,2
呲,zī,zi,1
嗀,huò,huo,4
斌,bīn,bin,1
蓓,bèi,bei,4
閟,bì,bi,4
邎,yáo,yao,2
台,tái,tai,2
尚,shàng,shang,4
等,děng,deng,3
瞡,jì,ji,4
声,shēng,sheng,1
㑪,chái,chai,2
銴,shì,shi,4
橵,橵,橵,
䲅,䲅,䲅,
䕆,dòu,dou,4
籃,lán,lan,2
䁧,miáo,miao,2
伞,sǎn,san,3
颚,è,e,4
笼,lóng,long,2
噍,jiào,jiao,4
暎,yìng,ying,4
棗,zǎo,zao,3
蟙,zhí,zhi,2
疈,bò,bo,4
䵩,lí,li,2
䂢,dǒng,dong,3
櫶,xiǎn,xian,3
逊,xùn,xun,4
杰,jié,jie,2
䛵,shòu,shou,4
䣓,lí,li,2
赨,xióng,xiong,2
膗,chuái,chuai,2
蠌,zé,ze,2
呝,è,e,4
癕,yōng,yong,1
斟,zhēn,zhen,1
坡,pō,po,1
熿,huáng,huang,2
釨,zǐ,zi,3
朑,朑,朑,
籩,biān,bian,1
庒,庒,庒,
穬,gǒng,gong,3
㖵,㖵,㖵,
䁯,shè,she,4
珳,wén,wen,2
㻈,㻈,㻈,
獲,huò,huo,4
孇,shuāng,shuang,1
摤,chuǎng,chuang,3
贁,bài,bai,4
崀,làng,lang,4
䆵,chéng,cheng,2
褳,lián,lian,2
诗,shī,shi,1
鳉,jiāng,jiang,1
堡,bǎo,bao,3
鮩,bìng,bing,4
蠠,mì,mi,4
葍,fú,fu,2
咡,èr,er,4
刞,qù,qu,4
峨,é,e,2
袀,jūn,jun,1
闭,bì,bi,4
謖,sù,su,4
㓴,jùn,jun,4
骛,wù,wu,4
閥,fá,fa,2
夻,夻,夻,
竒,qí,qi,2
冘,yín,yin,2
崑,kūn,kun,1
滞,zhì,zhi,4
䘪,䘪,䘪,
酈,lì,li,4
綻,zhàn,zhan,4
浏,líu,liu,2
䊣,huáng,huang,2
愪,yún,yun,2
㤆,fàn,fan,4
杩,mà,ma,4
㱢,láng,lang,2
厒,hé,he,2
夗,yuàn,yuan,4
䤌,䤌,䤌,
焯,zhuó,zhuo,2
簴,jù,ju,4
䬫,cǎn,can,3
崋,huá,hua,2
鳋,sāo,sao,1
結,jié,jie,2
惥,yǒng,yong,3
孂,jiǎo,jiao,3
溏,táng,tang,2
辎,zī,zi,1
嘙,pó,po,2
趖,suō,suo,1
礽,réng,reng,2
両,liǎng,liang,3
缚,fú,fu,2
㴞,㴞,㴞,
蝖,xuān,xuan,1
諔,zhù,zhu,4
㧋,xiǎn,xian,3
國,guó,guo,2
垽,yìn,yin,4
蔢,pó,po,2
柂,yí,yi,2
擞,sǒu,sou,3
㐲,dài,dai,4
蒇,chǎn,chan,3
癚,dàn,dan,4
侏,zhū,zhu,1
䮋,lì,li,4
舋,xìn,xin,4
縖,xiá,xia,2
兟,shēn,shen,1
預,yù,yu,4
礷,lán,lan,2
脳,脳,脳,
濅,jìn,jin,4
钸,bù,bu,4
肌,jī,ji,1
㺸,píng,ping,2
霠,yīn,yin,1
賚,lài,lai,4
炟,dá,da,2
澶,chán,chan,2
锘,tiǎn,tian,3
赌,dǔ,du,3
嬁,dēng,deng,1
鸎,yīng,ying,1
銔,pī,pi,1
泧,yuè,yue,4
悱,fěi,fei,3
㑨,yǔ,yu,3
㵡,báo,bao,2
童,tóng,tong,2
鿳,鿳,鿳,
踋,jiǎo,jiao,3
䟌,jí,ji,2
㭛,pài,pai,4
䂼,niè,nie,4
壅,yōng,yong,1
亴,yòu,you,4
雄,xióng,xiong,2
橚,sù,su,4
顸,hān,han,1
㛯,miǎn,mian,3
韧,rèn,ren,4
轆,lù,lu,4
䟅,jiàn,jian,4
烝,zhēng,zheng,1
腯,tú,tu,2
蛆,qū,qu,1
儳,chàn,chan,4
肜,róng,rong,2
榽,xī,xi,1
帻,zé,ze,2
瞔,zé,ze,2
鄰,lín,lin,2
癫,diān,dian,1
鈴,líng,ling,2
豶,fén,fen,2
徔,徔,徔,
葶,tíng,ting,2
歞,kǎn,kan,3
站,zhàn,zhan,4
礏,jí,ji,2
泜,chí,chi,2
喥,dù,du,4
睰,mà,ma,4
哴,liàng,liang,4
霘,dòng,dong,4
蹌,qiāng,qiang,1
弑,shì,shi,4
蟅,zhè,zhe,4
圞,luán,luan,2
㹹,㹹,㹹,
咐,fù,fu,4
仄,zè,ze,4
隿,yì,yi,4
諼,xuān,xuan,1
汀,tīng,ting,1
㠃,㠃,㠃,
鑱,chán,chan,2
墡,shàn,shan,4
㐞,㐞,㐞,
㖧,wěn,wen,3
樃,láng,lang,2
䢫,súi,sui,2
㟈,qíu,qiu,2
檯,tái,tai,2
鈻,sì,si,4
䈟,cè,ce,4
駀,yóu,you,2
䜨,䜨,䜨,
㘜,chǐ,chi,3
㽸,chén,chen,2
儥,dú,du,2
誔,tǐng,ting,3
㫿,㫿,㫿,
䂹,suǒ,suo,3
擛,yè,ye,4
䴂,hàng,hang,4
珸,wú,wu,2
㨩,jié,jie,2
䘉,cán,can,2
踉,láng,lang,2
䁱,ào,ao,4
鸭,yā,ya,1
懿,yì,yi,4
頇,hān,han,1
駻,hàn,han,4
䅹,lóu,lou,2
圣,shèng,sheng,4
篤,dǔ,du,3
咮,zhòu,zhou,4
趉,zhú,zhu,2
多,duō,duo,1
矕,mǎn,man,3
賳,zāi,zai,1
䍆,zhù,zhu,4
嬥,tiǎo,tiao,3
笕,jiǎn,jian,3
鱎,jiǎo,jiao,3
刔,jué,jue,2
篃,méi,mei,2
藒,qiè,qie,4
閳,chǎn,chan,3
蝊,蝊,蝊,
櫗,miè,mie,4
涊,niǎn,nian,3
䶃,hán,han,2
癠,jì,ji,4
䫥,kǔi,kui,3
蔾,lí,li,2
邴,bǐng,bing,3
蘮,jì,ji,4
鯊,shā,sha,1
離,lí,li,2
烧,shāo,shao,1
赀,zī,zi,1
爎,爎,爎,
褾,biǎo,biao,3
箓,lù,lu,4
㥂,tè,te,4
躁,zào,zao,4
戊,wù,wu,4
川,chuān,chuan,1
安,ān,an,1
顜,jiǎng,jiang,3
湸,liàng,liang,4
媘,媘,媘,
䎜,䎜,䎜,
杷,pá,pa,2
點,diǎn,dian,3
世,shì,shi,4
贳,shì,shi,4
圂,hùn,hun,4
尿,niào,niao,4
纟,sī,si,1
飘,piāo,piao,1
㪪,sà,sa,4
浘,wěi,wei,3
蔨,jùn,jun,4
飻,tiè,tie,4
洂,yì,yi,4
儻,tǎng,tang,3
㶑,liàn,lian,4
䑞,shùn,shun,4
䮚,lèng,leng,4
㵂,chuǎng,chuang,3
撗,huáng,huang,2
镎,ná,na,2
礄,qiáo,qiao,2
鹴,shuāng,shuang,1
瞍,sǒu,sou,3
聺,聺,聺,
薡,dǐng,ding,3
㙿,㙿,㙿,
飵,zhǎi,zhai,3
壶,hú,hu,2
螼,qǐn,qin,3
蠥,niè,nie,4
㕱,yóu,you,2
蝰,hǔi,hui,3
漀,qìng,qing,4
蒎,pài,pai,4
謇,jiǎn,jian,3
雅,yǎ,ya,3
鷽,xué,xue,2
㥹,fěn,fen,3
悖,bèi,bei,4
鐦,kāi,kai,1
譹,háo,hao,2
啽,án,an,2
醭,bú,bu,2
䭰,běng,beng,3
厵,yuán,yuan,2
藕,ǒu,ou,3
㴎,㴎,㴎,
窺,kūi,kui,1
䇽,zhì,zhi,4
籭,sī,si,1
澸,dǎn,dan,3
篧,zhuó,zhuo,2
䟾,juě,jue,3
籅,yú,yu,2
䕺,cóng,cong,2
宺,huǎng,huang,3
沣,fēng,feng,1
掺,xiān,xian,1
䱤,xiàn,xian,4
嶼,yǔ,yu,3
逵,kúi,kui,2
俿,jiàn,jian,4
餿,sōu,sou,1
鸂,qī,qi,1
咭,jī,ji,1
藓,xiǎn,xian,3
㻠,tú,tu,2
煶,煶,煶,
玪,jiān,jian,1
戳,chuō,chuo,1
淖,nào,nao,4
岃,岃,岃,
婝,diàn,dian,4
㿂,㿂,㿂,
㳟,㳟,㳟,
祍,祍,祍,
纀,pú,pu,2
㭪,㭪,㭪,
俪,lì,li,4
㗤,cù,cu,4
扒,bā,ba,1
抶,chì,chi,4
哩,lī,li,1
沄,yún,yun,2
㷚,㷚,㷚,
䆇,䆇,䆇,
鮇,wèi,wei,4
伧,cāng,cang,1
嚰,mó,mo,2
栟,bīng,bing,1
捼,nuó,nuo,2
蘭,lán,lan,2
輥,gǔn,gun,3
鏫,lí,li,2
䒪,biàn,bian,4
㬁,㬁,㬁,
捶,chúi,chui,2
鷘,chì,chi,4
儯,téng,teng,2
奖,jiǎng,jiang,3
辂,lù,lu,4
嶘,zhàn,zhan,4
蟋,xī,xi,1
㿥,hú,hu,2
毮,毮,毮,
䄋,yǎn,yan,3
軦,huàng,huang,4
旨,zhǐ,zhi,3
俷,fèi,fei,4
殝,殝,殝,
艆,láng,lang,2
豢,huàn,huan,4
攙,chān,chan,1
囯,guó,guo,2
寎,bìng,bing,4
锚,máo,mao,2
鿹,鿹,鿹,
觹,xī,xi,1
聾,lóng,long,2
䚚,xiǎn,xian,3
誻,tà,ta,4
杒,rèn,ren,4
縒,cuǒ,cuo,3
趜,jú,ju,2
㢭,㢭,㢭,
䬂,xuè,xue,4
詉,náo,nao,2
环,huán,huan,2
㫄,páng,pang,2
䬬,yǎng,yang,3
櫠,fèi,fei,4
聆,líng,ling,2
墊,diàn,dian,4
䮝,huán,huan,2
猸,méi,mei,2
簌,sù,su,4
䣋,cǎi,cai,3
傷,shāng,shang,1
糮,xiàn,xian,4
霷,yáng,yang,2
㭎,㭎,㭎,
託,tuō,tuo,1
燇,zùn,zun,4
䄧,réng,reng,2
錞,dùi,dui,4
蕝,jué,jue,2
漞,mì,mi,4
俗,sú,su,2
䰉,pán,pan,2
鋊,yù,yu,4
莭,jié,jie,2
鈁,fāng,fang,1
蠡,lǐ,li,3
㼠,tuó,tuo,2
鵼,kōng,kong,1
呢,ní,ni,2
勩,yì,yi,4
銐,chì,chi,4
甧,sēn,sen,1
葏,jīng,jing,1
袺,jié,jie,2
㞭,dài,dai,4
䫘,hé,he,2
瓚,zàn,zan,4
觖,jué,jue,2
腫,zhǒng,zhong,3
㤎,㤎,㤎,
饞,chán,chan,2
翄,chì,chi,4
旺,wàng,wang,4
沬,mèi,mei,4
辑,jí,ji,2
䙲,䙲,䙲,
斀,zhuó,zhuo,2
䱡,jú,ju,2
噹,dāng,dang,1
斓,lán,lan,2
鏀,lǔ,lu,3
㤾,sàn,san,4
焢,hōng,hong,1
㤅,ài,ai,4
皥,hào,hao,4
頳,chēng,cheng,1
槄,tāo,tao,1
㭼,tà,ta,4
銁,jūn,jun,1
皴,cūn,cun,1
蝵,qīu,qiu,1
櫛,jié,jie,2
墟,xū,xu,1
䓾,䓾,䓾,
䈋,tà,ta,4
刜,fú,fu,2
述,shù,shu,4
紅,hóng,hong,2
震,zhèn,zhen,4
欪,chù,chu,4
唽,xī,xi,1
䰚,wén,wen,2
栈,zhàn,zhan,4
沉,chén,chen,2
皘,qiàn,qian,4
貎,ní,ni,2
頗,pō,po,1
陘,xíng,xing,2
蒄,guān,guan,1
妾,qiè,qie,4
榅,yún,yun,2
䅝,䅝,䅝,
郉,xíng,xing,2
衕,tòng,tong,4
偈,jié,jie,2
宴,yàn,yan,4
䌰,shè,she,4
鐓,dùi,dui,4
戞,jiá,jia,2
蟇,má,ma,2
邠,bīn,bin,1
㕩,zhàng,zhang,4
紏,tǒu,tou,3
鄞,yín,yin,2
㶣,chán,chan,2
怙,hù,hu,4
鶐,shù,shu,4
㛊,duǒ,duo,3
䵼,䵼,䵼,
毨,xiǎn,xian,3
郗,chī,chi,1
銓,quán,quan,2
饹,le,le,5
爨,cuàn,cuan,4
修,xīu,xiu,1
䢹,jǔ,ju,3
赞,zàn,zan,4
還,huán,huan,2
鞹,kuò,kuo,4
勸,quàn,quan,4
橔,túi,tui,2
㐇,㐇,㐇,
胥,xū,xu,1
垍,jì,ji,4
㞒,xì,xi,4
衴,dǎn,dan,3
䣙,péi,pei,2
硇,náo,nao,2
譂,chǎn,chan,3
粰,fú,fu,2
稥,稥,稥,
襐,xiàng,xiang,4
竀,chēng,cheng,1
檖,sùi,sui,4
䓟,liè,lie,4
㴿,dǐng,ding,3
歏,jìn,jin,4
灤,luán,luan,2
盆,pén,pen,2
箻,lv̀,lv,4
迩,ěr,er,3
脨,cù,cu,4
麮,qù,qu,4
汼,汼,汼,
鯷,shì,shi,4
榺,shèng,sheng,4
騂,xīng,xing,1
怸,xī,xi,1
枿,niè,nie,4
弨,chāo,chao,1
拱,gǒng,gong,3
畹,wǎn,wan,3
欺,qī,qi,1
磛,chán,chan,2
䛥,xì,xi,4
鿰,鿰,鿰,
狙,jū,ju,1
䧲,hàn,han,4
墄,qī,qi,1
旪,xié,xie,2
泙,píng,ping,2
㤞,chà,cha,4
馩,fén,fen,2
钺,yuè,yue,4
顾,gù,gu,4
熽,xiào,xiao,4
僀,dì,di,4
彟,huò,huo,4
㯔,cùi,cui,4
摚,táng,tang,2
偰,xiè,xie,4
㾽,túi,tui,2
菹,jū,ju,1
微,wēi,wei,1
芽,yá,ya,2
䄀,huò,huo,4
滼,fàn,fan,4
䇂,䇂,䇂,
桒,sāng,sang,1
鼖,fén,fen,2
椛,椛,椛,
㥶,sè,se,4
憫,mǐn,min,3
瑐,jiǎn,jian,3
遰,dì,di,4
㑻,mà,ma,4
㴏,wǎng,wang,3
霬,yì,yi,4
䳂,tiáo,tiao,2
脄,méi,mei,2
晅,xuān,xuan,1
飨,xiǎng,xiang,3
㥔,yú,yu,2
幞,fú,fu,2
㔱,yǔ,yu,3
如,rú,ru,2
䮮,mài,mai,4
昈,hù,hu,4
土,tǔ,tu,3
鋃,láng,lang,2
䰋,mán,man,2
㟙,lǎo,lao,3
豪,háo,hao,2
檿,yǎn,yan,3
梑,dí,di,2
緙,kè,ke,4
㢆,chán,chan,2
㩺,㩺,㩺,
緈,xìng,xing,4
㘞,huò,huo,4
駈,qū,qu,1
莈,mò,mo,4
靨,yè,ye,4
葾,yuān,yuan,1
瀊,pán,pan,2
㩨,hùi,hui,4
鄌,táng,tang,2
鼴,yǎn,yan,3
钡,bèi,bei,4
梸,lí,li,2
銰,āi,ai,1
檑,léi,lei,2
䚼,nv̀,nv,4
勽,bào,bao,4
遌,è,e,4
挴,měi,mei,3
躡,niè,nie,4
㗻,㗻,㗻,
㳫,tà,ta,4
灓,luán,luan,2
亰,jīng,jing,1
祓,fú,fu,2
殲,jiān,jian,1
嫪,lào,lao,4
蚃,xiàng,xiang,4
䘧,䘧,䘧,
㿺,báo,bao,2
悳,duó,duo,2
㽣,yù,yu,4
䓝,méng,meng,2
䩈,hùi,hui,4
枾,shì,shi,4
芠,wén,wen,2
縣,xiàn,xian,4
椝,gūi,gui,1
鋽,diào,diao,4
冒,mào,mao,4
熻,xī,xi,1
鉡,bàn,ban,4
㬼,fù,fu,4
垫,diàn,dian,4
騵,yuán,yuan,2
钋,pò,po,4
㰑,㰑,㰑,
蓰,xǐ,xi,3
䠚,wà,wa,4
汨,mì,mi,4
畡,gāi,gai,1
覒,máo,mao,2
䤐,jǐn,jin,3
箶,hú,hu,2
鐂,lìu,liu,4
烅,xù,xu,4
攪,jiǎo,jiao,3
蠼,jué,jue,2
铳,chòng,chong,4
昅,jié,jie,2
椥,zhī,zhi,1
毪,mú,mu,2
鹡,jí,ji,2
徙,xǐ,xi,3
㜉,㜉,㜉,
礑,dàng,dang,4
毌,guàn,guan,4
擰,níng,ning,2
嗧,嗧,嗧,
篛,ruò,ruo,4
饒,ráo,rao,2
䤿,qiè,qie,4
䊆,jìu,jiu,4
摾,jiàng,jiang,4
澆,jiāo,jiao,1
袟,zhì,zhi,4
戆,gàng,gang,4
罹,lí,li,2
犚,wèi,wei,4
眺,tiào,tiao,4
住,zhù,zhu,4
闛,táng,tang,2
䎗,qiáo,qiao,2
䥏,yǔ,yu,3
嘜,mà,ma,4
髁,kē,ke,1
恎,dié,die,2
淗,jú,ju,2
飫,yù,yu,4
扮,bàn,ban,4
㵙,㵙,㵙,
衔,xián,xian,2
叞,wèi,wei,4
南,nán,nan,2
蠄,qín,qin,2
餯,hùi,hui,4
唪,fěng,feng,3
獩,hùi,hui,4
踧,cù,cu,4
叆,ài,ai,4
迿,xùn,xun,4
㤴,xí,xi,2
䊀,hú,hu,2
曷,hé,he,2
阵,zhèn,zhen,4
腘,guó,guo,2
餵,wèi,wei,4
尛,尛,尛,
唁,yàn,yan,4
欸,ǎi,ai,3
䆀,měi,mei,3
廛,chán,chan,2
腭,è,e,4
㩵,è,e,4
僣,jiàn,jian,4
穏,wěn,wen,3
三,sān,san,1
熅,yùn,yun,4
䊪,lì,li,4
铭,míng,ming,2
棃,lí,li,2
栻,shì,shi,4
毛,máo,mao,2
湄,méi,mei,2
誫,zhèn,zhen,4
壥,壥,壥,
鷱,kāo,kao,1
瀙,qīn,qin,1
㕋,jìng,jing,4
枧,jiàn,jian,4
攒,zǎn,zan,3
槰,bèng,beng,4
讒,chán,chan,2
珢,kèn,ken,4
陵,líng,ling,2
疄,lín,lin,2
㾲,㾲,㾲,
仅,jǐn,jin,3
鑇,jī,ji,1
邦,bāng,bang,1
醣,táng,tang,2
葚,shèn,shen,4
俛,fǔ,fu,3
谲,jué,jue,2
軫,zhěn,zhen,3
䱀,䱀,䱀,
胼,pián,pian,2
艨,méng,meng,2
氧,yǎng,yang,3
㦕,lóng,long,2
歲,sùi,sui,4
舡,gāng,gang,1
桌,zhuō,zhuo,1
壛,yán,yan,2
杧,máng,mang,2
䍩,ǎng,ang,3
翷,lín,lin,2
㷀,qióng,qiong,2
嘹,liáo,liao,2
䍂,yú,yu,2
绀,gàn,gan,4
勥,qiǎng,qiang,3
膛,táng,tang,2
牮,jiàn,jian,4
祝,zhù,zhu,4
逅,hòu,hou,4
鵊,jiá,jia,2
䧣,䧣,䧣,
墣,pū,pu,1
峃,xué,xue,2
氩,yà,ya,4
桉,ān,an,1
㰝,yǐ,yi,3
鐹,guǒ,guo,3
枵,xiāo,xiao,1
譖,zèn,zen,4
咥,xì,xi,4
䁾,miè,mie,4
㾾,lián,lian,2
籘,téng,teng,2
刢,líng,ling,2
鷵,tú,tu,2
㯧,㯧,㯧,
鶿,zī,zi,1
冺,mǐn,min,3
鼵,tú,tu,2
鯠,lái,lai,2
咖,kā,ka,1
厨,chú,chu,2
䚗,䚗,䚗,
猦,fēng,feng,1
㑑,㑑,㑑,
櫫,zhū,zhu,1
鶋,jū,ju,1
圈,quān,quan,1
妵,tǒu,tou,3
㯃,㯃,㯃,
㬬,jù,ju,4
龝,qīu,qiu,1
蔍,lù,lu,4
麦,mài,mai,4
䰻,yú,yu,2
踺,jiàn,jian,4
豴,dí,di,2
籜,tuò,tuo,4
㸣,yè,ye,4
訳,yì,yi,4
姶,yǎn,yan,3
遜,xùn,xun,4
荮,zhòu,zhou,4
翽,hùi,hui,4
㞉,㞉,㞉,
玊,sù,su,4
䬢,䬢,䬢,
忒,tè,te,4
痳,lín,lin,2
㢹,㢹,㢹,
㭧,㭧,㭧,
䝘,yì,yi,4
緒,xù,xu,4
穥,yù,yu,4
㖉,㖉,㖉,
攚,攚,攚,
絁,shī,shi,1
賸,shèng,sheng,4
唛,mà,ma,4
牞,jīu,jiu,1
挸,jiǎn,jian,3
柭,bō,bo,1
谰,lán,lan,2
慷,kāng,kang,1
燋,jiāo,jiao,1
痼,gù,gu,4
渋,渋,渋,
歜,chù,chu,4
捝,tuō,tuo,1
呬,xì,xi,4
倳,zì,zi,4
楐,jiè,jie,4
䲚,lài,lai,4
劜,yā,ya,1
䟼,wǔ,wu,3
㵞,chóu,chou,2
䨛,sè,se,4
奘,zàng,zang,4
鬛,liè,lie,4
釺,qiān,qian,1
㾞,yǒu,you,3
踊,yǒng,yong,3
橎,fán,fan,2
鷻,tuán,tuan,2
㧽,gù,gu,4
覟,zhì,zhi,4
冄,rǎn,ran,3
黳,yī,yi,1
䂜,bàng,bang,4
䪧,chí,chi,2
犤,pí,pi,2
泒,gū,gu,1
阼,zuò,zuo,4
㚿,páo,pao,2
艘,sāo,sao,1
掑,qí,qi,2
昁,bèi,bei,4
靏,hè,he,4
漢,hàn,han,4
圸,圸,圸,
岉,wù,wu,4
焿,焿,焿,
䟭,tiáo,tiao,2
鉉,xuàn,xuan,4
盁,yíng,ying,2
攧,diān,dian,1
㝞,yà,ya,4
㗰,chù,chu,4
䞤,qú,qu,2
籿,cùn,cun,4
詔,zhào,zhao,4
珆,yí,yi,2
糺,jīu,jiu,1
籱,zhuó,zhuo,2
叟,sǒu,sou,3
握,wò,wo,4
㹋,㹋,㹋,
蛝,xián,xian,2
譚,tán,tan,2
䓱,chái,chai,2
䧛,bàng,bang,4
釠,luàn,luan,4
㸳,líng,ling,2
鋀,dòu,dou,4
淽,zhǐ,zhi,3
朠,yīng,ying,1
余,yú,yu,2
鸟,niǎo,niao,3
歿,mò,mo,4
鞛,běng,beng,3
遝,tà,ta,4
瓠,hù,hu,4
䶿,䶿,䶿,
徭,yáo,yao,2
伟,wěi,wei,3
䂦,zhěn,zhen,3
鲽,dié,die,2
㤺,huǎng,huang,3
凲,gān,gan,1
壒,ài,ai,4
謕,tí,ti,2
梊,dì,di,4
藑,qióng,qiong,2
幜,jiǒng,jiong,3
黬,àn,an,4
桺,lǐu,liu,3
芍,sháo,shao,2
雖,sūi,sui,1
瓶,píng,ping,2
进,jìn,jin,4
鸷,zhì,zhi,4
䯶,mán,man,2
㪋,hàn,han,4
㷓,zǒng,zong,3
繚,liáo,liao,2
装,zhuāng,zhuang,1
査,chá,cha,2
䫩,sǎn,san,3
鐵,tiě,tie,3
潇,xiāo,xiao,1
宾,bīn,bin,1
屲,屲,屲,
笠,lì,li,4
糯,nuò,nuo,4
㑡,㑡,㑡,
沼,zhǎo,zhao,3
魴,fáng,fang,2
㾡,què,que,4
為,wèi,wei,4
惷,chǔn,chun,3
䗏,䗏,䗏,
銊,xù,xu,4
辙,chè,che,4
钯,bǎ,ba,3
泚,cǐ,ci,3
撢,dǎn,dan,3
楲,wēi,wei,1
珴,é,e,2
咿,yī,yi,1
㘁,yì,yi,4
䄆,huó,huo,2
鄕,xiāng,xiang,1
掓,shú,shu,2
艱,jiān,jian,1
駯,駯,駯,
裀,yīn,yin,1
㰻,yǐ,yi,3
䒋,yǎng,yang,3
戮,lù,lu,4
釧,chuàn,chuan,4
焥,wò,wo,4
䋵,yì,yi,4
旻,mín,min,2
喂,wèi,wei,4
剉,cuò,cuo,4
䓉,yé,ye,2
䔩,䔩,䔩,
䬸,䬸,䬸,
鑖,miè,mie,4
㝭,xǐng,xing,3
鿶,鿶,鿶,
䬽,dùi,dui,4
䵄,bí,bi,2
陱,jū,ju,1
祤,yǔ,yu,3
辞,cí,ci,2
寺,sì,si,4
釩,fán,fan,2
迌,迌,迌,
碗,wǎn,wan,3
贬,biǎn,bian,3
侴,chǒu,chou,3
洑,fú,fu,2
雠,chóu,chou,2
顳,niè,nie,4
熓,wǔ,wu,3
昸,dōng,dong,1
謰,lián,lian,2
㧰,lì,li,4
䉆,diǎo,diao,3
焚,fén,fen,2
茞,chén,chen,2
隣,lín,lin,2
傧,bìn,bin,4
痖,yǎ,ya,3
設,shè,she,4
疘,gāng,gang,1
娫,yán,yan,2
渥,wò,wo,4
穿,chuān,chuan,1
仔,zǐ,zi,3
迃,yū,yu,1
蘽,lěi,lei,3
䣬,zǎi,zai,3
暿,xǐ,xi,3
油,yóu,you,2
炂,zhōng,zhong,1
䵁,qiàng,qiang,4
閕,xiā,xia,1
耍,shuǎ,shua,3
淯,yù,yu,4
熎,yào,yao,4
皾,dú,du,2
鄤,màn,man,4
訦,chén,chen,2
圚,hùi,hui,4
泭,fū,fu,1
轪,dì,di,4
䐚,jí,ji,2
㥒,cǎi,cai,3
碣,jié,jie,2
閔,mǐn,min,3
貼,tiē,tie,1
牛,níu,niu,2
轉,zhuǎn,zhuan,3
㛢,㛢,㛢,
誂,tiǎo,tiao,3
䒦,fàn,fan,4
忹,wǎng,wang,3
筝,zhēng,zheng,1
店,diàn,dian,4
䔨,䔨,䔨,
鎖,suǒ,suo,3
爉,là,la,4
罰,fá,fa,2
䶋,䶋,䶋,
罻,wèi,wei,4
磑,wèi,wei,4
赿,chí,chi,2
禾,hé,he,2
澙,xì,xi,4
巅,diān,dian,1
莣,wáng,wang,2
襊,zùi,zui,4
昳,dié,die,2
幂,mì,mi,4
饛,méng,meng,2
坒,bì,bi,4
蟕,zūi,zui,1
鍖,chěn,chen,3
㬊,huǎn,huan,3
䆍,lóng,long,2
想,xiǎng,xiang,3
澰,liàn,lian,4
鞬,jiān,jian,1
囉,luō,luo,1
推,tūi,tui,1
狖,yòu,you,4
䍲,nái,nai,2
䴌,méng,meng,2
㲩,㲩,㲩,
剳,zhā,zha,1
爌,kuàng,kuang,4
怎,zěn,zen,3
搰,hú,hu,2
覍,biàn,bian,4
進,jìn,jin,4
䞏,䞏,䞏,
琅,láng,lang,2
眆,fǎng,fang,3
䇲,cè,ce,4
㴪,niè,nie,4
蟄,zhé,zhe,2
討,tǎo,tao,3
婯,lì,li,4
牟,móu,mou,2
㴉,jǐ,ji,3
圝,luán,luan,2
暧,ài,ai,4
䛤,cù,cu,4
心,xīn,xin,1
蓎,táng,tang,2
嚃,tà,ta,4
䱉,shàn,shan,4
嶭,è,e,4
鼈,biē,bie,1
漍,guó,guo,2
鿼,鿼,鿼,
哉,zāi,zai,1
䊅,míng,ming,2
㙐,duǒ,duo,3
䉁,líng,ling,2
顬,rú,ru,2
鰶,jì,ji,4
覡,xí,xi,2
欻,xū,xu,1
镝,dí,di,2
㴛,zhì,zhi,4
怒,nù,nu,4
䓙,䓙,䓙,
㑴,㑴,㑴,
悬,xuán,xuan,2
这,zhè,zhe,4
喫,chī,chi,1
攴,pū,pu,1
法,fǎ,fa,3
艕,bàng,bang,4
壐,xǐ,xi,3
㷻,wú,wu,2
咇,bì,bi,4
㥻,㥻,㥻,
䝈,è,e,4
簵,dù,du,4
銻,tī,ti,1
肸,xì,xi,4
粆,shā,sha,1
儒,rú,ru,2
孑,jié,jie,2
㚒,shǎn,shan,3
惗,niē,nie,1
泵,bèng,beng,4
艃,lí,li,2
擖,gě,ge,3
䡇,yuè,yue,4
鋿,cháng,chang,2
惌,yuān,yuan,1
醅,pēi,pei,1
鸤,shī,shi,1
灜,灜,灜,
絎,hèng,heng,4
柮,duò,duo,4
閯,shà,sha,4
葰,jùn,jun,4
献,xiàn,xian,4
佗,tuó,tuo,2
㕢,gài,gai,4
泫,xuàn,xuan,4
㭥,㭥,㭥,
齂,xì,xi,4
釈,shì,shi,4
䴒,líng,ling,2
㬘,sù,su,4
㮚,lì,li,4
龻,龻,龻,
頿,zī,zi,1
嬮,yān,yan,1
㚙,㚙,㚙,
䡗,gǒng,gong,3
䐌,tiǎn,tian,3
齏,jī,ji,1
喽,lou,lou,5
幩,fén,fen,2
䀰,gǔ,gu,3
䧉,lǐ,li,3
焏,jí,ji,2
戫,yù,yu,4
幚,bāng,bang,1
䦾,yǔn,yun,3
綰,wǎn,wan,3
飁,xí,xi,2
娷,shùi,shui,4
棜,yù,yu,4
䆮,jìn,jin,4
蓉,róng,rong,2
糪,bó,bo,2
綠,lv̀,lv,4
釭,gāng,gang,1
䁒,jí,ji,2
馀,yú,yu,2
栶,栶,栶,
佾,yì,yi,4
惑,huò,huo,4
㟏,hán,han,2
娑,suō,suo,1
華,huá,hua,2
娳,娳,娳,
斻,háng,hang,2
簙,bó,bo,2
䒇,fù,fu,4
擵,mó,mo,2
烴,jǐng,jing,3
梃,tǐng,ting,3
暷,chuán,chuan,2
粒,lì,li,4
貣,tè,te,4
㤜,jué,jue,2
䚥,nuò,nuo,4
䩪,guǎn,guan,3
醁,lù,lu,4
遙,yáo,yao,2
㲓,róng,rong,2
鹕,hú,hu,2
阱,jǐng,jing,3
㿮,yàng,yang,4
夊,sūi,sui,1
蘹,huài,huai,4
硣,xiāo,xiao,1
鸖,hè,he,4
畏,wèi,wei,4
羃,mì,mi,4
汎,fàn,fan,4
䦓,䦓,䦓,
㘫,jǐng,jing,3
芓,zǐ,zi,3
鏢,biāo,biao,1
彻,chè,che,4
飛,fēi,fei,1
奕,yì,yi,4
槺,kāng,kang,1
嘫,rán,ran,2
簲,pái,pai,2
鹙,qīu,qiu,1
蚯,qīu,qiu,1
䋻,nín,nin,2
㔎,xiè,xie,4
䆝,shù,shu,4
怳,huǎng,huang,3
詙,bá,ba,2
錾,zàn,zan,4
䱨,zhì,zhi,4
衮,gǔn,gun,3
邫,bāng,bang,1
䃰,䃰,䃰,
㵻,sòu,sou,4
䫗,xiá,xia,2
鈸,bó,bo,2
䯎,gàn,gan,4
仭,rèn,ren,4
骉,biāo,biao,1
穛,zhuō,zhuo,1
掔,qiān,qian,1
甩,shuǎi,shuai,3
历,lì,li,4
羞,xīu,xiu,1
蝚,róu,rou,2
漘,chún,chun,2
駭,hài,hai,4
鏒,qiāo,qiao,1
督,dū,du,1
詢,xún,xun,2
虸,zǐ,zi,3
紐,nǐu,niu,3
炈,yì,yi,4
喿,sào,sao,4
膟,lv̀,lv,4
瑺,cháng,chang,2
䨫,mài,mai,4
橴,橴,橴,
殗,yè,ye,4
葡,pú,pu,2
忡,chōng,chong,1
㟭,mín,min,2
澾,tà,ta,4
痘,dòu,dou,4
篢,gōng,gong,1
㗛,xiào,xiao,4
筅,xiǎn,xian,3
䴐,bǎo,bao,3
暅,xuǎn,xuan,3
䍱,xú,xu,2
傴,yǔ,yu,3
婇,cǎi,cai,3
㼶,yú,yu,2
虡,jù,ju,4
蛀,zhù,zhu,4
䚞,dǎi,dai,3
桕,jìu,jiu,4
捬,fǔ,fu,3
㔌,zhòu,zhou,4
輞,wǎng,wang,3
㡿,chì,chi,4
骤,zòu,zou,4
唩,wō,wo,1
抩,tān,tan,1
䄹,nián,nian,2
穝,穝,穝,
峵,hóng,hong,2
勈,yǒng,yong,3
箿,jí,ji,2
顴,quán,quan,2
㰿,㰿,㰿,
噇,chuáng,chuang,2
芺,ǎo,ao,3
攋,là,la,4
鵢,shēn,shen,1
䮭,mì,mi,4
㴦,guàn,guan,4
姧,jiān,jian,1
䋴,nìu,niu,4
㰲,xù,xu,4
槩,gài,gai,4
岒,qián,qian,2
㙸,bào,bao,4
翺,áo,ao,2
婷,tíng,ting,2
鯿,biān,bian,1
杦,杦,杦,
湛,zhàn,zhan,4
袣,yì,yi,4
㙙,lǒng,long,3
莩,fú,fu,2
縐,zhòu,zhou,4
㗃,wěn,wen,3
䣣,dǎng,dang,3
嫇,míng,ming,2
㝁,xún,xun,2
卅,sà,sa,4
榵,róng,rong,2
楔,xiē,xie,1
决,jué,jue,2
滪,yù,yu,4
脔,luán,luan,2
䦔,tǎn,tan,3
喇,lǎ,la,3
鈮,ní,ni,2
坂,bǎn,ban,3
痛,tòng,tong,4
鄓,jú,ju,2
论,lùn,lun,4
鮃,píng,ping,2
㜄,xún,xun,2
遅,chí,chi,2
傮,zāo,zao,1
璎,yīng,ying,1
穉,zhì,zhi,4
顀,chúi,chui,2
㶽,㶽,㶽,
䈂,bìng,bing,4
喉,hóu,hou,2
詠,yǒng,yong,3
㠦,㠦,㠦,
畕,jiāng,jiang,1
㻌,tú,tu,2
驂,cān,can,1
岨,jū,ju,1
壊,huài,huai,4
画,huà,hua,4
䑅,méng,meng,2
䞰,zuó,zuo,2
㒨,㒨,㒨,
淫,yín,yin,2
媊,qián,qian,2
瑤,yáo,yao,2
㕐,xiě,xie,3
摪,jiāng,jiang,1
镽,liǎo,liao,3
㳡,㳡,㳡,
晕,yūn,yun,1
婽,jiǎ,jia,3
蚁,yǐ,yi,3
鲧,gǔn,gun,3
䌨,cài,cai,4
燆,qiáo,qiao,2
揢,kè,ke,4
䔃,zǔ,zu,3
禐,yuàn,yuan,4
築,zhú,zhu,2
坩,gān,gan,1
亹,wěi,wei,3
俦,chóu,chou,2
槂,sūn,sun,1
䶲,nán,nan,2
蕸,xiá,xia,2
甭,béng,beng,2
沧,cāng,cang,1
蛶,liè,lie,4
嗽,sòu,sou,4
䦯,zhì,zhi,4
㑢,㑢,㑢,
媙,wēi,wei,1
㟅,yáng,yang,2
瞺,hùi,hui,4
莲,lián,lian,2
腰,yāo,yao,1
喣,xǔ,xu,3
丮,jǐ,ji,3
銕,tiě,tie,3
䴹,guǒ,guo,3
熰,ōu,ou,1
澑,lìu,liu,4
辇,niǎn,nian,3
㽦,xún,xun,2
䦥,xián,xian,2
㻴,㻴,㻴,
瘭,biāo,biao,1
旸,yáng,yang,2
䐤,chí,chi,2
皸,jūn,jun,1
捱,ái,ai,2
狜,gǔ,gu,3
愞,nuò,nuo,4
府,fǔ,fu,3
弅,fén,fen,2
㒅,qǐ,qi,3
㧚,wǎ,wa,3
鴘,biàn,bian,4
簿,bù,bu,4
址,zhǐ,zhi,3
谚,yàn,yan,4
葬,zàng,zang,4
尮,duò,duo,4
妼,bì,bi,4
但,dàn,dan,4
壹,yī,yi,1
寁,zǎn,zan,3
㢢,㢢,㢢,
鈝,yín,yin,2
㢿,㢿,㢿,
豾,pī,pi,1
蛸,shāo,shao,1
洉,hòu,hou,4
赛,sài,sai,4
夁,yī,yi,1
視,shì,shi,4
妕,zhòng,zhong,4
窩,wō,wo,1
蓬,péng,peng,2
䗋,móu,mou,2
艩,qí,qi,2
颣,lèi,lei,4
袔,hè,he,4
䙝,xiè,xie,4
廗,dài,dai,4
垴,nǎo,nao,3
萞,萞,萞,
玅,miào,miao,4
鼽,qíu,qiu,2
唹,yū,yu,1
脌,脌,脌,
鞈,jiá,jia,2
堛,bì,bi,4
絅,jiǒng,jiong,3
䰥,huò,huo,4
苹,píng,ping,2
彥,yàn,yan,4
屴,lì,li,4
荷,hé,he,2
搸,zhēn,zhen,1
磘,qìng,qing,4
瀭,瀭,瀭,
韜,tāo,tao,1
贤,xián,xian,2
譈,dùi,dui,4
䅋,wǎn,wan,3
䖄,rán,ran,2
终,zhōng,zhong,1
郘,lv̌,lv,3
餟,zhùi,zhui,4
拂,fú,fu,2
乞,qǐ,qi,3
転,zhuǎn,zhuan,3
㼵,dì,di,4
摩,mó,mo,2
鶭,fǎng,fang,3
蝬,zōng,zong,1
喻,yù,yu,4
㢚,lǔ,lu,3
檍,yì,yi,4
咄,duō,duo,1
䋁,gěng,geng,3
允,yǔn,yun,3
焃,hè,he,4
貅,xīu,xiu,1
韙,wěi,wei,3
䓺,měi,mei,3
夔,kúi,kui,2
敭,yáng,yang,2
㺁,nǎo,nao,3
帄,dīng,ding,1
伃,yú,yu,2
跩,zhuǎi,zhuai,3
偮,jí,ji,2
䈹,sǒu,sou,3
衙,yá,ya,2
㚋,㚋,㚋,
貇,kūn,kun,1
猹,zhā,zha,1
觪,xīng,xing,1
鼹,yǎn,yan,3
榃,tán,tan,2
烺,lǎng,lang,3
庶,shù,shu,4
砳,lè,le,4
板,bǎn,ban,3
斨,qiāng,qiang,1
飕,sōu,sou,1
忋,gǎi,gai,3
乕,hǔ,hu,3
錆,qiāng,qiang,1
疍,dàn,dan,4
艝,艝,艝,
侄,zhí,zhi,2
䁌,yù,yu,4
矙,kàn,kan,4
脿,biāo,biao,1
䡾,nèi,nei,4
爠,爠,爠,
仁,rén,ren,2
扈,hù,hu,4
䥁,hán,han,2
鋒,fēng,feng,1
敵,dí,di,2
鬍,hú,hu,2
豚,tún,tun,2
䢮,lèi,lei,4
邒,tíng,ting,2
荸,bí,bi,2
骰,tóu,tou,2
癄,qiáo,qiao,2
鼝,yuān,yuan,1
㲃,jìu,jiu,4
芋,yù,yu,4
烜,xuǎn,xuan,3
滦,luán,luan,2
嘕,xiān,xian,1
籔,sǒu,sou,3
梠,lv̌,lv,3
毣,mù,mu,4
蛒,gé,ge,2
亼,jí,ji,2
哠,hào,hao,4
䎣,sì,si,4
䈗,suǒ,suo,3
嘇,sān,san,1
㩲,kǔn,kun,3
憘,xǐ,xi,3
蒬,yuān,yuan,1
擜,擜,擜,
㟝,péi,pei,2
酅,xī,xi,1
纅,lì,li,4
郇,xún,xun,2
壉,jù,ju,4
㷍,lún,lun,2
㶹,hòng,hong,4
䊧,bì,bi,4
痺,bì,bi,4
琀,hán,han,2
縛,fú,fu,2
鑹,cuàn,cuan,4
橜,jué,jue,2
脉,mài,mai,4
雡,lìu,liu,4
牣,rèn,ren,4
躵,躵,躵,
締,dì,di,4
㧗,zǐ,zi,3
鲿,cháng,chang,2
䆒,jìu,jiu,4
敥,yàn,yan,4
鍱,yè,ye,4
蠳,yīng,ying,1
䍚,làng,lang,4
擴,kuò,kuo,4
䎥,䎥,䎥,
劋,jiǎo,jiao,3
藈,kūi,kui,1
㨃,chéng,cheng,2
㳗,chài,chai,4
挝,zhuā,zhua,1
䰵,䰵,䰵,
軵,rǒng,rong,3
蓭,ān,an,1
犟,jiàng,jiang,4
暢,chàng,chang,4
䯤,kuài,kuai,4
鮶,jūn,jun,1
㒓,tà,ta,4
䬠,䬠,䬠,
扝,kū,ku,1
濷,fèi,fei,4
傌,mà,ma,4
㬾,㬾,㬾,
螮,dì,di,4
㸺,㸺,㸺,
枺,mò,mo,4
扭,nǐu,niu,3
駟,sì,si,4
鱶,xiǎng,xiang,3
唑,zuò,zuo,4
澟,lǐn,lin,3
㚻,㚻,㚻,
宻,mì,mi,4
伝,chuán,chuan,2
剰,shèng,sheng,4
馹,rì,ri,4
㽚,chì,chi,4
䣳,䣳,䣳,
吇,zǐ,zi,3
㩌,fèi,fei,4
䑙,rán,ran,2
籽,zǐ,zi,3
悋,lìn,lin,4
㡐,㡐,㡐,
菾,tián,tian,2
踸,chěn,chen,3
鑀,ài,ai,4
鰈,dié,die,2
莖,jīng,jing,1
岹,tiáo,tiao,2
䓔,䓔,䓔,
佰,bǎi,bai,3
㻐,㻐,㻐,
㸀,tái,tai,2
聕,hào,hao,4
湒,jí,ji,2
霤,lìu,liu,4
㽄,㽄,㽄,
冉,rǎn,ran,3
簛,sī,si,1
吘,ǒu,ou,3
睄,shào,shao,4
䡮,䡮,䡮,
趢,lù,lu,4
靗,chèng,cheng,4
䯓,kúi,kui,2
䞮,䞮,䞮,
拄,zhǔ,zhu,3
陖,xùn,xun,4
蚲,píng,ping,2
蒷,yún,yun,2
勷,ráng,rang,2
汝,rǔ,ru,3
㯮,shǔ,shu,3
躑,zhí,zhi,2
椺,xí,xi,2
駖,líng,ling,2
嫑,báo,bao,2
溽,rù,ru,4
䄳,䄳,䄳,
囜,nín,nin,2
郧,yún,yun,2
砢,luǒ,luo,3
偱,xún,xun,2
幸,xìng,xing,4
耶,yé,ye,2
打,dǎ,da,3
䲽,dǎo,dao,3
槵,huàn,huan,4
萤,yíng,ying,2
察,chá,cha,2
滭,bì,bi,4
奴,nú,nu,2
戕,qiāng,qiang,1
㝳,㝳,㝳,
㪆,dǐ,di,3
捓,yé,ye,2
䊸,䊸,䊸,
㯽,㯽,㯽,
綪,qiàn,qian,4
磣,chěn,chen,3
镑,bàng,bang,4
齀,wù,wu,4
嶈,qiāng,qiang,1
醲,nóng,nong,2
舆,yú,yu,2
䨔,báo,bao,2
覽,lǎn,lan,3
鵛,jīng,jing,1
螟,míng,ming,2
䴋,xuán,xuan,2
湌,cān,can,1
醢,hǎi,hai,3
䈌,䈌,䈌,
煖,nuǎn,nuan,3
飜,fān,fan,1
淠,pì,pi,4
䙌,hùi,hui,4
缈,miǎo,miao,3
渰,yǎn,yan,3
譮,huà,hua,4
成,chéng,cheng,2
䀊,jiǎo,jiao,3
鎚,chúi,chui,2
犡,lì,li,4
臯,gāo,gao,1
啂,nòu,nou,4
䯔,cén,cen,2
媗,xuān,xuan,1
㼁,㼁,㼁,
䭩,mì,mi,4
芘,pí,pi,2
䌡,tǐ,ti,3
僚,liáo,liao,2
鋓,chān,chan,1
㹟,jué,jue,2
贻,yí,yi,2
烚,xiá,xia,2
㓦,㓦,㓦,
谹,hóng,hong,2
䴎,lěi,lei,3
㼂,é,e,2
㤍,qiǎo,qiao,3
讀,dú,du,2
㱶,bèng,beng,4
鑫,xīn,xin,1
䶖,jìn,jin,4
蜤,sī,si,1
㟾,㟾,㟾,
㤼,㤼,㤼,
訋,diào,diao,4
飇,biāo,biao,1
凔,cāng,cang,1
狱,yù,yu,4
銛,xiān,xian,1
觳,hú,hu,2
弝,bà,ba,4
顚,diān,dian,1
䬺,yàng,yang,4
歯,chǐ,chi,3
㴧,㴧,㴧,
䔣,lí,li,2
䨲,nóu,nou,2
湳,nǎn,nan,3
紸,zhù,zhu,4
跁,pá,pa,2
粱,liáng,liang,2
嬻,dú,du,2
堒,堒,堒,
鞾,xuē,xue,1
砄,jué,jue,2
㼒,qǐu,qiu,3
㻯,tú,tu,2
栃,栃,栃,
醽,líng,ling,2
䰛,lì,li,4
簞,dān,dan,1
樔,cháo,chao,2
謪,shāng,shang,1
茼,tóng,tong,2
䲮,yuán,yuan,2
罝,jū,ju,1
揃,jiān,jian,1
糐,fū,fu,1
鑡,chuò,chuo,4
髶,róng,rong,2
撰,zhuàn,zhuan,4
欷,xī,xi,1
隺,hè,he,4
靐,bìng,bing,4
䆉,bà,ba,4
廡,wǔ,wu,3
㯉,huò,huo,4
栂,méi,mei,2
葪,jì,ji,4
巃,lóng,long,2
寨,zhài,zhai,4
譞,xuān,xuan,1
褹,yì,yi,4
嵀,zhù,zhu,4
艟,tóng,tong,2
粶,lù,lu,4
濂,lián,lian,2
䊭,chóu,chou,2
相,xiāng,xiang,1
麢,líng,ling,2
秈,xiān,xian,1
㼏,něi,nei,3
㼖,lì,li,4
鹮,xuán,xuan,2
㔇,㔇,㔇,
茠,xīu,xiu,1
韵,yùn,yun,4
羠,yí,yi,2
滿,mǎn,man,3
㟠,gǎng,gang,3
烦,fán,fan,2
很,hěn,hen,3
䪾,mí,mi,2
䄡,䄡,䄡,
寄,jì,ji,4
黶,yǎn,yan,3
茒,茒,茒,
鹿,lù,lu,4
喵,miāo,miao,1
罛,gū,gu,1
駘,tái,tai,2
麗,lì,li,4
冮,gāng,gang,1
絲,sī,si,1
㝝,lín,lin,2
㭀,㭀,㭀,
㲅,jì,ji,4
榧,fěi,fei,3
禇,zhě,zhe,3
悸,jì,ji,4
昒,hū,hu,1
髍,mó,mo,2
㦞,chóu,chou,2
㵄,hàn,han,4
蓧,diào,diao,4
鈑,bǎn,ban,3
饍,shàn,shan,4
镵,chán,chan,2
隍,huáng,huang,2
褐,hé,he,2
鶻,gú,gu,2
熣,sūi,sui,1
㲼,yì,yi,4
彲,chī,chi,1
寖,jìn,jin,4
恚,hùi,hui,4
飿,duò,duo,4
邏,luó,luo,2
銑,xiǎn,xian,3
䃴,䃴,䃴,
䶡,shí,shi,2
汪,wāng,wang,1
淙,cóng,cong,2
焴,yù,yu,4
翠,cùi,cui,4
忕,shì,shi,4
櫳,lóng,long,2
䍙,méi,mei,2
惿,tí,ti,2
疼,téng,teng,2
蟳,xún,xun,2
講,jiǎng,jiang,3
傱,sǒng,song,3
劊,gùi,gui,4
䜬,sǒng,song,3
㻷,jí,ji,2
忚,xī,xi,1
檶,qiān,qian,1
㖃,hǒu,hou,3
闤,huán,huan,2
鴙,zhì,zhi,4
㷮,㷮,㷮,
争,zhēng,zheng,1
勪,jué,jue,2
悪,è,e,4
伏,fú,fu,2
牾,wú,wu,2
嗝,gé,ge,2
琸,zhuó,zhuo,2
鿤,鿤,鿤,
㬲,㬲,㬲,
噕,hūi,hui,1
㚎,㚎,㚎,
䤹,䤹,䤹,
瘦,shòu,shou,4
泻,xiè,xie,4
煩,fán,fan,2
鲅,bō,bo,1
㱩,dú,du,2
䡷,kài,kai,4
解,jiě,jie,3
悕,xī,xi,1
鐸,duó,duo,2
㯏,gǔ,gu,3
㴱,㴱,㴱,
豃,hǎn,han,3
訰,tún,tun,2
萷,xiāo,xiao,1
纫,rèn,ren,4
㲋,chuò,chuo,4
穲,lí,li,2
衳,zhōng,zhong,1
憁,cōng,cong,1
崓,gù,gu,4
䫵,mián,mian,2
鮠,wéi,wei,2
歄,歄,歄,
糈,xǔ,xu,3
㻞,biàn,bian,4
亜,yà,ya,4
椧,椧,椧,
螀,jiāng,jiang,1
醊,chuò,chuo,4
㞔,yí,yi,2
䁎,chéng,cheng,2
嵆,jī,ji,1
尵,túi,tui,2
蒣,xú,xu,2
偅,zhòng,zhong,4
兽,shòu,shou,4
彫,diāo,diao,1
燔,fán,fan,2
匼,qià,qia,4
烞,pò,po,4
蝹,yūn,yun,1
鲕,ér,er,2
䁓,jiè,jie,4
闄,yǎo,yao,3
㠁,㠁,㠁,
綈,tí,ti,2
䙛,guàn,guan,4
労,láo,lao,2
俓,jìng,jing,4
线,xiàn,xian,4
樕,sù,su,4
㸊,là,la,4
恵,hùi,hui,4
檘,bì,bi,4
毴,bī,bi,1
煇,hūi,hui,1
勻,yún,yun,2
盎,àng,ang,4
䶨,䶨,䶨,
䏬,móu,mou,2
羅,luó,luo,2
榝,shā,sha,1
聙,jīng,jing,1
嫀,qín,qin,2
哅,xiōng,xiong,1
簭,shì,shi,4
繃,bēng,beng,1
鄬,wéi,wei,2
袍,páo,pao,2
呙,kuāi,kuai,1
仆,pū,pu,1
颿,fán,fan,2
䌳,䌳,䌳,
售,shòu,shou,4
諘,biǎo,biao,3
㪇,xiàn,xian,4
扗,zài,zai,4
昣,zhěn,zhen,3
䵤,jiǎn,jian,3
甏,pèng,peng,4
䬝,héng,heng,2
痋,chóng,chong,2
謐,mì,mi,4
㫰,lǎng,lang,3
尓,ěr,er,3
侾,hāo,hao,1
斘,shēng,sheng,1
歵,cuò,cuo,4
矺,tuō,tuo,1
螅,xī,xi,1
寑,qǐn,qin,3
髴,fú,fu,2
癇,xián,xian,2
縞,gǎo,gao,3
纪,jì,ji,4
媹,líu,liu,2
赃,zāng,zang,1
蜗,guā,gua,1
弬,yí,yi,2
芩,qín,qin,2
釞,zhí,zhi,2
䙋,䙋,䙋,
鐆,sùi,sui,4
釟,bā,ba,1
汒,máng,mang,2
槪,gài,gai,4
蚠,fén,fen,2
簦,dēng,deng,1
荦,luò,luo,4
呛,qiāng,qiang,1
㢕,㢕,㢕,
焳,jué,jue,2
㳞,㳞,㳞,
哼,hēng,heng,1
玠,jiè,jie,4
㽾,wù,wu,4
菘,sōng,song,1
㨶,chóu,chou,2
付,fù,fu,4
㲡,nài,nai,4
厩,jìu,jiu,4
譆,xī,xi,1
躮,躮,躮,
氦,hài,hai,4
苰,hóng,hong,2
旁,páng,pang,2
脣,chún,chun,2
棲,qī,qi,1
覇,bà,ba,4
䃘,䃘,䃘,
钢,gāng,gang,1
汍,wán,wan,2
䌵,zhú,zhu,2
焜,kūn,kun,1
驹,jū,ju,1
棅,bìng,bing,4
敐,chén,chen,2
泹,泹,泹,
麛,mí,mi,2
䑓,tái,tai,2
䚆,ǒu,ou,3
椠,qiàn,qian,4
蕴,yùn,yun,4
妊,rèn,ren,4
衄,nv̀,nv,4
里,lǐ,li,3
揔,zǒng,zong,3
䡔,qǐ,qi,3
捤,捤,捤,
䆯,chuò,chuo,4
費,fèi,fei,4
钎,qiān,qian,1
凥,jū,ju,1
帽,mào,mao,4
筊,jiǎo,jiao,3
蹑,niè,nie,4
魞,魞,魞,
倆,liǎ,lia,3
儺,nuó,nuo,2
慀,xié,xie,2
刡,mǐn,min,3
铍,pī,pi,1
㧭,qióng,qiong,2
渀,bēn,ben,1
嗊,hǒng,hong,3
㡂,lì,li,4
嘅,kǎi,kai,3
栩,xǔ,xu,3
臱,mián,mian,2
㭠,xiǎn,xian,3
䍻,xuǎn,xuan,3
噴,pēn,pen,1
樬,cōng,cong,1
剛,gāng,gang,1
䦍,wù,wu,4
㟎,tuǒ,tuo,3
挕,dié,die,2
軅,軅,軅,
㝗,láng,lang,2
庠,xiáng,xiang,2
莀,chén,chen,2
烷,wán,wan,2
焆,jué,jue,2
淥,lù,lu,4
梌,tú,tu,2
璓,璓,璓,
芎,qiōng,qiong,1
喌,zhōu,zhou,1
鏾,sǎn,san,3
侠,xiá,xia,2
羥,qiǎng,qiang,3
㞢,㞢,㞢,
堟,zhuàn,zhuan,4
欰,xū,xu,1
䯧,qǐng,qing,3
忻,xīn,xin,1
闩,shuān,shuan,1
䧔,mù,mu,4
垞,chá,cha,2
垛,duǒ,duo,3
銄,shàng,shang,4
嗿,tǎn,tan,3
瘙,sāo,sao,1
觍,tiǎn,tian,3
䨄,yàn,yan,4
馰,dì,di,4
㹝,shì,shi,4
䨭,䨭,䨭,
暾,tūn,tun,1
瓝,bó,bo,2
脅,xié,xie,2
熳,màn,man,4
㞚,qì,qi,4
頍,kǔi,kui,3
温,wēn,wen,1
毁,hǔi,hui,3
䋨,fǔ,fu,3
䖁,yì,yi,4
䶂,zhuó,zhuo,2
匳,lián,lian,2
岩,yán,yan,2
睜,zhēng,zheng,1
拸,chǐ,chi,3
铯,sè,se,4
㬩,hùi,hui,4
䘃,mò,mo,4
㩴,jú,ju,2
蘡,yīng,ying,1
䂂,qú,qu,2
鼪,shēng,sheng,1
徠,lái,lai,2
讚,zàn,zan,4
䞊,xùn,xun,4
㩘,yǐ,yi,3
掬,jú,ju,2
鉅,jù,ju,4
蜦,lún,lun,2
倷,nài,nai,4
鯐,鯐,鯐,
核,hé,he,2
㷧,㷧,㷧,
埈,xùn,xun,4
流,líu,liu,2
憩,qì,qi,4
檧,sōng,song,1
浬,lǐ,li,3
顤,rào,rao,4
䦛,zhèng,zheng,4
鎬,hào,hao,4
吧,ba,ba,5
糲,lì,li,4
瀨,lài,lai,4
谣,yáo,yao,2
皨,xīng,xing,1
眲,èr,er,4
捳,yuè,yue,4
漪,yī,yi,1
溜,līu,liu,1
讝,zhān,zhan,1
蘨,yáo,yao,2
欇,shè,she,4
毵,sān,san,1
綦,qí,qi,2
䐻,䐻,䐻,
掸,dǎn,dan,3
蜂,fēng,feng,1
玍,gǎ,ga,3
峁,mǎo,mao,3
鞺,鞺,鞺,
薊,jì,ji,4
䱾,lóu,lou,2
排,pái,pai,2
厳,yán,yan,2
眍,ōu,ou,1
籸,shēn,shen,1
戎,róng,rong,2
㙪,yè,ye,4
覸,jiàn,jian,4
舘,guǎn,guan,3
啾,jīu,jiu,1
澊,cūn,cun,1
柉,fán,fan,2
鞝,zhǎng,zhang,3
頷,hàn,han,4
嗣,sì,si,4
糠,kāng,kang,1
絥,fú,fu,2
岊,jié,jie,2
煞,shā,sha,1
徂,cú,cu,2
駗,zhēn,zhen,1
莔,méng,meng,2
䒟,䒟,䒟,
媶,róng,rong,2
䀺,䀺,䀺,
穐,qīu,qiu,1
沭,shù,shu,4
鄚,mò,mo,4
蛬,gǒng,gong,3
穡,sè,se,4
腕,wàn,wan,4
矝,lín,lin,2
嫤,jìn,jin,4
斃,bì,bi,4
灭,miè,mie,4
錀,lún,lun,2
殟,wēn,wen,1
㞟,diàn,dian,4
芭,bā,ba,1
誊,téng,teng,2
漹,yān,yan,1
铝,lv̌,lv,3
茏,lóng,long,2
嫣,yān,yan,1
嫙,xuán,xuan,2
郋,xí,xi,2
㫞,㫞,㫞,
靧,hùi,hui,4
中,zhōng,zhong,1
坾,zhù,zhu,4
酖,dān,dan,1
啹,啹,啹,
鑼,luó,luo,2
禁,jìn,jin,4
癳,luǒ,luo,3
攠,mí,mi,2
謾,mán,man,2
孓,jué,jue,2
鶕,ān,an,1
蟫,yín,yin,2
㽐,㽐,㽐,
罸,fá,fa,2
啱,yān,yan,1
裬,líng,ling,2
瓆,zhí,zhi,2
煨,wēi,wei,1
釒,釒,釒,
輠,guǒ,guo,3
务,wù,wu,4
㗙,nà,na,4
䥰,mèng,meng,4
尬,gà,ga,4
㳸,㳸,㳸,
䠠,chì,chi,4
恱,yuè,yue,4
鏝,màn,man,4
憟,sù,su,4
烶,tǐng,ting,3
誳,qū,qu,1
檅,sùi,sui,4
菛,mén,men,2
鬯,chàng,chang,4
鱭,jì,ji,4
鎭,zhèn,zhen,4
彂,fā,fa,1
恃,shì,shi,4
咬,yǎo,yao,3
瓳,hú,hu,2
秃,tū,tu,1
䜂,䜂,䜂,
鸗,lóng,long,2
祂,tā,ta,1
徝,zhì,zhi,4
彗,hùi,hui,4
䈒,nǎn,nan,3
顐,hún,hun,2
㺆,㺆,㺆,
䀞,䀞,䀞,
齑,jī,ji,1
鍣,zhāo,zhao,1
课,kè,ke,4
犾,yín,yin,2
剨,huò,huo,4
䉰,yáo,yao,2
䐽,mán,man,2
跊,mèi,mei,4
盛,shèng,sheng,4
謑,xì,xi,4
柙,xiá,xia,2
槌,chúi,chui,2
莡,cuò,cuo,4
弖,hù,hu,4
鎰,yì,yi,4
丆,丆,丆,
䵽,cà,ca,4
閰,jú,ju,2
䞎,䞎,䞎,
檹,yī,yi,1
㾂,㾂,㾂,
灗,shàn,shan,4
肹,xī,xi,1
缣,jiān,jian,1
簈,píng,ping,2
诚,chéng,cheng,2
跺,duò,duo,4
淏,hào,hao,4
濤,tāo,tao,1
妙,miào,miao,4
礲,lóng,long,2
㔨,bèi,bei,4
奲,duǒ,duo,3
萨,sà,sa,4
㷱,㷱,㷱,
藼,xuān,xuan,1
訅,qíu,qiu,2
㢖,㢖,㢖,
媭,xū,xu,1
䧞,fù,fu,4
鮑,bào,bao,4
栌,lú,lu,2
㼧,tóng,tong,2
昤,līng,ling,1
镛,yōng,yong,1
晈,jiǎo,jiao,3
㭭,fèi,fei,4
霳,lóng,long,2
刈,yì,yi,4
畞,mǔ,mu,3
虾,xiā,xia,1
㧛,㧛,㧛,
暗,àn,an,4
啓,qǐ,qi,3
癩,lài,lai,4
懏,jùn,jun,4
诞,dàn,dan,4
倏,shū,shu,1
耙,bà,ba,4
礯,yīng,ying,1
征,zhēng,zheng,1
鷚,liáo,liao,2
䁂,xiàn,xian,4
胭,yān,yan,1
蕛,téng,teng,2
速,sù,su,4
卙,jí,ji,2
㘿,niè,nie,4
䍀,lán,lan,2
䢉,nóng,nong,2
䰕,lú,lu,2
猃,xiǎn,xian,3
㐍,㐍,㐍,
荒,huāng,huang,1
閽,hūn,hun,1
聉,wā,wa,1
趵,bào,bao,4
芈,miē,mie,1
滵,mì,mi,4
箩,luó,luo,2
避,bì,bi,4
顭,hōng,hong,1
䣔,suǒ,suo,3
䓀,䓀,䓀,
䥄,cù,cu,4
餷,chā,cha,1
嚖,hùi,hui,4
眃,yún,yun,2
䴼,chǎn,chan,3
枻,yì,yi,4
䊯,kuàng,kuang,4
欦,qiān,qian,1
例,lì,li,4
繅,sāo,sao,1
勬,juàn,juan,4
娆,rǎo,rao,3
樲,èr,er,4
誤,wù,wu,4
穒,穒,穒,
膲,jiāo,jiao,1
邍,yuán,yuan,2
禟,táng,tang,2
䙒,xù,xu,4
繄,yī,yi,1
嚪,dàn,dan,4
砩,fèi,fei,4
儹,zǎn,zan,3
嚸,diǎn,dian,3
醡,zhà,zha,4
㫘,mì,mi,4
曞,lì,li,4
䦡,huán,huan,2
㔿,zòu,zou,4
瘤,líu,liu,2
䯼,dí,di,2
嶯,jí,ji,2
苯,běn,ben,3
蜄,zhèn,zhen,4
梕,rèn,ren,4
嗡,wēng,weng,1
骑,qí,qi,2
䰙,yǐ,yi,3
蹊,xī,xi,1
錹,kěn,ken,3
驩,huān,huan,1
瀡,sǔi,sui,3
稺,zhì,zhi,4
薈,hùi,hui,4
䪞,zá,za,2
漸,jiàn,jian,4
罔,wǎng,wang,3
䠗,qìu,qiu,4
矃,nǐng,ning,3
項,xiàng,xiang,4
褺,dié,die,2
触,hóng,hong,2
猘,zhì,zhi,4
翣,shà,sha,4
獤,獤,獤,
踐,jiàn,jian,4
碮,tí,ti,2
鵚,tú,tu,2
鐤,dǐng,ding,3
嵭,bēng,beng,1
僂,lv̌,lv,3
輈,zhōu,zhou,1
勡,piào,piao,4
㧊,bá,ba,2
青,qīng,qing,1
勹,bāo,bao,1
㟒,㟒,㟒,
䃮,dá,da,2
韨,fú,fu,2
郬,qīng,qing,1
鼟,tēng,teng,1
嬼,lǐu,liu,3
鸥,ōu,ou,1
礚,kài,kai,4
烉,huàn,huan,4
庩,tú,tu,2
搒,bèng,beng,4
籴,dí,di,2
绱,zhǎng,zhang,3
覹,wéi,wei,2
扥,tuō,tuo,1
坕,jīng,jing,1
鲋,fù,fu,4
叉,chā,cha,1
鄡,qiāo,qiao,1
贩,fàn,fan,4
彩,cǎi,cai,3
宀,mián,mian,2
㗥,kuò,kuo,4
咀,jǔ,ju,3
飙,biāo,biao,1
瞑,míng,ming,2
積,jī,ji,1
聞,wén,wen,2
訞,yāo,yao,1
㘋,xián,xian,2
嘉,jiā,jia,1
嵷,sǒng,song,3
瀪,fán,fan,2
诮,qiào,qiao,4
输,shū,shu,1
枨,chéng,cheng,2
莕,xìng,xing,4
您,nín,nin,2
䥖,tián,tian,2
较,jiào,jiao,4
弿,jiǎn,jian,3
嘲,cháo,chao,2
忭,biàn,bian,4
姎,yāng,yang,1
釢,nái,nai,2
鋻,jiàn,jian,4
䁡,䁡,䁡,
胮,páng,pang,2
簣,kùi,kui,4
竗,miào,miao,4
蹖,chōng,chong,1
寞,mò,mo,4
㯲,jìn,jin,4
䨽,fěi,fei,3
㱴,zì,zi,4
䱖,líu,liu,2
䊨,luó,luo,2
薔,qiáng,qiang,2
㠺,miáo,miao,2
截,jié,jie,2
踢,tī,ti,1
㫱,nǎn,nan,3
融,róng,rong,2
捇,huò,huo,4
罊,qì,qi,4
镹,jǐu,jiu,3
齊,qí,qi,2
绽,zhàn,zhan,4
燮,xiè,xie,4
齩,yǎo,yao,3
櫲,yù,yu,4
䦵,nǐ,ni,3
襥,pú,pu,2
銧,guāng,guang,1
㣅,zàn,zan,4
档,dǎng,dang,3
䟦,bá,ba,2
䯝,sǔi,sui,3
单,dān,dan,1
浴,yù,yu,4
鳮,jī,ji,1
黗,tuǎn,tuan,3
肧,pēi,pei,1
幗,guó,guo,2
骖,cān,can,1
珎,zhēn,zhen,1
鱱,lì,li,4
鳄,è,e,4
鍑,fù,fu,4
姒,sì,si,4
泌,mì,mi,4
聊,liáo,liao,2
鬷,zōng,zong,1
䴘,tī,ti,1
䇶,jué,jue,2
麉,jiān,jian,1
神,shén,shen,2
厥,jué,jue,2
学,xué,xue,2
嵚,qīn,qin,1
赉,lài,lai,4
鵤,鵤,鵤,
磊,lěi,lei,3
貙,chū,chu,1
夾,jiā,jia,1
䦽,xù,xu,4
舕,dàn,dan,4
潠,sùn,sun,4
詩,shī,shi,1
涐,é,e,2
矜,jīn,jin,1
翈,xiá,xia,2
嵦,ái,ai,2
蒮,yù,yu,4
虂,lù,lu,4
辕,yuán,yuan,2
鎧,kǎi,kai,3
䡺,wèi,wei,4
跶,tà,ta,4
碈,mín,min,2
癸,gǔi,gui,3
椩,椩,椩,
䱙,䱙,䱙,
䀲,mù,mu,4
㦐,nì,ni,4
裿,qǐ,qi,3
㬚,chè,che,4
鯰,nián,nian,2
梏,gù,gu,4
暥,yàn,yan,4
錙,zī,zi,1
湋,wéi,wei,2
豤,kěn,ken,3
烽,fēng,feng,1
辱,rǔ,ru,3
跲,jiá,jia,2
饗,xiǎng,xiang,3
齦,kěn,ken,3
鮧,yí,yi,2
襞,bì,bi,4
紫,zǐ,zi,3
䩒,yú,yu,2
飦,zhān,zhan,1
懰,líu,liu,2
席,xí,xi,2
蘔,jiōng,jiong,1
忊,dìng,ding,4
潞,lù,lu,4
懻,jì,ji,4
䂠,shé,she,2
釲,sì,si,4
䀐,sǎn,san,3
崖,yá,ya,2
湆,qì,qi,4
襁,jiǎng,jiang,3
錮,gù,gu,4
沆,háng,hang,2
㣯,xiè,xie,4
绁,xiè,xie,4
厜,zūi,zui,1
䭉,sǔi,sui,3
劂,jué,jue,2
梨,lí,li,2
㴩,㴩,㴩,
東,dōng,dong,1
寱,yì,yi,4
芼,mào,mao,4
頺,túi,tui,2
䀇,gǔ,gu,3
褗,yǎn,yan,3
嗰,gè,ge,4
礞,méng,meng,2
鷿,pì,pi,4
㻁,㻁,㻁,
夀,shòu,shou,4
谮,zèn,zen,4
醯,xī,xi,1
哊,yù,yu,4
濻,wěi,wei,3
斑,bān,ban,1
軰,bèi,bei,4
賃,lìn,lin,4
舱,cāng,cang,1
䡥,róng,rong,2
观,guān,guan,1
旎,nǐ,ni,3
彝,yí,yi,2
褓,bǎo,bao,3
䰘,líu,liu,2
悧,lì,li,4
鄢,yān,yan,1
䬭,䬭,䬭,
爴,jué,jue,2
㞐,jū,ju,1
遽,jù,ju,4
窕,tiǎo,tiao,3
怓,náo,nao,2
錅,lí,li,2
䗺,yǎn,yan,3
锄,chú,chu,2
怤,fū,fu,1
㜚,sù,su,4
笉,zhěn,zhen,3
访,fǎng,fang,3
廄,jìu,jiu,4
歚,歚,歚,
糭,zòng,zong,4
街,jiē,jie,1
虦,zhàn,zhan,4
詐,zhà,zha,4
疬,lì,li,4
㔉,zhú,zhu,2
顰,pín,pin,2
䘵,lù,lu,4
浧,yǐng,ying,3
緧,qīu,qiu,1
㚠,㚠,㚠,
激,jī,ji,1
鼍,tuó,tuo,2
固,gù,gu,4
頎,qí,qi,2
嘻,xī,xi,1
溭,zé,ze,2
㖽,zé,ze,2
鮦,tóng,tong,2
皬,hè,he,4
鸒,yú,yu,2
舮,舮,舮,
呫,tiē,tie,1
奂,huàn,huan,4
哜,jì,ji,4
謘,chí,chi,2
鯸,hóu,hou,2
痏,wěi,wei,3
贂,chěn,chen,3
営,yíng,ying,2
颏,hái,hai,2
䰐,lán,lan,2
牶,quàn,quan,4
㙠,yì,yi,4
逗,dòu,dou,4
殽,yáo,yao,2
侟,jiàn,jian,4
芁,jiāo,jiao,1
耞,jiā,jia,1
㖿,xié,xie,2
辫,biàn,bian,4
幺,yāo,yao,1
邺,yè,ye,4
韚,gé,ge,2
鮂,qíu,qiu,2
滣,chún,chun,2
㿿,yǎ,ya,3
徬,páng,pang,2
㞛,jǐ,ji,3
㶂,㶂,㶂,
㼯,dòng,dong,4
蹿,cuān,cuan,1
算,suàn,suan,4
湦,shēng,sheng,1
醌,kūn,kun,1
玱,qiāng,qiang,1
䍭,䍭,䍭,
八,bā,ba,1
楹,yíng,ying,2
䆦,shèn,shen,4
闱,wéi,wei,2
㨂,dǒng,dong,3
㕀,㕀,㕀,
償,cháng,chang,2
轼,shì,shi,4
䅑,rúi,rui,2
闾,lv́,lv,2
除,chú,chu,2
䁸,nóng,nong,2
䨩,líng,ling,2
射,shè,she,4
䗵,䗵,䗵,
䯙,pò,po,4
茽,zhòng,zhong,4
袗,zhěn,zhen,3
健,jiàn,jian,4
锞,kuǎ,kua,3
櫄,chūn,chun,1
尌,shù,shu,4
荛,ráo,rao,2
䂌,䂌,䂌,
殤,shāng,shang,1
搐,chù,chu,4
䊔,䊔,䊔,
㭽,dǐ,di,3
瘂,yǎ,ya,3
浤,hóng,hong,2
淦,gàn,gan,4
鞞,bǐng,bing,3
垹,bāng,bang,1
䥅,qiàn,qian,4
昢,pěi,pei,3
丈,zhàng,zhang,4
乿,chì,chi,4
汯,hóng,hong,2
㩳,sǒng,song,3
鷧,yì,yi,4
鰽,qíu,qiu,2
趁,chèn,chen,4
乍,zhà,zha,4
畠,畠,畠,
餸,sòng,song,4
泮,pàn,pan,4
簇,cù,cu,4
談,tán,tan,2
諶,chén,chen,2
饚,hài,hai,4
綊,xié,xie,2
籶,shēn,shen,1
鑂,xùn,xun,4
䌴,luò,luo,4
㕍,㕍,㕍,
俟,sì,si,4
澛,澛,澛,
㴽,xiè,xie,4
㓳,㓳,㓳,
餈,cí,ci,2
㛠,㛠,㛠,
墔,cūi,cui,1
嶵,zǔi,zui,3
钻,zuàn,zuan,4
㾦,bàng,bang,4
㻘,㻘,㻘,
耐,nài,nai,4
㦅,dì,di,4
粺,bài,bai,4
趔,liè,lie,4
嗉,sù,su,4
賱,yǔn,yun,3
㗒,ài,ai,4
贺,hè,he,4
淲,piáo,piao,2
氵,氵,氵,
馴,xún,xun,2
郔,yán,yan,2
噊,yù,yu,4
贾,jiǎ,jia,3
㠮,㠮,㠮,
警,jǐng,jing,3
费,fèi,fei,4
蒿,hāo,hao,1
劆,lián,lian,2
䉌,sùi,sui,4
䗤,yóng,yong,2
㜅,xù,xu,4
騐,yàn,yan,4
㝔,yào,yao,4
楺,róu,rou,2
嘋,xiāo,xiao,1
㚇,㚇,㚇,
坣,tāng,tang,1
荹,bù,bu,4
紾,zhěn,zhen,3
䅵,zhuó,zhuo,2
陞,shēng,sheng,1
軍,jūn,jun,1
阨,è,e,4
歧,qí,qi,2
蠖,huò,huo,4
㛱,rùi,rui,4
螉,wēng,weng,1
鈚,pí,pi,2
逼,bī,bi,1
涬,xìng,xing,4
韶,sháo,shao,2
㖱,㖱,㖱,
䫕,zhì,zhi,4
䣿,䣿,䣿,
䳁,bá,ba,2
㷯,bèng,beng,4
䅭,páng,pang,2
䔐,䔐,䔐,
飝,fēi,fei,1
䰢,xìng,xing,4
㨵,jiǎn,jian,3
嚈,yà,ya,4
手,shǒu,shou,3
北,běi,bei,3
㞫,jù,ju,4
圤,pǔ,pu,3
蕡,fén,fen,2
淿,mì,mi,4
通,tōng,tong,1
菎,kūn,kun,1
㹛,ráo,rao,2
禫,tǎn,tan,3
贓,zāng,zang,1
鬦,dòu,dou,4
䇼,chì,chi,4
譴,qiǎn,qian,3
腻,nì,ni,4
㺦,lián,lian,2
轏,zhàn,zhan,4
鿛,鿛,鿛,
寲,yí,yi,2
㪘,liǎn,lian,3
䦝,䦝,䦝,
崿,è,e,4
闊,kuò,kuo,4
䒃,cào,cao,4
亃,lín,lin,2
椗,dìng,ding,4
㲨,róng,rong,2
槥,hùi,hui,4
塨,gōng,gong,1
榬,yuán,yuan,2
鴃,jué,jue,2
坫,diàn,dian,4
鿕,鿕,鿕,
繱,cōng,cong,1
䴧,䴧,䴧,
仒,仒,仒,
统,tǒng,tong,3
钭,dǒu,dou,3
盪,dàng,dang,4
毷,mào,mao,4
猐,qiāng,qiang,1
㟋,dùi,dui,4
氕,piē,pie,1
偘,kǎn,kan,3
槟,bīn,bin,1
隻,zhī,zhi,1
墸,墸,墸,
㜨,ér,er,2
仦,chào,chao,4
㟑,bó,bo,2
腝,ruǎn,ruan,3
剣,jiàn,jian,4
㣴,㣴,㣴,
犹,yóu,you,2
訍,chà,cha,4
靳,jìn,jin,4
銮,luán,luan,2
郸,dān,dan,1
㸦,hù,hu,4
䃤,sù,su,4
段,duàn,duan,4
逆,nì,ni,4
㬉,nuǎn,nuan,3
扻,zì,zi,4
檤,dào,dao,4
狾,zhì,zhi,4
迻,yí,yi,2
鶾,hàn,han,4
鍒,róu,rou,2
賮,jìn,jin,4
榐,zhǎn,zhan,3
筽,筽,筽,
泲,jǐ,ji,3
珛,xìu,xiu,4
䔇,qǐ,qi,3
捷,jié,jie,2
涔,cén,cen,2
䓷,xìng,xing,4
䉭,liè,lie,4
䪍,lán,lan,2
䞡,tǎn,tan,3
璵,yú,yu,2
荣,róng,rong,2
泸,lú,lu,2
蠺,cán,can,2
㣨,㣨,㣨,
発,fā,fa,1
博,bó,bo,2
炛,guāng,guang,1
豩,bīn,bin,1
虊,luán,luan,2
鳼,wén,wen,2
㺖,hǎn,han,3
咎,jìu,jiu,4
蠈,zé,ze,2
㒪,㒪,㒪,
裳,cháng,chang,2
骾,gěng,geng,3
隸,lì,li,4
㫦,㫦,㫦,
㾌,xuǎn,xuan,3
䋝,䋝,䋝,
㳒,biàn,bian,4
㺬,gǒng,gong,3
㾓,㾓,㾓,
媥,piān,pian,1
衣,yī,yi,1
沃,wò,wo,4
謧,lí,li,2
隷,lì,li,4
㜞,qiàn,qian,4
蛩,qióng,qiong,2
妯,zhóu,zhou,2
灴,hóng,hong,2
艏,shǒu,shou,3
旽,tūn,tun,1
禙,禙,禙,
桭,zhēn,zhen,1
碀,céng,ceng,2
謍,yíng,ying,2
蜓,tíng,ting,2
恧,nv̀,nv,4
摅,shū,shu,1
㳌,㳌,㳌,
厣,yǎn,yan,3
愯,sǒng,song,3
龄,líng,ling,2
㓭,hé,he,2
醬,jiàng,jiang,4
簩,láo,lao,2
撱,tuǒ,tuo,3
朮,shù,shu,4
綾,líng,ling,2
袼,luò,luo,4
猷,yóu,you,2
埩,zhēng,zheng,1
㻗,bèi,bei,4
㢸,bì,bi,4
盒,hé,he,2
䫓,wú,wu,2
杯,bēi,bei,1
蛉,líng,ling,2
魛,dāo,dao,1
齶,è,e,4
该,gāi,gai,1
䎑,lù,lu,4
徺,jiǎo,jiao,3
奻,nán,nan,2
慪,òu,ou,4
夳,tài,tai,4
軮,ǎng,ang,3
爋,xùn,xun,4
宇,yǔ,yu,3
㜤,shěn,shen,3
㕁,què,que,4
稡,zú,zu,2
䇪,䇪,䇪,
餱,hóu,hou,2
昜,yáng,yang,2
验,yàn,yan,4
堾,chuǎn,chuan,3
嶮,xiǎn,xian,3
枬,nán,nan,2
鳿,yù,yu,4
孢,bāo,bao,1
兿,yì,yi,4
擁,yōng,yong,1
錂,líng,ling,2
褈,chóng,chong,2
俩,liǎ,lia,3
寧,níng,ning,2
俬,俬,俬,
䯊,qià,qia,4
搶,qiǎng,qiang,3
澬,zī,zi,1
䶴,䶴,䶴,
团,tuán,tuan,2
珔,jiàn,jian,4
倰,léng,leng,2
䟎,䟎,䟎,
蹱,zhōng,zhong,1
䫎,䫎,䫎,
㰛,yuè,yue,4
嬠,cán,can,2
㪵,bàn,ban,4
听,tīng,ting,1
䘲,䘲,䘲,
椞,xì,xi,4
翱,áo,ao,2
㙢,mán,man,2
㻬,tú,tu,2
砿,砿,砿,
岠,jù,ju,4
辅,fǔ,fu,3
梫,cēn,cen,1
曇,tán,tan,2
䝎,䝎,䝎,
㺒,liào,liao,4
冑,zhòu,zhou,4
珇,zǔ,zu,3
㟊,fú,fu,2
砒,pī,pi,1
妀,jǐ,ji,3
琢,zhuó,zhuo,2
毈,duàn,duan,4
龙,lóng,long,2
秪,zhī,zhi,1
祇,qí,qi,2
艫,lú,lu,2
惊,liáng,liang,2
嘃,chōng,chong,1
馛,bá,ba,2
洵,xún,xun,2
鉓,chì,chi,4
鱏,xún,xun,2
鮹,xiāo,xiao,1
睵,睵,睵,
麪,miǎn,mian,3
峼,hào,hao,4
㮷,㮷,㮷,
郪,qī,qi,1
焬,xí,xi,2
觏,gòu,gou,4
驶,shǐ,shi,3
㕿,㕿,㕿,
䦳,hàng,hang,4
刕,lí,li,2
圇,lún,lun,2
硄,kuāng,kuang,1
㫳,chén,chen,2
芕,sūi,sui,1
劬,qú,qu,2
钼,mù,mu,4
薯,shǔ,shu,3
溴,xìu,xiu,4
杺,xīn,xin,1
嶫,yè,ye,4
蠰,shàng,shang,4
㞧,hùi,hui,4
猔,zòng,zong,4
㾃,tuó,tuo,2
豔,yàn,yan,4
鹧,zhè,zhe,4
㳱,㳱,㳱,
㖼,duǒ,duo,3
遢,tà,ta,4
惓,quán,quan,2
寝,qǐn,qin,3
滌,dí,di,2
荐,jiàn,jian,4
斸,zhǔ,zhu,3
嶂,zhàng,zhang,4
墁,màn,man,4
垧,jiōng,jiong,1
㸥,chán,chan,2
觑,qù,qu,4
讯,xùn,xun,4
嵏,zōng,zong,1
迺,nǎi,nai,3
絆,bàn,ban,4
蓅,líu,liu,2
飞,fēi,fei,1
鼕,dōng,dong,1
痡,pū,pu,1
玎,dīng,ding,1
㓧,yǎn,yan,3
鐨,fèi,fei,4
䅆,zì,zi,4
鷗,ōu,ou,1
凨,fēng,feng,1
捎,shāo,shao,1
脓,nóng,nong,2
䒽,méi,mei,2
駢,pián,pian,2
莠,yǒu,you,3
裢,lián,lian,2
㖶,yè,ye,4
怃,wǔ,wu,3
枤,枤,枤,
歫,jù,ju,4
庻,shù,shu,4
穘,xiāo,xiao,1
秮,huó,huo,2
擠,jǐ,ji,3
酓,yǎn,yan,3
逌,yóu,you,2
鳫,yàn,yan,4
㡅,nuǒ,nuo,3
趡,cǔi,cui,3
殷,yīn,yin,1
癌,ái,ai,2
畖,wā,wa,1
椶,zōng,zong,1
屰,nì,ni,4
㶫,liǎo,liao,3
濰,wéi,wei,2
㸈,㸈,㸈,
蛳,sī,si,1
䄬,yí,yi,2
曃,tài,tai,4
腴,yú,yu,2
䀗,jué,jue,2
惯,guàn,guan,4
摻,shǎn,shan,3
笎,yuán,yuan,2
杗,máng,mang,2
綼,bēi,bei,1
劕,zhí,zhi,2
蒁,shù,shu,4
㫉,㫉,㫉,
囱,cōng,cong,1
䶯,䶯,䶯,
塮,xiè,xie,4
狽,bèi,bei,4
鹔,sù,su,4
错,cuò,cuo,4
変,biàn,bian,4
緜,mián,mian,2
㽓,㽓,㽓,
锴,kǎi,kai,3
鄅,yǔ,yu,3
昘,fǎng,fang,3
儀,yí,yi,2
鯛,diāo,diao,1
䖇,yù,yu,4
鎉,tà,ta,4
蘶,wèi,wei,4
㦛,yú,yu,2
庥,xīu,xiu,1
䦰,䦰,䦰,
嚥,yàn,yan,4
哔,bì,bi,4
粋,cùi,cui,4
揭,jiē,jie,1
媴,yuán,yuan,2
籾,ní,ni,2
㶩,㶩,㶩,
䞨,gǔi,gui,3
讧,hóng,hong,2
襆,pú,pu,2
瘆,shèn,shen,4
珑,lóng,long,2
㴥,qiào,qiao,4
龏,gōng,gong,1
款,kuǎn,kuan,3
誯,chàng,chang,4
氆,pǔ,pu,3
鍽,biān,bian,1
㟚,qí,qi,2
绔,kù,ku,4
儌,jiǎo,jiao,3
銃,chòng,chong,4
壋,dàng,dang,4
搫,pán,pan,2
冨,fù,fu,4
涯,yá,ya,2
輭,ruǎn,ruan,3
稍,shāo,shao,1
粎,chǐ,chi,3
魀,jiè,jie,4
㵌,chàn,chan,4
逾,yú,yu,2
䤏,pǐ,pi,3
攸,yōu,you,1
缘,yuán,yuan,2
敚,duó,duo,2
峆,hē,he,1
喗,yǔn,yun,3
痝,máng,mang,2
筈,guā,gua,1
鸘,shuāng,shuang,1
寍,níng,ning,2
䐬,cáo,cao,2
絜,xié,xie,2
㓑,xìng,xing,4
嚝,huāng,huang,1
谸,qiān,qian,1
䶓,jì,ji,4
娏,máng,mang,2
挙,jǔ,ju,3
顷,qǐng,qing,3
热,rè,re,4
龆,tiáo,tiao,2
䡫,péng,peng,2
袵,rèn,ren,4
粴,lǐ,li,3
䥑,wàn,wan,4
伛,yǔ,yu,3
儴,ráng,rang,2
䇆,䇆,䇆,
庂,zè,ze,4
䶝,qià,qia,4
客,kè,ke,4
籺,xié,xie,2
偖,chě,che,3
蹳,bō,bo,1
挾,xié,xie,2
䂸,guó,guo,2
玚,yáng,yang,2
墙,qiáng,qiang,2
㼹,㼹,㼹,
斄,lì,li,4
诈,zhà,zha,4
鱔,shàn,shan,4
釼,jiàn,jian,4
陾,réng,reng,2
騫,qiān,qian,1
喰,cān,can,1
砸,zá,za,2
䑬,yào,yao,4
阴,yīn,yin,1
竩,yì,yi,4
瀑,pù,pu,4
桩,zhuāng,zhuang,1
煯,煯,煯,
虓,xiāo,xiao,1
㚀,㚀,㚀,
䓍,hǎn,han,3
吔,yě,ye,3
爍,shuò,shuo,4
晰,xī,xi,1
㚤,yì,yi,4
色,sè,se,4
磼,zá,za,2
蹆,tǔi,tui,3
㙏,fù,fu,4
秸,jiē,jie,1
鞀,táo,tao,2
噽,pǐ,pi,3
按,àn,an,4
鍾,zhōng,zhong,1
圲,qiān,qian,1
霥,mèng,meng,4
一,yī,yi,1
䫚,䫚,䫚,
盝,lù,lu,4
鱳,lì,li,4
丑,chǒu,chou,3
獛,pú,pu,2
臟,zàng,zang,4
估,gū,gu,1
餗,sù,su,4
颀,qí,qi,2
剼,shān,shan,1
鋗,xuān,xuan,1
苷,gān,gan,1
㢀,cì,ci,4
凊,qìng,qing,4
鸇,zhān,zhan,1
䃨,䃨,䃨,
仪,yí,yi,2
夫,fū,fu,1
䩩,yuǎn,yuan,3
訛,é,e,2
勉,miǎn,mian,3
菡,hàn,han,4
䠿,wài,wai,4
綷,cùi,cui,4
茹,rú,ru,2
鷒,zhuān,zhuan,1
橗,méng,meng,2
䜊,zào,zao,4
螖,huá,hua,2
譯,yì,yi,4
俫,lái,lai,2
詄,dié,die,2
慠,ào,ao,4
樘,táng,tang,2
怮,yōu,you,1
敪,duó,duo,2
舥,pā,pa,1
菉,lù,lu,4
䌸,juàn,juan,4
䚹,pǐ,pi,3
剈,yuān,yuan,1
頧,dūi,dui,1
斖,wěi,wei,3
边,biān,bian,1
㔳,gǔi,gui,3
㩶,niè,nie,4
䞢,zhà,zha,4
偬,zǒng,zong,3
詌,gàn,gan,4
兓,xīn,xin,1
尹,yǐn,yin,3
則,zé,ze,2
胖,pàng,pang,4
梱,kǔn,kun,3
㔻,㔻,㔻,
獝,yù,yu,4
䯃,䯃,䯃,
堽,gāng,gang,1
猻,sūn,sun,1
芦,lú,lu,2
僓,tǔi,tui,3
鈏,yǐn,yin,3
瘇,zhǒng,zhong,3
㻀,yóu,you,2
䟶,cuò,cuo,4
賗,chuàn,chuan,4
㮣,gài,gai,4
笞,chī,chi,1
㢗,qiào,qiao,4
㜍,táng,tang,2
䳃,wǎn,wan,3
澳,ào,ao,4
眒,shèn,shen,4
偼,jié,jie,2
䙎,xié,xie,2
減,jiǎn,jian,3
駾,tùi,tui,4
㺅,hóu,hou,2
韲,jī,ji,1
㤫,dé,de,2
轅,yuán,yuan,2
鈩,鈩,鈩,
潮,cháo,chao,2
䯋,bó,bo,2
眏,yāng,yang,1
㟟,xiàng,xiang,4
稻,dào,dao,4
䯰,jiè,jie,4
廠,chǎng,chang,3
狝,xiǎn,xian,3
粲,càn,can,4
逢,féng,feng,2
铜,tóng,tong,2
㠋,è,e,4
孁,líng,ling,2
㰙,nuó,nuo,2
麩,fū,fu,1
蛨,mò,mo,4
䎛,䎛,䎛,
蝻,nǎn,nan,3
擩,rǔ,ru,3
㽌,lìu,liu,4
秞,yóu,you,2
釫,huá,hua,2
医,yì,yi,4
祷,dǎo,dao,3
㣼,rěn,ren,3
郎,láng,lang,2
抏,wán,wan,2
峫,yé,ye,2
峿,yǔ,yu,3
扨,rèn,ren,4
断,duàn,duan,4
楻,héng,heng,2
孒,jué,jue,2
旖,yǐ,yi,3
丢,dīu,diu,1
䠤,duǒ,duo,3
甋,dì,di,4
䂱,cùi,cui,4
迍,zhūn,zhun,1
驼,tuó,tuo,2
㞹,kě,ke,3
昭,zhāo,zhao,1
崇,chóng,chong,2
碑,bēi,bei,1
傕,jué,jue,2
絽,lv̌,lv,3
暆,yí,yi,2
氙,xiān,xian,1
湜,shí,shi,2
櫿,yíng,ying,2
螈,yuán,yuan,2
㴾,bó,bo,2
隁,yàn,yan,4
竻,lè,le,4
厴,yǎn,yan,3
䞐,chǔn,chun,3
䫠,péi,pei,2
輝,hūi,hui,1
䠦,zhè,zhe,4
臷,dié,die,2
剖,pōu,pou,1
耀,yào,yao,4
鸳,yuān,yuan,1
㢟,chǎn,chan,3
蘒,蘒,蘒,
迚,迚,迚,
邇,ěr,er,3
檊,gàn,gan,4
郌,gūi,gui,1
痯,guǎn,guan,3
秎,fén,fen,2
㨑,㨑,㨑,
㤩,kè,ke,4
濿,lì,li,4
缐,xiàn,xian,4
臸,zhì,zhi,4
椤,luó,luo,2
䍊,jué,jue,2
劗,cuán,cuan,2
爊,áo,ao,2
裫,yuàn,yuan,4
菶,běng,beng,3
抱,bào,bao,4
疑,yí,yi,2
泅,qíu,qiu,2
䛉,mì,mi,4
垎,kè,ke,4
䜃,䜃,䜃,
汽,qì,qi,4
蓔,yǎo,yao,3
顽,wán,wan,2
鏸,hùi,hui,4
鼗,táo,tao,2
薹,tái,tai,2
鳴,míng,ming,2
偑,fēng,feng,1
旟,yú,yu,2
郟,jiá,jia,2
类,lèi,lei,4
䑢,䑢,䑢,
橁,xún,xun,2
娎,xiào,xiao,4
喚,huàn,huan,4
䛬,chóu,chou,2
搙,nù,nu,4
誰,shúi,shui,2
㜶,wǎn,wan,3
婢,bì,bi,4
纴,rén,ren,2
㖞,wāi,wai,1
帶,dài,dai,4
瘼,mò,mo,4
㷣,㷣,㷣,
蓕,gùi,gui,4
莌,duó,duo,2
戏,xì,xi,4
恝,jiá,jia,2
化,huà,hua,4
繑,qiāo,qiao,1
噿,zǔi,zui,3
䊽,guài,guai,4
芡,qiàn,qian,4
忂,qú,qu,2
糊,hú,hu,2
蜚,fēi,fei,1
䴶,péng,peng,2
逹,dá,da,2
駐,zhù,zhu,4
䫿,䫿,䫿,
鴚,gē,ge,1
鯩,lún,lun,2
翮,hé,he,2
婰,diǎn,dian,3
漉,lù,lu,4
鄣,zhāng,zhang,1
猼,bó,bo,2
赋,fù,fu,4
髤,xīu,xiu,1
䣽,tǐ,ti,3
呭,yì,yi,4
㻲,lv̌,lv,3
䦒,dàng,dang,4
㹣,㹣,㹣,
卯,mǎo,mao,3
瘥,chài,chai,4
贙,xuàn,xuan,4
蘠,qiáng,qiang,2
禧,xǐ,xi,3
慴,shè,she,4
硠,lǎng,lang,3
葙,xiāng,xiang,1
蝸,guā,gua,1
纓,yīng,ying,1
䟪,fěng,feng,3
祅,yāo,yao,1
忌,jì,ji,4
乸,nǎ,na,3
佉,qū,qu,1
綵,cǎi,cai,3
儖,lán,lan,2
姟,gāi,gai,1
趋,qū,qu,1
惕,tì,ti,4
洗,xǐ,xi,3
䌒,lù,lu,4
錘,chúi,chui,2
蝩,chóng,chong,2
䌧,chóu,chou,2
曑,sēn,sen,1
眻,yáng,yang,2
膄,sòu,sou,4
鵡,wǔ,wu,3
䄊,䄊,䄊,
䀔,níu,niu,2
庅,mo,mo,5
鎊,bàng,bang,4
噟,yìng,ying,4
杤,杤,杤,
嚇,xià,xia,4
翙,hùi,hui,4
馅,xiàn,xian,4
蚚,qí,qi,2
㔊,dǎn,dan,3
当,dāng,dang,1
祙,mèi,mei,4
帓,mà,ma,4
洠,móu,mou,2
踆,qūn,qun,1
梦,mèng,meng,4
䳜,tú,tu,2
㷨,㷨,㷨,
鸕,lú,lu,2
䶬,䶬,䶬,
揘,héng,heng,2
冼,xiǎn,xian,3
羋,mǐ,mi,3
仱,qián,qian,2
劝,quàn,quan,4
鄼,zàn,zan,4
擏,jìng,jing,4
蓀,sūn,sun,1
怘,gù,gu,4
鬖,sān,san,1
㼗,dǐng,ding,3
蝤,qíu,qiu,2
䥚,䥚,䥚,
孩,hái,hai,2
簾,lián,lian,2
碡,dú,du,2
趒,tiáo,tiao,2
掖,yè,ye,4
梢,shāo,shao,1
番,fān,fan,1
鼸,xiǎn,xian,3
㯍,jiǎng,jiang,3
運,yùn,yun,4
䫅,sàn,san,4
鶅,zī,zi,1
嘤,yīng,ying,1
堎,lèng,leng,4
瓗,xī,xi,1
艋,měng,meng,3
㐑,㐑,㐑,
榾,gù,gu,4
㿆,㿆,㿆,
駴,xiè,xie,4
䆚,tóng,tong,2
䟻,dù,du,4
䄣,䄣,䄣,
䔉,lì,li,4
湀,kúi,kui,2
釷,tǔ,tu,3
琁,xuán,xuan,2
轶,yì,yi,4
㺪,pú,pu,2
反,fǎn,fan,3
㾠,huáng,huang,2
渞,qíu,qiu,2
㟥,㟥,㟥,
鱯,huò,huo,4
䦖,xiá,xia,2
䭇,yì,yi,4
禷,lèi,lei,4
幃,wéi,wei,2
鹊,què,que,4
牄,qiāng,qiang,1
塸,ǒu,ou,3
㰁,luǒ,luo,3
㝈,luán,luan,2
崽,zǎi,zai,3
飊,飊,飊,
垷,xiàn,xian,4
轷,hū,hu,1
䮶,䮶,䮶,
蚻,zhá,zha,2
鉯,yǐ,yi,3
䪹,péi,pei,2
葦,wěi,wei,3
䣴,xù,xu,4
䎬,bà,ba,4
鯃,wú,wu,2
鱧,lǐ,li,3
䘅,nái,nai,2
䘼,wǎn,wan,3
㒦,lěi,lei,3
䦧,qié,qie,2
㿏,qún,qun,2
䴝,bù,bu,4
姢,juān,juan,1
嚟,lí,li,2
堿,jiǎn,jian,3
氷,bīng,bing,1
廸,dí,di,2
㘦,qín,qin,2
镬,huò,huo,4
技,jì,ji,4
硦,lòng,long,4
溈,gūi,gui,1
襇,jiǎn,jian,3
峅,峅,峅,
浠,xī,xi,1
看,kàn,kan,4
隶,lì,li,4
㛲,fà,fa,4
鱚,xǐ,xi,3
殊,shū,shu,1
基,jī,ji,1
拞,dǐ,di,3
羰,tāng,tang,1
鬶,gūi,gui,1
蓮,lián,lian,2
賉,xù,xu,4
弌,yī,yi,1
姏,mán,man,2
媢,mào,mao,4
觷,xué,xue,2
迄,qì,qi,4
㠶,fán,fan,2
慆,tāo,tao,1
羚,líng,ling,2
佫,hè,he,4
烔,tóng,tong,2
謅,zōu,zou,1
駂,bǎo,bao,3
彦,yàn,yan,4
䠁,䠁,䠁,
袽,rú,ru,2
埃,āi,ai,1
憝,dùi,dui,4
㤊,xiào,xiao,4
鰂,zé,ze,2
皈,gūi,gui,1
镸,cháng,chang,2
鹝,nì,ni,4
䉍,jiǎn,jian,3
唗,dōu,dou,1
后,hòu,hou,4
钰,yù,yu,4
譊,náo,nao,2
㭣,㭣,㭣,
呵,hē,he,1
鿐,鿐,鿐,
緪,gēng,geng,1
䀕,chèng,cheng,4
鿈,鿈,鿈,
䗓,䗓,䗓,
蓻,jí,ji,2
仯,chào,chao,4
蕟,fà,fa,4
㶙,㶙,㶙,
嬨,cí,ci,2
霙,yīng,ying,1
䍣,léi,lei,2
鉺,ěr,er,3
漱,shù,shu,4
源,yuán,yuan,2
䴖,jīng,jing,1
苧,zhù,zhu,4
郰,zōu,zou,1
矽,xì,xi,4
扄,shǎng,shang,3
埻,zhǔn,zhun,3
朌,bān,ban,1
鿝,鿝,鿝,
儐,bìn,bin,4
䩼,féng,feng,2
荘,zhuāng,zhuang,1
像,xiàng,xiang,4
駋,zhāo,zhao,1
憙,xǐ,xi,3
䄗,䄗,䄗,
徇,xùn,xun,4
煻,táng,tang,2
乺,乺,乺,
䇵,yí,yi,2
䑍,yàn,yan,4
蠟,là,la,4
䘚,zhú,zhu,2
鿞,鿞,鿞,
壭,壭,壭,
欟,欟,欟,
㰭,㰭,㰭,
狋,ní,ni,2
媫,媫,媫,
捵,chěn,chen,3
鎆,鎆,鎆,
帘,lián,lian,2
獦,gé,ge,2
巽,xùn,xun,4
㭤,niǎo,niao,3
庌,yǎ,ya,3
鰦,鰦,鰦,
笂,笂,笂,
吕,lv̌,lv,3
斏,斏,斏,
肮,háng,hang,2
鏌,mò,mo,4
理,lǐ,li,3
禣,禣,禣,
燉,dùn,dun,4
娇,jiāo,jiao,1
焝,hùn,hun,4
䋦,fán,fan,2
鲃,bā,ba,1
斆,xiào,xiao,4
孙,sūn,sun,1
妭,bá,ba,2
㪝,liàn,lian,4
呱,gū,gu,1
穀,gǔ,gu,3
谶,chèn,chen,4
鏩,jiàn,jian,4
衺,xié,xie,2
㳪,pàn,pan,4
䒯,䒯,䒯,
姮,héng,heng,2
姽,gǔi,gui,3
媔,mián,mian,2
䒄,bó,bo,2
蘑,mó,mo,2
弢,tāo,tao,1
竱,zhuǎn,zhuan,3
承,chéng,cheng,2
㠌,㠌,㠌,
葱,cōng,cong,1
㤬,hùi,hui,4
㴮,xiè,xie,4
差,chà,cha,4
异,yì,yi,4
旼,mín,min,2
耛,chí,chi,2
显,xiǎn,xian,3
䅦,máo,mao,2
㻉,bù,bu,4
㴴,chén,chen,2
攭,lì,li,4
鲢,lián,lian,2
笡,qiè,qie,4
呦,yōu,you,1
䔓,xǔ,xu,3
坑,kēng,keng,1
雇,gù,gu,4
汋,zhuó,zhuo,2
锟,kūn,kun,1
䪤,fán,fan,2
襣,bì,bi,4
㖹,fèn,fen,4
鉲,kǎ,ka,3
磐,pán,pan,2
穫,huò,huo,4
蟐,蟐,蟐,
荩,jìn,jin,4
孞,xìn,xin,4
梓,zǐ,zi,3
仕,shì,shi,4
觫,sù,su,4
㐹,yì,yi,4
㗓,㗓,㗓,
㬴,hǒng,hong,3
媑,zhòng,zhong,4
聍,níng,ning,2
髢,tì,ti,4
檭,yín,yin,2
㗟,㗟,㗟,
謈,bó,bo,2
蓾,lǔ,lu,3
騢,xiá,xia,2
哥,gē,ge,1
鿸,鿸,鿸,
鷁,nì,ni,4
㙤,xià,xia,4
誛,qīn,qin,1
湣,mǐn,min,3
䓛,fǔ,fu,3
汑,tuō,tuo,1
袚,bō,bo,1
㚺,yùn,yun,4
吪,é,e,2
枢,shū,shu,1
锻,duàn,duan,4
嵵,嵵,嵵,
搎,sūn,sun,1
娭,xī,xi,1
殚,dān,dan,1
鮽,yú,yu,2
図,tú,tu,2
碨,wēi,wei,1
鲩,wǎn,wan,3
横,héng,heng,2
驇,zhì,zhi,4
驔,tán,tan,2
睿,rùi,rui,4
濙,yíng,ying,2
楍,běn,ben,3
餶,gǔ,gu,3
眊,mào,mao,4
灟,zhú,zhu,2
覊,jī,ji,1
喊,hǎn,han,3
厃,zhān,zhan,1
飡,cān,can,1
䈑,guǎ,gua,3
踻,guā,gua,1
䫭,hùi,hui,4
冋,jiōng,jiong,1
㻤,㻤,㻤,
迤,yǐ,yi,3
忤,wǔ,wu,3
㗮,㗮,㗮,
图,tú,tu,2
澃,jiòng,jiong,4
麐,lín,lin,2
礟,pào,pao,4
蠚,hè,he,4
跨,kuà,kua,4
姣,jiāo,jiao,1
䁍,jià,jia,4
岣,gǒu,gou,3
䆣,chén,chen,2
霧,wù,wu,4
蛲,ráo,rao,2
蓊,wěng,weng,3
㗝,㗝,㗝,
䔝,䔝,䔝,
㷫,qǐng,qing,3
䃹,làn,lan,4
柧,gū,gu,1
嘂,jiào,jiao,4
絾,chéng,cheng,2
邿,shī,shi,1
㘩,bì,bi,4
攅,zǎn,zan,3
乣,jǐu,jiu,3
溧,lì,li,4
螓,qín,qin,2
鄭,zhèng,zheng,4
䐿,áo,ao,2
選,xuǎn,xuan,3
鏧,lóng,long,2
乼,乼,乼,
䌿,fú,fu,2
㑉,sù,su,4
蓸,cáo,cao,2
䉽,bǎn,ban,3
䶶,䶶,䶶,
筣,lì,li,4
篮,lán,lan,2
脴,pǐ,pi,3
趙,zhào,zhao,4
䧑,䧑,䧑,
鴳,yàn,yan,4
魃,bá,ba,2
曛,xūn,xun,1
稃,fū,fu,1
㜌,gòu,gou,4
䙁,cán,can,2
姡,kuò,kuo,4
龀,chèn,chen,4
穕,qiè,qie,4
㨢,㨢,㨢,
淤,yū,yu,1
䢯,lín,lin,2
䭎,xié,xie,2
䣨,chún,chun,2
嚲,duǒ,duo,3
鮗,鮗,鮗,
闚,kūi,kui,1
呕,ōu,ou,1
豺,chái,chai,2
糬,糬,糬,
諸,zhū,zhu,1
䪠,䪠,䪠,
挏,dòng,dong,4
凵,qū,qu,1
㝅,gòu,gou,4
㐋,㐋,㐋,
顉,qīn,qin,1
䠰,quán,quan,2
諾,nuò,nuo,4
荴,fū,fu,1
龌,wò,wo,4
䨤,dí,di,2
忬,yù,yu,4
矠,cè,ce,4
庙,miào,miao,4
棹,zhuō,zhuo,1
蟟,liáo,liao,2
緱,gōu,gou,1
蜥,xī,xi,1
巨,jù,ju,4
㷋,tán,tan,2
㧫,ér,er,2
哕,yuě,yue,3
萸,yú,yu,2
鏊,áo,ao,2
羯,jié,jie,2
馉,gǔ,gu,3
俒,hùn,hun,4
䠢,mèng,meng,4
諑,zhuó,zhuo,2
矋,lì,li,4
䪈,qiǎn,qian,3
䐨,gǔ,gu,3
癗,lěi,lei,3
存,cún,cun,2
䳨,huáng,huang,2
擦,cā,ca,1
窤,窤,窤,
典,diǎn,dian,3
䵛,jiàn,jian,4
猄,jīng,jing,1
簷,yán,yan,2
㑥,yì,yi,4
䆱,tǎn,tan,3
㫖,㫖,㫖,
讄,lěi,lei,3
鸨,bǎo,bao,3
䇘,hù,hu,4
蠎,mǎng,mang,3
炙,zhì,zhi,4
䕘,líng,ling,2
輄,guāng,guang,1
蛚,liè,lie,4
䏹,xiàn,xian,4
魖,xū,xu,1
䘾,guǎn,guan,3
椭,tuǒ,tuo,3
袢,pàn,pan,4
磲,qú,qu,2
纙,luò,luo,4
缏,biàn,bian,4
䨞,yǔ,yu,3
薽,zhēn,zhen,1
紳,shēn,shen,1
凐,yīn,yin,1
駫,jiōng,jiong,1
岫,xìu,xiu,4
狼,láng,lang,2
咺,xuǎn,xuan,3
粑,bā,ba,1
䑂,ǎi,ai,3
䒜,níu,niu,2
嘺,qiáo,qiao,2
䓘,jìu,jiu,4
遃,yǎn,yan,3
龨,龨,龨,
璄,yǐng,ying,3
厉,lì,li,4
嵓,yán,yan,2
梻,梻,梻,
䰈,chǎ,cha,3
玬,dǎn,dan,3
浞,zhuó,zhuo,2
㠒,biǎo,biao,3
䇰,䇰,䇰,
窋,zhú,zhu,2
込,込,込,
崂,láo,lao,2
僾,ài,ai,4
䏀,là,la,4
谷,gǔ,gu,3
䉜,zhì,zhi,4
奠,diàn,dian,4
再,zài,zai,4
霪,yín,yin,2
贌,贌,贌,
酾,xǐ,xi,3
冎,guǎ,gua,3
騾,luó,luo,2
芨,jí,ji,2
党,dǎng,dang,3
僭,jiàn,jian,4
賺,zhuàn,zhuan,4
偆,chǔn,chun,3
熆,hé,he,2
鱡,zéi,zei,2
䛩,wù,wu,4
璀,cǔi,cui,3
䒺,jǐn,jin,3
润,rùn,run,4
嵥,jié,jie,2
䕬,䕬,䕬,
玨,jué,jue,2
穔,huáng,huang,2
谊,yí,yi,2
鯦,jìu,jiu,4
勛,xūn,xun,1
廀,sōu,sou,1
䀤,mào,mao,4
園,yuán,yuan,2
蓱,píng,ping,2
珰,dāng,dang,1
蜣,qiāng,qiang,1
柊,zhōng,zhong,1
袖,xìu,xiu,4
赕,tàn,tan,4
䲐,lǔ,lu,3
谴,qiǎn,qian,3
㹒,pǔ,pu,3
鍌,xiǎn,xian,3
㽕,yóu,you,2
慉,xù,xu,4
棡,gāng,gang,1
呀,yā,ya,1
礎,chǔ,chu,3
餀,hài,hai,4
鍪,móu,mou,2
錔,tà,ta,4
䡒,tián,tian,2
逋,bū,bu,1
靇,lóng,long,2
繯,huán,huan,2
驧,jú,ju,2
窅,yǎo,yao,3
齌,jì,ji,4
葌,jiān,jian,1
䛜,xùn,xun,4
䏋,sù,su,4
揍,zòu,zou,4
䱕,móu,mou,2
糝,sǎn,san,3
器,qì,qi,4
噬,shì,shi,4
㘈,yī,yi,1
㣎,mù,mu,4
蠧,dù,du,4
瑇,dài,dai,4
㺗,dàn,dan,4
䈠,huǎn,huan,3
传,chuán,chuan,2
办,bàn,ban,4
昊,hào,hao,4
楀,yǔ,yu,3
迆,yǐ,yi,3
堧,ruán,ruan,2
緢,miáo,miao,2
琬,wǎn,wan,3
䣪,pò,po,4
啅,zhuó,zhuo,2
瞣,瞣,瞣,
䚿,yìn,yin,4
叱,chì,chi,4
邂,xiè,xie,4
嘌,piāo,piao,1
㾷,㾷,㾷,
煙,yān,yan,1
鳗,mán,man,2
㭷,㭷,㭷,
䙽,xì,xi,4
吖,ā,a,1
騨,tuó,tuo,2
㬋,hóu,hou,2
縬,cù,cu,4
祪,gǔi,gui,3
綏,sūi,sui,1
慞,zhāng,zhang,1
骣,chǎn,chan,3
兆,zhào,zhao,4
㕗,yòu,you,4
㱥,líng,ling,2
蠁,xiàng,xiang,4
漾,yàng,yang,4
儢,lv̌,lv,3
謀,móu,mou,2
庼,qǐng,qing,3
鹵,lǔ,lu,3
酝,yùn,yun,4
茅,máo,mao,2
䕅,sǎo,sao,3
民,mín,min,2
秵,yīn,yin,1
貏,bǐ,bi,3
畵,huà,hua,4
飮,yǐn,yin,3
㓁,wǎng,wang,3
螁,螁,螁,
㝸,biàn,bian,4
鍜,xiā,xia,1
誐,é,e,2
骶,dǐ,di,3
蠓,měng,meng,3
被,bèi,bei,4
唥,唥,唥,
皟,zé,ze,2
䖨,shí,shi,2
硺,zhuó,zhuo,2
蕬,sī,si,1
寈,qīng,qing,1
䄽,tiǎn,tian,3
嬉,xī,xi,1
孬,huài,huai,4
潯,xún,xun,2
篔,yún,yun,2
㛴,nǎo,nao,3
崙,lún,lun,2
膾,kuài,kuai,4
䴲,mò,mo,4
儫,háo,hao,2
糔,xǐu,xiu,3
増,zēng,zeng,1
拐,guǎi,guai,3
㯸,jǐn,jin,3
橦,chuáng,chuang,2
釓,gá,ga,2
溊,溊,溊,
瑢,róng,rong,2
鴠,dàn,dan,4
䔭,nìng,ning,4
壢,lì,li,4
㗯,㗯,㗯,
篗,yuè,yue,4
㛔,péng,peng,2
灘,tān,tan,1
景,jǐng,jing,3
鞡,la,la,5
矧,shěn,shen,3
乛,乛,乛,
䞅,yí,yi,2
荺,yún,yun,2
尸,shī,shi,1
红,hóng,hong,2
裺,yǎn,yan,3
佲,míng,ming,2
襨,襨,襨,
臿,chā,cha,1
㙉,tiǎn,tian,3
皒,é,e,2
師,shī,shi,1
㛷,㛷,㛷,
䡆,róng,rong,2
歕,pēn,pen,1
产,chǎn,chan,3
峱,náo,nao,2
㵠,㵠,㵠,
褚,chǔ,chu,3
叾,叾,叾,
鱽,dāo,dao,1
錦,jǐn,jin,3
栘,yǐ,yi,3
嫕,yì,yi,4
杻,chǒu,chou,3
議,yì,yi,4
輣,péng,peng,2
㡰,yǔ,yu,3
棢,wǎng,wang,3
㙅,bǎo,bao,3
擌,suǒ,suo,3
砑,yà,ya,4
㴼,sù,su,4
垗,zhào,zhao,4
負,fù,fu,4
鮤,liè,lie,4
佑,yòu,you,4
遞,dì,di,4
㷕,qíu,qiu,2
氇,luó,luo,2
㐸,qiàn,qian,4
弫,zhěn,zhen,3
䂮,lvè,lve,4
驐,dūn,dun,1
湨,qù,qu,4
戔,jiān,jian,1
䔘,zuò,zuo,4
䔾,è,e,4
㪃,kě,ke,3
䑧,fú,fu,2
笸,pǒ,po,3
蚤,zǎo,zao,3
洋,yáng,yang,2
缭,liáo,liao,2
芖,zhì,zhi,4
蒈,kǎi,kai,3
鴺,yí,yi,2
韕,韕,韕,
崅,què,que,4
櫭,jié,jie,2
屃,xì,xi,4
㯘,kuǎn,kuan,3
緮,fù,fu,4
䒩,hé,he,2
酛,酛,酛,
㠟,lí,li,2
䮌,䮌,䮌,
驝,tuō,tuo,1
㝯,qiáo,qiao,2
複,fù,fu,4
猇,yáo,yao,2
䱓,tíng,ting,2
陂,bēi,bei,1
蘣,tòng,tong,4
笱,gǒu,gou,3
䁜,huǎng,huang,3
枹,fū,fu,1
耿,gěng,geng,3
㞌,yùn,yun,4
羖,gǔ,gu,3
瑀,yǔ,yu,3
廮,yíng,ying,2
姜,jiāng,jiang,1
糗,qǐu,qiu,3
鉨,nǐ,ni,3
連,lián,lian,2
攉,huò,huo,4
㟷,da,da,5
䡉,kǎng,kang,3
漤,lǎn,lan,3
溻,tà,ta,4
轟,hōng,hong,1
蒪,pò,po,4
拫,hén,hen,2
饣,shí,shi,2
㯜,cùi,cui,4
㣑,róng,rong,2
嫾,lián,lian,2
繙,fān,fan,1
㼄,㼄,㼄,
磤,yǐn,yin,3
蓂,míng,ming,2
鎒,nòu,nou,4
鎦,líu,liu,2
嚚,yín,yin,2
旷,kuàng,kuang,4
鐥,shàn,shan,4
砨,ài,ai,4
晸,zhěn,zhen,3
珏,jué,jue,2
㝮,cùi,cui,4
杂,zá,za,2
弱,ruò,ruo,4
䂪,diào,diao,4
萳,nán,nan,2
䜮,liáo,liao,2
㾫,㾫,㾫,
䬤,cháo,chao,2
䊢,䊢,䊢,
损,sǔn,sun,3
敓,duó,duo,2
峡,xiá,xia,2
蓘,gǔn,gun,3
齆,wèng,weng,4
赒,zhōu,zhou,1
蔩,yín,yin,2
䣥,bǐ,bi,3
攟,jùn,jun,4
秘,mì,mi,4
隠,yǐn,yin,3
䄁,yì,yi,4
侹,tǐng,ting,3
㛪,yàn,yan,4
疚,jìu,jiu,4
櫨,lú,lu,2
兄,xiōng,xiong,1
昵,nì,ni,4
嗦,suō,suo,1
跤,jiāo,jiao,1
嗎,ma,ma,5
䌝,jìn,jin,4
柍,yāng,yang,1
砡,yù,yu,4
㢥,dòng,dong,4
觞,shāng,shang,1
絡,luò,luo,4
鼁,qù,qu,4
湯,tāng,tang,1
厌,yàn,yan,4
蚭,ní,ni,2
瞤,rún,run,2
弥,mí,mi,2
㯠,qiàn,qian,4
㓟,㓟,㓟,
缝,féng,feng,2
撕,sī,si,1
䟐,lì,li,4
㨦,sǒng,song,3
䖯,gùi,gui,4
燠,yù,yu,4
釙,pò,po,4
淈,gǔ,gu,3
㑗,㑗,㑗,
鴩,tiě,tie,3
燱,yì,yi,4
䬱,bèn,ben,4
䁋,shé,she,2
銨,ǎn,an,3
啟,qǐ,qi,3
敦,dūn,dun,1
䣘,táng,tang,2
冃,冃,冃,
䝊,shà,sha,4
盞,zhǎn,zhan,3
粍,lí,li,2
揾,wèn,wen,4
欚,lǐ,li,3
䉨,yì,yi,4
麬,fū,fu,1
桞,桞,桞,
䇎,què,que,4
鳆,fù,fu,4
灂,zhuó,zhuo,2
騉,kūn,kun,1
辺,biān,bian,1
㖀,lè,le,4
䭫,qǐ,qi,3
虫,chóng,chong,2
㿳,㿳,㿳,
綞,duǒ,duo,3
饱,bǎo,bao,3
䑎,chǎn,chan,3
㬡,líng,ling,2
㾊,jí,ji,2
䘆,xiǎn,xian,3
儗,nǐ,ni,3
寕,níng,ning,2
欬,kài,kai,4
蚂,mǎ,ma,3
㓼,chì,chi,4
㗲,huò,huo,4
埽,sào,sao,4
㖍,㖍,㖍,
逿,dàng,dang,4
䫊,bó,bo,2
咪,mī,mi,1
㮆,niè,nie,4
䎝,chú,chu,2
蓃,huò,huo,4
㰣,zì,zi,4
㲁,㲁,㲁,
䁿,mò,mo,4
䑥,è,e,4
䴜,huái,huai,2
薙,tì,ti,4
癨,huò,huo,4
姉,zǐ,zi,3
銎,qiōng,qiong,1
覲,jǐn,jin,3
枅,jī,ji,1
韽,yīn,yin,1
㕰,hè,he,4
碹,xuàn,xuan,4
拀,chù,chu,4
尫,wāng,wang,1
蜷,quán,quan,2
騿,zhāng,zhang,1
㺯,㺯,㺯,
㠭,zhǎn,zhan,3
滮,biāo,biao,1
䋣,fán,fan,2
僼,fēng,feng,1
車,chē,che,1
䇸,chéng,cheng,2
境,jìng,jing,4
焧,cōng,cong,1
繞,rào,rao,4
骼,gé,ge,2
鰻,mán,man,2
入,rù,ru,4
腂,guò,guo,4
艍,jū,ju,1
炅,jiǒng,jiong,3
咃,tuō,tuo,1
撈,lāo,lao,1
枔,xún,xun,2
輖,zhōu,zhou,1
锗,duǒ,duo,3
腐,fǔ,fu,3
䢊,yóu,you,2
首,shǒu,shou,3
诿,wěi,wei,3
弧,hú,hu,2
羗,qiāng,qiang,1
緁,qiè,qie,4
爼,zǔ,zu,3
保,bǎo,bao,3
蟀,shuài,shuai,4
䏅,qì,qi,4
饙,fēn,fen,1
兝,fēn,fen,1
抛,pāo,pao,1
㘣,xuán,xuan,2
嫊,sù,su,4
豙,yì,yi,4
哆,duō,duo,1
搧,shān,shan,1
礩,zhì,zhi,4
竦,sǒng,song,3
釰,rì,ri,4
䠍,qiá,qia,2
㤿,㤿,㤿,
㫩,㫩,㫩,
劀,guā,gua,1
寯,jùn,jun,4
繦,qiǎng,qiang,3
罼,bì,bi,4
㢻,wěi,wei,3
䆊,cùi,cui,4
㧡,hài,hai,4
粬,粬,粬,
厪,qín,qin,2
㘚,hǎn,han,3
䰅,䰅,䰅,
䗘,gé,ge,2
偝,bèi,bei,4
㘤,㘤,㘤,
处,chù,chu,4
択,zé,ze,2
熩,hù,hu,4
䫙,sǎng,sang,3
闽,mǐn,min,3
䳣,yuán,yuan,2
㼓,lián,lian,2
玿,sháo,shao,2
湝,jiē,jie,1
䛞,hǎn,han,3
鼨,tóng,tong,2
㲸,㲸,㲸,
琋,xī,xi,1
禕,yī,yi,1
飭,chì,chi,4
䯆,yì,yi,4
㲣,㲣,㲣,
牺,xī,xi,1
棄,qì,qi,4
窰,yáo,yao,2
藉,jiè,jie,4
䤈,䤈,䤈,
纳,nà,na,4
晞,xī,xi,1
镒,yì,yi,4
给,gěi,gei,3
㸙,㸙,㸙,
蛴,qí,qi,2
囂,xiāo,xiao,1
㣃,yǔ,yu,3
䝫,zuó,zuo,2
臫,jiǎo,jiao,3
签,qiān,qian,1
䶇,zhòu,zhou,4
黡,yǎn,yan,3
㔫,㔫,㔫,
饻,yī,yi,1
涉,shè,she,4
㓂,kòu,kou,4
瀺,chán,chan,2
胧,lóng,long,2
泄,xiè,xie,4
㺺,mào,mao,4
孥,nú,nu,2
蔬,shū,shu,1
渆,yuān,yuan,1
兢,jīng,jing,1
偉,wěi,wei,3
蔀,bù,bu,4
轿,jiào,jiao,4
㹭,yì,yi,4
䆏,fèi,fei,4
县,xiàn,xian,4
萯,fù,fu,4
評,píng,ping,2
裝,zhuāng,zhuang,1
抴,yì,yi,4
闕,què,que,4
厓,yá,ya,2
趀,cī,ci,1
鏜,tāng,tang,1
篝,gōu,gou,1
㗠,㗠,㗠,
顪,hūi,hui,1
塖,chéng,cheng,2
鼤,wén,wen,2
䳸,má,ma,2
㜖,cáo,cao,2
㠔,bài,bai,4
礂,礂,礂,
劤,jìn,jin,4
㣖,㣖,㣖,
抑,yì,yi,4
鬊,shùn,shun,4
侱,chěng,cheng,3
壏,làn,lan,4
焎,xiè,xie,4
嗳,ài,ai,4
㶕,jiǎn,jian,3
䪪,䪪,䪪,
偞,yè,ye,4
眯,mǐ,mi,3
隹,zhūi,zhui,1
䁖,lōu,lou,1
膪,zhà,zha,4
㶗,fàn,fan,4
餢,bù,bu,4
瘶,sòu,sou,4
晭,zhǒu,zhou,3
㧷,duò,duo,4
峞,wéi,wei,2
逯,lù,lu,4
㵪,xián,xian,2
霖,lín,lin,2
蜺,ní,ni,2
懜,mèng,meng,4
鵏,bū,bu,1
婾,tōu,tou,1
炑,mù,mu,4
珠,zhū,zhu,1
鞽,qiáo,qiao,2
鈰,shì,shi,4
镐,hào,hao,4
滙,hùi,hui,4
鶆,lái,lai,2
䳬,è,e,4
供,gōng,gong,1
䢜,䢜,䢜,
䦷,chuài,chuai,4
吣,qìn,qin,4
描,miáo,miao,2
㚘,bàn,ban,4
䮀,bó,bo,2
謴,guàn,guan,4
嚅,rú,ru,2
实,shí,shi,2
䛢,䛢,䛢,
榫,sǔn,sun,3
䵬,tà,ta,4
刐,dǎn,dan,3
鵃,zhōu,zhou,1
痸,chì,chi,4
涒,tūn,tun,1
硪,é,e,2
稾,gǎo,gao,3
荎,chí,chi,2
孃,niáng,niang,2
㹴,㹴,㹴,
虶,yū,yu,1
㧿,㧿,㧿,
㾜,qiè,qie,4
葯,yào,yao,4
阄,jīu,jiu,1
瀫,hú,hu,2
顶,dǐng,ding,3
昇,shēng,sheng,1
鑥,lǔ,lu,3
㬨,㬨,㬨,
闍,dū,du,1
僎,zhuàn,zhuan,4
䨵,dàn,dan,4
搽,chá,cha,2
㶲,yòng,yong,4
鲼,fèn,fen,4
䓵,䓵,䓵,
劯,zhū,zhu,1
䠎,wò,wo,4
紩,zhì,zhi,4
㡹,cì,ci,4
仇,chóu,chou,2
璈,áo,ao,2
塒,shí,shi,2
伳,xiè,xie,4
㑶,xì,xi,4
穁,róng,rong,2
耆,qí,qi,2
肤,fū,fu,1
繎,rán,ran,2
槫,tuán,tuan,2
弟,dì,di,4
㮶,shì,shi,4
䄈,dòu,dou,4
盢,xù,xu,4
浾,chēng,cheng,1
韇,dú,du,2
䣗,䣗,䣗,
駡,mà,ma,4
穎,yǐng,ying,3
姼,chǐ,chi,3
佽,cì,ci,4
鶰,yuán,yuan,2
儎,zài,zai,4
汕,shàn,shan,4
上,shàng,shang,4
謥,còng,cong,4
圙,lvè,lve,4
闶,kàng,kang,4
㢐,㢐,㢐,
䭺,áng,ang,2
窸,xī,xi,1
㗴,yán,yan,2
奧,ào,ao,4
焁,焁,焁,
䂄,huò,huo,4
㟹,láo,lao,2
䳍,䳍,䳍,
譁,huá,hua,2
怂,sǒng,song,3
礗,pīn,pin,1
飤,sì,si,4
覈,hé,he,2
紬,chóu,chou,2
骃,yīn,yin,1
䛟,jiá,jia,2
䡰,kěng,keng,3
杚,gǔ,gu,3
玩,wán,wan,2
赗,fèng,feng,4
炾,huǎng,huang,3
鹸,jiǎn,jian,3
弗,fú,fu,2
蚱,zhà,zha,4
宍,ròu,rou,4
唲,ér,er,2
䠺,䠺,䠺,
腩,nǎn,nan,3
㔞,kuài,kuai,4
㨫,lǎn,lan,3
䩳,shǔ,shu,3
胢,kē,ke,1
叡,rùi,rui,4
呆,dāi,dai,1
䯷,䯷,䯷,
富,fù,fu,4
琾,jiè,jie,4
㨧,bèn,ben,4
㟆,huá,hua,2
竌,chù,chu,4
㘘,㘘,㘘,
嚊,xì,xi,4
蛓,cì,ci,4
渐,jiàn,jian,4
匣,xiá,xia,2
巛,chuān,chuan,1
張,zhāng,zhang,1
蠔,háo,hao,2
掗,yà,ya,4
犊,dú,du,2
琌,líng,ling,2
鲄,hé,he,2
囩,yùn,yun,4
粀,粀,粀,
沪,hù,hu,4
㒐,㒐,㒐,
褬,sǎng,sang,3
报,bào,bao,4
趘,xí,xi,2
垁,zhì,zhi,4
㹫,xì,xi,4
䮜,shà,sha,4
缷,xiè,xie,4
䌋,䌋,䌋,
錜,niē,nie,1
峦,luán,luan,2
郦,lì,li,4
礮,pào,pao,4
訲,yì,yi,4
悍,hàn,han,4
烱,jiǒng,jiong,3
鋙,wú,wu,2
鵂,xīu,xiu,1
慻,juàn,juan,4
朆,fēn,fen,1
倩,qiàn,qian,4
㱲,yì,yi,4
橘,jú,ju,2
䱴,gèng,geng,4
洚,jiàng,jiang,4
菁,jīng,jing,1
䱣,zú,zu,2
蜝,qí,qi,2
㣀,zhèn,zhen,4
跙,jǔ,ju,3
藽,chèn,chen,4
贽,zhì,zhi,4
䰸,䰸,䰸,
荲,chù,chu,4
䟆,bì,bi,4
媪,ǎo,ao,3
癵,luán,luan,2
纊,kuàng,kuang,4
䚍,qì,qi,4
谩,mán,man,2
吅,xuān,xuan,1
备,bèi,bei,4
㥴,yí,yi,2
䳦,䳦,䳦,
䋔,bì,bi,4
羪,羪,羪,
㥤,㥤,㥤,
嬿,yàn,yan,4
㨴,jiàn,jian,4
姀,hé,he,2
甾,zī,zi,1
紋,wén,wen,2
杔,tuō,tuo,1
辌,liáng,liang,2
鬱,yù,yu,4
㠉,tóng,tong,2
䢻,chén,chen,2
稸,xù,xu,4
犗,jiè,jie,4
韴,zá,za,2
夅,jiàng,jiang,4
䛁,nán,nan,2
渜,nuǎn,nuan,3
筯,zhù,zhu,4
鏏,wèi,wei,4
顱,lú,lu,2
鈄,dǒu,dou,3
嗟,jiē,jie,1
䟬,qìu,qiu,4
嬹,xìng,xing,4
瞬,shùn,shun,4
硅,gūi,gui,1
㴗,㴗,㴗,
哿,gě,ge,3
簓,簓,簓,
虌,biē,bie,1
䕉,zé,ze,2
箉,guǎi,guai,3
瓖,xiāng,xiang,1
粠,hóng,hong,2
傐,hào,hao,4
咘,bù,bu,4
課,kè,ke,4
琘,mín,min,2
攖,yīng,ying,1
吉,jí,ji,2
䬚,䬚,䬚,
魈,xiāo,xiao,1
糍,cí,ci,2
獂,yuán,yuan,2
黫,yīn,yin,1
巗,yán,yan,2
餆,yáo,yao,2
帟,yì,yi,4
䑲,chè,che,4
磸,dìng,ding,4
电,diàn,dian,4
蟒,mǎng,mang,3
䘔,䘔,䘔,
逜,wù,wu,4
骝,líu,liu,2
㗕,gòu,gou,4
䑉,yíng,ying,2
㘧,xù,xu,4
頾,zī,zi,1
舍,shè,she,4
鿒,鿒,鿒,
䕐,䕐,䕐,
㑱,rǎo,rao,3
㬸,㬸,㬸,
驆,bì,bi,4
痒,yǎng,yang,3
颞,niè,nie,4
耘,yún,yun,2
譲,ràng,rang,4
㠲,bǐ,bi,3
䀎,miǎn,mian,3
翍,pī,pi,1
嬟,yì,yi,4
峓,yí,yi,2
暛,suǒ,suo,3
卲,shào,shao,4
畧,lvè,lve,4
肰,rán,ran,2
崫,jué,jue,2
罡,gāng,gang,1
㰡,xiè,xie,4
犰,qíu,qiu,2
茜,qiàn,qian,4
㼚,㼚,㼚,
醻,chóu,chou,2
懎,sè,se,4
珞,luò,luo,4
䮻,chì,chi,4
琿,hún,hun,2
戋,jiān,jian,1
滹,hū,hu,1
氋,méng,meng,2
㿊,cǎn,can,3
後,hòu,hou,4
幟,zhì,zhi,4
曍,hào,hao,4
䱁,qiáo,qiao,2
糨,jiàng,jiang,4
鸝,lí,li,2
㔾,jié,jie,2
珒,jīn,jin,1
嚤,mó,mo,2
橸,橸,橸,
䜕,mài,mai,4
暞,jiǎo,jiao,3
了,le,le,5
瑹,tú,tu,2
鋡,hán,han,2
濧,dùi,dui,4
㿜,biě,bie,3
㬫,yàn,yan,4
羸,léi,lei,2
柾,jìu,jiu,4
锤,chúi,chui,2
犛,lí,li,2
巘,yǎn,yan,3
阪,bǎn,ban,3
齰,cuò,cuo,4
舳,zhú,zhu,2
鬓,bìn,bin,4
䟉,zhú,zhu,2
咏,yǒng,yong,3
緣,yuán,yuan,2
烸,hǎi,hai,3
悦,yuè,yue,4
屚,lòu,lou,4
脛,jìng,jing,4
壼,kǔn,kun,3
梞,jì,ji,4
寋,jiǎn,jian,3
䱦,䱦,䱦,
欋,qú,qu,2
芗,xiāng,xiang,1
軣,hōng,hong,1
蝔,jiē,jie,1
㛞,lòng,long,4
䐍,zhòu,zhou,4
欉,còng,cong,4
㿫,bì,bi,4
撟,jiǎo,jiao,3
蜛,jū,ju,1
顇,cùi,cui,4
茱,zhū,zhu,1
从,cóng,cong,2
凴,píng,ping,2
鄆,yùn,yun,4
継,jì,ji,4
韦,wéi,wei,2
䥥,lián,lian,2
暋,mǐn,min,3
銽,guā,gua,1
猲,xiē,xie,1
肛,gāng,gang,1
凓,lì,li,4
趲,zǎn,zan,3
藳,gǎo,gao,3
骸,hái,hai,2
杸,shū,shu,1
澋,hèng,heng,4
跳,tiào,tiao,4
岎,fēn,fen,1
䨨,䨨,䨨,
旉,fū,fu,1
閉,bì,bi,4
圜,yuán,yuan,2
涧,jiàn,jian,4
暚,yáo,yao,2
鰡,líu,liu,2
倵,wǔ,wu,3
䅕,䅕,䅕,
䄢,qí,qi,2
㭌,móu,mou,2
䝂,shù,shu,4
鬻,yù,yu,4
䭡,èn,en,4
䪦,hóng,hong,2
謩,mò,mo,4
瞴,móu,mou,2
科,kē,ke,1
袙,pà,pa,4
㔄,sù,su,4
鼆,máng,mang,2
繵,chán,chan,2
霨,wèi,wei,4
圕,圕,圕,
㩄,shāi,shai,1
鿱,鿱,鿱,
嚠,líu,liu,2
䘴,䘴,䘴,
篑,kùi,kui,4
摕,dì,di,4
㸪,chún,chun,2
諪,tíng,ting,2
儼,yǎn,yan,3
囪,cōng,cong,1
䡘,tián,tian,2
渽,zāi,zai,1
栉,jié,jie,2
珱,珱,珱,
䚇,shěng,sheng,3
累,lèi,lei,4
侤,侤,侤,
柣,zhí,zhi,2
癆,láo,lao,2
衐,衐,衐,
㬶,hào,hao,4
邗,hán,han,2
䅼,mán,man,2
䯲,pá,pa,2
䛯,jù,ju,4
嵔,wěi,wei,3
鹃,juān,juan,1
螦,螦,螦,
叶,yè,ye,4
㵼,㵼,㵼,
悁,yuān,yuan,1
䙪,lóng,long,2
戓,gē,ge,1
髯,rán,ran,2
享,xiǎng,xiang,3
渴,kě,ke,3
䲤,䲤,䲤,
茗,míng,ming,2
豸,zhì,zhi,4
瓞,dié,die,2
賈,jiǎ,jia,3
扩,kuò,kuo,4
瘿,yǐng,ying,3
唋,tǔ,tu,3
般,bān,ban,1
蕪,wú,wu,2
蛖,máng,mang,2
㘥,yóu,you,2
龡,chùi,chui,4
㾈,fù,fu,4
将,jiāng,jiang,1
縤,sù,su,4
㿾,zhù,zhu,4
讨,tǎo,tao,3
占,zhān,zhan,1
鵗,xī,xi,1
䋛,mí,mi,2
亩,mǔ,mu,3
餋,yǎng,yang,3
䝪,shú,shu,2
视,shì,shi,4
䊕,䊕,䊕,
䂴,yán,yan,2
佟,tóng,tong,2
妬,dù,du,4
驳,bó,bo,2
跭,xiáng,xiang,2
笧,cè,ce,4
士,shì,shi,4
甿,méng,meng,2
潟,xì,xi,4
凬,fēng,feng,1
虍,hū,hu,1
蕓,yún,yun,2
淣,ní,ni,2
溤,mǎ,ma,3
萒,yǎn,yan,3
踾,fú,fu,2
添,tiān,tian,1
窚,chéng,cheng,2
腥,xīng,xing,1
剔,tī,ti,1
譸,zhōu,zhou,1
风,fēng,feng,1
䩻,bà,ba,4
籈,zhēn,zhen,1
谈,tán,tan,2
坿,fù,fu,4
㜜,ào,ao,4
怈,yì,yi,4
簠,fǔ,fu,3
䗧,䗧,䗧,
矯,jiǎo,jiao,3
㟴,kuài,kuai,4
絬,xiè,xie,4
䅜,duò,duo,4
䱥,zhí,zhi,2
䯯,䯯,䯯,
狒,fèi,fei,4
睢,sūi,sui,1
䒆,chè,che,4
熖,熖,熖,
䲜,yè,ye,4
瓬,fǎng,fang,3
试,shì,shi,4
貱,bì,bi,4
哮,xiāo,xiao,1
㨠,mì,mi,4
䧄,gè,ge,4
宒,zhūn,zhun,1
渾,hún,hun,2
䤞,yǔn,yun,3
缳,huán,huan,2
㡻,liào,liao,4
䳑,yǒu,you,3
撨,xiāo,xiao,1
专,zhuān,zhuan,1
蚽,pí,pi,2
㚉,gǔ,gu,3
啼,tí,ti,2
淋,lín,lin,2
睈,chěng,cheng,3
瓦,wǎ,wa,3
摠,zǒng,zong,3
胎,tāi,tai,1
鐛,yìng,ying,4
蚛,zhòng,zhong,4
錷,gá,ga,2
㡏,tóu,tou,2
鲖,tóng,tong,2
刱,chuàng,chuang,4
昽,lóng,long,2
紱,fú,fu,2
痊,quán,quan,2
鏂,ōu,ou,1
䐩,kǎi,kai,3
䯮,nái,nai,2
㔢,jué,jue,2
峻,jùn,jun,4
驙,zhān,zhan,1
痔,zhì,zhi,4
丂,kǎo,kao,3
脡,tǐng,ting,3
㱘,àn,an,4
簱,簱,簱,
彃,bì,bi,4
採,cǎi,cai,3
䌯,guàn,guan,4
焽,焽,焽,
䤼,xiàn,xian,4
襚,sùi,sui,4
褦,nài,nai,4
薼,chén,chen,2
廥,kuài,kuai,4
墍,xì,xi,4
㵊,shěn,shen,3
檗,bò,bo,4
蒳,nà,na,4
疽,jū,ju,1
輴,chūn,chun,1
愮,yáo,yao,2
遷,qiān,qian,1
蛃,bǐng,bing,3
逘,yǐ,yi,3
佱,fǎ,fa,3
劙,lí,li,2
稶,yù,yu,4
囼,tāi,tai,1
轕,gé,ge,2
信,xìn,xin,4
閌,kàng,kang,4
镤,pú,pu,2
鑅,héng,heng,2
峟,yòu,you,4
䑇,zhì,zhi,4
㭹,xián,xian,2
彛,yí,yi,2
雷,léi,lei,2
檣,qiáng,qiang,2
䁙,yǎn,yan,3
瀵,fèn,fen,4
陙,chún,chun,2
㕮,fǔ,fu,3
颴,xuàn,xuan,4
遦,guàn,guan,4
籮,luó,luo,2
鬿,qí,qi,2
教,jiào,jiao,4
燀,chǎn,chan,3
鞯,jiān,jian,1
㙆,㙆,㙆,
䵥,shè,she,4
㣒,cèng,ceng,4
抌,zhěn,zhen,3
潛,qián,qian,2
爧,líng,ling,2
矆,huò,huo,4
䩚,dì,di,4
䎫,chuàng,chuang,4
孿,luán,luan,2
蘖,niè,nie,4
㬐,jǐn,jin,3
䱄,jiè,jie,4
謣,yú,yu,2
壸,kǔn,kun,3
日,rì,ri,4
䮄,xuán,xuan,2
䝃,zhé,zhe,2
藏,cáng,cang,2
煏,bì,bi,4
俤,tì,ti,4
㘐,pào,pao,4
殯,bìn,bin,4
孍,yán,yan,2
䯉,yà,ya,4
裔,yì,yi,4
岮,tuó,tuo,2
乓,pāng,pang,1
萛,jīu,jiu,1
抳,nǐ,ni,3
罀,罀,罀,
㓒,㓒,㓒,
㧓,㧓,㧓,
餤,tán,tan,2
珵,chéng,cheng,2
痙,jìng,jing,4
戰,zhàn,zhan,4
妨,fáng,fang,2
蝁,è,e,4
奄,yǎn,yan,3
官,guān,guan,1
禸,róu,rou,2
糿,yòu,you,4
阗,tián,tian,2
壖,ruán,ruan,2
箥,bǒ,bo,3
冶,yě,ye,3
恩,ēn,en,1
埏,yán,yan,2
鵰,diāo,diao,1
㧅,mù,mu,4
璯,hùi,hui,4
㸽,bèi,bei,4
蘉,máng,mang,2
峢,lǐ,li,3
竢,sì,si,4
陳,chén,chen,2
忟,mín,min,2
糁,sān,san,1
捜,sōu,sou,1
牽,qiān,qian,1
瀞,jìng,jing,4
㴊,㴊,㴊,
捥,wàn,wan,4
龫,龫,龫,
鹣,jiān,jian,1
閴,qù,qu,4
蔓,màn,man,4
醮,jiào,jiao,4
㧹,tè,te,4
銬,kào,kao,4
盫,ān,an,1
饇,yù,yu,4
頱,lè,le,4
䛑,mì,mi,4
潎,pì,pi,4
爆,bào,bao,4
㔖,㔖,㔖,
襪,wà,wa,4
嚉,duō,duo,1
袛,dī,di,1
䵸,䵸,䵸,
岷,mín,min,2
䌤,zhǐ,zhi,3
瘢,bān,ban,1
鱬,rú,ru,2
矤,shěn,shen,3
䪌,zhàn,zhan,4
拔,bá,ba,2
蕢,kùi,kui,4
觟,huà,hua,4
忍,rěn,ren,3
鋟,qiān,qian,1
稝,péng,peng,2
恣,zì,zi,4
㐔,㐔,㐔,
车,chē,che,1
塧,ài,ai,4
䏽,bù,bu,4
悫,què,que,4
燿,yào,yao,4
銱,diào,diao,4
屼,wù,wu,4
懧,nuò,nuo,4
畷,chuò,chuo,4
䢐,cú,cu,2
鱦,shéng,sheng,2
酔,zùi,zui,4
缤,bīn,bin,1
毹,shū,shu,1
㿖,lú,lu,2
吱,zhī,zhi,1
旙,fān,fan,1
鄹,zōu,zou,1
飾,shì,shi,4
夸,kuā,kua,1
峀,xìu,xiu,4
霎,shà,sha,4
漒,qiáng,qiang,2
㶇,héng,heng,2
贶,kuàng,kuang,4
瓨,jiāng,jiang,1
㖑,xiè,xie,4
挒,liè,lie,4
义,yì,yi,4
㶅,xué,xue,2
枩,枩,枩,
矑,lú,lu,2
缄,jiān,jian,1
䅁,àn,an,4
廏,jìu,jiu,4
挔,lv̌,lv,3
羍,tà,ta,4
篅,chúi,chui,2
囿,yòu,you,4
葎,lv̀,lv,4
马,mǎ,ma,3
㦜,huò,huo,4
淐,chāng,chang,1
锛,bēn,ben,1
虤,yán,yan,2
嚴,yán,yan,2
㠖,jì,ji,4
茈,zǐ,zi,3
蹃,nuò,nuo,4
畃,xún,xun,2
筸,gān,gan,1
䬩,䬩,䬩,
鈳,kē,ke,1
雼,dàng,dang,4
咆,páo,pao,2
殼,ké,ke,2
繁,fán,fan,2
㦱,wǒ,wo,3
怷,xī,xi,1
籂,籂,籂,
痱,fèi,fei,4
䣮,pò,po,4
徑,jìng,jing,4
䆞,yǎo,yao,3
㝋,liáo,liao,2
樧,shā,sha,1
䱎,gèng,geng,4
孷,lí,li,2
嵞,tú,tu,2
崲,huáng,huang,2
勄,mǐn,min,3
宕,dàng,dang,4
寓,yù,yu,4
鵻,zhūi,zhui,1
㑍,lěi,lei,3
婖,tiān,tian,1
趼,jiǎn,jian,3
鳺,fū,fu,1
職,zhí,zhi,2
畓,畓,畓,
浥,yì,yi,4
㥧,shùn,shun,4
㢇,㢇,㢇,
溳,yún,yun,2
䗌,䗌,䗌,
䘤,shù,shu,4
筀,gùi,gui,4
䣤,jiào,jiao,4
䕓,chá,cha,2
騟,yù,yu,4
鱑,huáng,huang,2
啿,dàn,dan,4
㗋,hóu,hou,2
齸,yì,yi,4
淟,tiǎn,tian,3
丷,丷,丷,
醈,tán,tan,2
镘,màn,man,4
蚬,xiàn,xian,4
䗍,lǐ,li,3
狹,xiá,xia,2
莯,mù,mu,4
肉,ròu,rou,4
鷅,lì,li,4
疲,pí,pi,2
鸫,dōng,dong,1
娸,qī,qi,1
㴁,yì,yi,4
櫹,xiāo,xiao,1
搿,gé,ge,2
擿,zhí,zhi,2
䤚,lǐ,li,3
蒡,bàng,bang,4
頔,dí,di,2
㖾,è,e,4
䈨,䈨,䈨,
矚,zhǔ,zhu,3
齧,niè,nie,4
羛,yì,yi,4
行,xíng,xing,2
邯,hán,han,2
纏,chán,chan,2
踌,chóu,chou,2
餪,nuǎn,nuan,3
尅,kè,ke,4
実,shí,shi,2
痮,zhàng,zhang,4
砷,shēn,shen,1
寡,guǎ,gua,3
鳧,fú,fu,2
岚,lán,lan,2
焻,chàng,chang,4
㫧,bào,bao,4
昗,zè,ze,4
婫,kūn,kun,1
柖,zhāo,zhao,1
銿,zhōng,zhong,1
䓂,yán,yan,2
攌,hàn,han,4
㖰,㖰,㖰,
塶,cù,cu,4
摗,摗,摗,
㺉,hù,hu,4
員,yuán,yuan,2
獏,mú,mu,2
䍹,䍹,䍹,
裤,kù,ku,4
䥓,䥓,䥓,
穻,yū,yu,1
漆,qī,qi,1
閨,gūi,gui,1
栔,qì,qi,4
簟,diàn,dian,4
耕,gēng,geng,1
㪓,chuái,chuai,2
㶰,hán,han,2
䩍,liǎo,liao,3
鶞,chūn,chun,1
盗,dào,dao,4
㭈,jué,jue,2
侗,tōng,tong,1
譏,jī,ji,1
糼,gōng,gong,1
筆,bǐ,bi,3
䥨,lv̀,lv,4
䡹,zhì,zhi,4
睏,kùn,kun,4
把,bǎ,ba,3
锾,huán,huan,2
鷤,quán,quan,2
䭃,rěn,ren,3
䊼,chǐ,chi,3
弉,zàng,zang,4
㦊,huá,hua,2
雭,sè,se,4
槎,chá,cha,2
渗,shèn,shen,4
䔙,diào,diao,4
暱,nì,ni,4
欭,yì,yi,4
鮏,xīng,xing,1
亓,qí,qi,2
觱,bì,bi,4
鳅,qīu,qiu,1
瘻,lv́,lv,2
鉵,tóng,tong,2
崒,zú,zu,2
㧧,㧧,㧧,
䩮,lù,lu,4
䭋,bǎo,bao,3
恷,恷,恷,
瓩,瓩,瓩,
弜,jiàng,jiang,4
埪,kōng,kong,1
宄,gǔi,gui,3
佪,húi,hui,2
膕,guó,guo,2
褱,huái,huai,2
亁,gān,gan,1
㻊,máng,mang,2
廰,tīng,ting,1
引,yǐn,yin,3
繋,xì,xi,4
蕭,xiāo,xiao,1
婡,lái,lai,2
潽,pǔ,pu,3
郹,jú,ju,2
嫄,yuán,yuan,2
炧,duò,duo,4
㽴,zhàng,zhang,4
惈,guǒ,guo,3
䂒,jié,jie,2
㳢,㳢,㳢,
䞺,䞺,䞺,
䆭,䆭,䆭,
櫖,lv́,lv,2
缫,sāo,sao,1
膭,gūi,gui,1
猪,zhū,zhu,1
羈,jī,ji,1
舴,zé,ze,2
軏,yuè,yue,4
簖,duàn,duan,4
褉,xiē,xie,1
臉,liǎn,lian,3
㓡,fǔ,fu,3
偗,shěng,sheng,3
鄖,yún,yun,2
围,wéi,wei,2
泂,jiǒng,jiong,3
浐,chǎn,chan,3
䜗,xìn,xin,4
蝉,chán,chan,2
铥,dīu,diu,1
圗,tú,tu,2
搈,yǒng,yong,3
煀,煀,煀,
䐎,䐎,䐎,
瑥,wēn,wen,1
帱,chóu,chou,2
眗,jū,ju,1
䘖,䘖,䘖,
緘,jiān,jian,1
翢,tāo,tao,1
鉐,shí,shi,2
㨘,xǐng,xing,3
䖭,juàn,juan,4
䣒,䣒,䣒,
酉,yǒu,you,3
臺,tái,tai,2
䠭,lái,lai,2
棽,chēn,chen,1
䩨,chàng,chang,4
溘,kè,ke,4
諄,zhūn,zhun,1
䐊,dá,da,2
丠,qīu,qiu,1
蠢,chǔn,chun,3
湺,yán,yan,2
高,gāo,gao,1
楣,méi,mei,2
㫇,㫇,㫇,
剴,kǎi,kai,3
顲,lǎn,lan,3
勮,jù,ju,4
袿,gūi,gui,1
骩,wěi,wei,3
幖,biāo,biao,1
驎,lín,lin,2
斳,qín,qin,2
劷,yáng,yang,2
麜,lì,li,4
櫇,pó,po,2
灹,zhà,zha,4
鬧,nào,nao,4
衅,xìn,xin,4
孔,kǒng,kong,3
御,yù,yu,4
辨,biàn,bian,4
嘗,cháng,chang,2
吠,fèi,fei,4
蹲,dūn,dun,1
卛,shuài,shuai,4
暯,mò,mo,4
頙,cè,ce,4
峂,tóng,tong,2
练,liàn,lian,4
门,mén,men,2
滫,sǒu,sou,3
矞,yù,yu,4
䀿,dì,di,4
㷂,shù,shu,4
鷜,lóu,lou,2
傃,sù,su,4
圼,niè,nie,4
艎,huáng,huang,2
噸,dūn,dun,1
鴒,líng,ling,2
弹,dàn,dan,4
輸,shū,shu,1
蹴,cù,cu,4
濗,mì,mi,4
憡,cè,ce,4
眅,pān,pan,1
蜢,měng,meng,3
㮤,㮤,㮤,
各,gè,ge,4
䇫,䇫,䇫,
趧,tí,ti,2
礻,shì,shi,4
蛢,píng,ping,2
埖,埖,埖,
㐒,㐒,㐒,
鹪,jiāo,jiao,1
曝,pù,pu,4
睞,lài,lai,4
釚,qíu,qiu,2
厹,qíu,qiu,2
䲷,䲷,䲷,
慣,guàn,guan,4
鍞,kēng,keng,1
砲,pào,pao,4
煿,bó,bo,2
禭,sùi,sui,4
鄐,chù,chu,4
漇,xǐ,xi,3
屵,xuē,xue,1
繉,hún,hun,2
榮,róng,rong,2
㪏,bǐ,bi,3
凛,lǐn,lin,3
棔,hūn,hun,1
㞊,xù,xu,4
伄,diào,diao,4
锍,lǐu,liu,3
脯,fǔ,fu,3
祖,zǔ,zu,3
㙁,mǎng,mang,3
鸜,qú,qu,2
厝,cuò,cuo,4
譿,hùi,hui,4
鑝,péng,peng,2
尥,liào,liao,4
寉,què,que,4
迠,chè,che,4
冊,cè,ce,4
搕,kè,ke,4
墌,zhī,zhi,1
㘖,yán,yan,2
䖖,xiá,xia,2
鹛,méi,mei,2
䀸,dì,di,4
釸,xì,xi,4
炚,炚,炚,
薳,wěi,wei,3
䂶,jié,jie,2
顿,dùn,dun,4
紒,jiè,jie,4
熍,熍,熍,
埁,cén,cen,2
簎,zhà,zha,4
倧,zōng,zong,1
䰓,mián,mian,2
镩,cuàn,cuan,4
拠,jù,ju,4
鷳,xián,xian,2
匦,gǔi,gui,3
搯,tāo,tao,1
秋,qīu,qiu,1
须,xū,xu,1
唭,qī,qi,1
隅,yú,yu,2
葇,róu,rou,2
葴,zhēn,zhen,1
貺,kuàng,kuang,4
珍,zhēn,zhen,1
幘,zé,ze,2
矗,chù,chu,4
柑,gān,gan,1
页,yè,ye,4
牻,máng,mang,2
島,dǎo,dao,3
䯻,䯻,䯻,
鹠,líu,liu,2
䡓,juàn,juan,4
簹,dāng,dang,1
䅂,hé,he,2
姤,gòu,gou,4
劌,gùi,gui,4
㝊,shǒu,shou,3
㚄,㚄,㚄,
㹚,yíng,ying,2
穾,yào,yao,4
彎,wān,wan,1
膉,yì,yi,4
劣,liè,lie,4
煫,sùi,sui,4
婦,fù,fu,4
䜌,luán,luan,2
杍,zǐ,zi,3
䚻,yáo,yao,2
喢,shà,sha,4
䠥,bié,bie,2
㾹,chái,chai,2
减,jiǎn,jian,3
䅬,ài,ai,4
應,yīng,ying,1
覃,tán,tan,2
哈,hā,ha,1
㱅,yì,yi,4
㴃,lèi,lei,4
齳,něn,nen,3
烣,hūi,hui,1
旾,chūn,chun,1
䉤,sǒu,sou,3
挖,wā,wa,1
零,líng,ling,2
錢,qián,qian,2
鄾,yōu,you,1
䎙,䎙,䎙,
朰,朰,朰,
椦,椦,椦,
㮯,huá,hua,2
䘳,䘳,䘳,
蟬,chán,chan,2
龘,tà,ta,4
佔,zhàn,zhan,4
夤,yín,yin,2
贘,贘,贘,
㦿,hù,hu,4
䔶,tí,ti,2
㨨,lìu,liu,4
䏿,qǐ,qi,3
呹,yì,yi,4
㦌,tùi,tui,4
械,xiè,xie,4
擓,kuǎi,kuai,3
氎,dié,die,2
觅,mì,mi,4
欒,luán,luan,2
踿,zú,zu,2
槚,jiǎ,jia,3
㧟,kuǎi,kuai,3
䃗,chuò,chuo,4
䁘,yǎo,yao,3
䫺,hóng,hong,2
琒,琒,琒,
䈬,pú,pu,2
㠼,㠼,㠼,
本,běn,ben,3
龂,kěn,ken,3
諊,jú,ju,2
紵,zhù,zhu,4
崏,mín,min,2
䕵,xié,xie,2
啑,shà,sha,4
绡,xiāo,xiao,1
爬,pá,pa,2
盙,fǔ,fu,3
赑,bì,bi,4
紂,zhòu,zhou,4
䭷,líu,liu,2
瀐,jiān,jian,1
躆,jù,ju,4
细,xì,xi,4
窦,dòu,dou,4
玶,píng,ping,2
降,jiàng,jiang,4
噝,sī,si,1
鞂,jiá,jia,2
惽,hūn,hun,1
阙,què,que,4
㜋,yì,yi,4
鵞,é,e,2
牐,zhá,zha,2
褤,yuàn,yuan,4
嚜,mò,mo,4
螱,wèi,wei,4
䏆,cáo,cao,2
倒,dǎo,dao,3
逝,shì,shi,4
鬼,gǔi,gui,3
䅟,cǎn,can,3
鯵,shēn,shen,1
棑,pái,pai,2
䞟,pò,po,4
礐,què,que,4
鴍,wén,wen,2
卽,jí,ji,2
䗩,䗩,䗩,
琊,yé,ye,2
昝,zǎn,zan,3
翩,piān,pian,1
玜,gōng,gong,1
搄,gēng,geng,1
䎃,rǎn,ran,3
㳏,chǐ,chi,3
峲,lǐ,li,3
礔,pì,pi,4
望,wàng,wang,4
鰾,biào,biao,4
䦹,shí,shi,2
钀,niè,nie,4
竄,cuàn,cuan,4
愕,è,e,4
玗,yú,yu,2
䳪,juàn,juan,4
䰾,bà,ba,4
沽,gū,gu,1
爰,yuán,yuan,2
獇,獇,獇,
隐,yǐn,yin,3
竉,lǒng,long,3
菳,jīn,jin,1
窳,yǔ,yu,3
㽁,lì,li,4
厦,shà,sha,4
疰,zhù,zhu,4
鏷,pú,pu,2
㩍,cè,ce,4
檕,jì,ji,4
傎,diān,dian,1
㜺,zàn,zan,4
柠,níng,ning,2
睝,lí,li,2
䅸,zú,zu,2
䫯,䫯,䫯,
剽,piào,piao,4
蠆,chài,chai,4
伡,chē,che,1
呄,gé,ge,2
压,yā,ya,1
堼,fēng,feng,1
柛,shēn,shen,1
䘜,䘜,䘜,
㽇,guài,guai,4
訫,xìn,xin,4
婿,xù,xu,4
棣,dì,di,4
割,gē,ge,1
蘕,蘕,蘕,
㜪,xiǎn,xian,3
卆,zú,zu,2
㛂,nuǒ,nuo,3
秊,nián,nian,2
菻,lǐn,lin,3
㱱,hùi,hui,4
梄,yǒu,you,3
莴,wō,wo,1
䮅,䮅,䮅,
諿,qì,qi,4
咩,miē,mie,1
䎅,fù,fu,4
訵,chī,chi,1
妅,hóng,hong,2
䮥,lì,li,4
圴,zhuó,zhuo,2
清,qīng,qing,1
㝼,㝼,㝼,
䠶,shè,she,4
厏,zhǎ,zha,3
㔐,㔐,㔐,
炝,qiàng,qiang,4
蘗,bò,bo,4
䰮,䰮,䰮,
闇,àn,an,4
䉮,lìn,lin,4
獭,tà,ta,4
鏦,cōng,cong,1
稇,kǔn,kun,3
孴,nǐ,ni,3
沿,yán,yan,2
銼,cuò,cuo,4
椑,bēi,bei,1
钐,shàn,shan,4
瓻,chī,chi,1
䠮,téng,teng,2
輋,shē,she,1
剭,wū,wu,1
䛪,qióng,qiong,2
夥,huǒ,huo,3
嚋,chóu,chou,2
䶽,䶽,䶽,
啵,bo,bo,5
佸,huó,huo,2
搆,gòu,gou,4
䂺,wǎn,wan,3
諜,dié,die,2
逬,bèng,beng,4
樍,jī,ji,1
过,guò,guo,4
㒬,㒬,㒬,
冰,bīng,bing,1
酩,míng,ming,2
帋,zhǐ,zhi,3
锢,gù,gu,4
祆,xiān,xian,1
㼺,táng,tang,2
賕,qíu,qiu,2
鹄,hú,hu,2
酮,tóng,tong,2
退,tùi,tui,4
言,yán,yan,2
㐪,㐪,㐪,
㝖,yí,yi,2
㮽,㮽,㮽,
㛜,yóu,you,2
㰗,cù,cu,4
䵯,tuǎn,tuan,3
䞵,juě,jue,3
肍,qíu,qiu,2
豱,wēn,wen,1
煌,huáng,huang,2
㹗,táo,tao,2
藴,yùn,yun,4
芴,wù,wu,4
矷,zǐ,zi,3
鼠,shǔ,shu,3
靿,yào,yao,4
醍,tí,ti,2
纹,wén,wen,2
螎,róng,rong,2
兮,xī,xi,1
丬,qiáng,qiang,2
鼑,dǐng,ding,3
洙,zhū,zhu,1
岽,dōng,dong,1
跞,lì,li,4
㹔,㹔,㹔,
䮸,hú,hu,2
曔,jìng,jing,4
譵,zhùi,zhui,4
秣,mò,mo,4
坢,pǎn,pan,3
殌,jué,jue,2
睩,lù,lu,4
靄,ǎi,ai,3
踛,lù,lu,4
㴓,zǎi,zai,3
韊,lán,lan,2
秿,fǔ,fu,3
柎,fū,fu,1
屾,shēn,shen,1
㱝,㱝,㱝,
䝙,䝙,䝙,
訝,yà,ya,4
媆,ruǎn,ruan,3
㥮,zhòu,zhou,4
歝,yì,yi,4
蚔,qí,qi,2
佇,zhù,zhu,4
䵨,máng,mang,2
阈,yù,yu,4
㻣,㻣,㻣,
礱,lóng,long,2
猓,guǒ,guo,3
雐,hū,hu,1
鵝,é,e,2
剫,duó,duo,2
餲,hé,he,2
萆,pì,pi,4
鈔,chāo,chao,1
覞,yào,yao,4
籓,fān,fan,1
岈,yá,ya,2
蔄,màn,man,4
㿭,chè,che,4
䟳,䟳,䟳,
㦫,㦫,㦫,
钊,zhāo,zhao,1
芇,mián,mian,2
裧,chān,chan,1
䱢,䱢,䱢,
琇,xìu,xiu,4
咸,xián,xian,2
琟,wéi,wei,2
侶,lv̌,lv,3
讼,sòng,song,4
走,zǒu,zou,3
骻,kuà,kua,4
謌,gē,ge,1
嶗,láo,lao,2
畩,畩,畩,
鲱,fēi,fei,1
廊,láng,lang,2
㩰,jiǎo,jiao,3
䗃,zhàn,zhan,4
刬,chǎn,chan,3
粥,zhōu,zhou,1
捴,zǒng,zong,3
酌,zhuó,zhuo,2
渧,dì,di,4
笏,hù,hu,4
铽,tè,te,4
乜,miē,mie,1
㚮,㚮,㚮,
誶,sùi,sui,4
䌄,gěng,geng,3
谆,zhūn,zhun,1
䨃,䨃,䨃,
濌,tà,ta,4
鸈,yè,ye,4
䥴,䥴,䥴,
鸌,huò,huo,4
賾,zé,ze,2
钒,fán,fan,2
擕,xī,xi,1
墝,qiāo,qiao,1
疕,bǐ,bi,3
謻,yí,yi,2
樋,tōng,tong,1
赬,chēng,cheng,1
馡,fēi,fei,1
㼘,wǎ,wa,3
蒑,yīn,yin,1
蟨,jué,jue,2
瘡,chuāng,chuang,1
侓,lù,lu,4
䤪,duǒ,duo,3
璡,jìn,jin,4
㹮,mò,mo,4
袩,chān,chan,1
䀽,yán,yan,2
馨,xīn,xin,1
媌,máo,mao,2
捹,bèn,ben,4
湷,chúi,chui,2
猽,míng,ming,2
夷,yí,yi,2
謿,cháo,chao,2
蚋,rùi,rui,4
䦼,jué,jue,2
㜦,hàn,han,4
藂,còng,cong,4
韌,rèn,ren,4
䂖,shí,shi,2
䋞,wǎng,wang,3
婍,qǐ,qi,3
甦,sū,su,1
鑜,shàng,shang,4
䫸,náo,nao,2
鹚,zī,zi,1
袊,lǐng,ling,3
㷌,㷌,㷌,
籊,tì,ti,4
鲦,tiáo,tiao,2
顑,kǎn,kan,3
旧,jìu,jiu,4
䭅,hú,hu,2
輱,xián,xian,2
䩬,běng,beng,3
抲,hē,he,1
繍,xìu,xiu,4
䃩,náo,nao,2
䍅,líng,ling,2
饯,jiàn,jian,4
䪡,䪡,䪡,
骴,chī,chi,1
未,wèi,wei,4
䔸,biǎo,biao,3
樫,jiān,jian,1
䍬,䍬,䍬,
钠,nà,na,4
䃬,wěi,wei,3
桀,jié,jie,2
髞,zào,zao,4
䜹,shù,shu,4
迢,tiáo,tiao,2
䱊,mǐ,mi,3
懢,lán,lan,2
計,jì,ji,4
㯹,biǎo,biao,3
貐,yǔ,yu,3
㵘,màn,man,4
徦,jiǎ,jia,3
蹨,niǎn,nian,3
鲷,diāo,diao,1
瑼,zhuān,zhuan,1
眇,miǎo,miao,3
胟,mǔ,mu,3
贜,zāng,zang,1
鴈,yàn,yan,4
䶢,xián,xian,2
燸,rú,ru,2
茤,jì,ji,4
霁,jì,ji,4
䶙,jù,ju,4
萦,yíng,ying,2
䩊,wǎn,wan,3
晚,wǎn,wan,3
稯,zōng,zong,1
罾,zēng,zeng,1
錃,bēi,bei,1
㔯,suǎn,suan,3
䈿,mài,mai,4
䭜,䭜,䭜,
䚬,lín,lin,2
齁,hōu,hou,1
鸞,luán,luan,2
嚔,tì,ti,4
㑸,ǎi,ai,3
蜾,guǒ,guo,3
礇,yù,yu,4
轜,ér,er,2
䱶,láng,lang,2
菍,niè,nie,4
礝,ruǎn,ruan,3
氮,dàn,dan,4
唚,qìn,qin,4
髬,pī,pi,1
䤬,䤬,䤬,
䑹,䑹,䑹,
寢,qǐn,qin,3
膌,jí,ji,2
㪤,bì,bi,4
㙹,méng,meng,2
靼,dá,da,2
矊,mián,mian,2
鍀,dé,de,2
勯,dān,dan,1
㻧,duò,duo,4
能,néng,neng,2
脆,cùi,cui,4
佳,jiā,jia,1
䏡,shì,shi,4
焷,pí,pi,2
鿡,鿡,鿡,
墜,zhùi,zhui,4
膢,lv́,lv,2
䙩,méng,meng,2
蘜,jú,ju,2
駊,bǒ,bo,3
覕,miè,mie,4
䶘,lì,li,4
鑞,là,la,4
橱,chú,chu,2
㞵,㞵,㞵,
㛽,㛽,㛽,
䙊,xiè,xie,4
䋹,fú,fu,2
榔,láng,lang,2
淇,qí,qi,2
譓,hùi,hui,4
斲,zhuó,zhuo,2
鮁,bō,bo,1
䨼,hù,hu,4
窮,qióng,qiong,2
紛,fēn,fen,1
䜥,䜥,䜥,
槠,zhū,zhu,1
囍,xǐ,xi,3
䢆,䢆,䢆,
迥,jiǒng,jiong,3
氥,xī,xi,1
䶕,pá,pa,2
蚦,rán,ran,2
㜩,ào,ao,4
塜,péng,peng,2
兀,wù,wu,4
蟱,móu,mou,2
䄕,shè,she,4
俲,xiào,xiao,4
㷦,xù,xu,4
鉪,dì,di,4
超,chāo,chao,1
䓐,chún,chun,2
玭,pí,pi,2
㯓,tà,ta,4
㰜,㰜,㰜,
釻,釻,釻,
䮼,lín,lin,2
倄,yáo,yao,2
碥,biǎn,bian,3
黖,xì,xi,4
菙,chúi,chui,2
䊓,shì,shi,4
江,jiāng,jiang,1
彁,彁,彁,
餁,rèn,ren,4
彼,bǐ,bi,3
湰,lóng,long,2
袬,gǔn,gun,3
蒟,jǔ,ju,3
訏,xū,xu,1
跐,cǐ,ci,3
蜆,xiàn,xian,4
辬,bān,ban,1
部,bù,bu,4
䕤,䕤,䕤,
輤,qiàn,qian,4
㩖,qiáng,qiang,2
蟭,jiāo,jiao,1
倴,bèn,ben,4
橈,náo,nao,2
廽,húi,hui,2
诱,yòu,you,4
檛,zhuā,zhua,1
少,shǎo,shao,3
掤,bīng,bing,1
㴶,què,que,4
䲆,䲆,䲆,
㬣,dùi,dui,4
䟢,chén,chen,2
橥,zhū,zhu,1
䔻,䔻,䔻,
䇻,hùi,hui,4
龮,龮,龮,
㽼,㽼,㽼,
傪,cān,can,1
箟,jùn,jun,4
媸,chī,chi,1
喛,huàn,huan,4
夢,mèng,meng,4
浂,yì,yi,4
姪,zhí,zhi,2
卒,zú,zu,2
嚩,fú,fu,2
䒱,䒱,䒱,
㡤,㡤,㡤,
醴,lǐ,li,3
懠,qí,qi,2
㐫,xiōng,xiong,1
束,shù,shu,4
霞,xiá,xia,2
仼,wáng,wang,2
䲹,péi,pei,2
涋,tū,tu,1
廘,lù,lu,4
㮵,㮵,㮵,
広,guǎng,guang,3
歃,shà,sha,4
袜,wà,wa,4
尗,shú,shu,2
蕧,fù,fu,4
榆,yú,yu,2
蹮,xiān,xian,1
諲,yīn,yin,1
䅊,dù,du,4
瘹,diào,diao,4
㹤,qiè,qie,4
䲬,qí,qi,2
檐,yán,yan,2
颻,yáo,yao,2
尟,xiǎn,xian,3
爵,jué,jue,2
送,sòng,song,4
㨽,pǐ,pi,3
犓,chú,chu,2
閶,chāng,chang,1
㹙,yíng,ying,2
䌚,sù,su,4
码,mǎ,ma,3
籵,fán,fan,2
裉,kèn,ken,4
雸,án,an,2
毟,毟,毟,
缛,rù,ru,4
䉟,huò,huo,4
舲,líng,ling,2
㙾,xì,xi,4
鲏,pī,pi,1
非,fēi,fei,1
竹,zhú,zhu,2
憎,zēng,zeng,1
欳,kuài,kuai,4
枳,zhī,zhi,1
䦗,xù,xu,4
軤,hū,hu,1
齢,líng,ling,2
剡,yǎn,yan,3
䗊,chéng,cheng,2
鹐,qiān,qian,1
礥,xián,xian,2
號,hào,hao,4
曥,lú,lu,2
紽,tuó,tuo,2
傻,shǎ,sha,3
檜,gùi,gui,4
汜,sì,si,4
规,gūi,gui,1
讽,fēng,feng,1
憻,tǎn,tan,3
纾,shū,shu,1
䡭,䡭,䡭,
䜚,tà,ta,4
䌠,qìng,qing,4
剏,chuàng,chuang,4
䲼,䲼,䲼,
邷,wǎ,wa,3
㮀,hán,han,2
廁,cè,ce,4
蚙,qín,qin,2
硸,nvè,nve,4
菓,guǒ,guo,3
裴,péi,pei,2
辴,zhěn,zhen,3
鐼,fén,fen,2
糫,huán,huan,2
㲾,yǔ,yu,3
孽,niè,nie,4
竍,竍,竍,
絕,jué,jue,2
爗,yè,ye,4
㲄,kòu,kou,4
愻,sùn,sun,4
埜,yě,ye,3
梀,cù,cu,4
躲,duǒ,duo,3
䰠,shén,shen,2
龵,龵,龵,
碝,ruǎn,ruan,3
輼,wēn,wen,1
鬬,dòu,dou,4
偊,yǔ,yu,3
謏,xiǎo,xiao,3
㫻,kùn,kun,4
鲀,tún,tun,2
㹁,liáng,liang,2
禺,yú,yu,2
噩,è,e,4
珊,shān,shan,1
讫,qì,qi,4
饐,yì,yi,4
䶠,jiǎn,jian,3
淭,qú,qu,2
㼇,qióng,qiong,2
䜣,xīn,xin,1
鈬,duó,duo,2
旄,máo,mao,2
嬽,yuān,yuan,1
缩,suō,suo,1
柴,chái,chai,2
諧,xié,xie,2
沫,mò,mo,4
㡄,sǔn,sun,3
柝,tuò,tuo,4
摱,mán,man,2
卧,wò,wo,4
读,dú,du,2
㹓,yì,yi,4
坎,kǎn,kan,3
瑌,ruǎn,ruan,3
鶫,鶫,鶫,
鏑,dí,di,2
瓰,瓰,瓰,
驱,qū,qu,1
㜼,zhí,zhi,2
笈,jí,ji,2
㕔,㕔,㕔,
鵉,luán,luan,2
䔜,nán,nan,2
旤,huò,huo,4
巎,náo,nao,2
亭,tíng,ting,2
䍋,chúi,chui,2
氺,氺,氺,
比,bǐ,bi,3
髻,jì,ji,4
鲻,zī,zi,1
癙,shǔ,shu,3
溲,sōu,sou,1
篖,táng,tang,2
馆,guǎn,guan,3
㱣,tǔi,tui,3
栛,lì,li,4
帺,qí,qi,2
䋖,yù,yu,4
嘶,sī,si,1
镔,bīn,bin,1
釗,zhāo,zhao,1
㯞,juàn,juan,4
㽥,róu,rou,2
側,cè,ce,4
榥,huǎng,huang,3
㗿,xià,xia,4
笚,xiá,xia,2
低,dī,di,1
凶,xiōng,xiong,1
効,xiào,xiao,4
汶,wèn,wen,4
㡯,zhái,zhai,2
刚,gāng,gang,1
拣,jiǎn,jian,3
呠,pēn,pen,1
麆,zhù,zhu,4
䗝,cán,can,2
㓾,chí,chi,2
峬,bū,bu,1
䲭,䲭,䲭,
㙧,㙧,㙧,
譜,pǔ,pu,3
栢,bó,bo,2
莗,chē,che,1
煎,jiān,jian,1
贪,tān,tan,1
真,zhēn,zhen,1
燧,sùi,sui,4
杫,sì,si,4
洎,jì,ji,4
墮,duò,duo,4
鉣,jié,jie,2
顛,diān,dian,1
痣,zhì,zhi,4
蟈,guō,guo,1
㢊,ǎi,ai,3
枃,jìn,jin,4
腡,guā,gua,1
淾,yǐn,yin,3
嶐,lóng,long,2
霫,xí,xi,2
坱,yǎng,yang,3
冭,tái,tai,2
毰,péi,pei,2
夃,gū,gu,1
遘,gòu,gou,4
煒,wěi,wei,3
㨻,cán,can,2
粗,cū,cu,1
跰,bèng,beng,4
䚔,䚔,䚔,
䢓,yú,yu,2
鈒,jí,ji,2
髽,zhuā,zhua,1
㹃,bì,bi,4
鑺,qú,qu,2
韝,gōu,gou,1
繳,jiǎo,jiao,3
筿,xiǎo,xiao,3
刺,cì,ci,4
龊,chuò,chuo,4
贀,wèi,wei,4
㑒,㑒,㑒,
钓,diào,diao,4
詊,pàn,pan,4
氰,qīng,qing,1
措,cuò,cuo,4
燻,xūn,xun,1
裟,shā,sha,1
唇,chún,chun,2
甝,hān,han,1
馊,sōu,sou,1
㝇,chún,chun,2
鐶,huán,huan,2
䲉,䲉,䲉,
㯖,dé,de,2
䘟,䘟,䘟,
臽,xiàn,xian,4
縎,gǔ,gu,3
淵,yuān,yuan,1
扴,jiá,jia,2
搖,yáo,yao,2
瀀,yōu,you,1
疙,gē,ge,1
㼦,gǒng,gong,3
㽮,㽮,㽮,
龦,龦,龦,
钘,xíng,xing,2
䥊,䥊,䥊,
䩔,duò,duo,4
尶,gān,gan,1
䋮,jìn,jin,4
命,mìng,ming,4
槜,zùi,zui,4
㤛,nín,nin,2
辿,chān,chan,1
翖,xì,xi,4
侎,mǐ,mi,3
卪,jié,jie,2
嬜,嬜,嬜,
棆,zhūn,zhun,1
㘑,lì,li,4
數,shù,shu,4
枏,nán,nan,2
䮩,gú,gu,2
㤧,hóu,hou,2
蝆,yǎng,yang,3
涩,sè,se,4
嗙,pǎng,pang,3
芿,rèng,reng,4
踳,chǔn,chun,3
湚,yìn,yin,4
啚,bǐ,bi,3
繗,lín,lin,2
顎,è,e,4
㙖,㙖,㙖,
㸘,wàn,wan,4
謒,qiāng,qiang,1
玑,jī,ji,1
鸆,yú,yu,2
藞,lǎ,la,3
藿,huò,huo,4
屿,yǔ,yu,3
㬠,shài,shai,4
喙,hùi,hui,4
淳,chún,chun,2
㥼,yǐn,yin,3
㹏,jǐn,jin,3
襎,fán,fan,2
岯,pēi,pei,1
騠,tí,ti,2
飰,fàn,fan,4
屧,xiè,xie,4
燭,zhú,zhu,2
噌,chēng,cheng,1
酋,qíu,qiu,2
䒑,cǎo,cao,3
郳,ní,ni,2
熋,nái,nai,2
箌,zhào,zhao,4
㕬,sòng,song,4
䩦,tiáo,tiao,2
冖,mì,mi,4
詼,hūi,hui,1
璺,wèn,wen,4
赏,shǎng,shang,3
憛,tán,tan,2
跓,zhù,zhu,4
齞,niàn,nian,4
料,liào,liao,4
魵,fén,fen,2
帡,píng,ping,2
䴇,líng,ling,2
㢈,túi,tui,2
㘱,㘱,㘱,
伐,fá,fa,2
䍇,tà,ta,4
靫,chā,cha,1
䝕,zhé,zhe,2
瘵,zhài,zhai,4
敄,wù,wu,4
鸵,tuó,tuo,2
悲,bēi,bei,1
祯,zhēn,zhen,1
膔,lù,lu,4
䄼,tiǎn,tian,3
袋,dài,dai,4
醗,pò,po,4
蚫,piáo,piao,2
麥,mài,mai,4
瞵,lín,lin,2
峽,xiá,xia,2
霽,jì,ji,4
懒,lǎn,lan,3
窘,jiǒng,jiong,3
塟,zàng,zang,4
餌,ěr,er,3
搂,lǒu,lou,3
賄,hùi,hui,4
達,dá,da,2
氡,dōng,dong,1
楎,hún,hun,2
槢,xí,xi,2
靮,dí,di,2
箳,píng,ping,2
限,xiàn,xian,4
憰,jué,jue,2
䄮,䄮,䄮,
鄝,liǎo,liao,3
䵅,áo,ao,2
牒,dié,die,2
仚,xiān,xian,1
睎,xī,xi,1
校,xiào,xiao,4
疀,chā,cha,1
㹼,chǔ,chu,3
撇,piē,pie,1
埂,gěng,geng,3
颍,yǐng,ying,3
蛛,zhū,zhu,1
鳎,tà,ta,4
儈,kuài,kuai,4
祻,gù,gu,4
姊,zǐ,zi,3
䠾,shǎn,shan,3
迴,húi,hui,2
缥,piǎo,piao,3
蝄,wǎng,wang,3
靾,yì,yi,4
鰁,quán,quan,2
紀,jì,ji,4
㖨,lù,lu,4
偹,bèi,bei,4
䪂,gé,ge,2
惝,chǎng,chang,3
駣,táo,tao,2
䩎,䩎,䩎,
鎛,bó,bo,2
琈,fú,fu,2
値,zhí,zhi,2
潗,jí,ji,2
阆,lǎng,lang,3
齿,chǐ,chi,3
媓,huáng,huang,2
慒,cóng,cong,2
饀,táo,tao,2
䨓,léi,lei,2
杠,gāng,gang,1
皔,hàn,han,4
䅰,ěn,en,3
㓵,è,e,4
䩲,䩲,䩲,
㷑,㷑,㷑,
僳,sù,su,4
縉,jìn,jin,4
㞈,㞈,㞈,
蔷,qiáng,qiang,2
㫬,㫬,㫬,
庫,kù,ku,4
汮,jūn,jun,1
專,zhuān,zhuan,1
䶜,gù,gu,4
栵,lì,li,4
㩑,㩑,㩑,
区,qū,qu,1
䵱,hè,he,4
朘,juān,juan,1
萮,yù,yu,4
㜭,㜭,㜭,
豅,lóng,long,2
冬,dōng,dong,1
泶,xué,xue,2
哑,yǎ,ya,3
侌,yīn,yin,1
矇,méng,meng,2
鶗,tí,ti,2
癮,yǐn,yin,3
㣚,tóng,tong,2
㰱,shà,sha,4
椄,jiē,jie,1
䌍,hàn,han,4
隒,yǎn,yan,3
甫,fǔ,fu,3
䌎,lvè,lve,4
拉,lā,la,1
喐,yù,yu,4
婗,ní,ni,2
腍,rěn,ren,3
䆢,jué,jue,2
夒,náo,nao,2
欙,léi,lei,2
轗,kǎn,kan,3
㞓,qǐ,qi,3
埨,lǔn,lun,3
輢,yǐ,yi,3
贝,bèi,bei,4
宝,bǎo,bao,3
閂,shuān,shuan,1
嬡,ài,ai,4
僨,fèn,fen,4
彯,piāo,piao,1
虉,yì,yi,4
缟,gǎo,gao,3
軗,shū,shu,1
敂,kòu,kou,4
㰩,㰩,㰩,
笶,shǐ,shi,3
㸌,huò,huo,4
頯,kúi,kui,2
㠩,㠩,㠩,
姕,zī,zi,1
傠,fā,fa,1
鵈,鵈,鵈,
麫,miǎn,mian,3
钁,jué,jue,2
縩,cài,cai,4
噶,gé,ge,2
魎,liǎng,liang,3
麭,pào,pao,4
餺,bó,bo,2
劚,zhú,zhu,2
鍚,yáng,yang,2
㰒,shé,she,2
现,xiàn,xian,4
徃,wǎng,wang,3
楋,là,la,4
禑,wú,wu,2
䮁,pián,pian,2
䉺,hóng,hong,2
乂,yì,yi,4
艛,lóu,lou,2
賐,xùn,xun,4
廌,zhì,zhi,4
链,liàn,lian,4
髩,bìn,bin,4
徾,méi,mei,2
䉠,wéi,wei,2
箝,qián,qian,2
鹅,é,e,2
橷,dōu,dou,1
鯚,jì,ji,4
䧎,xuàn,xuan,4
螰,lù,lu,4
賥,sùi,sui,4
噼,pī,pi,1
䐫,䐫,䐫,
䪫,䪫,䪫,
瘜,xí,xi,2
蹚,tāng,tang,1
䀝,䀝,䀝,
症,zhèng,zheng,4
侀,xíng,xing,2
嬩,yú,yu,2
辊,gǔn,gun,3
肎,kěn,ken,3
㮡,guàn,guan,4
己,jǐ,ji,3
挭,gěng,geng,3
僻,pì,pi,4
䞯,fù,fu,4
垉,páo,pao,2
蜿,wān,wan,1
鷩,bì,bi,4
嶍,xí,xi,2
䫱,ná,na,2
擘,bò,bo,4
忺,xiān,xian,1
鍔,è,e,4
毋,wú,wu,2
並,bìng,bing,4
爈,lv́,lv,2
髅,lóu,lou,2
牵,qiān,qian,1
獜,lín,lin,2
㻃,㻃,㻃,
笗,dōng,dong,1
䃠,䃠,䃠,
葒,hóng,hong,2
觙,jí,ji,2
蚰,yóu,you,2
鍓,jí,ji,2
诫,jiè,jie,4
㦵,㦵,㦵,
區,qū,qu,1
蕱,蕱,蕱,
挺,tǐng,ting,3
忷,xiōng,xiong,1
蹉,cuō,cuo,1
襻,pàn,pan,4
粅,wù,wu,4
䙰,lí,li,2
㘕,hǎn,han,3
礀,礀,礀,
諨,fú,fu,2
皌,mò,mo,4
㝻,jǐn,jin,3
䏪,èr,er,4
匝,zā,za,1
跈,niǎn,nian,3
鎕,táng,tang,2
葖,tú,tu,2
賬,zhàng,zhang,4
虝,hǔ,hu,3
扅,yí,yi,2
䳎,jìu,jiu,4
硂,quán,quan,2
纇,lèi,lei,4
厸,lín,lin,2
湇,qì,qi,4
帪,zhēn,zhen,1
闸,zhá,zha,2
憵,pī,pi,1
䢭,yàn,yan,4
筞,cè,ce,4
蘛,yú,yu,2
臓,zàng,zang,4
塬,yuán,yuan,2
桻,fēng,feng,1
漴,chóng,chong,2
跜,ní,ni,2
瑞,rùi,rui,4
㥢,qíu,qiu,2
䰬,jú,ju,2
撐,chēng,cheng,1
眕,zhěn,zhen,3
鳹,qín,qin,2
亢,kàng,kang,4
护,hù,hu,4
䰭,nòu,nou,4
耣,lǔn,lun,3
䥵,xiǎo,xiao,3
唉,āi,ai,1
甚,shén,shen,2
桫,suō,suo,1
䅢,jìu,jiu,4
簮,zān,zan,1
紶,qǔ,qu,3
璻,zǔi,zui,3
蜖,húi,hui,2
撃,jí,ji,2
九,jǐu,jiu,3
幏,jiā,jia,1
歰,sè,se,4
冿,jiān,jian,1
膮,xiāo,xiao,1
㬗,xiàn,xian,4
臦,guàng,guang,4
坼,chè,che,4
㘠,bì,bi,4
棊,qí,qi,2
坔,dì,di,4
躒,lì,li,4
鮰,húi,hui,2
絧,tóng,tong,2
爺,yé,ye,2
焮,xìn,xin,4
䐲,zhé,zhe,2
犢,dú,du,2
祃,mà,ma,4
䅾,cén,cen,2
賡,gēng,geng,1
鼫,shí,shi,2
赇,qíu,qiu,2
恕,shù,shu,4
帯,dài,dai,4
缡,lí,li,2
邐,lǐ,li,3
䫬,zhěn,zhen,3
鼞,tāng,tang,1
癢,yǎng,yang,3
䒚,shǎo,shao,3
歈,yú,yu,2
纰,pí,pi,2
漐,zhí,zhi,2
䏖,zhèn,zhen,4
埙,xūn,xun,1
筬,chéng,cheng,2
稏,yà,ya,4
鈗,yǔn,yun,3
奤,pǎn,pan,3
悆,yù,yu,4
䝾,fù,fu,4
璋,zhāng,zhang,1
倔,jué,jue,2
陮,dǔi,dui,3
嫃,zhēn,zhen,1
憶,yì,yi,4
弇,yǎn,yan,3
蔗,zhè,zhe,4
櫊,櫊,櫊,
廞,xīn,xin,1
恙,yàng,yang,4
濴,xíng,xing,2
䫨,ào,ao,4
䓶,lài,lai,4
㞄,㞄,㞄,
岓,qí,qi,2
䎋,hè,he,4
淚,lèi,lei,4
魾,pí,pi,2
嬱,cán,can,2
怦,pēng,peng,1
鲣,jiān,jian,1
䖊,yí,yi,2
桐,tóng,tong,2
眑,yǎo,yao,3
㷅,chǎo,chao,3
㩅,㩅,㩅,
旀,旀,旀,
逥,húi,hui,2
㪽,suǒ,suo,3
糉,zòng,zong,4
改,gǎi,gai,3
㧼,biào,biao,4
倗,péng,peng,2
䏝,chún,chun,2
䵕,jù,ju,4
癒,yù,yu,4
榏,yì,yi,4
薖,kē,ke,1
媖,yīng,ying,1
敩,xiào,xiao,4
䳤,䳤,䳤,
㛹,pián,pian,2
蠂,shè,she,4
㺳,méi,mei,2
脻,jié,jie,2
䮊,yí,yi,2
抦,bǐng,bing,3
摰,niè,nie,4
賑,zhèn,zhen,4
㷜,㷜,㷜,
餬,hú,hu,2
㜱,dòng,dong,4
夵,yǎn,yan,3
韯,xiān,xian,1
潘,pān,pan,1
䛿,gé,ge,2
杲,gǎo,gao,3
贰,èr,er,4
逫,jué,jue,2
餜,guǒ,guo,3
㢫,㢫,㢫,
砌,qì,qi,4
㦍,è,e,4
宥,yòu,you,4
濛,méng,meng,2
皗,chóu,chou,2
䉾,mì,mi,4
坳,ào,ao,4
澿,qín,qin,2
娠,shēn,shen,1
塥,gé,ge,2
袞,gǔn,gun,3
楖,zhì,zhi,4
㡟,㡟,㡟,
䈯,䈯,䈯,
格,gé,ge,2
㺙,㺙,㺙,
㿻,㿻,㿻,
緑,lv̀,lv,4
拘,jū,ju,1
瑸,bīn,bin,1
磪,cūi,cui,1
謗,bàng,bang,4
漯,tà,ta,4
淅,xī,xi,1
瓏,lóng,long,2
苃,yǒu,you,3
䵪,gùn,gun,4
濍,sōng,song,1
黊,xī,xi,1
聟,xù,xu,4
賀,hè,he,4
麂,jǐ,ji,3
猒,yān,yan,1
䮂,bó,bo,2
褍,duān,duan,1
沋,yóu,you,2
棬,quān,quan,1
鞭,biān,bian,1
樾,yuè,yue,4
䎽,wén,wen,2
㨬,㨬,㨬,
鯬,lí,li,2
䂞,zhè,zhe,4
終,zhōng,zhong,1
㟯,㟯,㟯,
㾘,gěng,geng,3
嫩,nèn,nen,4
违,wéi,wei,2
庯,bū,bu,1
䝅,䝅,䝅,
䣌,dǐ,di,3
儜,níng,ning,2
袏,zuò,zuo,4
縔,shuǎng,shuang,3
䜧,nǎo,nao,3
㱁,shì,shi,4
䦺,䦺,䦺,
挨,āi,ai,1
緇,zī,zi,1
䰱,líng,ling,2
戄,jué,jue,2
䵒,nì,ni,4
漑,gài,gai,4
鱨,cháng,chang,2
鈦,tài,tai,4
㐷,mǎ,ma,3
琔,diàn,dian,4
㣐,biàn,bian,4
鉁,zhēn,zhen,1
匽,yǎn,yan,3
砛,砛,砛,
䑣,䑣,䑣,
㹧,㹧,㹧,
輦,niǎn,nian,3
蟝,qú,qu,2
搥,chúi,chui,2
刲,kūi,kui,1
趌,jié,jie,2
颤,zhàn,zhan,4
堓,àn,an,4
洦,mò,mo,4
瓇,róu,rou,2
扁,biǎn,bian,3
遂,sùi,sui,4
岍,qiān,qian,1
檷,mí,mi,2
㒠,xiè,xie,4
靲,qín,qin,2
塿,lǒu,lou,3
廤,廤,廤,
糋,jiàn,jian,4
頄,kúi,kui,2
柄,bǐng,bing,3
挑,tiāo,tiao,1
炔,gùi,gui,4
颼,sōu,sou,1
蘊,yùn,yun,4
鴖,wén,wen,2
䂁,chán,chan,2
喈,jiē,jie,1
楥,xuàn,xuan,4
熊,xióng,xiong,2
皇,huáng,huang,2
梪,dòu,dou,4
嫋,niǎo,niao,3
鼰,niàn,nian,4
䊏,䊏,䊏,
䣁,yǔ,yu,3
沈,shěn,shen,3
撙,zǔn,zun,3
猭,yuán,yuan,2
崸,dùn,dun,4
柟,nán,nan,2
䱌,yí,yi,2
廟,miào,miao,4
範,fàn,fan,4
渤,bó,bo,2
魡,diào,diao,4
䙔,䙔,䙔,
附,fù,fu,4
倲,dōng,dong,1
䓬,䓬,䓬,
鱴,miè,mie,4
戍,shù,shu,4
谾,hōng,hong,1
輔,fǔ,fu,3
㥫,㥫,㥫,
擻,sǒu,sou,3
㨳,gǔi,gui,3
辦,bàn,ban,4
侣,lv̌,lv,3
禡,mà,ma,4
麒,qí,qi,2
録,lù,lu,4
滗,bǐ,bi,3
瑬,líu,liu,2
汈,diāo,diao,1
岥,bēi,bei,1
鼭,shí,shi,2
鋍,bó,bo,2
㵰,xù,xu,4
蚄,fāng,fang,1
箨,tuò,tuo,4
愗,mòu,mou,4
锳,yīng,ying,1
㠑,zùi,zui,4
搣,miè,mie,4
鿽,鿽,鿽,
搊,chōu,chou,1
垥,xié,xie,2
筇,qióng,qiong,2
詚,dá,da,2
縴,qiān,qian,1
兔,tù,tu,4
镂,lòu,lou,4
䯳,䯳,䯳,
齇,zhā,zha,1
䞃,zhì,zhi,4
檡,zhè,zhe,4
㞖,cì,ci,4
牔,bó,bo,2
鵵,tù,tu,4
溨,cái,cai,2
綨,qí,qi,2
䛧,mí,mi,2
擼,lǔ,lu,3
歭,chí,chi,2
叨,tāo,tao,1
姞,jí,ji,2
逄,páng,pang,2
瓲,瓲,瓲,
貃,mò,mo,4
骵,tǐ,ti,3
㽻,㽻,㽻,
秶,zī,zi,1
浽,sūi,sui,1
廨,xiè,xie,4
叿,hōng,hong,1
䒿,䒿,䒿,
锱,zī,zi,1
蹓,līu,liu,1
褛,lv̌,lv,3
萎,wēi,wei,1
䝚,ní,ni,2
鈟,shī,shi,1
唀,yǒu,you,3
潻,shǔ,shu,3
㠗,ào,ao,4
䭕,jiàn,jian,4
斢,tǒu,tou,3
砰,pēng,peng,1
篸,sēn,sen,1
锕,ā,a,1
鞳,tà,ta,4
騕,yǎo,yao,3
蛰,zhí,zhi,2
蠲,juān,juan,1
䆴,䆴,䆴,
㮾,lǎng,lang,3
贑,gǎn,gan,3
䢛,jiǒng,jiong,3
粨,bǎi,bai,3
剤,jì,ji,4
㶃,㶃,㶃,
奵,dīng,ding,1
鴷,liè,lie,4
鞖,sūi,sui,1
㙝,xié,xie,2
媾,gòu,gou,4
㼸,róng,rong,2
寜,níng,ning,2
䏉,䏉,䏉,
椈,jú,ju,2
㳲,㳲,㳲,
懄,qín,qin,2
犞,犞,犞,
題,tí,ti,2
㬦,yuè,yue,4
瓎,là,la,4
㴸,nà,na,4
每,měi,mei,3
咉,yāng,yang,1
縑,jiān,jian,1
磾,dī,di,1
濖,shù,shu,4
饬,chì,chi,4
顼,xù,xu,4
㫚,hū,hu,1
妝,zhuāng,zhuang,1
䞇,dié,die,2
威,wēi,wei,1
圐,kū,ku,1
圪,gē,ge,1
㚲,diǎn,dian,3
藔,藔,藔,
鑰,yào,yao,4
㰼,qiè,qie,4
㵁,㵁,㵁,
軄,zhí,zhi,2
篦,bì,bi,4
貒,tuān,tuan,1
趞,què,que,4
胒,nì,ni,4
㷭,㷭,㷭,
㠊,qū,qu,1
跣,xiǎn,xian,3
鏟,chǎn,chan,3
鋉,sù,su,4
鷲,jìu,jiu,4
䑐,zhěn,zhen,3
㨁,zhí,zhi,2
㿞,mào,mao,4
鐬,hùi,hui,4
蛎,lì,li,4
戻,lì,li,4
㮧,㮧,㮧,
撧,jué,jue,2
緌,rúi,rui,2
隄,dī,di,1
䞪,jiàng,jiang,4
鼂,cháo,chao,2
鋏,jiá,jia,2
晝,zhòu,zhou,4
䤢,䤢,䤢,
隂,yīn,yin,1
旝,guài,guai,4
揸,zhā,zha,1
擈,pū,pu,1
䰑,䰑,䰑,
私,sī,si,1
酘,tóu,tou,2
酳,yìn,yin,4
㝄,chún,chun,2
鿏,鿏,鿏,
䉗,䉗,䉗,
䨝,䨝,䨝,
菵,wǎng,wang,3
鑋,qìng,qing,4
䩴,hú,hu,2
䅔,䅔,䅔,
狘,yuè,yue,4
㝜,㝜,㝜,
櫅,jī,ji,1
绷,bēng,beng,1
睁,zhēng,zheng,1
亂,luàn,luan,4
碤,yīng,ying,1
䐛,䐛,䐛,
销,xiāo,xiao,1
宔,zhǔ,zhu,3
荕,jīn,jin,1
哓,xiāo,xiao,1
阓,hùi,hui,4
汧,qiān,qian,1
䀄,méng,meng,2
巔,diān,dian,1
鮫,jiāo,jiao,1
瘌,là,la,4
琴,qín,qin,2
槐,huái,huai,2
㠨,yù,yu,4
䋈,rú,ru,2
䨶,yǔn,yun,3
谎,huǎng,huang,3
㽹,fàn,fan,4
眝,zhù,zhu,4
母,mǔ,mu,3
聑,dié,die,2
棚,péng,peng,2
娢,hán,han,2
楡,yú,yu,2
胀,zhàng,zhang,4
䓧,cì,ci,4
㹺,tà,ta,4
騇,shě,she,3
燺,kǎo,kao,3
䝨,xián,xian,2
啰,luō,luo,1
翟,dí,di,2
㹞,yín,yin,2
姦,jiān,jian,1
䢩,yù,yu,4
瓘,guàn,guan,4
鎳,niè,nie,4
偛,chā,cha,1
䭚,chuáng,chuang,2
㲀,chén,chen,2
䄪,chuò,chuo,4
錰,shù,shu,4
派,pài,pai,4
鍵,jiàn,jian,4
䃣,hǔi,hui,3
䙐,kè,ke,4
証,zhèng,zheng,4
䛈,shì,shi,4
壯,zhuàng,zhuang,4
䃖,wù,wu,4
聻,jī,ji,1
㮩,㮩,㮩,
燐,lín,lin,2
浙,zhè,zhe,4
硢,yú,yu,2
柩,jìu,jiu,4
罣,guà,gua,4
瘨,diān,dian,1
薆,ài,ai,4
沠,líu,liu,2
摞,luò,luo,4
㲤,㲤,㲤,
㫼,dié,die,2
虰,chéng,cheng,2
鏁,suǒ,suo,3
轺,yáo,yao,2
叐,bá,ba,2
啞,yǎ,ya,3
嗩,suǒ,suo,3
䐸,guó,guo,2
悀,yǒng,yong,3
搩,jié,jie,2
嫜,zhāng,zhang,1
䋊,䋊,䋊,
鏎,bì,bi,4
䛮,jìu,jiu,4
婓,fēi,fei,1
狤,jí,ji,2
峉,ē,e,1
魳,zá,za,2
嫱,qiáng,qiang,2
䵰,䵰,䵰,
洔,zhǐ,zhi,3
祥,xiáng,xiang,2
㮝,hé,he,2
宰,zǎi,zai,3
唫,yín,yin,2
亐,yú,yu,2
鑻,pàn,pan,4
㗭,㗭,㗭,
頛,lěi,lei,3
䩆,jiǎn,jian,3
澚,澚,澚,
胪,lú,lu,2
卵,luǎn,luan,3
柿,shì,shi,4
煸,biān,bian,1
擑,jiē,jie,1
防,fáng,fang,2
碯,nǎo,nao,3
嵒,yán,yan,2
勾,gōu,gou,1
焘,chóu,chou,2
䉊,fàn,fan,4
揿,qìn,qin,4
釀,niàng,niang,4
擣,dǎo,dao,3
䚽,hào,hao,4
煱,guā,gua,1
䈴,qiàn,qian,4
䘇,wén,wen,2
腌,yān,yan,1
䂊,yù,yu,4
挄,kuò,kuo,4
悄,qiǎo,qiao,3
藶,lì,li,4
䀡,chàn,chan,4
䕣,hé,he,2
砂,shā,sha,1
錋,péng,peng,2
訇,hōng,hong,1
榖,gǔ,gu,3
䡋,qí,qi,2
浖,liè,lie,4
㪯,chá,cha,2
䟜,nà,na,4
姄,mín,min,2
㦷,yǒng,yong,3
譳,nòu,nou,4
敧,qǐ,qi,3
裠,qún,qun,2
綥,qì,qi,4
蟚,péng,peng,2
苨,nǐ,ni,3
咕,gū,gu,1
傆,yuàn,yuan,4
靯,dù,du,4
㛃,jié,jie,2
䀫,jiá,jia,2
蝽,qǔn,qun,3
煝,mèi,mei,4
郄,xì,xi,4
状,zhuàng,zhuang,4
㾒,jì,ji,4
灏,hào,hao,4
璮,tǎn,tan,3
䛺,jiè,jie,4
圳,zhèn,zhen,4
榶,táng,tang,2
腛,wū,wu,1
梙,huàn,huan,4
跘,pán,pan,2
鼒,zī,zi,1
勚,yì,yi,4
餂,tiǎn,tian,3
㨾,yàng,yang,4
喀,kā,ka,1
汤,tāng,tang,1
屷,屷,屷,
㻑,jì,ji,4
㓲,piàn,pian,4
誝,ān,an,1
阌,wén,wen,2
兺,兺,兺,
䥳,䥳,䥳,
氖,nǎi,nai,3
蛋,dàn,dan,4
念,niàn,nian,4
㯼,㯼,㯼,
䡀,zhǎn,zhan,3
烫,tàng,tang,4
瞩,zhǔ,zhu,3
牸,zì,zi,4
歒,tì,ti,4
郓,yùn,yun,4
㧙,bì,bi,4
虖,hū,hu,1
荥,yíng,ying,2
肃,sù,su,4
衵,rì,ri,4
鋎,hàn,han,4
䲔,qíng,qing,2
歊,xiāo,xiao,1
䬈,dùi,dui,4
䛌,páo,pao,2
㚱,㚱,㚱,
斞,yǔ,yu,3
䰎,gùi,gui,4
鐝,jué,jue,2
玽,gǒu,gou,3
䵠,dí,di,2
猑,kūn,kun,1
䪺,gé,ge,2
鼥,bá,ba,2
殮,liàn,lian,4
杅,yú,yu,2
肪,fáng,fang,2
持,chí,chi,2
䒘,䒘,䒘,
䜸,měi,mei,3
梲,zhuó,zhuo,2
婎,hūi,hui,1
憆,chēng,cheng,1
勇,yǒng,yong,3
葔,hóu,hou,2
窔,yǎo,yao,3
颳,guā,gua,1
䩉,fǔ,fu,3
㔠,hé,he,2
侘,chà,cha,4
䯥,àn,an,4
閤,gé,ge,2
攕,sān,san,1
襌,dān,dan,1
㲛,zhǐ,zhi,3
铊,shé,she,2
贃,zhuàn,zhuan,4
䥎,chún,chun,2
嬎,fàn,fan,4
诛,zhū,zhu,1
慃,yǎng,yang,3
䗦,䗦,䗦,
㸚,lǐ,li,3
侇,yí,yi,2
猡,luó,luo,2
䦂,shàn,shan,4
韮,jǐu,jiu,3
䢗,hé,he,2
龲,龲,龲,
䬴,mò,mo,4
暠,gǎo,gao,3
爫,爫,爫,
䥜,jiàn,jian,4
跛,bǒ,bo,3
戽,hù,hu,4
㨚,xún,xun,2
黋,kuǎng,kuang,3
荑,tí,ti,2
䔹,sùi,sui,4
禓,yáng,yang,2
㪫,rùi,rui,4
跃,yuè,yue,4
巩,gǒng,gong,3
䰏,jì,ji,4
㯢,zhèn,zhen,4
偧,zhā,zha,1
濄,guō,guo,1
徏,zhì,zhi,4
㑘,jiè,jie,4
帆,fān,fan,1
紇,hé,he,2
挱,suō,suo,1
眫,mǐ,mi,3
倹,jiǎn,jian,3
贅,zhùi,zhui,4
灈,qú,qu,2
揹,bēi,bei,1
矨,yǐng,ying,3
㛘,pò,po,4
䗖,chì,chi,4
剚,zì,zi,4
砊,kàng,kang,4
鏚,qì,qi,4
虞,yú,yu,2
寐,mèi,mei,4
桛,桛,桛,
砜,fēng,feng,1
覢,shǎn,shan,3
崐,kūn,kun,1
茥,gūi,gui,1
袑,shào,shao,4
誸,xuán,xuan,2
慤,què,que,4
鿍,鿍,鿍,
刁,diāo,diao,1
摑,guó,guo,2
鷂,yào,yao,4
樣,yàng,yang,4
瀇,wǎng,wang,3
頹,túi,tui,2
衟,dào,dao,4
㖜,㖜,㖜,
鲛,jiǎo,jiao,3
䁹,bì,bi,4
䔒,bèi,bei,4
䫑,䫑,䫑,
軠,rèn,ren,4
鍲,mín,min,2
䟖,tàng,tang,4
獯,xūn,xun,1
䎘,sù,su,4
從,cóng,cong,2
仂,lè,le,4
燍,sī,si,1
键,jiàn,jian,4
䚑,mái,mai,2
聱,áo,ao,2
㴷,㴷,㴷,
堂,táng,tang,2
鸅,zhé,zhe,2
訢,xīn,xin,1
斈,xué,xue,2
陰,yīn,yin,1
䦀,䦀,䦀,
畐,fú,fu,2
暐,wěi,wei,3
胬,nǔ,nu,3
雋,jùn,jun,4
恾,máng,mang,2
䛔,ná,na,2
懕,yān,yan,1
䉱,䉱,䉱,
廍,pǒu,pou,3
韟,韟,韟,
嚎,háo,hao,2
轈,cháo,chao,2
瑵,zhǎo,zhao,3
䯠,ǎo,ao,3
諣,huà,hua,4
掦,tì,ti,4
㮞,jié,jie,2
考,kǎo,kao,3
䪘,wěi,wei,3
矩,jǔ,ju,3
氠,shēn,shen,1
鶁,jīng,jing,1
䀩,luò,luo,4
䈫,nà,na,4
賔,bīn,bin,1
毤,tuò,tuo,4
怠,dài,dai,4
寏,huán,huan,2
㱿,què,que,4
飄,piāo,piao,1
䂀,xī,xi,1
䫞,ráo,rao,2
雨,yǔ,yu,3
驈,yù,yu,4
穧,jì,ji,4
㶸,㶸,㶸,
䏐,jué,jue,2
鵘,jùn,jun,4
盖,gài,gai,4
邚,rú,ru,2
惎,jì,ji,4
京,jīng,jing,1
栐,yǒng,yong,3
肔,yǐ,yi,3
猶,yóu,you,2
吢,qìn,qin,4
脱,tuō,tuo,1
谿,xī,xi,1
蝛,wēi,wei,1
䪮,chǒu,chou,3
鸣,míng,ming,2
埗,bù,bu,4
䏲,dié,die,2
演,yǎn,yan,3
䲖,chóu,chou,2
氈,zhān,zhan,1
鷭,fán,fan,2
抺,mèi,mei,4
䭢,níng,ning,2
獟,yào,yao,4
璼,lán,lan,2
咍,hāi,hai,1
邊,biān,bian,1
䍿,huáng,huang,2
學,xué,xue,2
蟔,mò,mo,4
阿,ā,a,1
㿢,yào,yao,4
䭝,kuài,kuai,4
䧠,shuàn,shuan,4
燵,燵,燵,
嵟,dūi,dui,1
錒,ā,a,1
㷆,dòu,dou,4
䔋,䔋,䔋,
㣦,㣦,㣦,
䢂,䢂,䢂,
鄘,yōng,yong,1
㑤,miáo,miao,2
莽,mǎng,mang,3
綿,mián,mian,2
耴,zhé,zhe,2
鞌,ān,an,1
鱈,xuě,xue,3
檁,lǐn,lin,3
嘬,zuō,zuo,1
裌,jiá,jia,2
儚,méng,meng,2
磟,lù,lu,4
勜,wěng,weng,3
瑠,líu,liu,2
覦,yú,yu,2
趏,guā,gua,1
鶢,yuán,yuan,2
玼,cǐ,ci,3
懹,ràng,rang,4
㬥,pù,pu,4
佹,gǔi,gui,3
呋,fū,fu,1
偐,yàn,yan,4
鹺,cuó,cuo,2
輚,zhàn,zhan,4
櫉,chú,chu,2
钪,kàng,kang,4
爞,tóng,tong,2
犔,xì,xi,4
㴡,㴡,㴡,
薷,rú,ru,2
䶸,䶸,䶸,
噮,yuān,yuan,1
瀓,chéng,cheng,2
磩,qī,qi,1
䤳,yè,ye,4
嘼,xìu,xiu,4
貾,chí,chi,2
倽,shà,sha,4
柲,bì,bi,4
䥀,chǎn,chan,3
鞏,gǒng,gong,3
絨,róng,rong,2
嫗,yù,yu,4
巚,yǎn,yan,3
纥,hé,he,2
腤,ān,an,1
酁,chán,chan,2
媠,tuǒ,tuo,3
癤,jié,jie,2
㧌,mào,mao,4
崻,zhì,zhi,4
芮,rùi,rui,4
弞,shěn,shen,3
婻,nàn,nan,4
䳌,䳌,䳌,
菼,tǎn,tan,3
聖,shèng,sheng,4
淉,guǒ,guo,3
蠇,lì,li,4
妲,dá,da,2
牖,yǒu,you,3
鯫,zōu,zou,1
涵,hán,han,2
㛫,㛫,㛫,
蟦,fèi,fei,4
㿔,lěi,lei,3
鄱,pó,po,2
綫,xiàn,xian,4
䴅,fén,fen,2
䤩,chá,cha,2
㽪,zěng,zeng,3
爮,páo,pao,2
㕆,hù,hu,4
揆,kúi,kui,2
葐,pén,pen,2
烎,yín,yin,2
佮,gé,ge,2
昐,fēn,fen,1
駎,zhòu,zhou,4
粜,tiào,tiao,4
救,jìu,jiu,4
㸕,jué,jue,2
约,yuē,yue,1
䍖,fú,fu,2
㡋,è,e,4
賒,shē,she,1
煅,duàn,duan,4
馌,yè,ye,4
蝞,mèi,mei,4
呺,xiāo,xiao,1
颽,kǎi,kai,3
爝,jué,jue,2
操,cāo,cao,1
仍,réng,reng,2
繤,zuǎn,zuan,3
磴,dèng,deng,4
撸,lǔ,lu,3
驾,jià,jia,4
㪥,㪥,㪥,
憉,péng,peng,2
㨖,zhì,zhi,4
䤰,wěng,weng,3
綛,綛,綛,
輨,guǎn,guan,3
偲,sī,si,1
蕑,jiān,jian,1
䂎,zuǎn,zuan,3
摐,chuāng,chuang,1
䂝,jié,jie,2
䫟,hún,hun,2
鈙,qín,qin,2
䧈,䧈,䧈,
潪,dí,di,2
痞,pǐ,pi,3
战,zhàn,zhan,4
䰒,méng,meng,2
劒,jiàn,jian,4
朊,ruǎn,ruan,3
訟,sòng,song,4
歗,xiào,xiao,4
疜,xià,xia,4
㥞,cùi,cui,4
穈,mén,men,2
㤄,pèi,pei,4
䡬,màn,man,4
瓒,zàn,zan,4
業,yè,ye,4
缮,shàn,shan,4
擲,zhì,zhi,4
㻭,sè,se,4
琠,diǎn,dian,3
蘙,yì,yi,4
牜,牜,牜,
蚮,tè,te,4
廋,sōu,sou,1
瑯,láng,lang,2
撉,dūn,dun,1
嬋,chán,chan,2
䄨,yú,yu,2
鵱,lù,lu,4
碫,duàn,duan,4
悟,wù,wu,4
愫,sù,su,4
鬸,lìu,liu,4
䚨,fèi,fei,4
㒁,yǔ,yu,3
颋,tian,tian,5
鹗,è,e,4
䱫,là,la,4
铋,bì,bi,4
葄,zuò,zuo,4
刂,dāo,dao,1
槕,zhuó,zhuo,2
讆,wèi,wei,4
豷,yì,yi,4
琗,cùi,cui,4
祐,yòu,you,4
䵮,yàng,yang,4
漻,liáo,liao,2
謞,xuè,xue,4
㙼,lěi,lei,3
驗,yàn,yan,4
浕,jìn,jin,4
䘱,yù,yu,4
朒,nv̀,nv,4
鹰,yīng,ying,1
箫,xiāo,xiao,1
赥,xì,xi,4
斁,yì,yi,4
䆼,䆼,䆼,
䠸,䠸,䠸,
迂,yū,yu,1
巪,巪,巪,
䏗,gài,gai,4
䔧,lí,li,2
硳,硳,硳,
薩,sà,sa,4
氍,qú,qu,2
悝,kūi,kui,1
媵,yìng,ying,4
儙,qiàn,qian,4
聿,yù,yu,4
䬆,lì,li,4
䓰,䓰,䓰,
旚,piāo,piao,1
㮍,㮍,㮍,
瓜,guā,gua,1
㕜,shǐ,shi,3
㺃,gǒu,gou,3
窗,chuāng,chuang,1
輻,fú,fu,2
隔,gé,ge,2
盟,méng,meng,2
梁,liáng,liang,2
䁥,nì,ni,4
肋,lèi,lei,4
銦,yīn,yin,1
鎻,suǒ,suo,3
俙,xī,xi,1
侚,xùn,xun,4
㫙,fú,fu,2
墬,dì,di,4
辽,liáo,liao,2
鎙,shuò,shuo,4
㛺,㛺,㛺,
惢,rǔi,rui,3
蕫,tóng,tong,2
菂,dī,di,1
紣,cùi,cui,4
䰀,wǒ,wo,3
藵,藵,藵,
蕩,dàng,dang,4
嵾,cēn,cen,1
茢,liè,lie,4
㠧,mí,mi,2
背,bèi,bei,4
繩,shéng,sheng,2
鷋,tú,tu,2
哺,bǔ,bu,3
唡,liǎng,liang,3
颭,zhǎn,zhan,3
穯,穯,穯,
船,chuán,chuan,2
㩹,dié,die,2
擎,qíng,qing,2
姬,jī,ji,1
曵,yè,ye,4
摔,shuāi,shuai,1
潤,rùn,run,4
娯,yú,yu,2
㵩,yì,yi,4
䈪,xì,xi,4
䉪,lèi,lei,4
翫,wàn,wan,4
鈕,nǐu,niu,3
楜,hú,hu,2
玙,yú,yu,2
廝,sī,si,1
㨞,sù,su,4
㵦,súi,sui,2
盹,dǔn,dun,3
搤,è,e,4
穩,wěn,wen,3
黔,qián,qian,2
滊,xì,xi,4
䃼,䃼,䃼,
䒖,xìn,xin,4
簝,liáo,liao,2
鿇,鿇,鿇,
囕,囕,囕,
䃞,shú,shu,2
䘶,hàn,han,4
䋃,mào,mao,4
獫,xiǎn,xian,3
偌,ruò,ruo,4
堷,yìn,yin,4
䥽,䥽,䥽,
䟊,qú,qu,2
蹞,kǔi,kui,3
脫,tuō,tuo,1
螝,hùi,hui,4
祫,xiá,xia,2
朎,líng,ling,2
䬣,qì,qi,4
㜀,㜀,㜀,
滈,hào,hao,4
肂,sì,si,4
鑤,bào,bao,4
鋌,tǐng,ting,3
韑,wěi,wei,3
㐵,㐵,㐵,
䝠,huán,huan,2
徚,徚,徚,
㨄,zhào,zhao,4
㹽,chǎn,chan,3
朴,pò,po,4
㥬,páng,pang,2
䎨,àn,an,4
敌,dí,di,2
䫼,xuè,xue,4
鷈,tī,ti,1
呍,hōng,hong,1
忶,hún,hun,2
湅,liàn,lian,4
扯,chě,che,3
颺,yáng,yang,2
隲,é,e,2
牘,dú,du,2
䝯,yì,yi,4
㳕,lán,lan,2
剙,chuàng,chuang,4
耂,耂,耂,
癏,guān,guan,1
沕,wù,wu,4
鉈,shī,shi,1
軜,nà,na,4
絚,gēng,geng,1
䪆,tǐ,ti,3
忢,wù,wu,4
媕,ān,an,1
慵,yōng,yong,1
鯪,líng,ling,2
蛵,xīng,xing,1
窥,kūi,kui,1
䛭,xìng,xing,4
䮵,tóng,tong,2
镯,zhuó,zhuo,2
鶤,yùn,yun,4
垄,lǒng,long,3
嫌,xián,xian,2
哸,sūi,sui,1
詋,zhòu,zhou,4
箾,shuò,shuo,4
裖,zhěn,zhen,3
病,bìng,bing,4
菀,wǎn,wan,3
醛,quán,quan,2
帼,guó,guo,2
花,huā,hua,1
硭,máng,mang,2
杛,gōng,gong,1
雰,fēn,fen,1
若,ruò,ruo,4
瘋,fēng,feng,1
摴,shū,shu,1
荾,sūi,sui,1
巠,jīng,jing,1
䧇,nǐ,ni,3
簋,gǔi,gui,3
瞪,dèng,deng,4
靉,ài,ai,4
僠,fān,fan,1
濸,濸,濸,
鋋,chán,chan,2
陟,zhì,zhi,4
斪,qú,qu,2
鴧,ròng,rong,4
㖅,xù,xu,4
兌,dùi,dui,4
籋,mí,mi,2
闠,hùi,hui,4
㔕,jí,ji,2
㬄,chàn,chan,4
㔃,jué,jue,2
䡣,䡣,䡣,
䛏,ní,ni,2
襄,xiāng,xiang,1
猅,pái,pai,2
摂,shè,she,4
夹,jiā,jia,1
萐,shà,sha,4
屓,xì,xi,4
䳶,䳶,䳶,
夎,zuò,zuo,4
倂,bìng,bing,4
鋑,cuān,cuan,1
澔,hào,hao,4
㬟,㬟,㬟,
鳰,鳰,鳰,
祠,cí,ci,2
䥼,䥼,䥼,
櫎,guàng,guang,4
䟁,䟁,䟁,
䗰,guàn,guan,4
備,bèi,bei,4
鑏,níng,ning,2
嚺,tà,ta,4
敛,liàn,lian,4
曕,yàn,yan,4
蹂,róu,rou,2
䋤,yào,yao,4
硒,xī,xi,1
瘳,chōu,chou,1
㩝,háo,hao,2
䴠,yǎo,yao,3
㝪,diàn,dian,4
飈,biǎo,biao,3
鮢,zhū,zhu,1
親,qīn,qin,1
㒯,㒯,㒯,
呰,zǐ,zi,3
霡,mò,mo,4
骪,wěi,wei,3
玾,jiǎ,jia,3
凹,āo,ao,1
聫,lián,lian,2
瞼,jiǎn,jian,3
紮,zā,za,1
嗺,cūi,cui,1
鞙,xuàn,xuan,4
蟹,xiè,xie,4
壳,ké,ke,2
㱡,㱡,㱡,
䵌,䵌,䵌,
铻,wú,wu,2
䒅,téng,teng,2
膎,xié,xie,2
捲,juǎn,juan,3
鍦,shé,she,2
脍,kuài,kuai,4
蜅,fǔ,fu,3
量,liàng,liang,4
俉,wù,wu,4
䆡,láng,lang,2
埾,jù,ju,4
鲭,qīng,qing,1
㒂,kù,ku,4
墆,dì,di,4
鹦,yīng,ying,1
羊,yáng,yang,2
贚,lòng,long,4
暕,jiǎn,jian,3
奋,fèn,fen,4
鎢,wū,wu,1
籉,tái,tai,2
息,xī,xi,1
颹,wěi,wei,3
銥,yī,yi,1
凅,gù,gu,4
㦶,dié,die,2
㷬,mò,mo,4
瀬,lài,lai,4
阺,dǐ,di,3
惙,chuò,chuo,4
债,zhài,zhai,4
氟,fú,fu,2
㨕,yíng,ying,2
䏰,rěn,ren,3
䛙,xù,xu,4
䶺,䶺,䶺,
䊋,䊋,䊋,
䟵,qíu,qiu,2
専,zhuān,zhuan,1
䢔,gé,ge,2
耼,dān,dan,1
雳,lì,li,4
㳀,guò,guo,4
娰,sì,si,4
輲,chuán,chuan,2
诠,quán,quan,2
麶,麶,麶,
奮,fèn,fen,4
䶞,qí,qi,2
䑱,mán,man,2
㫪,㫪,㫪,
懨,yān,yan,1
㨈,jǐ,ji,3
補,bǔ,bu,3
㴒,yì,yi,4
胘,xián,xian,2
䍒,mǒu,mou,3
邘,yú,yu,2
禩,sì,si,4
者,zhě,zhe,3
鐍,jué,jue,2
憖,yìn,yin,4
臮,jì,ji,4
䯩,䯩,䯩,
鈉,nà,na,4
䮹,wèi,wei,4
櫘,hùi,hui,4
幄,wò,wo,4
㦧,cǎn,can,3
暻,jǐng,jing,3
浲,féng,feng,2
㾝,chè,che,4
䞻,yǒng,yong,3
蚾,bǒ,bo,3
蝪,tāng,tang,1
柯,kē,ke,1
魂,hún,hun,2
塷,lǔ,lu,3
聛,bì,bi,4
侦,zhēn,zhen,1
䠋,bǐ,bi,3
笤,tiáo,tiao,2
蚜,yá,ya,2
耧,lóu,lou,2
昰,shì,shi,4
秳,huó,huo,2
湎,miǎn,mian,3
歬,qián,qian,2
㖌,㖌,㖌,
㦡,lè,le,4
㷠,lín,lin,2
㓕,㓕,㓕,
鰕,xiá,xia,2
㧒,xué,xue,2
㪖,lù,lu,4
練,liàn,lian,4
䳵,chì,chi,4
庁,tīng,ting,1
蔤,mì,mi,4
散,sàn,san,4
輯,jí,ji,2
鿌,鿌,鿌,
淘,táo,tao,2
瑱,tiàn,tian,4
酄,huān,huan,1
㮨,jí,ji,2
㹜,yín,yin,2
菞,lí,li,2
欗,lán,lan,2
巿,fú,fu,2
预,yù,yu,4
㽏,㽏,㽏,
䬿,wěi,wei,3
㤥,hài,hai,4
鵾,kūn,kun,1
槳,jiǎng,jiang,3
㵵,zòu,zou,4
奌,diǎn,dian,3
魮,bí,bi,2
竭,jié,jie,2
隝,dǎo,dao,3
埬,dōng,dong,1
瓹,juàn,juan,4
枙,ě,e,3
竖,shù,shu,4
䄃,䄃,䄃,
䑰,bù,bu,4
儇,xuān,xuan,1
䍯,gǔi,gui,3
尩,wāng,wang,1
膙,jiǎng,jiang,3
鉑,bó,bo,2
駁,bó,bo,2
銡,jí,ji,2
㼰,é,e,2
矒,méng,meng,2
煼,chǎo,chao,3
鮡,tiāo,tiao,1
貧,pín,pin,2
畬,yú,yu,2
宨,tiǎo,tiao,3
骠,piào,piao,4
貥,háng,hang,2
㠽,tóng,tong,2
誥,gào,gao,4
睻,xuān,xuan,1
諏,zōu,zou,1
䕦,yíng,ying,2
窞,dàn,dan,4
䵇,xiàn,xian,4
好,hǎo,hao,3
菅,jiān,jian,1
忽,hū,hu,1
䊰,chǔ,chu,3
秇,yì,yi,4
蟓,xiàng,xiang,4
䞾,chí,chi,2
䕙,jié,jie,2
枡,dǒu,dou,3
堩,gèng,geng,4
岡,gāng,gang,1
稐,lǔn,lun,3
碵,碵,碵,
㓆,㓆,㓆,
徴,zhēng,zheng,1
媱,yáo,yao,2
珙,gǒng,gong,3
䳖,nèi,nei,4
㥭,tài,tai,4
挈,qiè,qie,4
柫,fú,fu,2
譕,mú,mu,2
賭,dǔ,du,3
㥗,㥗,㥗,
奸,jiān,jian,1
稣,sū,su,1
髄,sǔi,sui,3
炰,páo,pao,2
囫,hú,hu,2
䪓,䪓,䪓,
洿,wū,wu,1
脢,méi,mei,2
飼,sì,si,4
㔦,yǎng,yang,3
酼,hǎi,hai,3
墂,biāo,biao,1
带,dài,dai,4
螵,piāo,piao,1
斺,xiè,xie,4
吏,lì,li,4
漙,tuán,tuan,2
篳,bì,bi,4
䟘,hàng,hang,4
厡,yuán,yuan,2
鲪,jūn,jun,1
䁭,䁭,䁭,
翞,jiāng,jiang,1
㿵,rǎn,ran,3
質,zhì,zhi,4
㖲,㖲,㖲,
诨,hùn,hun,4
䗲,lìn,lin,4
䬋,léng,leng,2
饟,xiǎng,xiang,3
映,yìng,ying,4
瞛,cōng,cong,1
垨,shǒu,shou,3
㤃,fáng,fang,2
稂,láng,lang,2
虮,jī,ji,1
稙,zhí,zhi,2
汹,xiōng,xiong,1
䕫,kúi,kui,2
埋,mái,mai,2
靤,pào,pao,4
㡷,běn,ben,3
僵,jiāng,jiang,1
嗾,sǒu,sou,3
鿣,鿣,鿣,
酠,qiǎ,qia,3
闢,pì,pi,4
曽,cēng,ceng,1
㕧,㕧,㕧,
挌,gé,ge,2
盃,bēi,bei,1
䧶,kúi,kui,2
森,sēn,sen,1
䝤,lǎo,lao,3
讖,chèn,chen,4
㙃,㙃,㙃,
㥰,㥰,㥰,
䯸,cì,ci,4
䪚,hè,he,4
㮙,è,e,4
鱙,miáo,miao,2
巫,wū,wu,1
鯧,chāng,chang,1
䂰,là,la,4
䣾,mì,mi,4
亇,亇,亇,
䀨,huàn,huan,4
箞,quān,quan,1
沔,miǎn,mian,3
㽑,tán,tan,2
歼,jiān,jian,1
薫,xūn,xun,1
䩝,páo,pao,2
䧴,䧴,䧴,
㮐,xǐng,xing,3
卓,zhuō,zhuo,1
䬞,táo,tao,2
埰,cài,cai,4
耨,nòu,nou,4
巙,náo,nao,2
叅,cān,can,1
䆙,yáo,yao,2
䗽,wèi,wei,4
珗,xiān,xian,1
墰,tán,tan,2
㜙,lù,lu,4
娵,jū,ju,1
㟁,àn,an,4
慯,shāng,shang,1
葘,zī,zi,1
䃂,gǔn,gun,3
炻,shí,shi,2
襱,lóng,long,2
庵,ān,an,1
畭,yú,yu,2
轧,yà,ya,4
擽,lvè,lve,4
㟣,㟣,㟣,
䕜,䕜,䕜,
䱩,䱩,䱩,
揼,揼,揼,
㥘,㥘,㥘,
梾,lái,lai,2
汏,dài,dai,4
眓,huò,huo,4
㱷,㱷,㱷,
讏,wèi,wei,4
鎅,jiè,jie,4
莎,shā,sha,1
浺,chōng,chong,1
錚,zhēng,zheng,1
埥,chēng,cheng,1
䊮,dí,di,2
饩,xì,xi,4
褙,bèi,bei,4
吻,wěn,wen,3
䅴,suǒ,suo,3
氚,chuān,chuan,1
霓,ní,ni,2
颷,bī,bi,1
臗,kuān,kuan,1
赢,yíng,ying,2
㔗,fèi,fei,4
䔷,qín,qin,2
鐒,láo,lao,2
及,jí,ji,2
㧬,gǒng,gong,3
㗾,㗾,㗾,
巂,sǔi,sui,3
㸅,jié,jie,2
讵,jù,ju,4
癹,pō,po,1
噭,jiào,jiao,4
根,gēn,gen,1
咨,zī,zi,1
䤭,kuàn,kuan,4
鏄,tuán,tuan,2
瘕,jiǎ,jia,3
稜,léng,leng,2
轻,qīng,qing,1
汗,hàn,han,4
磿,lì,li,4
海,hǎi,hai,3
喷,pēn,pen,1
䢝,yà,ya,4
崥,pǐ,pi,3
䱧,䱧,䱧,
瞀,mào,mao,4
闏,闏,闏,
䤛,qíu,qiu,2
㰮,shèn,shen,4
夈,夈,夈,
虩,xì,xi,4
透,tòu,tou,4
㭶,㭶,㭶,
沏,qī,qi,1
脚,jiǎo,jiao,3
鿁,鿁,鿁,
溪,xī,xi,1
敠,duó,duo,2
柪,āo,ao,1
牨,gāng,gang,1
痭,péng,peng,2
寃,yuān,yuan,1
垂,chúi,chui,2
稑,lù,lu,4
嵮,diān,dian,1
镗,tāng,tang,1
孰,shú,shu,2
丶,zhǔ,zhu,3
謁,yè,ye,4
馒,mán,man,2
幫,bāng,bang,1
董,dǒng,dong,3
婨,lún,lun,2
際,jì,ji,4
䒳,duǒ,duo,3
苽,gū,gu,1
遡,sù,su,4
姂,fá,fa,2
廕,yìn,yin,4
㥜,wèi,wei,4
鮋,yóu,you,2
枰,píng,ping,2
笋,sǔn,sun,3
覎,yàn,yan,4
䢷,䢷,䢷,
銙,kuǎ,kua,3
䆺,䆺,䆺,
蚶,hān,han,1
癭,yǐng,ying,3
瑣,suǒ,suo,3
㦄,má,ma,2
菐,pú,pu,2
酡,tuó,tuo,2
㮃,rúi,rui,2
犴,àn,an,4
乚,yǐn,yin,3
䘂,䘂,䘂,
換,huàn,huan,4
逍,xiāo,xiao,1
骇,hài,hai,4
璷,lú,lu,2
㺕,fán,fan,2
璆,qíu,qiu,2
錼,nài,nai,4
巭,巭,巭,
爖,lóng,long,2
㨼,lvè,lve,4
皑,ái,ai,2
灎,yàn,yan,4
佣,yòng,yong,4
绝,jué,jue,2
鑑,jiàn,jian,4
耾,hóng,hong,2
㲠,máo,mao,2
睘,qióng,qiong,2
娍,chéng,cheng,2
㑙,dié,die,2
䉋,mèi,mei,4
奃,dì,di,4
頵,jūn,jun,1
萕,qí,qi,2
员,yuán,yuan,2
瘃,zhú,zhu,2
室,shì,shi,4
苓,líng,ling,2
貫,guàn,guan,4
裣,liàn,lian,4
䕿,hàn,han,4
䓗,䓗,䓗,
譝,shéng,sheng,2
瀒,sè,se,4
㫭,㫭,㫭,
儣,kuàng,kuang,4
都,dū,du,1
劥,kēng,keng,1
嬣,néng,neng,2
獰,níng,ning,2
㶺,tiàn,tian,4
咯,gē,ge,1
釉,yòu,you,4
蹇,jiǎn,jian,3
㙱,hào,hao,4
墈,kàn,kan,4
㬺,㬺,㬺,
定,dìng,ding,4
䆟,gé,ge,2
㚛,xì,xi,4
疣,yóu,you,2
巳,sì,si,4
堵,dǔ,du,3
䉅,zhì,zhi,4
愩,gōng,gong,1
㐓,㐓,㐓,
㮉,㮉,㮉,
糰,tuán,tuan,2
䊚,䊚,䊚,
哦,é,e,2
㓹,rùi,rui,4
皀,bī,bi,1
儃,chán,chan,2
㕵,guó,guo,2
扙,zhàng,zhang,4
㱨,liàn,lian,4
棧,zhàn,zhan,4
㶄,yán,yan,2
嘾,tán,tan,2
齻,diān,dian,1
匇,匇,匇,
跬,kǔi,kui,3
株,zhū,zhu,1
韒,qiào,qiao,4
㛅,èr,er,4
熄,xí,xi,2
绲,gǔn,gun,3
䂥,mín,min,2
嵂,lv̀,lv,4
蠫,lì,li,4
痩,shòu,shou,4
㜏,yún,yun,2
绘,hùi,hui,4
滝,lóng,long,2
楝,liàn,lian,4
㛮,sǎo,sao,3
睨,nì,ni,4
鄄,juàn,juan,4
㳽,mǐ,mi,3
㑠,㑠,㑠,
灻,chì,chi,4
姃,zhēng,zheng,1
㙯,yì,yi,4
㫥,mǐng,ming,3
訧,yóu,you,2
㿘,yíng,ying,2
语,yǔ,yu,3
橙,chéng,cheng,2
舎,舎,舎,
飚,biāo,biao,1
煑,zhǔ,zhu,3
䩀,bèi,bei,4
豘,tún,tun,2
吥,bù,bu,4
唔,wú,wu,2
叜,sǒu,sou,3
氂,máo,mao,2
咹,è,e,4
聦,cōng,cong,1
勢,shì,shi,4
轸,zhěn,zhen,3
荗,shù,shu,4
嵫,zī,zi,1
㷄,hùi,hui,4
䈐,kùi,kui,4
䴍,䴍,䴍,
䤵,fèi,fei,4
㵚,㵚,㵚,
溺,nì,ni,4
躷,ǎi,ai,3
膿,nóng,nong,2
薕,lián,lian,2
裁,cái,cai,2
㶉,㶉,㶉,
誄,lěi,lei,3
肖,xiào,xiao,4
黎,lí,li,2
䒔,bài,bai,4
緗,xiāng,xiang,1
饈,xīu,xiu,1
跌,diē,die,1
諽,gé,ge,2
灥,xún,xun,2
宽,kuān,kuan,1
乱,luàn,luan,4
㧶,㧶,㧶,
敱,ái,ai,2
音,yīn,yin,1
䝁,láo,lao,2
筑,zhú,zhu,2
菈,lā,la,1
舺,xiá,xia,2
䙸,dé,de,2
硝,xiāo,xiao,1
筶,gǎo,gao,3
縕,yūn,yun,1
鵴,jú,ju,2
熌,shàn,shan,4
蠕,rú,ru,2
窊,wā,wa,1
眈,dān,dan,1
脼,liǎng,liang,3
鄽,chán,chan,2
羜,zhù,zhu,4
腧,yú,yu,2
疔,dīng,ding,1
岿,kūi,kui,1
欝,yù,yu,4
黁,nēn,nen,1
吞,tūn,tun,1
乭,shí,shi,2
痑,duǒ,duo,3
鞸,bì,bi,4
䓅,qí,qi,2
䛇,yuǎn,yuan,3
鰼,xí,xi,2
逡,qūn,qun,1
㦾,yí,yi,2
吮,shǔn,shun,3
㺔,hài,hai,4
軒,xuān,xuan,1
鞲,gōu,gou,1
榩,qián,qian,2
膷,xiāng,xiang,1
斴,lín,lin,2
堔,堔,堔,
塍,chéng,cheng,2
庭,tíng,ting,2
艡,dāng,dang,1
䐭,zhì,zhi,4
彶,jí,ji,2
㶶,nóng,nong,2
鉿,hā,ha,1
弯,wān,wan,1
䍉,qián,qian,2
䣑,chán,chan,2
嬍,měi,mei,3
蔥,cōng,cong,1
跦,zhū,zhu,1
毩,jú,ju,2
蝘,yǎn,yan,3
㶮,㶮,㶮,
媼,ǎo,ao,3
縓,quǎn,quan,3
仹,fēng,feng,1
苟,gǒu,gou,3
岘,xiàn,xian,4
贲,bì,bi,4
賿,liáo,liao,2
騘,cōng,cong,1
㱼,㱼,㱼,
焼,shāo,shao,1
弭,mǐ,mi,3
諬,qǐ,qi,3
踨,zōng,zong,1
雂,qín,qin,2
鳚,wèi,wei,4
淎,pěng,peng,3
爥,zhú,zhu,2
䖅,líng,ling,2
蓚,xīu,xiu,1
舠,dāo,dao,1
撂,liào,liao,4
䨚,䨚,䨚,
㛓,㛓,㛓,
傛,yǒng,yong,3
㲱,liè,lie,4
妮,nī,ni,1
绕,rào,rao,4
蔒,xūn,xun,1
䔂,zǐ,zi,3
旮,xù,xu,4
毒,dú,du,2
髝,lào,lao,4
畯,jùn,jun,4
赪,chēng,cheng,1
蛔,húi,hui,2
鏅,xīu,xiu,1
貋,hàn,han,4
䥣,záo,zao,2
㛥,tà,ta,4
毺,yū,yu,1
訕,shàn,shan,4
暟,kǎi,kai,3
佼,jiǎo,jiao,3
衽,rèn,ren,4
賽,sài,sai,4
蝮,fù,fu,4
妴,yuǎn,yuan,3
嶞,duò,duo,4
鰚,鰚,鰚,
饶,ráo,rao,2
殃,yāng,yang,1
撫,fǔ,fu,3
凝,níng,ning,2
案,àn,an,4
钴,gū,gu,1
竔,竔,竔,
努,nǔ,nu,3
㣂,yì,yi,4
䛲,mán,man,2
秽,hùi,hui,4
軕,shān,shan,1
粿,guǒ,guo,3
殄,tiǎn,tian,3
熠,yì,yi,4
䡛,yìn,yin,4
伺,sì,si,4
狆,zhòng,zhong,4
䒗,qì,qi,4
䔥,䔥,䔥,
誢,xiàn,xian,4
騔,jié,jie,2
撺,cuān,cuan,1
勋,xūn,xun,1
猗,yī,yi,1
桎,zhì,zhi,4
䳇,wǔ,wu,3
疦,jué,jue,2
尲,gān,gan,1
譨,nóu,nou,2
㻳,㻳,㻳,
妃,fēi,fei,1
恡,lìn,lin,4
㩤,㩤,㩤,
㾋,xìu,xiu,4
竷,kàn,kan,4
䫤,míng,ming,2
孮,cóng,cong,2
勿,wù,wu,4
憀,liáo,liao,2
緐,fán,fan,2
屠,tú,tu,2
竲,céng,ceng,2
逶,wēi,wei,1
歑,hū,hu,1
爦,爦,爦,
蜉,fú,fu,2
䝇,䝇,䝇,
㠥,lv̀,lv,4
鳪,bǔ,bu,3
烖,zāi,zai,1
鬲,lì,li,4
㧻,zhǐ,zhi,3
㾟,bù,bu,4
晆,kúi,kui,2
酴,tú,tu,2
㨎,rú,ru,2
䯱,fù,fu,4
瓭,dǎn,dan,3
櫈,dèng,deng,4
宛,wǎn,wan,3
縪,bì,bi,4
攤,tān,tan,1
燦,càn,can,4
茰,yú,yu,2
蔇,jì,ji,4
㯤,lì,li,4
溵,yīn,yin,1
䃷,yíng,ying,2
瓁,huò,huo,4
㚟,chuò,chuo,4
䆽,jù,ju,4
䐐,䐐,䐐,
䙆,gùi,gui,4
㵃,chè,che,4
厅,tīng,ting,1
矏,mián,mian,2
㰳,yà,ya,4
蕼,sì,si,4
泟,chēng,cheng,1
䗿,níng,ning,2
䔳,nǎn,nan,3
肨,pàng,pang,4
讇,chǎn,chan,3
狏,tuó,tuo,2
井,jǐng,jing,3
邀,yāo,yao,1
榣,yáo,yao,2
敟,diǎn,dian,3
㕌,ài,ai,4
䡵,sùi,sui,4
㨓,láo,lao,2
階,jiē,jie,1
䁵,biǎn,bian,3
扼,è,e,4
籤,qiān,qian,1
㚶,sì,si,4
聠,píng,ping,2
閠,rùn,run,4
鴬,yīng,ying,1
堀,kū,ku,1
纸,zhǐ,zhi,3
䕞,làng,lang,4
嘝,hú,hu,2
瑻,kūn,kun,1
䢏,䢏,䢏,
遀,súi,sui,2
蠅,yíng,ying,2
摒,bìng,bing,4
䆄,shàn,shan,4
饆,bì,bi,4
壂,diàn,dian,4
卉,hùi,hui,4
跗,fū,fu,1
錤,qí,qi,2
朾,tíng,ting,2
諯,chuán,chuan,2
磉,sǎng,sang,3
䖱,䖱,䖱,
槊,shuò,shuo,4
㳠,tà,ta,4
劳,láo,lao,2
㷊,fén,fen,2
去,qù,qu,4
繏,xuàn,xuan,4
茷,fá,fa,2
毃,què,que,4
冝,yí,yi,2
囹,líng,ling,2
鿵,鿵,鿵,
㑆,㑆,㑆,
苊,è,e,4
鳣,zhān,zhan,1
嚏,tì,ti,4
溝,gōu,gou,1
糣,sǎn,san,3
㬢,㬢,㬢,
䝀,liáo,liao,2
囊,náng,nang,2
狃,nǐu,niu,3
䙈,hóu,hou,2
岆,yǎo,yao,3
蕥,yǎ,ya,3
炴,yǎng,yang,3
麅,biāo,biao,1
嶹,dǎo,dao,3
搼,quán,quan,2
扫,sǎo,sao,3
鬪,dòu,dou,4
邓,dèng,deng,4
䊻,yǎn,yan,3
瑅,tí,ti,2
甀,zhùi,zhui,4
滆,hé,he,2
㟼,áo,ao,2
蕂,shèng,sheng,4
蕎,qiáo,qiao,2
麈,zhǔ,zhu,3
笮,zé,ze,2
蠍,xiē,xie,1
骞,qiān,qian,1
样,yáng,yang,2
㿄,ài,ai,4
䲏,láo,lao,2
術,shù,shu,4
沍,hù,hu,4
褖,tuàn,tuan,4
譾,jiǎn,jian,3
䲝,䲝,䲝,
璘,lín,lin,2
䥹,䥹,䥹,
㒭,㒭,㒭,
㶠,yì,yi,4
磏,lián,lian,2
榤,jié,jie,2
㕛,xù,xu,4
檏,pǔ,pu,3
蹪,túi,tui,2
皎,jiǎo,jiao,3
澎,péng,peng,2
爂,biāo,biao,1
筹,chóu,chou,2
闋,què,que,4
亱,yè,ye,4
搗,dǎo,dao,3
鵦,lù,lu,4
偤,yǒu,you,3
䐶,jǐn,jin,3
勺,sháo,shao,2
房,fáng,fang,2
㧮,㧮,㧮,
价,jià,jia,4
臬,niè,nie,4
朵,duǒ,duo,3
㫴,㫴,㫴,
拧,níng,ning,2
貝,bèi,bei,4
縥,zhěn,zhen,3
蹅,chǎ,cha,3
龱,龱,龱,
嗞,zī,zi,1
㘾,㘾,㘾,
淃,juàn,juan,4
㲟,yǐng,ying,3
鸲,qú,qu,2
㸖,㸖,㸖,
䈙,zhòu,zhou,4
哚,duǒ,duo,3
㴣,㴣,㴣,
椿,chūn,chun,1
籠,lóng,long,2
䭻,䭻,䭻,
赯,táng,tang,2
沢,zé,ze,2
舐,shì,shi,4
澜,lán,lan,2
嘨,xiào,xiao,4
㒆,chì,chi,4
囖,囖,囖,
敗,bài,bai,4
摛,chī,chi,1
棟,dòng,dong,4
磎,qī,qi,1
谟,mó,mo,2
惟,wéi,wei,2
蘼,mí,mi,2
㨹,hùi,hui,4
续,xù,xu,4
媦,wèi,wei,4
聢,聢,聢,
貞,zhēn,zhen,1
䒼,䒼,䒼,
熉,yún,yun,2
俇,kuǎng,kuang,3
䝒,zhù,zhu,4
様,yàng,yang,4
鶓,miáo,miao,2
䝜,䝜,䝜,
仃,dīng,ding,1
鲠,gěng,geng,3
牋,jiān,jian,1
䊫,cǔi,cui,3
綑,kǔn,kun,3
啄,zhuó,zhuo,2
䀪,háng,hang,2
嚒,嚒,嚒,
橧,zēng,zeng,1
宫,gōng,gong,1
欆,shuāng,shuang,1
崞,guō,guo,1
埭,dài,dai,4
滂,pāng,pang,1
㟛,zàn,zan,4
悤,cōng,cong,1
溦,wéi,wei,2
伷,zhòu,zhou,4
樏,lěi,lei,3
苖,dǐ,di,3
婧,jìng,jing,4
禝,jí,ji,2
鞅,yǎng,yang,3
憨,hān,han,1
㕙,jùn,jun,4
僮,tóng,tong,2
芜,wú,wu,2
蘪,mí,mi,2
仛,tuō,tuo,1
厬,gǔi,gui,3
㱄,mò,mo,4
竈,zào,zao,4
㲔,㲔,㲔,
苸,hū,hu,1
阃,kǔn,kun,3
亅,jué,jue,2
顃,yán,yan,2
恺,kǎi,kai,3
㳴,mì,mi,4
昄,bǎn,ban,3
䎍,䎍,䎍,
笣,bāo,bao,1
㣌,shàn,shan,4
瞻,zhān,zhan,1
䛃,wàng,wang,4
纲,gāng,gang,1
惏,lín,lin,2
㒧,lì,li,4
囦,yuān,yuan,1
鱷,è,e,4
培,péi,pei,2
峪,yù,yu,4
厀,xī,xi,1
䈲,pán,pan,2
㻿,shǔ,shu,3
孼,niè,nie,4
㐭,lǐn,lin,3
鿀,鿀,鿀,
嫓,pì,pi,4
梔,zhī,zhi,1
㦣,wèi,wei,4
緬,miǎn,mian,3
偂,jiān,jian,1
摥,tàng,tang,4
吩,fēn,fen,1
屶,屶,屶,
聓,聓,聓,
鎶,gē,ge,1
牱,gē,ge,1
窿,lóng,long,2
侢,zài,zai,4
揎,xuān,xuan,1
醞,yùn,yun,4
珫,chōng,chong,1
良,liáng,liang,2
窣,sù,su,4
聐,yà,ya,4
㩈,xiàn,xian,4
䑝,jiǎ,jia,3
氣,qì,qi,4
簃,yí,yi,2
鼦,diāo,diao,1
緀,qī,qi,1
畈,fàn,fan,4
渪,rú,ru,2
䗛,䗛,䗛,
嶁,lǒu,lou,3
摨,nái,nai,2
钫,fāng,fang,1
焗,jú,ju,2
珁,cí,ci,2
鈞,jūn,jun,1
湩,zhòng,zhong,4
㫸,qiè,qie,4
鱸,lú,lu,2
雬,fǒu,fou,3
盵,qì,qi,4
蚳,chí,chi,2
襧,zhǐ,zhi,3
䛽,zhǎ,zha,3
熼,yì,yi,4
蔛,hú,hu,2
序,xù,xu,4
犋,jù,ju,4
于,yú,yu,2
潡,dùn,dun,4
昷,wēn,wen,1
歆,xīn,xin,1
耮,lào,lao,4
䙇,nuǎn,nuan,3
皞,hào,hao,4
嗯,嗯,嗯,
閫,kǔn,kun,3
鰖,tuǒ,tuo,3
㕘,㕘,㕘,
匬,tóu,tou,2
焛,lìn,lin,4
羽,yǔ,yu,3
肾,shèn,shen,4
虵,shé,she,2
㕝,㕝,㕝,
㩽,qí,qi,2
㨆,lǐn,lin,3
蝾,róng,rong,2
然,rán,ran,2
暪,měn,men,3
頡,jié,jie,2
艀,fú,fu,2
䔈,gǎn,gan,3
䣄,tú,tu,2
㤏,tóng,tong,2
䚋,yùn,yun,4
胣,yǐ,yi,3
鮳,kǎo,kao,3
怌,pēi,pei,1
槙,diān,dian,1
嵜,嵜,嵜,
髸,髸,髸,
譱,shàn,shan,4
領,lǐng,ling,3
库,kù,ku,4
珉,mín,min,2
赝,yàn,yan,4
绂,fú,fu,2
犇,bēn,ben,1
藬,tūi,tui,1
恓,xī,xi,1
䳒,yuán,yuan,2
覄,覄,覄,
盻,xì,xi,4
䯂,jí,ji,2
㩪,xié,xie,2
䑃,méng,meng,2
耔,zǐ,zi,3
忀,xiāng,xiang,1
眥,zì,zi,4
媈,媈,媈,
伵,xù,xu,4
珂,kē,ke,1
䰇,qí,qi,2
丄,shàng,shang,4
嶧,yì,yi,4
斾,pèi,pei,4
䐗,dǔ,du,3
䨻,bèng,beng,4
嶨,xué,xue,2
䣼,liáng,liang,2
磃,sī,si,1
㪺,㪺,㪺,
桁,héng,heng,2
眐,zhēng,zheng,1
钾,jiǎ,jia,3
㿝,㿝,㿝,
暍,hè,he,4
衧,yú,yu,2
驖,tiě,tie,3
蒱,pú,pu,2
臵,gé,ge,2
貨,huò,huo,4
悮,wù,wu,4
礪,lì,li,4
醚,mí,mi,2
萵,wō,wo,1
猉,qí,qi,2
櫻,yīng,ying,1
犉,rún,run,2
塇,xuān,xuan,1
熢,fēng,feng,1
胹,ér,er,2
盿,mín,min,2
塭,wēn,wen,1
瑷,ài,ai,4
緦,sī,si,1
紗,shā,sha,1
煮,zhǔ,zhu,3
莛,tíng,ting,2
簕,lè,le,4
屛,píng,ping,2
创,chuàng,chuang,4
祵,kǔn,kun,3
咾,lǎo,lao,3
遗,yí,yi,2
壠,lǒng,long,3
酊,dǐng,ding,3
剧,jù,ju,4
㺨,㺨,㺨,
礼,lǐ,li,3
髿,shā,sha,1
劦,xié,xie,2
艺,yì,yi,4
荧,yíng,ying,2
幾,jǐ,ji,3
畎,quǎn,quan,3
霯,dèng,deng,4
弦,xián,xian,2
爱,ài,ai,4
庰,dīng,ding,1
鳽,jiān,jian,1
䗔,hóu,hou,2
忆,yì,yi,4
鯼,zōng,zong,1
鋬,pàn,pan,4
㖇,ér,er,2
㲎,lóu,lou,2
貀,nà,na,4
槾,mán,man,2
埆,què,que,4
磹,diàn,dian,4
䌅,táng,tang,2
鷞,shuāng,shuang,1
峧,jiāo,jiao,1
肀,yù,yu,4
㳃,cùi,cui,4
蟛,péng,peng,2
㯌,chuán,chuan,2
鲔,wěi,wei,3
襑,xín,xin,2
惰,duò,duo,4
㚍,guó,guo,2
贏,yíng,ying,2
祹,táo,tao,2
濭,ài,ai,4
漥,wā,wa,1
黮,tǎn,tan,3
䌾,rén,ren,2
㟶,yuán,yuan,2
攞,luǒ,luo,3
銋,rén,ren,2
霻,霻,霻,
體,tǐ,ti,3
伔,dǎn,dan,3
公,gōng,gong,1
徱,piào,piao,4
疪,bì,bi,4
鲺,shī,shi,1
狔,nǐ,ni,3
梅,méi,mei,2
䖻,yóu,you,2
殍,piǎo,piao,3
鈌,jué,jue,2
凷,kuài,kuai,4
䙓,bǎi,bai,3
毆,ōu,ou,1
鶄,jīng,jing,1
偒,tǎng,tang,3
做,zuò,zuo,4
崰,崰,崰,
諳,ān,an,1
㫅,chá,cha,2
䙻,䙻,䙻,
䝱,䝱,䝱,
钅,jīn,jin,1
䮿,jiǎn,jian,3
陽,yáng,yang,2
愋,xuān,xuan,1
琳,lín,lin,2
搌,zhǎn,zhan,3
窖,jiào,jiao,4
㥝,mǐ,mi,3
咤,zhà,zha,4
穼,sēn,sen,1
䀒,䀒,䀒,
陒,gǔi,gui,3
讛,yì,yi,4
騪,sōu,sou,1
溆,xù,xu,4
䠑,kǔi,kui,3
錧,guǎn,guan,3
凕,mǐng,ming,3
餳,xíng,xing,2
昃,zè,ze,4
罦,fú,fu,2
㗸,㗸,㗸,
䏵,měng,meng,3
㖆,qú,qu,2
鷬,huáng,huang,2
喨,liàng,liang,4
闺,gūi,gui,1
聬,wěng,weng,3
槸,niè,nie,4
迎,yíng,ying,2
逈,jiǒng,jiong,3
遴,lín,lin,2
聄,zhěn,zhen,3
橾,shū,shu,1
嵹,jiàng,jiang,4
蕏,chú,chu,2
䈮,jǔ,ju,3
效,xiào,xiao,4
鈘,jǐ,ji,3
螭,chī,chi,1
忱,chén,chen,2
攬,lǎn,lan,3
儓,tái,tai,2
鎣,yìng,ying,4
啨,qīng,qing,1
㐦,㐦,㐦,
黵,dǎn,dan,3
馘,guó,guo,2
㞍,㞍,㞍,
嗹,lián,lian,2
巊,yǐng,ying,3
㦂,cháng,chang,2
㣡,㣡,㣡,
揣,chuǎi,chuai,3
㤲,qiè,qie,4
雉,zhì,zhi,4
嫴,gū,gu,1
燛,jǐng,jing,3
嵱,yǒng,yong,3
㦖,mèn,men,4
䏴,shào,shao,4
㛖,㛖,㛖,
沛,pèi,pei,4
赟,yūn,yun,1
㙕,kuài,kuai,4
鹎,bēi,bei,1
虳,dì,di,4
爷,yé,ye,2
誧,pǔ,pu,3
萹,piān,pian,1
澮,kuài,kuai,4
抖,dǒu,dou,3
繧,繧,繧,
娉,pīng,ping,1
蟉,líu,liu,2
鎤,huǎng,huang,3
籍,jí,ji,2
绾,wǎn,wan,3
傢,jiā,jia,1
闥,tà,ta,4
厎,zhǐ,zhi,3
艦,jiàn,jian,4
蛜,yī,yi,1
㫌,㫌,㫌,
撓,náo,nao,2
昆,kūn,kun,1
㪡,kě,ke,3
蝼,lóu,lou,2
齴,xiǎn,xian,3
䗨,yú,yu,2
鬁,lì,li,4
齣,chū,chu,1
峥,zhēng,zheng,1
䯌,䯌,䯌,
憞,dùi,dui,4
䗅,cháng,chang,2
賟,tiǎn,tian,3
䰲,yà,ya,4
槲,hú,hu,2
槤,lián,lian,2
惞,xīn,xin,1
㞀,㞀,㞀,
惒,hé,he,2
戉,yuè,yue,4
䈀,䈀,䈀,
拜,bài,bai,4
齪,chuò,chuo,4
傀,gūi,gui,1
檃,yǐn,yin,3
伦,lún,lun,2
羿,yì,yi,4
棙,lì,li,4
銩,dīu,diu,1
篻,piào,piao,4
個,gè,ge,4
裓,gé,ge,2
尪,wāng,wang,1
夜,yè,ye,4
㑬,㑬,㑬,
哞,mōu,mou,1
苴,jū,ju,1
蘢,lóng,long,2
睺,hóu,hou,2
鞮,dī,di,1
亨,hēng,heng,1
垾,hàn,han,4
绅,shēn,shen,1
䃫,dǎn,dan,3
埚,guō,guo,1
緹,tí,ti,2
瞦,xī,xi,1
䝽,ài,ai,4
幮,chú,chu,2
䪽,hào,hao,4
鳷,zhī,zhi,1
旭,xù,xu,4
剪,jiǎn,jian,3
岟,yǎng,yang,3
脹,zhàng,zhang,4
絮,xù,xu,4
卥,xī,xi,1
騄,lù,lu,4
䴟,huán,huan,2
昙,tán,tan,2
圭,gūi,gui,1
辥,xuē,xue,1
慲,mán,man,2
骔,zōng,zong,1
鵧,píng,ping,2
燚,yī,yi,1
甅,甅,甅,
䘎,䘎,䘎,
蔎,shè,she,4
䎁,hú,hu,2
圹,kuàng,kuang,4
㯯,gòng,gong,4
术,zhú,zhu,2
觜,zī,zi,1
焂,shú,shu,2
蘸,zhàn,zhan,4
萍,píng,ping,2
鿠,鿠,鿠,
确,què,que,4
㼙,zhòu,zhou,4
槞,槞,槞,
軥,qú,qu,2
礠,cí,ci,2
掙,zhēng,zheng,1
砃,dān,dan,1
硓,硓,硓,
羙,gāo,gao,1
怬,xì,xi,4
瑙,nǎo,nao,3
緍,mín,min,2
夭,yāo,yao,1
懊,ào,ao,4
悞,wù,wu,4
㢉,chá,cha,2
攵,sūi,sui,1
聮,lián,lian,2
坝,bà,ba,4
㾆,rán,ran,2
远,yuǎn,yuan,3
絔,bǎi,bai,3
潭,tán,tan,2
灙,dǎng,dang,3
蜮,yù,yu,4
芤,kōu,kou,1
隫,fēn,fen,1
樂,lè,le,4
訮,xiān,xian,1
佺,quán,quan,2
粼,lín,lin,2
䬻,jiàn,jian,4
榼,kè,ke,4
疛,zhǒu,zhou,3
赆,jìn,jin,4
㵜,㵜,㵜,
䌃,shuò,shuo,4
钲,zhēng,zheng,1
烓,wēi,wei,1
甘,gān,gan,1
肁,zhào,zhao,4
艇,tǐng,ting,3
褄,褄,褄,
䀟,fán,fan,2
喭,yàn,yan,4
䎪,nè,ne,4
窈,yǎo,yao,3
禰,nǐ,ni,3
㿃,dài,dai,4
移,yí,yi,2
㠆,㠆,㠆,
弼,bì,bi,4
潦,lǎo,lao,3
䟲,䟲,䟲,
耸,sǒng,song,3
葀,guā,gua,1
碕,qí,qi,2
詏,ào,ao,4
䩿,fén,fen,2
㩢,mí,mi,2
騽,xí,xi,2
喪,sāng,sang,1
䲩,䲩,䲩,
嫧,cè,ce,4
醋,cù,cu,4
䛒,biàn,bian,4
䎱,bà,ba,4
困,kùn,kun,4
樼,zhēn,zhen,1
庱,chěng,cheng,3
鼔,gǔ,gu,3
势,shì,shi,4
頢,guā,gua,1
㶔,bèi,bei,4
杵,chǔ,chu,3
磢,qiǎng,qiang,3
㩏,㩏,㩏,
茮,jiāo,jiao,1
辀,zhōu,zhou,1
䨐,qià,qia,4
虠,jiǎo,jiao,3
攼,gān,gan,1
䳠,chúi,chui,2
扔,rēng,reng,1
脇,xié,xie,2
掀,xiān,xian,1
栜,sù,su,4
㶷,㶷,㶷,
蔼,ǎi,ai,3
㡈,mén,men,2
次,cì,ci,4
䫫,lóu,lou,2
嗤,chī,chi,1
喁,yóng,yong,2
㒔,shǔ,shu,3
藸,chú,chu,2
壎,xūn,xun,1
卷,juàn,juan,4
裍,kǔn,kun,3
欵,kuǎn,kuan,3
洟,yí,yi,2
篕,hé,he,2
冡,méng,meng,2
夋,qūn,qun,1
圾,jí,ji,2
蒭,chú,chu,2
讙,huān,huan,1
竵,huāi,huai,1
䌢,líng,ling,2
箼,wū,wu,1
攨,wā,wa,1
訯,shǎ,sha,3
䢄,xǐ,xi,3
咔,kǎ,ka,3
伴,bàn,ban,4
嵗,sùi,sui,4
㪿,zhé,zhe,2
䣢,jí,ji,2
䉿,hú,hu,2
傜,yáo,yao,2
稫,bī,bi,1
葜,jié,jie,2
硑,pēng,peng,1
聼,tīng,ting,1
坏,huài,huai,4
矅,yào,yao,4
槨,guǒ,guo,3
偭,miǎn,mian,3
涽,hūn,hun,1
邋,lá,la,2
櫼,jiān,jian,1
淌,tǎng,tang,3
䉃,jiǎng,jiang,3
竆,qióng,qiong,2
酧,chóu,chou,2
颫,fú,fu,2
閁,mà,ma,4
㯆,chǎn,chan,3
偓,wò,wo,4
琝,wén,wen,2
噺,噺,噺,
㑝,lòng,long,4
䢸,䢸,䢸,
䙭,䙭,䙭,
㩐,㩐,㩐,
陸,lù,lu,4
艞,yào,yao,4
㢣,jìng,jing,4
軈,軈,軈,
聒,guā,gua,1
錟,tán,tan,2
仜,hóng,hong,2
鬆,sōng,song,1
翘,qiáo,qiao,2
俻,bèi,bei,4
硆,è,e,4
蔺,lìn,lin,4
瘝,guān,guan,1
熸,jiān,jian,1
䬖,héng,heng,2
觮,lù,lu,4
眄,miǎn,mian,3
䴛,jiǎo,jiao,3
氌,luó,luo,2
覯,gòu,gou,4
闬,hàn,han,4
鸰,líng,ling,2
䴗,jú,ju,2
棫,yù,yu,4
觛,dàn,dan,4
陛,bì,bi,4
䧚,hào,hao,4
惁,xī,xi,1
驽,nú,nu,2
阇,dū,du,1
阭,yǔn,yun,3
㞝,㞝,㞝,
䳙,xǐng,xing,3
畦,qí,qi,2
婉,wǎn,wan,3
鹹,xián,xian,2
虇,quǎn,quan,3
謜,yuàn,yuan,4
衫,shān,shan,1
㽘,gǎng,gang,3
碞,yán,yan,2
贔,bì,bi,4
㝂,zhì,zhi,4
䧢,䧢,䧢,
梚,wǎn,wan,3
嚦,lì,li,4
侨,qiáo,qiao,2
䕁,fěi,fei,3
䄭,nián,nian,2
辄,zhé,zhe,2
扇,shàn,shan,4
耇,gǒu,gou,3
㱽,dàn,dan,4
湭,湭,湭,
繖,sǎn,san,3
賵,fèng,feng,4
錏,yà,ya,4
捄,jìu,jiu,4
㶍,xiǎn,xian,3
䶰,䶰,䶰,
䘄,fù,fu,4
躅,zhú,zhu,2
抄,chāo,chao,1
秠,pī,pi,1
鮯,gé,ge,2
䙯,cù,cu,4
䶱,tóng,tong,2
猛,měng,meng,3
鑌,bīn,bin,1
鸺,xīu,xiu,1
鍮,tōu,tou,1
额,é,e,2
捚,zhāi,zhai,1
舒,shū,shu,1
橛,jué,jue,2
爡,chè,che,4
鳓,lè,le,4
苢,yǐ,yi,3
㗁,è,e,4
荀,xún,xun,2
䍦,lí,li,2
烳,pǔ,pu,3
㕻,pǒu,pou,3
倿,倿,倿,
萚,tuò,tuo,4
㚕,fú,fu,2
匢,hū,hu,1
鑓,鑓,鑓,
綹,lǐu,liu,3
䎐,chǎo,chao,3
铦,xiān,xian,1
㲉,kài,kai,4
絺,chī,chi,1
荓,píng,ping,2
涥,涥,涥,
迒,háng,hang,2
桚,zǎn,zan,3
撳,qìn,qin,4
䢑,dǐ,di,3
㱤,㱤,㱤,
倀,chāng,chang,1
㙇,chù,chu,4
溕,mèng,meng,4
儨,zhí,zhi,2
㵱,piǎo,piao,3
羦,huán,huan,2
㡕,㡕,㡕,
柸,pēi,pei,1
藇,xù,xu,4
䞳,bó,bo,2
潏,jué,jue,2
孀,shuāng,shuang,1
蹺,qiāo,qiao,1
䟥,máng,mang,2
谑,nvè,nve,4
㦋,㦋,㦋,
豞,hòu,hou,4
靭,rèn,ren,4
隀,chóng,chong,2
陻,yīn,yin,1
蕶,líng,ling,2
㖁,lìn,lin,4
䕼,nán,nan,2
项,xiàng,xiang,4
殖,zhí,zhi,2
䡌,hóng,hong,2
䯁,luó,luo,2
迧,chén,chen,2
鴕,tuó,tuo,2
銜,xián,xian,2
痃,xián,xian,2
荊,jīng,jing,1
䚪,䚪,䚪,
䗪,zhè,zhe,4
哌,pài,pai,4
觐,jǐn,jin,3
哬,hé,he,2
侻,tuō,tuo,1
䀌,䀌,䀌,
煆,xiā,xia,1
俯,fǔ,fu,3
嬄,嬄,嬄,
輙,zhé,zhe,2
枭,xiāo,xiao,1
猠,猠,猠,
䎓,tà,ta,4
拈,nián,nian,2
㰏,㰏,㰏,
硩,chè,che,4
柒,qī,qi,1
䜶,xiáng,xiang,2
礌,lèi,lei,4
㦔,yàn,yan,4
狅,qīng,qing,1
䩤,xì,xi,4
㻫,bì,bi,4
盨,shǔ,shu,3
譼,jiàn,jian,4
欎,yù,yu,4
鎼,鎼,鎼,
㨥,nà,na,4
迮,zé,ze,2
䡅,mǐn,min,3
巻,juàn,juan,4
谌,chén,chen,2
櫐,lěi,lei,3
佈,bù,bu,4
拾,shí,shi,2
而,ér,er,2
骟,shàn,shan,4
毦,èr,er,4
焰,yàn,yan,4
丩,jīu,jiu,1
贈,zèng,zeng,4
籐,téng,teng,2
壪,壪,壪,
紺,gàn,gan,4
踏,tà,ta,4
㶢,㶢,㶢,
䯒,héng,heng,2
掩,yǎn,yan,3
檒,fēng,feng,1
蘲,léi,lei,2
犐,kē,ke,1
紖,yǐn,yin,3
㴋,sù,su,4
賢,xián,xian,2
㧱,chèn,chen,4
甮,fèng,feng,4
社,shè,she,4
愤,fèn,fen,4
狍,páo,pao,2
觗,zhì,zhi,4
駽,xuàn,xuan,4
䴚,gǎng,gang,3
逤,suò,suo,4
烊,yáng,yang,2
遐,xiá,xia,2
氐,dǐ,di,3
题,tí,ti,2
論,lùn,lun,4
殶,zhù,zhu,4
蛄,gū,gu,1
鴀,fǒu,fou,3
鄧,dèng,deng,4
褯,jiè,jie,4
䨠,ǎi,ai,3
龪,龪,龪,
䌶,䌶,䌶,
懪,bó,bo,2
猺,yáo,yao,2
槿,jǐn,jin,3
必,bì,bi,4
齭,chǔ,chu,3
盺,xīn,xin,1
抧,zhǐ,zhi,3
恖,恖,恖,
綡,liáng,liang,2
群,qún,qun,2
㲺,jí,ji,2
蔹,liàn,lian,4
㣪,huǎn,huan,3
噐,qì,qi,4
劭,shào,shao,4
君,jūn,jun,1
绊,bàn,ban,4
瓙,dào,dao,4
靣,miàn,mian,4
匸,xǐ,xi,3
襼,yì,yi,4
汄,zè,ze,4
璫,dāng,dang,1
躢,tà,ta,4
䞓,chēng,cheng,1
旡,jì,ji,4
趍,chí,chi,2
䐖,yí,yi,2
吃,chī,chi,1
毚,chán,chan,2
痻,mín,min,2
篒,篒,篒,
愣,lèng,leng,4
磫,zōng,zong,1
㹾,piǎo,piao,3
阏,è,e,4
球,qíu,qiu,2
讳,hùi,hui,4
钑,jí,ji,2
道,dào,dao,4
慧,hùi,hui,4
宯,xiāo,xiao,1
灛,chǎn,chan,3
㺫,qíu,qiu,2
銌,zùn,zun,4
䓋,䓋,䓋,
陷,xiàn,xian,4
芟,shān,shan,1
伂,pèi,pei,4
鳙,yóng,yong,2
縝,chēn,chen,1
擹,tān,tan,1
浚,jùn,jun,4
嬤,mā,ma,1
䈁,lún,lun,2
篲,hùi,hui,4
筋,jīn,jin,1
騚,qián,qian,2
蚓,yǐn,yin,3
謠,yáo,yao,2
㧃,㧃,㧃,
淄,zī,zi,1
䙨,guǒ,guo,3
哭,kū,ku,1
榋,榋,榋,
蝕,shí,shi,2
軬,fàn,fan,4
㲶,lv̀,lv,4
笥,sì,si,4
弛,chí,chi,2
憇,qì,qi,4
丁,dīng,ding,1
䑭,dì,di,4
龯,龯,龯,
瑃,瑃,瑃,
䤷,yán,yan,2
飖,yáo,yao,2
觰,zhā,zha,1
僕,pú,pu,2
啘,yè,ye,4
喆,zhé,zhe,2
弸,péng,peng,2
懅,qú,qu,2
䀢,shùn,shun,4
渏,渏,渏,
珜,yáng,yang,2
戀,liàn,lian,4
牼,kēng,keng,1
齨,jìu,jiu,4
獔,háo,hao,2
銤,mǐ,mi,3
辻,辻,辻,
蛟,jiāo,jiao,1
疤,bā,ba,1
絗,hú,hu,2
㒶,㒶,㒶,
淕,lù,lu,4
䌬,chóng,chong,2
琧,è,e,4
嬳,嬳,嬳,
橺,橺,橺,
筼,yún,yun,2
躇,chú,chu,2
捆,kǔn,kun,3
䕄,䕄,䕄,
㿴,㿴,㿴,
孏,lǎn,lan,3
蛾,é,e,2
㒘,㒘,㒘,
縮,suō,suo,1
藎,jìn,jin,4
鐐,liáo,liao,2
楏,kúi,kui,2
絟,quān,quan,1
砾,lì,li,4
䴫,líng,ling,2
㕂,yín,yin,2
裶,fēi,fei,1
奐,huàn,huan,4
鑨,lóng,long,2
㥺,hé,he,2
鋶,lǐu,liu,3
叢,cóng,cong,2
駚,yǎng,yang,3
㛡,㛡,㛡,
鞃,hóng,hong,2
鶒,chì,chi,4
㘹,cí,ci,2
痵,jì,ji,4
蓷,tūi,tui,1
霜,shuāng,shuang,1
询,xún,xun,2
艢,tán,tan,2
蛡,yì,yi,4
㱑,㱑,㱑,
趈,zhān,zhan,1
涓,juān,juan,1
䊵,qíu,qiu,2
黓,yì,yi,4
塳,péng,peng,2
痈,yōng,yong,1
碠,dìng,ding,4
鮺,zǎ,za,3
鞜,tà,ta,4
䨍,yǐng,ying,3
捃,jùn,jun,4
蹼,pú,pu,2
淸,qīng,qing,1
篶,yān,yan,1
㶜,㶜,㶜,
碪,zhēn,zhen,1
黚,qián,qian,2
龒,lóng,long,2
绸,chóu,chou,2
毞,pú,pu,2
珨,xiá,xia,2
鳛,xí,xi,2
繘,yù,yu,4
逻,luó,luo,2
脞,cuǒ,cuo,3
碒,yín,yin,2
錎,xiàn,xian,4
洄,húi,hui,2
劍,jiàn,jian,4
訥,nè,ne,4
鋥,zhèng,zheng,4
书,shū,shu,1
臛,huò,huo,4
洢,yī,yi,1
哲,zhé,zhe,2
撦,chě,che,3
呾,dá,da,2
裞,shùi,shui,4
慸,dì,di,4
䑈,bó,bo,2
䍠,lí,li,2
弃,qì,qi,4
䃕,láo,lao,2
狚,dàn,dan,4
梭,suō,suo,1
瞯,xián,xian,2
䝋,zòng,zong,4
䬾,tí,ti,2
匤,qū,qu,1
挿,chā,cha,1
顅,jiān,jian,1
唧,jī,ji,1
㰖,lǎn,lan,3
狺,yín,yin,2
䊺,gǔ,gu,3
笓,pí,pi,2
㧑,wéi,wei,2
岻,chí,chi,2
姈,líng,ling,2
倡,chàng,chang,4
㱚,cán,can,2
埍,xuàn,xuan,4
敉,mǐ,mi,3
鴾,móu,mou,2
廵,xún,xun,2
嬘,sùi,sui,4
㜯,㜯,㜯,
嘽,tān,tan,1
餥,fěi,fei,3
霐,wēng,weng,1
經,jīng,jing,1
旊,fǎng,fang,3
䣺,䣺,䣺,
㚩,rǎn,ran,3
澂,chéng,cheng,2
橿,jiāng,jiang,1
膶,rùn,run,4
㷷,juǎn,juan,3
顖,xìn,xin,4
乵,yǎn,yan,3
䇋,hài,hai,4
㮘,mào,mao,4
㡎,㡎,㡎,
䍺,huán,huan,2
锿,āi,ai,1
琣,pěi,pei,3
㡜,xuě,xue,3
㷳,yàn,yan,4
肅,sù,su,4
㮑,qì,qi,4
猚,yá,ya,2
旣,jì,ji,4
蒸,zhēng,zheng,1
㡗,tí,ti,2
纑,lú,lu,2
䅓,jǔ,ju,3
䎒,zhǎn,zhan,3
稩,jì,ji,4
粄,bǎn,ban,3
釤,shàn,shan,4
琖,zhǎn,zhan,3
眉,méi,mei,2
䮕,chuò,chuo,4
冔,xǔ,xu,3
㴰,néng,neng,2
閍,bēng,beng,1
睛,jīng,jing,1
苡,yǐ,yi,3
鲜,xiān,xian,1
伆,wèn,wen,4
頴,yǐng,ying,3
胰,yí,yi,2
㹯,㹯,㹯,
捘,zùn,zun,4
㯙,chè,che,4
㩞,cì,ci,4
鎜,pán,pan,2
蔭,yìn,yin,4
褀,jì,ji,4
岌,jí,ji,2
恻,cè,ce,4
戧,chuāng,chuang,1
蜙,sōng,song,1
淝,féi,fei,2
擇,zé,ze,2
䟱,䟱,䟱,
㢪,㢪,㢪,
沞,zā,za,1
觠,quán,quan,2
塲,cháng,chang,2
镥,lǔ,lu,3
闷,mèn,men,4
炿,炿,炿,
䇠,zhòu,zhou,4
順,shùn,shun,4
煷,煷,煷,
侬,nóng,nong,2
犮,bá,ba,2
利,lì,li,4
湊,còu,cou,4
兑,dùi,dui,4
鴔,fú,fu,2
醵,jù,ju,4
徰,zhēng,zheng,1
餃,jiǎo,jiao,3
㣿,zhuó,zhuo,2
鿮,鿮,鿮,
無,wú,wu,2
碻,què,que,4
囁,niè,nie,4
㲕,lèi,lei,4
刣,zhōng,zhong,1
耏,ér,er,2
危,wēi,wei,1
軎,wèi,wei,4
㽖,nán,nan,2
髺,guà,gua,4
騬,chéng,cheng,2
柵,zhà,zha,4
㚬,㚬,㚬,
夘,mǎo,mao,3
腁,pián,pian,2
耝,chú,chu,2
篍,qīu,qiu,1
䧏,䧏,䧏,
坹,xuè,xue,4
轙,yǐ,yi,3
㖠,bà,ba,4
婮,婮,婮,
局,jú,ju,2
㪼,kě,ke,3
䖮,xiǎng,xiang,3
䃥,chuáng,chuang,2
憄,zhì,zhi,4
廷,tíng,ting,2
嘢,yě,ye,3
㡳,dǐ,di,3
漊,lv̌,lv,3
急,jí,ji,2
馜,nǐ,ni,3
镖,biāo,biao,1
窷,liáo,liao,2
滬,hù,hu,4
撝,hūi,hui,1
囇,lì,li,4
㓈,bìng,bing,4
匎,àn,an,4
䡑,mín,min,2
玔,chuàn,chuan,4
勊,kè,ke,4
紴,bèi,bei,4
䢶,䢶,䢶,
腣,dì,di,4
許,xǔ,xu,3
犂,lí,li,2
瞁,xù,xu,4
诎,qù,qu,4
趗,cù,cu,4
㹡,xuán,xuan,2
雙,shuāng,shuang,1
読,dú,du,2
㡼,yì,yi,4
従,cóng,cong,2
鞣,róu,rou,2
趻,chěn,chen,3
稤,lvè,lve,4
哐,kuāng,kuang,1
邻,lín,lin,2
䢦,shuài,shuai,4
鑊,huò,huo,4
梧,wú,wu,2
厈,hǎn,han,3
巒,luán,luan,2
磺,huáng,huang,2
謂,wèi,wei,4
鄿,qí,qi,2
寇,kòu,kou,4
桸,xī,xi,1
糶,tiào,tiao,4
闧,闧,闧,
噚,xún,xun,2
彞,yí,yi,2
渺,miǎo,miao,3
娬,wǔ,wu,3
傼,hàn,han,4
憷,chǔ,chu,3
㐥,㐥,㐥,
㼃,㼃,㼃,
蚅,è,e,4
垅,lǒng,long,3
艧,huò,huo,4
㳼,bì,bi,4
噣,zhòu,zhou,4
嗘,jī,ji,1
姫,jī,ji,1
鍰,huán,huan,2
㱭,duàn,duan,4
䡤,䡤,䡤,
壡,rùi,rui,4
橤,rǔi,rui,3
硱,kǔn,kun,3
糙,cāo,cao,1
无,wú,wu,2
㺎,róng,rong,2
鷍,jiāo,jiao,1
禆,bēi,bei,1
璔,zēng,zeng,1
弆,jǔ,ju,3
繆,móu,mou,2
㩡,luǒ,luo,3
鯞,zhǒu,zhou,3
騅,zhūi,zhui,1
羶,shān,shan,1
蒒,shī,shi,1
堬,yú,yu,2
氱,yǎng,yang,3
嶋,dǎo,dao,3
龣,jué,jue,2
㚣,xiáo,xiao,2
蝧,yīng,ying,1
㒸,sùi,sui,4
辐,fú,fu,2
瀣,xiè,xie,4
蹾,dūn,dun,1
剗,chǎn,chan,3
檆,shān,shan,1
珕,lì,li,4
奪,duó,duo,2
䞞,fú,fu,2
愺,cǎo,cao,3
馯,hàn,han,4
蔮,kùi,kui,4
藦,mò,mo,4
季,jì,ji,4
協,xié,xie,2
肚,dù,du,4
韭,jǐu,jiu,3
埶,yì,yi,4
耽,dān,dan,1
鮙,tà,ta,4
㨣,㨣,㨣,
䝦,䝦,䝦,
鶠,yǎn,yan,3
砙,pān,pan,1
篘,chōu,chou,1
赺,qín,qin,2
粻,zhāng,zhang,1
欹,yī,yi,1
佂,zhēng,zheng,1
㫹,dài,dai,4
襀,jī,ji,1
䩯,jí,ji,2
人,rén,ren,2
穄,jì,ji,4
儩,sì,si,4
颒,hùi,hui,4
艳,yàn,yan,4
㼥,chú,chu,2
㾁,shù,shu,4
卫,wèi,wei,4
䫣,xí,xi,2
䗈,méng,meng,2
瓅,lì,li,4
瓮,wèng,weng,4
涌,yǒng,yong,3
林,lín,lin,2
贡,gòng,gong,4
劻,kuāng,kuang,1
䎖,䎖,䎖,
嫢,gūi,gui,1
捩,liè,lie,4
㽊,xiè,xie,4
衋,xì,xi,4
峗,wéi,wei,2
橌,xiàn,xian,4
㟳,lì,li,4
劑,jì,ji,4
鋇,bèi,bei,4
鮿,zhé,zhe,2
介,jiè,jie,4
餦,zhāng,zhang,1
瞊,dàng,dang,4
氃,tóng,tong,2
銅,tóng,tong,2
謹,jǐn,jin,3
跽,jì,ji,4
嵎,yú,yu,2
镻,dié,die,2
㠀,dǎo,dao,3
吝,lìn,lin,4
洤,quán,quan,2
掚,liǎng,liang,3
毊,xiāo,xiao,1
䡟,pì,pi,4
朐,qú,qu,2
舞,wǔ,wu,3
㱖,cùi,cui,4
騧,guā,gua,1
瘍,yáng,yang,2
種,zhǒng,zhong,3
徖,cóng,cong,2
䨉,䨉,䨉,
蝳,dú,du,2
梿,lián,lian,2
踔,zhuó,zhuo,2
麕,jūn,jun,1
殒,yǔn,yun,3
䢙,bài,bai,4
咚,dōng,dong,1
瓈,lí,li,2
懯,fū,fu,1
鐪,lǔ,lu,3
滔,tāo,tao,1
趶,kù,ku,4
䌗,fǔ,fu,3
䜱,mǎn,man,3
帗,fú,fu,2
脲,niào,niao,4
馵,zhù,zhu,4
勘,kān,kan,1
䐯,léi,lei,2
裑,shēn,shen,1
䕌,zhì,zhi,4
畜,chù,chu,4
馕,nǎng,nang,3
噗,pū,pu,1
籎,籎,籎,
萠,méng,meng,2
陋,lòu,lou,4
䩶,chǎn,chan,3
緲,miǎo,miao,3
䪿,shěng,sheng,3
纔,cái,cai,2
徥,chí,chi,2
驑,líu,liu,2
廬,lú,lu,2
䖪,cí,ci,2
腹,fù,fu,4
敔,yǔ,yu,3
瘐,yǔ,yu,3
应,yìng,ying,4
昮,zòng,zong,4
縹,piǎo,piao,3
䎎,nà,na,4
㙗,kuài,kuai,4
朼,bǐ,bi,3
㮒,㮒,㮒,
䡕,zhěng,zheng,3
䦻,cì,ci,4
佞,nìng,ning,4
垒,lěi,lei,3
洆,chéng,cheng,2
炗,guāng,guang,1
幒,zhōng,zhong,1
䙱,dú,du,2
锠,chāng,chang,1
䤤,䤤,䤤,
㥨,chúi,chui,2
问,wèn,wen,4
褭,niǎo,niao,3
綕,zhī,zhi,1
批,pī,pi,1
䬃,sà,sa,4
讃,zàn,zan,4
畢,bì,bi,4
喱,lí,li,2
硯,yàn,yan,4
迕,wù,wu,4
違,wéi,wei,2
猢,hú,hu,2
㑓,㑓,㑓,
霣,yǔn,yun,3
韏,juàn,juan,4
鍝,yú,yu,2
絯,gāi,gai,1
汬,jǐng,jing,3
朓,tiào,tiao,4
烐,zhōu,zhou,1
䫰,lìn,lin,4
椡,椡,椡,
嘄,jiāo,jiao,1
娖,chuò,chuo,4
䢽,xiàng,xiang,4
嚌,jì,ji,4
樳,xín,xin,2
睬,cǎi,cai,3
恲,pēng,peng,1
梼,táo,tao,2
欂,bó,bo,2
詽,yán,yan,2
爇,ruò,ruo,4
㒚,wěn,wen,3
䢰,tái,tai,2
䓻,䓻,䓻,
授,shòu,shou,4
亚,yà,ya,4
聣,聣,聣,
徊,huái,huai,2
麔,jìu,jiu,4
蛗,fù,fu,4
鍸,hú,hu,2
娩,miǎn,mian,3
頀,hù,hu,4
觎,yú,yu,2
鎀,xīu,xiu,1
姹,chà,cha,4
䎠,ér,er,2
俞,yú,yu,2
纖,xiān,xian,1
胗,zhēn,zhen,1
㗗,bǎi,bai,3
颌,hàn,han,4
军,jūn,jun,1
狀,zhuàng,zhuang,4
鐭,yù,yu,4
鴵,jiāo,jiao,1
鴼,luò,luo,4
䨁,chè,che,4
唦,shā,sha,1
䥲,䥲,䥲,
蜇,zhé,zhe,2
豀,xī,xi,1
荳,dòu,dou,4
鹁,bó,bo,2
掷,zhí,zhi,2
裼,xí,xi,2
㳬,xuán,xuan,2
嚧,lú,lu,2
㟘,tiáo,tiao,2
㾮,huáng,huang,2
鑈,niē,nie,1
蘬,kūi,kui,1
悡,lí,li,2
唿,hū,hu,1
驫,biāo,biao,1
訾,zǐ,zi,3
棨,qǐ,qi,3
啝,hé,he,2
漝,xí,xi,2
积,jī,ji,1
潅,guàn,guan,4
漓,lí,li,2
鍅,鍅,鍅,
轚,jí,ji,2
㚭,yóu,you,2
䚐,jí,ji,2
匆,cōng,cong,1
逨,lái,lai,2
謚,shì,shi,4
䪄,huáng,huang,2
㪅,㪅,㪅,
鲫,jì,ji,4
揤,jí,ji,2
闵,mǐn,min,3
䈦,䈦,䈦,
蹩,bié,bie,2
譗,zhá,zha,2
䮃,䮃,䮃,
遻,wù,wu,4
佯,yáng,yang,2
㿩,tǎng,tang,3
虷,gān,gan,1
狪,tōng,tong,1
駏,jù,ju,4
䎭,䎭,䎭,
猯,tuān,tuan,1
紆,yū,yu,1
侐,xù,xu,4
莾,mǎng,mang,3
艪,lǔ,lu,3
抡,lún,lun,2
趪,huáng,huang,2
䥆,jǐn,jin,3
埲,běng,beng,3
絈,mò,mo,4
惀,lún,lun,2
栍,栍,栍,
省,shěng,sheng,3
㟀,lián,lian,2
箕,jī,ji,1
䙿,wèi,wei,4
隦,pǐ,pi,3
沱,tuó,tuo,2
扦,qiān,qian,1
袝,fù,fu,4
棓,pǒu,pou,3
厛,tīng,ting,1
漨,féng,feng,2
陡,dǒu,dou,3
㬜,jìn,jin,4
䧥,hùi,hui,4
馢,jiān,jian,1
靬,jiān,jian,1
棝,gù,gu,4
诂,gǔ,gu,3
鎋,xiá,xia,2
穵,wā,wa,1
檚,chǔ,chu,3
脦,tè,te,4
菇,gū,gu,1
嫬,zhē,zhe,1
䨂,䨂,䨂,
䳓,lǎo,lao,3
㸃,diǎn,dian,3
粈,rǒu,rou,3
昨,zuó,zuo,2
抂,kuáng,kuang,2
栠,rěn,ren,3
鈛,guō,guo,1
聚,jù,ju,4
軿,píng,ping,2
嵼,chǎn,chan,3
鵔,xùn,xun,4
縈,yíng,ying,2
抪,pū,pu,1
騈,pián,pian,2
卜,bǔ,bu,3
舫,fǎng,fang,3
攰,gùi,gui,4
䪋,wèi,wei,4
傄,xiā,xia,1
彡,shān,shan,1
㗶,㗶,㗶,
䬎,guó,guo,2
廱,yōng,yong,1
㫛,guàng,guang,4
蒊,蒊,蒊,
鼅,zhī,zhi,1
塎,yǒng,yong,3
宣,xuān,xuan,1
㳵,jì,ji,4
朳,bā,ba,1
垣,yuán,yuan,2
韘,shè,she,4
豭,jiā,jia,1
罥,juàn,juan,4
騮,líu,liu,2
呑,tūn,tun,1
憚,dàn,dan,4
繾,qiǎn,qian,3
鿬,鿬,鿬,
烌,xīu,xiu,1
螄,sī,si,1
驀,mò,mo,4
嶺,lǐng,ling,3
砭,biān,bian,1
乆,jǐu,jiu,3
朁,cǎn,can,3
漭,mǎng,mang,3
煄,zhōng,zhong,1
谍,dié,die,2
颐,yí,yi,2
徆,xī,xi,1
烲,chè,che,4
㠳,㠳,㠳,
踅,chì,chi,4
㮕,ér,er,2
䣻,䣻,䣻,
攑,qiān,qian,1
紎,zī,zi,1
姛,tǒng,tong,3
櫦,櫦,櫦,
㛻,kǔi,kui,3
渣,zhā,zha,1
躪,lìn,lin,4
䃊,jǔ,ju,3
鄦,xǔ,xu,3
阘,tà,ta,4
筤,láng,lang,2
蜰,féi,fei,2
䳫,kúi,kui,2
該,gāi,gai,1
撋,ruán,ruan,2
㩿,㩿,㩿,
䁊,wò,wo,4
㳻,zé,ze,2
骊,lí,li,2
謝,xiè,xie,4
戺,shì,shi,4
䠒,hú,hu,2
䯍,líng,ling,2
簨,sǔn,sun,3
堍,tù,tu,4
藌,mì,mi,4
郶,bù,bu,4
齕,hé,he,2
认,rèn,ren,4
䙥,líng,ling,2
㙳,hǎn,han,3
箎,chí,chi,2
鑳,jiàn,jian,4
簶,lù,lu,4
眘,shèn,shen,4
㰐,jué,jue,2
䞌,shé,she,2
頏,háng,hang,2
壴,zhǔ,zhu,3
峒,tóng,tong,2
愵,nì,ni,4
烩,hùi,hui,4
㘔,cǎn,can,3
娀,sōng,song,1
䃟,䃟,䃟,
铪,jiá,jia,2
䴄,lì,li,4
䣏,䣏,䣏,
儉,jiǎn,jian,3
葋,qú,qu,2
牡,mǔ,mu,3
狥,xùn,xun,4
㺤,㺤,㺤,
顯,xiǎn,xian,3
睔,hǔn,hun,3
葵,kúi,kui,2
鮓,zhǎ,zha,3
銣,rú,ru,2
蹟,jī,ji,1
痚,xiāo,xiao,1
桖,xuè,xue,4
栄,róng,rong,2
䢠,sòng,song,4
䥺,yé,ye,2
䊾,mù,mu,4
䡩,gǔ,gu,3
昧,mèi,mei,4
鿾,鿾,鿾,
桵,rǔi,rui,3
䰶,䰶,䰶,
嬈,rǎo,rao,3
㪐,lù,lu,4
魠,tuó,tuo,2
啍,tūn,tun,1
䃋,yú,yu,2
宪,xiàn,xian,4
㷞,㷞,㷞,
䧿,què,que,4
㪜,chuǎi,chuai,3
颙,yóng,yong,2
愱,jí,ji,2
挬,bó,bo,2
洪,hóng,hong,2
䲟,yìn,yin,4
覤,xì,xi,4
㐆,yǐn,yin,3
䒲,chà,cha,4
嬭,nǎi,nai,3
玳,dài,dai,4
嘠,gā,ga,1
轭,è,e,4
怟,dì,di,4
魯,lǔ,lu,3
臲,niè,nie,4
诓,kuāng,kuang,1
接,jiē,jie,1
焪,qiōng,qiong,1
鉞,yuè,yue,4
喯,pēn,pen,1
蓺,yì,yi,4
㖥,jiǒng,jiong,3
咳,ké,ke,2
倅,cùi,cui,4
㪢,shǎo,shao,3
䜦,䜦,䜦,
鉒,zhù,zhu,4
篴,dí,di,2
豓,yàn,yan,4
嵋,méi,mei,2
務,wù,wu,4
衯,fēn,fen,1
鉫,jiā,jia,1
庍,bài,bai,4
隖,wù,wu,4
覴,dēng,deng,1
䴻,lí,li,2
䈆,dài,dai,4
罙,mí,mi,2
䐈,zhí,zhi,2
蝦,xiā,xia,1
鴭,zhūi,zhui,1
帴,shā,sha,1
㐎,㐎,㐎,
咣,guāng,guang,1
耚,pī,pi,1
䕈,xiè,xie,4
堐,yá,ya,2
義,yì,yi,4
䘏,xù,xu,4
找,zhǎo,zhao,3
㵒,fèi,fei,4
櫙,ōu,ou,1
隗,wěi,wei,3
䯣,gùi,gui,4
閄,huò,huo,4
棴,fú,fu,2
睮,yú,yu,2
楯,shǔn,shun,3
撲,pū,pu,1
坷,kě,ke,3
剩,shèng,sheng,4
哳,zhā,zha,1
䁺,shì,shi,4
飽,bǎo,bao,3
溑,suǒ,suo,3
鮆,jì,ji,4
鼄,zhū,zhu,1
㣗,㣗,㣗,
作,zuò,zuo,4
鰥,guān,guan,1
米,mǐ,mi,3
蕈,xùn,xun,4
䄷,dàn,dan,4
䥈,mǔ,mu,3
碲,dì,di,4
䋲,chě,che,3
貌,mào,mao,4
舁,yú,yu,2
葹,shī,shi,1
醉,zùi,zui,4
䢲,yuè,yue,4
撷,xié,xie,2
萪,kē,ke,1
針,zhēn,zhen,1
膈,gé,ge,2
袮,袮,袮,
尉,wèi,wei,4
跢,dài,dai,4
痄,zhà,zha,4
鳥,niǎo,niao,3
蝯,yuán,yuan,2
香,xiāng,xiang,1
具,jù,ju,4
剠,qíng,qing,2
鹓,yuān,yuan,1
眨,zhǎ,zha,3
䉻,qí,qi,2
誅,zhū,zhu,1
投,tóu,tou,2
鞓,tīng,ting,1
駲,駲,駲,
汳,biàn,bian,4
輘,líng,ling,2
䱇,shàn,shan,4
䥬,bó,bo,2
焕,huàn,huan,4
猣,zōng,zong,1
橯,lào,lao,4
惴,zhùi,zhui,4
乤,乤,乤,
狠,hěn,hen,3
嶩,náo,nao,2
皚,ái,ai,2
靵,nǐu,niu,3
棋,qí,qi,2
齙,páo,pao,2
䥫,tiě,tie,3
栣,rěn,ren,3
艚,cáo,cao,2
譬,pì,pi,4
㰶,yǒu,you,3
靁,léi,lei,2
礣,miè,mie,4
愶,xié,xie,2
䔤,䔤,䔤,
䐰,䐰,䐰,
䤎,jú,ju,2
葿,méi,mei,2
唎,lì,li,4
䘙,wèi,wei,4
浌,浌,浌,
駹,máng,mang,2
趕,gǎn,gan,3
壩,bà,ba,4
巕,巕,巕,
㺋,㺋,㺋,
䊎,quǎn,quan,3
孜,zī,zi,1
嗜,shì,shi,4
蹠,zhí,zhi,2
䏨,hǔi,hui,3
弡,jué,jue,2
塦,zhèn,zhen,4
牗,牗,牗,
瓤,ráng,rang,2
鷡,wú,wu,2
铱,yǐ,yi,3
钥,yào,yao,4
珅,shēn,shen,1
䮴,dèng,deng,4
蓛,cè,ce,4
㶴,chǐ,chi,3
䝴,䝴,䝴,
庐,lú,lu,2
笌,yá,ya,2
燷,lán,lan,2
䄵,䄵,䄵,
坽,líng,ling,2
扠,chā,cha,1
渂,wèn,wen,4
墶,dā,da,1
颜,yán,yan,2
権,quán,quan,2
䈚,tái,tai,2
諛,yú,yu,2
㟻,qiàn,qian,4
滾,gǔn,gun,3
佋,shào,shao,4
遍,biàn,bian,4
䝮,xuàn,xuan,4
阞,lè,le,4
炼,liàn,lian,4
欞,líng,ling,2
駍,pēng,peng,1
汻,hǎng,hang,3
轨,gǔi,gui,3
㹦,㹦,㹦,
瓢,piáo,piao,2
湮,yīn,yin,1
㹉,yuán,yuan,2
潖,pá,pa,2
足,zú,zu,2
齮,yǐ,yi,3
份,fèn,fen,4
邼,kuāng,kuang,1
䊿,bó,bo,2
鱅,yóng,yong,2
籰,yuè,yue,4
䒴,yǒu,you,3
禠,sī,si,1
谢,xiè,xie,4
䇛,zhǐ,zhi,3
䡁,lǒng,long,3
鵎,tuǒ,tuo,3
品,pǐn,pin,3
䈞,dǔ,du,3
㠎,jí,ji,2
䤴,hán,han,2
榴,líu,liu,2
捠,bāng,bang,1
唝,hǒng,hong,3
希,xī,xi,1
崈,chóng,chong,2
躟,ráng,rang,2
腪,yùn,yun,4
㼕,㼕,㼕,
奞,xùn,xun,4
久,jǐu,jiu,3
蹗,lù,lu,4
㸨,㸨,㸨,
珘,zhōu,zhou,1
傒,xī,xi,1
塵,chén,chen,2
裲,liǎng,liang,3
䧁,chù,chu,4
䋯,qǐ,qi,3
癱,tān,tan,1
衊,miè,mie,4
䥍,zhì,zhi,4
屝,fèi,fei,4
酇,zàn,zan,4
蝈,guō,guo,1
鐲,zhuó,zhuo,2
㒕,㒕,㒕,
襖,ǎo,ao,3
㣱,zé,ze,2
㤤,yú,yu,2
芶,gōu,gou,1
詰,jié,jie,2
㰅,dí,di,2
飧,sūn,sun,1
慾,yù,yu,4
羷,liǎn,lian,3
绯,fēi,fei,1
蜎,yuān,yuan,1
㵸,yào,yao,4
䱃,dǐ,di,3
䃻,bà,ba,4
协,xié,xie,2
暑,shǔ,shu,3
槆,xún,xun,2
䩣,duǒ,duo,3
脪,xìn,xin,4
锰,měng,meng,3
䑏,quán,quan,2
弰,shāo,shao,1
晜,kūn,kun,1
䲶,䲶,䲶,
鷢,jué,jue,2
槡,槡,槡,
惩,chéng,cheng,2
厭,yàn,yan,4
權,quán,quan,2
蔌,sù,su,4
蜻,qīng,qing,1
䚯,tǎo,tao,3
鏋,mǎn,man,3
臥,wò,wo,4
骮,yì,yi,4
鼛,gāo,gao,1
筳,tíng,ting,2
䤶,yè,ye,4
扐,lè,le,4
鴏,tè,te,4
齵,óu,ou,2
莼,chún,chun,2
屣,xǐ,xi,3
傚,xiào,xiao,4
鬘,mán,man,2
旋,xuán,xuan,2
莧,xiàn,xian,4
曖,ài,ai,4
㫾,㫾,㫾,
晓,xiǎo,xiao,3
楳,méi,mei,2
绻,quǎn,quan,3
羔,gāo,gao,1
䫮,cán,can,2
嬌,jiāo,jiao,1
蒀,yūn,yun,1
磰,shàn,shan,4
嘔,ōu,ou,1
踱,duò,duo,4
鑣,biāo,biao,1
䪲,䪲,䪲,
䳷,cóng,cong,2
胡,hú,hu,2
禬,kuài,kuai,4
誘,yòu,you,4
洡,lěi,lei,3
颶,jù,ju,4
斒,bān,ban,1
㑼,lvè,lve,4
禜,yǒng,yong,3
踤,zú,zu,2
蘩,fán,fan,2
馏,lìu,liu,4
鉽,shì,shi,4
件,jiàn,jian,4
澘,shān,shan,1
椪,pèng,peng,4
㗘,bó,bo,2
䎆,liào,liao,4
仺,cāng,cang,1
鍗,tí,ti,2
㯇,bì,bi,4
渇,kě,ke,3
詃,quǎn,quan,3
較,jiào,jiao,4
襜,chān,chan,1
赖,lài,lai,4
迣,zhì,zhi,4
锫,póu,pou,2
燩,què,que,4
侭,jǐn,jin,3
㜊,pàng,pang,4
谪,zhé,zhe,2
瓋,zhé,zhe,2
䤄,miǎn,mian,3
娅,yà,ya,4
徫,wěi,wei,3
鱹,guàn,guan,4
㲢,biàn,bian,4
茿,zhú,zhu,2
眤,yí,yi,2
轥,lìn,lin,4
腙,zōng,zong,1
朚,huāng,huang,1
㐟,㐟,㐟,
䝰,tí,ti,2
㦒,lí,li,2
罏,lú,lu,2
羒,fén,fen,2
鷮,jiāo,jiao,1
锉,cuò,cuo,4
缊,yūn,yun,1
礴,bó,bo,2
㽎,dǎn,dan,3
䡧,wǔ,wu,3
胺,è,e,4
䣲,fàn,fan,4
齠,tiáo,tiao,2
㻋,là,la,4
携,xié,xie,2
倞,jìng,jing,4
沖,chōng,chong,1
瑖,duàn,duan,4
媐,xī,xi,1
穓,yì,yi,4
㤑,yòu,you,4
㡊,qià,qia,4
坵,qīu,qiu,1
虒,sī,si,1
㪛,zhěn,zhen,3
芲,huā,hua,1
銆,mò,mo,4
㰟,jì,ji,4
蝿,yíng,ying,2
蕉,jiāo,jiao,1
讅,shěn,shen,3
鵲,què,que,4
孤,gū,gu,1
枯,kū,ku,1
䰖,cuán,cuan,2
湴,bàn,ban,4
冂,jiōng,jiong,1
㜁,㜁,㜁,
彅,彅,彅,
襬,bǎi,bai,3
髓,sǔi,sui,3
櫕,cuán,cuan,2
帳,zhàng,zhang,4
深,shēn,shen,1
縃,xū,xu,1
栾,luán,luan,2
邑,yì,yi,4
䳧,hóu,hou,2
嬃,xū,xu,1
瞂,fā,fa,1
硧,yǒng,yong,3
窧,窧,窧,
䤯,xíng,xing,2
䢼,䢼,䢼,
摜,guàn,guan,4
啕,táo,tao,2
圓,yuán,yuan,2
崁,kǎn,kan,3
糅,rǒu,rou,3
瑂,méi,mei,2
浟,yóu,you,2
疹,zhěn,zhen,3
戭,yǎn,yan,3
䟛,bó,bo,2
蠾,zhú,zhu,2
䴦,rén,ren,2
䒶,䒶,䒶,
可,kě,ke,3
䢢,càng,cang,4
偷,tōu,tou,1
錻,錻,錻,
䭏,䭏,䭏,
鵩,fú,fu,2
䴑,dié,die,2
寙,yǔ,yu,3
蒖,zhēn,zhen,1
䚛,hú,hu,2
屨,jù,ju,4
偳,duān,duan,1
稅,shùi,shui,4
澖,xiān,xian,1
剻,fóu,fou,2
坦,tǎn,tan,3
㓩,㓩,㓩,
櫏,qiān,qian,1
蠭,fēng,feng,1
砯,pīng,ping,1
瀿,fán,fan,2
䒰,䒰,䒰,
菌,jūn,jun,1
㪊,qún,qun,2
谡,sù,su,4
譥,jiào,jiao,4
鯓,ní,ni,2
舙,huà,hua,4
㭇,yuàn,yuan,4
沲,tuó,tuo,2
螌,bān,ban,1
魲,lú,lu,2
䚸,xiè,xie,4
搋,chǐ,chi,3
灁,yuān,yuan,1
窵,diào,diao,4
挫,cuò,cuo,4
菤,juǎn,juan,3
愦,kùi,kui,4
唳,lì,li,4
磓,dūi,dui,1
炩,lìng,ling,4
䛀,fǎn,fan,3
颕,yǐng,ying,3
麾,hūi,hui,1
㥦,qiè,qie,4
莥,nǐu,niu,3
葺,qì,qi,4
䕶,hù,hu,4
鶉,chún,chun,2
㰠,kàng,kang,4
薴,néng,neng,2
礍,kě,ke,3
蓠,lí,li,2
繲,jiè,jie,4
㵀,cuàn,cuan,4
輊,zhì,zhi,4
屭,xì,xi,4
皲,jūn,jun,1
蜑,dàn,dan,4
鬾,jì,ji,4
蹯,fán,fan,2
鿉,鿉,鿉,
吤,jiè,jie,4
恳,kěn,ken,3
躊,chóu,chou,2
瀋,shěn,shen,3
僆,lián,lian,2
瘰,luǒ,luo,3
㾖,lǐ,li,3
䀾,dǔ,du,3
鴻,hóng,hong,2
茚,yìn,yin,4
竁,cùi,cui,4
蘈,túi,tui,2
锥,zhūi,zhui,1
鲟,xún,xun,2
龭,龭,龭,
䛓,䛓,䛓,
㠘,yǔ,yu,3
麋,mí,mi,2
衞,wèi,wei,4
㵨,bì,bi,4
唺,tiǎn,tian,3
犘,má,ma,2
䤍,mí,mi,2
懙,yǔ,yu,3
弄,nòng,nong,4
尀,pǒ,po,3
㛨,qiǎng,qiang,3
咙,lóng,long,2
飲,yǐn,yin,3
䱜,cuò,cuo,4
槮,sēn,sen,1
伯,bó,bo,2
櫥,chú,chu,2
㗢,dòng,dong,4
蘦,líng,ling,2
儊,chù,chu,4
籢,lián,lian,2
韰,xiè,xie,4
鄔,wū,wu,1
摢,hù,hu,4
韪,wěi,wei,3
俥,chē,che,1
毥,xún,xun,2
犖,luò,luo,4
颰,bá,ba,2
鳤,guǎn,guan,3
啒,hū,hu,1
輮,róu,rou,2
衠,zhūn,zhun,1
䬛,bì,bi,4
架,jià,jia,4
綧,zhǔn,zhun,3
饽,bó,bo,2
㲪,㲪,㲪,
㲜,tán,tan,2
铣,xiǎn,xian,3
齐,qí,qi,2
䜈,䜈,䜈,
齤,quán,quan,2
燏,yù,yu,4
窙,xiāo,xiao,1
炱,tái,tai,2
茺,chōng,chong,1
燗,làn,lan,4
伩,xìn,xin,4
遫,chì,chi,4
䙃,duò,duo,4
䔮,䔮,䔮,
琕,pín,pin,2
㡑,qiǎo,qiao,3
靃,huò,huo,4
䑨,duò,duo,4
跇,yì,yi,4
蘎,jì,ji,4
厶,sī,si,1
侰,jiǒng,jiong,3
姰,jūn,jun,1
蝜,fù,fu,4
䈎,yè,ye,4
䄓,héng,heng,2
嚯,huò,huo,4
㥊,péng,peng,2
釜,fǔ,fu,3
謢,謢,謢,
裩,gūn,gun,1
酫,chuò,chuo,4
剘,qí,qi,2
㗷,sǎi,sai,3
䛴,qǐ,qi,3
彨,chī,chi,1
蕷,yù,yu,4
疆,jiāng,jiang,1
穞,lv̌,lv,3
蔡,cài,cai,4
鳠,huò,huo,4
汴,biàn,bian,4
唆,suō,suo,1
灄,shè,she,4
匯,hùi,hui,4
紨,fù,fu,4
眷,juàn,juan,4
密,mì,mi,4
齄,zhā,zha,1
櫯,sū,su,1
埢,juǎn,juan,3
瘲,zòng,zong,4
兛,qiān,qian,1
㻛,㻛,㻛,
蛦,yí,yi,2
驕,jiāo,jiao,1
㶦,jìn,jin,4
饪,rèn,ren,4
詷,tóng,tong,2
褋,dié,die,2
㮫,hé,he,2
舯,zhōng,zhong,1
䂳,cuǒ,cuo,3
枊,àng,ang,4
霝,líng,ling,2
敏,mǐn,min,3
讌,yàn,yan,4
潉,潉,潉,
萉,féi,fei,2
鸶,sī,si,1
㴔,sè,se,4
䥟,yè,ye,4
芧,xù,xu,4
䒎,mǎng,mang,3
璏,zhì,zhi,4
披,pī,pi,1
盲,máng,mang,2
㑛,sù,su,4
晐,gāi,gai,1
谋,móu,mou,2
拿,ná,na,2
绚,xuàn,xuan,4
䨙,cén,cen,2
煈,fèng,feng,4
讶,yà,ya,4
桴,fú,fu,2
薿,nǐ,ni,3
鎽,鎽,鎽,
繹,yì,yi,4
鳊,biān,bian,1
戣,kúi,kui,2
閞,biàn,bian,4
䌁,䌁,䌁,
皹,jūn,jun,1
䚠,hùn,hun,4
軧,dǐ,di,3
姑,gū,gu,1
㩼,㩼,㩼,
構,gòu,gou,4
迖,dá,da,2
㻹,㻹,㻹,
饕,tāo,tao,1
鐣,鐣,鐣,
䟰,jiǎn,jian,3
曪,luǒ,luo,3
砉,huò,huo,4
憏,chì,chi,4
疫,yì,yi,4
奷,qiān,qian,1
怐,kòu,kou,4
跀,yuè,yue,4
銈,jī,ji,1
圮,pǐ,pi,3
吁,xū,xu,1
踬,zhì,zhi,4
狉,pī,pi,1
觼,jué,jue,2
㖣,tòu,tou,4
坯,pī,pi,1
㶌,lián,lian,2
慱,tuán,tuan,2
畅,chàng,chang,4
醏,dū,du,1
鰙,ruò,ruo,4
㵯,féng,feng,2
驻,zhù,zhu,4
吙,xuē,xue,1
烵,zhuó,zhuo,2
笊,zhào,zhao,4
膤,膤,膤,
鴫,鴫,鴫,
嗄,á,a,2
遾,shì,shi,4
靱,rèn,ren,4
莤,yóu,you,2
要,yào,yao,4
忑,tè,te,4
㞯,jié,jie,2
剐,guǎ,gua,3
涠,wéi,wei,2
㢏,tóu,tou,2
皣,yè,ye,4
释,shì,shi,4
匾,biǎn,bian,3
軘,tún,tun,2
雓,yú,yu,2
螇,xī,xi,1
龋,qǔ,qu,3
䒛,héng,heng,2
敀,bó,bo,2
䯑,䯑,䯑,
鯱,鯱,鯱,
肞,chā,cha,1
表,biǎo,biao,3
㚂,ráng,rang,2
䑺,䑺,䑺,
槯,cūi,cui,1
洘,kǎo,kao,3
襮,bó,bo,2
䞱,hú,hu,2
貰,shì,shi,4
忙,máng,mang,2
螽,zhōng,zhong,1
敻,xiòng,xiong,4
僦,jìu,jiu,4
陆,lù,lu,4
髏,lóu,lou,2
自,zì,zi,4
鎌,lián,lian,2
雛,chú,chu,2
頰,jiá,jia,2
穨,túi,tui,2
㥍,jì,ji,4
䭮,bì,bi,4
䶮,yán,yan,2
髜,qiāo,qiao,1
頁,yè,ye,4
訙,xùn,xun,4
裐,juān,juan,1
駝,tuó,tuo,2
䌩,mì,mi,4
魻,xiá,xia,2
败,bài,bai,4
哶,miē,mie,1
杼,zhù,zhu,4
塗,tú,tu,2
斥,chì,chi,4
塆,塆,塆,
㕷,huà,hua,4
猈,bà,ba,4
厕,cè,ce,4
㚏,gǎo,gao,3
䳐,cì,ci,4
隑,gāi,gai,1
斍,jué,jue,2
䢴,䢴,䢴,
慢,màn,man,4
蛌,gǔ,gu,3
嗮,sài,sai,4
哒,dā,da,1
覂,fěng,feng,3
苺,méi,mei,2
誎,sù,su,4
邧,yuán,yuan,2
粢,zī,zi,1
䚶,䚶,䚶,
鏗,kēng,keng,1
㺴,㺴,㺴,
隉,niè,nie,4
虁,kúi,kui,2
慐,慐,慐,
僸,jìn,jin,4
抆,wèn,wen,4
痂,jiā,jia,1
迈,mài,mai,4
䳢,qí,qi,2
拦,lán,lan,2
鈺,yù,yu,4
瀸,jiān,jian,1
䭍,hú,hu,2
萲,yuán,yuan,2
㻻,㻻,㻻,
蹡,qiāng,qiang,1
㯥,cáo,cao,2
桹,láng,lang,2
鉆,chān,chan,1
栱,gǒng,gong,3
鳢,lǐ,li,3
媡,liàn,lian,4
鸱,zhī,zhi,1
毝,毝,毝,
吜,chǒu,chou,3
妔,kēng,keng,1
死,sǐ,si,3
襫,shì,shi,4
㼝,fàn,fan,4
䕕,màn,man,4
倕,chúi,chui,2
磕,kē,ke,1
䜋,hùi,hui,4
㡽,zhào,zhao,4
魘,yǎn,yan,3
爣,tǎng,tang,3
蔋,dí,di,2
媇,qīn,qin,1
什,shí,shi,2
䓁,䓁,䓁,
飗,líu,liu,2
㖷,shí,shi,2
䰁,fèi,fei,4
鞴,bèi,bei,4
㧺,tà,ta,4
㷘,tái,tai,2
㸍,xì,xi,4
韄,huò,huo,4
藐,miǎo,miao,3
沸,fèi,fei,4
㟔,hán,han,2
㷴,gé,ge,2
譃,xū,xu,1
潵,sàn,san,4
檽,ér,er,2
珯,珯,珯,
痢,lì,li,4
奟,kēng,keng,1
幕,mù,mu,4
嘦,jiào,jiao,4
皽,zhǎn,zhan,3
䖴,yáo,yao,2
牿,gù,gu,4
怲,bǐng,bing,3
㶀,㶀,㶀,
䎀,xuè,xue,4
查,chá,cha,2
烄,jiǎo,jiao,3
気,qì,qi,4
㿽,㿽,㿽,
霌,chōu,chou,1
諙,huài,huai,4
噁,ě,e,3
鄋,sōu,sou,1
赹,qióng,qiong,2
趬,qiáo,qiao,2
侜,zhōu,zhou,1
鹂,lí,li,2
貭,zhí,zhi,2
麤,cū,cu,1
墾,kěn,ken,3
煴,yūn,yun,1
赳,jǐu,jiu,3
搹,è,e,4
怊,chāo,chao,1
訿,zǐ,zi,3
力,lì,li,4
蠙,bīn,bin,1
狈,bèi,bei,4
們,men,men,5
舿,舿,舿,
澉,gǎn,gan,3
昲,fèi,fei,4
阣,yì,yi,4
䱸,䱸,䱸,
隴,lǒng,long,3
篞,niè,nie,4
枷,jiā,jia,1
沯,zǎn,zan,3
伜,cùi,cui,4
䡄,䡄,䡄,
鄇,hòu,hou,4
怋,mín,min,2
鍕,róu,rou,2
蜽,liǎng,liang,3
睋,é,e,2
獵,liè,lie,4
溛,wā,wa,1
鈶,yí,yi,2
欴,láng,lang,2
鍃,huō,huo,1
漈,jì,ji,4
帀,zā,za,1
涄,pīn,pin,1
飋,sè,se,4
䄉,é,e,2
搀,chān,chan,1
潧,zhēn,zhen,1
缹,fǒu,fou,3
掐,qiā,qia,1
蕍,yú,yu,2
鑢,lv̀,lv,4
潷,bǐ,bi,3
菠,bō,bo,1
㞘,tún,tun,2
垑,chǐ,chi,3
燴,hùi,hui,4
䳾,䳾,䳾,
纬,wěi,wei,3
挐,rú,ru,2
柚,yòu,you,4
躱,duǒ,duo,3
㴍,㴍,㴍,
螗,táng,tang,2
㧄,qiǎn,qian,3
彠,huò,huo,4
駶,jú,ju,2
噃,fān,fan,1
堦,jiē,jie,1
晥,hàn,han,4
騡,quán,quan,2
匍,pú,pu,2
鼼,yǎo,yao,3
昔,xī,xi,1
鮻,shā,sha,1
厂,chǎng,chang,3
早,zǎo,zao,3
藪,sǒu,sou,3
呂,lv̌,lv,3
姚,yáo,yao,2
娈,luán,luan,2
㮔,tóng,tong,2
孚,fú,fu,2
賌,gài,gai,4
楃,wò,wo,4
鎔,róng,rong,2
馞,bó,bo,2
巸,yí,yi,2
轊,wèi,wei,4
䟤,bì,bi,4
㬧,bó,bo,2
疸,dǎn,dan,3
嗠,luò,luo,4
㪄,fú,fu,2
蝎,hé,he,2
䐕,jí,ji,2
脬,pāo,pao,1
饨,tún,tun,2
馥,fù,fu,4
锨,xiān,xian,1
䮉,lú,lu,2
㽢,ǎn,an,3
牁,gē,ge,1
詮,quán,quan,2
那,nà,na,4
蜍,chú,chu,2
娙,xíng,xing,2
明,míng,ming,2
樻,kùi,kui,4
㥛,jí,ji,2
鎮,zhèn,zhen,4
撠,jǐ,ji,3
哣,pǒu,pou,3
㝃,fàn,fan,4
怽,怽,怽,
暓,mào,mao,4
螞,mǎ,ma,3
魫,shěn,shen,3
礕,pī,pi,1
攐,qiān,qian,1
浢,dòu,dou,4
㒫,jì,ji,4
詭,gǔi,gui,3
繕,shàn,shan,4
笙,shēng,sheng,1
鞧,qīu,qiu,1
詥,hé,he,2
鋲,鋲,鋲,
暴,bào,bao,4
㽀,zhèng,zheng,4
䝼,qíng,qing,2
㕄,zhì,zhi,4
籄,kùi,kui,4
餙,shì,shi,4
慜,mǐn,min,3
鿨,鿨,鿨,
莰,kǎn,kan,3
枟,yùn,yun,4
婸,dàng,dang,4
㷤,hè,he,4
控,kòng,kong,4
椼,yǎn,yan,3
暡,wěng,weng,3
祑,zhì,zhi,4
泏,chù,chu,4
龠,yuè,yue,4
槁,gǎo,gao,3
昺,bǐng,bing,3
醧,yù,yu,4
滶,áo,ao,2
揇,nǎn,nan,3
諰,xǐ,xi,3
焙,bèi,bei,4
緄,gǔn,gun,3
殹,yì,yi,4
嗆,qiāng,qiang,1
犿,huān,huan,1
鷇,kòu,kou,4
舵,duò,duo,4
翳,yì,yi,4
䫹,hóng,hong,2
貤,yí,yi,2
蔫,yān,yan,1
淊,hàn,han,4
巶,zhāo,zhao,1
績,jī,ji,1
記,jì,ji,4
覜,tiào,tiao,4
懟,dùi,dui,4
裵,péi,pei,2
㞷,huáng,huang,2
㥑,㥑,㥑,
柔,róu,rou,2
瞢,méng,meng,2
鋄,wǎn,wan,3
僯,lǐn,lin,3
䗄,fǔ,fu,3
涭,shòu,shou,4
窍,qiào,qiao,4
揠,yà,ya,4
䲈,䲈,䲈,
剢,zhuó,zhuo,2
禮,lǐ,li,3
暼,piē,pie,1
路,lù,lu,4
鹭,lù,lu,4
焲,yì,yi,4
阋,xì,xi,4
捀,fēng,feng,1
瞗,diāo,diao,1
芳,fāng,fang,1
騍,kè,ke,4
峸,chéng,cheng,2
祿,lù,lu,4
㪗,tǒu,tou,3
劁,qiāo,qiao,1
嫔,pín,pin,2
䍡,liào,liao,4
㝓,gé,ge,2
䞲,䞲,䞲,
稪,fù,fu,4
㭻,táng,tang,2
蜘,zhī,zhi,1
㮛,chí,chi,2
䎿,qíu,qiu,2
㦟,hài,hai,4
矹,wù,wu,4
鿙,鿙,鿙,
娻,dōng,dong,1
庿,miào,miao,4
鹤,hè,he,4
踈,shū,shu,1
䑘,chá,cha,2
秅,chá,cha,2
鷀,zī,zi,1
礦,kuàng,kuang,4
蒼,cāng,cang,1
㽟,liè,lie,4
浀,qǔ,qu,3
䄅,juàn,juan,4
驓,zēng,zeng,1
艥,jiè,jie,4
蒌,lóu,lou,2
鋔,wǎn,wan,3
闃,qù,qu,4
茨,cí,ci,2
䔫,䔫,䔫,
瘸,qué,que,2
䵳,wèi,wei,4
萈,huán,huan,2
䅥,jié,jie,2
瘣,lěi,lei,3
唢,suǒ,suo,3
巢,cháo,chao,2
棤,xí,xi,2
䴭,cái,cai,2
㒰,quán,quan,2
敹,liáo,liao,2
蠷,qú,qu,2
彍,kuò,kuo,4
羇,jī,ji,1
寰,huán,huan,2
开,kāi,kai,1
憿,jiāo,jiao,1
捿,xī,xi,1
荡,dàng,dang,4
㳍,bù,bu,4
邭,jù,ju,4
嚞,zhé,zhe,2
㷎,hè,he,4
蔻,kòu,kou,4
呃,è,e,4
㔍,duǒ,duo,3
䇟,jiàn,jian,4
甁,píng,ping,2
嗃,hè,he,4
掊,póu,pou,2
漁,yú,yu,2
䠪,duàn,duan,4
鉤,gōu,gou,1
䒊,䒊,䒊,
补,bǔ,bu,3
㚷,ěr,er,3
垶,xīng,xing,1
濳,qián,qian,2
艿,nǎi,nai,3
踹,chuài,chuai,4
稉,gēng,geng,1
礰,lì,li,4
悠,yōu,you,1
掟,zhěng,zheng,3
臜,zāng,zang,1
迱,tuó,tuo,2
釁,xìn,xin,4
龸,龸,龸,
莅,lì,li,4
燞,燞,燞,
㺹,biàn,bian,4
佄,hán,han,2
鲞,xiǎng,xiang,3
㗏,㗏,㗏,
酂,zàn,zan,4
㶪,㶪,㶪,
秼,zhū,zhu,1
旵,chǎn,chan,3
煠,yè,ye,4
䊙,yán,yan,2
濾,lv̀,lv,4
䝐,wéi,wei,2
䀂,䀂,䀂,
溬,qiāng,qiang,1
襹,shī,shi,1
迀,gān,gan,1
㑵,hàn,han,4
呸,pēi,pei,1
匑,gōng,gong,1
佭,xiáng,xiang,2
幊,gōng,gong,1
缆,làn,lan,4
䗑,yì,yi,4
仧,cháng,chang,2
澻,sùi,sui,4
溠,zhà,zha,4
矄,xūn,xun,1
氁,mú,mu,2
鳃,sāi,sai,1
楆,yāo,yao,1
冧,冧,冧,
垩,è,e,4
厇,zhé,zhe,2
蹧,zāo,zao,1
刓,wán,wan,2
桠,yá,ya,2
唴,qiàng,qiang,4
辯,biàn,bian,4
骕,sù,su,4
樐,lǔ,lu,3
桷,jué,jue,2
篎,miǎo,miao,3
拚,pàn,pan,4
琫,běng,beng,3
掛,guà,gua,4
焦,jiāo,jiao,1
苒,rǎn,ran,3
貓,māo,mao,1
笛,dí,di,2
揶,yé,ye,2
膺,yīng,ying,1
㔋,jiàn,jian,4
㗽,xiǎng,xiang,3
霸,bà,ba,4
尝,cháng,chang,2
杽,chǒu,chou,3
鵮,qiān,qian,1
撔,hèng,heng,4
噙,qín,qin,2
靥,yè,ye,4
臨,lín,lin,2
㣳,㣳,㣳,
厙,shè,she,4
㔧,lv̀,lv,4
䗎,䗎,䗎,
鲆,píng,ping,2
骄,jiāo,jiao,1
瘗,yì,yi,4
骚,sāo,sao,1
淧,mì,mi,4
癿,qié,qie,2
䫛,hóu,hou,2
歇,xiē,xie,1
婳,huà,hua,4
墩,dūn,dun,1
珐,fà,fa,4
臂,bì,bi,4
檋,jū,ju,1
嗥,háo,hao,2
訩,xiōng,xiong,1
閖,閖,閖,
媤,sī,si,1
梍,zào,zao,4
氨,ān,an,1
苫,shān,shan,1
邢,xíng,xing,2
醐,hú,hu,2
葊,ān,an,1
薄,bó,bo,2
鄜,fū,fu,1
䈼,miè,mie,4
害,hài,hai,4
昼,zhòu,zhou,4
轾,zhì,zhi,4
猕,mí,mi,2
誁,běng,beng,3
倦,juàn,juan,4
螷,pí,pi,2
踝,huái,huai,2
熕,熕,熕,
㐴,pān,pan,1
嶥,jué,jue,2
塊,kuài,kuai,4
仫,mù,mu,4
摇,yáo,yao,2
嫏,láng,lang,2
㒇,mù,mu,4
艐,zōng,zong,1
翲,piāo,piao,1
钏,chuàn,chuan,4
䈩,䈩,䈩,
纼,yǐn,yin,3
䢺,䢺,䢺,
問,wèn,wen,4
䞫,yǔn,yun,3
岏,yuán,yuan,2
聡,cōng,cong,1
褕,yú,yu,2
帔,pèi,pei,4
嬧,jìn,jin,4
燪,cōng,cong,1
憯,cǎn,can,3
衚,hú,hu,2
餹,táng,tang,2
絣,bīng,bing,1
㠤,㠤,㠤,
慮,lv̀,lv,4
偋,bǐng,bing,3
恌,tiāo,tiao,1
䶷,䶷,䶷,
濼,luò,luo,4
䭀,xùn,xun,4
憮,wǔ,wu,3
㣻,yì,yi,4
䙹,jiǎng,jiang,3
为,wèi,wei,4
嵖,chá,cha,2
鏳,zhēng,zheng,1
蛙,wā,wa,1
垲,kǎi,kai,3
饔,yōng,yong,1
䚏,lèng,leng,4
稭,jiē,jie,1
慚,cán,can,2
迉,qí,qi,2
倐,shū,shu,1
帩,qiào,qiao,4
㝟,máo,mao,2
栋,dòng,dong,4
笻,qióng,qiong,2
韛,bèi,bei,4
郒,郒,郒,
靀,méng,meng,2
䗥,䗥,䗥,
齖,yá,ya,2
坍,tān,tan,1
罇,zūn,zun,1
卟,bǔ,bu,3
䴩,piáo,piao,2
㽂,sà,sa,4
㣁,bèi,bei,4
棏,tè,te,4
黏,nián,nian,2
滷,lǔ,lu,3
韺,yīng,ying,1
壌,rǎng,rang,3
蒩,zū,zu,1
圃,pǔ,pu,3
臰,chòu,chou,4
曬,shài,shai,4
扚,diāo,diao,1
䱳,䱳,䱳,
暶,xuán,xuan,2
㸜,kòng,kong,4
缀,zhùi,zhui,4
滨,bīn,bin,1
瞾,zhào,zhao,4
䙄,qì,qi,4
䑗,dàng,dang,4
塀,塀,塀,
氏,shì,shi,4
躘,lóng,long,2
娤,zhuāng,zhuang,1
灰,hūi,hui,1
飌,fēng,feng,1
滽,yóng,yong,2
竡,竡,竡,
痤,cuó,cuo,2
硾,zhùi,zhui,4
贄,zhì,zhi,4
锃,zhèng,zheng,4
蜳,dūn,dun,1
硴,硴,硴,
鹲,méng,meng,2
皪,lì,li,4
芄,wán,wan,2
䉘,cóng,cong,2
佃,diàn,dian,4
蛈,tiè,tie,4
䆗,jiào,jiao,4
垜,duǒ,duo,3
䒂,jiǎng,jiang,3
麴,qú,qu,2
搡,sǎng,sang,3
䌪,yán,yan,2
曤,huò,huo,4
忉,dāo,dao,1
鶲,wēng,weng,1
賦,fù,fu,4
蘴,fēng,feng,1
䍳,chuò,chuo,4
萻,ān,an,1
額,é,e,2
司,sī,si,1
潃,xún,xun,2
攝,shè,she,4
朝,zhāo,zhao,1
㽈,yì,yi,4
䶹,䶹,䶹,
频,pín,pin,2
㜒,yì,yi,4
壕,háo,hao,2
齔,chèn,chen,4
揳,xiè,xie,4
炞,炞,炞,
蘇,sū,su,1
庞,páng,pang,2
㡲,huán,huan,2
怞,chōu,chou,1
䔅,䔅,䔅,
糷,lán,lan,2
劧,zhǐ,zhi,3
巡,xún,xun,2
薾,ěr,er,3
㔏,lì,li,4
䗉,䗉,䗉,
䑕,shǔ,shu,3
灲,xiāo,xiao,1
惲,yùn,yun,4
糩,kuài,kuai,4
謱,lóu,lou,2
骆,luò,luo,4
衁,huāng,huang,1
鰳,lè,le,4
蘧,qú,qu,2
哇,wā,wa,1
鵟,kuáng,kuang,2
凳,dèng,deng,4
㟰,mǐng,ming,3
㪒,ní,ni,2
钗,chāi,chai,1
棾,qióng,qiong,2
菝,bá,ba,2
蘾,huài,huai,4
铲,chǎn,chan,3
䧂,dào,dao,4
緅,zōu,zou,1
刻,kè,ke,4
䕋,chǎng,chang,3
婣,yīn,yin,1
熜,zǒng,zong,3
䈊,líng,ling,2
㲍,㲍,㲍,
繀,sùi,sui,4
蔑,miè,mie,4
蹥,lián,lian,2
嚕,lū,lu,1
茐,茐,茐,
嬀,gūi,gui,1
鏵,huá,hua,2
仉,zhǎng,zhang,3
䈤,qián,qian,2
甴,zhá,zha,2
藘,lv́,lv,2
䤸,zuàn,zuan,4
扑,pū,pu,1
庹,tuǒ,tuo,3
猆,fēi,fei,1
䨷,xiàn,xian,4
咛,níng,ning,2
熈,xī,xi,1
樶,zūi,zui,1
莝,cuò,cuo,4
鹟,wēng,weng,1
瀩,dùi,dui,4
㼊,tún,tun,2
鑮,bó,bo,2
䑊,wéi,wei,2
鷛,róng,rong,2
䣶,huó,huo,2
䪭,ruǎn,ruan,3
線,xiàn,xian,4
汃,bīn,bin,1
僟,jī,ji,1
砱,líng,ling,2
翊,yì,yi,4
劾,hé,he,2
禃,zhí,zhi,2
胊,qú,qu,2
麓,lù,lu,4
懵,měng,meng,3
溋,溋,溋,
鮼,qīn,qin,1
绋,fú,fu,2
䎕,䎕,䎕,
骁,xiāo,xiao,1
䗞,cán,can,2
朩,děng,deng,3
口,kǒu,kou,3
凙,duó,duo,2
偀,yīng,ying,1
孕,yùn,yun,4
儱,lǒng,long,3
岀,chū,chu,1
傊,yǔn,yun,3
笟,gū,gu,1
玹,xuán,xuan,2
隳,hūi,hui,1
尷,gān,gan,1
䅃,qióng,qiong,2
谦,qiān,qian,1
碍,ài,ai,4
僋,tàn,tan,4
奇,qí,qi,2
纵,zòng,zong,4
㹷,shǐ,shi,3
乬,乬,乬,
掯,kèn,ken,4
箑,shà,sha,4
厲,lì,li,4
丳,chǎn,chan,3
聀,zhí,zhi,2
跏,jiā,jia,1
荆,jīng,jing,1
馣,ān,an,1
郤,xì,xi,4
䉓,léi,lei,2
斯,sī,si,1
䮖,䮖,䮖,
嬒,wèi,wei,4
帚,zhǒu,zhou,3
儍,shǎ,sha,3
綽,chuò,chuo,4
䚕,lì,li,4
彌,mí,mi,2
䨸,yǐn,yin,3
荖,lǎo,lao,3
㤘,chù,chu,4
壮,zhuàng,zhuang,4
銞,jūn,jun,1
嚽,chuò,chuo,4
嬴,yíng,ying,2
䏥,䏥,䏥,
揉,róu,rou,2
恼,nǎo,nao,3
妑,pā,pa,1
屸,lóng,long,2
洴,píng,ping,2
㱆,㱆,㱆,
鬹,gūi,gui,1
䔌,䔌,䔌,
璍,璍,璍,
顧,gù,gu,4
璴,璴,璴,
仞,rèn,ren,4
韅,xiǎn,xian,3
间,jiān,jian,1
㚢,nú,nu,2
㾱,bèi,bei,4
劲,jìng,jing,4
鬰,yù,yu,4
沊,dàn,dan,4
䍧,䍧,䍧,
哄,hōng,hong,1
㩥,㩥,㩥,
餠,bǐng,bing,3
呴,xū,xu,1
妡,xīn,xin,1
誡,jiè,jie,4
沝,zhǔi,zhui,3
悐,tì,ti,4
䝛,䝛,䝛,
歱,zhǒng,zhong,3
梣,cén,cen,2
娣,dì,di,4
苶,nié,nie,2
茬,chí,chi,2
紤,jǐu,jiu,3
䈸,hú,hu,2
甸,diàn,dian,4
牍,dú,du,2
履,lv̌,lv,3
屡,lv̌,lv,3
貗,jù,ju,4
祱,shùi,shui,4
锼,sōu,sou,1
琎,jìn,jin,4
偍,tí,ti,2
䶥,jǔ,ju,3
櫤,櫤,櫤,
壚,lú,lu,2
座,zuò,zuo,4
韔,chàng,chang,4
䧯,chán,chan,2
鹼,jiǎn,jian,3
呣,呣,呣,
瘈,jì,ji,4
缋,hùi,hui,4
鱻,xiān,xian,1
旑,yǐ,yi,3
犅,gāng,gang,1
㪑,yè,ye,4
箐,jīng,jing,1
頊,xù,xu,4
癋,hè,he,4
䱗,䱗,䱗,
摼,kēng,keng,1
鎈,chuō,chuo,1
賋,jiǎo,jiao,3
釘,dīng,ding,1
涎,xián,xian,2
鱋,qū,qu,1
䌇,hùi,hui,4
曒,jiǎo,jiao,3
粩,粩,粩,
豑,zhì,zhi,4
㑐,㑐,㑐,
戛,jiá,jia,2
枴,guǎi,guai,3
痀,qú,qu,2
綂,tǒng,tong,3
礶,guàn,guan,4
至,zhì,zhi,4
迁,qiān,qian,1
筱,xiǎo,xiao,3
䇈,gùi,gui,4
䬄,yù,yu,4
㣭,㣭,㣭,
撄,yīng,ying,1
䈷,luò,luo,4
濒,bīn,bin,1
㼬,xìng,xing,4
綩,wǎn,wan,3
㑦,lì,li,4
劶,kǒu,kou,3
䰂,cài,cai,4
鈹,pī,pi,1
聥,yǔ,yu,3
踩,cǎi,cai,3
騃,ái,ai,2
翗,qí,qi,2
㻩,㻩,㻩,
玆,zī,zi,1
箲,xiǎn,xian,3
䑻,yóu,you,2
稚,zhì,zhi,4
㓘,sù,su,4
軪,āo,ao,1
毜,毜,毜,
旂,qí,qi,2
䭱,bié,bie,2
駆,qū,qu,1
㡫,yì,yi,4
魤,é,e,2
凖,凖,凖,
靽,bàn,ban,4
䢞,nù,nu,4
覼,luó,luo,2
勵,lì,li,4
桑,sāng,sang,1
翎,líng,ling,2
䯘,huàn,huan,4
眾,zhòng,zhong,4
俈,kù,ku,4
餐,cān,can,1
逖,tì,ti,4
顈,jiǒng,jiong,3
埄,péng,peng,2
竨,diào,diao,4
鞿,jī,ji,1
㚥,yú,yu,2
晼,wǎn,wan,3
育,yù,yu,4
燹,xiǎn,xian,3
犎,fēng,feng,1
鱿,yóu,you,2
㛰,㛰,㛰,
鮴,鮴,鮴,
䴥,䴥,䴥,
籲,yù,yu,4
皻,zhā,zha,1
字,zì,zi,4
瞲,xù,xu,4
鲳,chāng,chang,1
䡶,bèi,bei,4
舀,yǎo,yao,3
䐦,䐦,䐦,
搦,nuò,nuo,4
㰌,què,que,4
纐,纐,纐,
級,jí,ji,2
煦,xǔ,xu,3
跴,cǎi,cai,3
贛,gàn,gan,4
價,jià,jia,4
髒,zāng,zang,1
侼,bó,bo,2
茩,gǒu,gou,3
椏,yā,ya,1
㤝,㤝,㤝,
灦,xiǎn,xian,3
櫌,yōu,you,1
魗,chǒu,chou,3
轩,xuān,xuan,1
劵,juàn,juan,4
䈜,qìn,qin,4
抍,zhěng,zheng,3
灌,guàn,guan,4
萡,萡,萡,
滟,yàn,yan,4
汚,wū,wu,1
謯,jiē,jie,1
晃,huǎng,huang,3
䲳,háng,hang,2
庨,xiāo,xiao,1
犳,chuó,chuo,2
镴,là,la,4
乒,pīng,ping,1
挲,suō,suo,1
旞,sùi,sui,4
膯,tēng,teng,1
鞕,yìng,ying,4
恛,húi,hui,2
矎,xuān,xuan,1
禖,méi,mei,2
斣,chù,chu,4
㸸,hǒu,hou,3
佦,佦,佦,
鮪,wěi,wei,3
鮍,pī,pi,1
㻰,miǎn,mian,3
担,dàn,dan,4
虀,jī,ji,1
庢,zhì,zhi,4
蝴,hú,hu,2
鏓,cōng,cong,1
髚,qiào,qiao,4
竏,竏,竏,
癃,lóng,long,2
娃,wá,wa,2
㫊,yǐ,yi,3
貉,hé,he,2
醜,chǒu,chou,3
鞨,hé,he,2
鯶,hǔn,hun,3
翌,yì,yi,4
栞,kān,kan,1
㥃,mèn,men,4
㛁,㛁,㛁,
饾,dòu,dou,4
墉,yōng,yong,1
槽,cáo,cao,2
㘢,wěng,weng,3
倠,sūi,sui,1
圏,quān,quan,1
馍,mó,mo,2
䠏,jì,ji,4
䧡,䧡,䧡,
嗻,zhē,zhe,1
袸,cún,cun,2
奜,fěi,fei,3
䮑,lèi,lei,4
慿,píng,ping,2
辖,xiá,xia,2
屪,liáo,liao,2
迗,é,e,2
龞,biē,bie,1
䙖,䙖,䙖,
幍,dāo,dao,1
籙,lù,lu,4
谐,xié,xie,2
吽,ōu,ou,1
眰,dié,die,2
庝,tóng,tong,2
錈,juàn,juan,4
哪,nǎ,na,3
䅎,yǒu,you,3
憂,yōu,you,1
䵍,䵍,䵍,
濕,shī,shi,1
㩷,㩷,㩷,
鱪,鱪,鱪,
苛,kē,ke,1
丨,gǔn,gun,3
晬,zùi,zui,4
暸,liáo,liao,2
恹,yàn,yan,4
证,zhèng,zheng,4
锷,è,e,4
烆,xíng,xing,2
憒,kùi,kui,4
廪,lǐn,lin,3
髎,liáo,liao,2
㴫,jùn,jun,4
瀦,zhū,zhu,1
膃,wà,wa,4
呡,wěn,wen,3
窆,biǎn,bian,3
㬂,yú,yu,2
䅅,䅅,䅅,
䪟,䪟,䪟,
堣,yú,yu,2
覌,guān,guan,1
閭,lv́,lv,2
糤,sǎn,san,3
㨺,mén,men,2
栅,zhà,zha,4
砍,kǎn,kan,3
緰,yú,yu,2
暨,jì,ji,4
酟,tiān,tian,1
鼿,wū,wu,1
犣,liè,lie,4
瘾,yǐn,yin,3
锲,qiè,qie,4
鸁,luó,luo,2
牰,yòu,you,4
晋,jìn,jin,4
㿉,túi,tui,2
乽,乽,乽,
黅,jīn,jin,1
鐔,tán,tan,2
勳,xūn,xun,1
鹞,yào,yao,4
炽,chì,chi,4
頟,é,e,2
刷,shuā,shua,1
㿑,yào,yao,4
䱱,dì,di,4
硐,tóng,tong,2
䊄,qióng,qiong,2
㛕,yì,yi,4
懁,huán,huan,2
絢,xuàn,xuan,4
㱛,chuǎn,chuan,3
䃔,hóng,hong,2
䗫,má,ma,2
珮,pèi,pei,4
嗏,chā,cha,1
嘭,pēng,peng,1
㣜,xíng,xing,2
踷,zhě,zhe,3
㻒,jùn,jun,4
潁,yǐng,ying,3
膩,nì,ni,4
㳘,㳘,㳘,
鋚,tiáo,tiao,2
㧣,zhù,zhu,4
鯙,chún,chun,2
諒,liàng,liang,4
飸,tāo,tao,1
㱓,㱓,㱓,
搇,qìn,qin,4
磵,jiàn,jian,4
掍,gǔn,gun,3
兵,bīng,bing,1
吵,chǎo,chao,3
铿,kēng,keng,1
瓐,lú,lu,2
鄠,hù,hu,4
軷,bá,ba,2
蒹,jiān,jian,1
雎,jū,ju,1
福,fú,fu,2
苞,bāo,bao,1
絝,kù,ku,4
勣,jī,ji,1
讹,é,e,2
籹,nv̌,nv,3
氓,máng,mang,2
覫,pǎng,pang,3
忎,rén,ren,2
嚱,xì,xi,4
妗,jìn,jin,4
训,xùn,xun,4
貿,mào,mao,4
鈢,niē,nie,1
更,gèng,geng,4
铌,nǐ,ni,3
䱘,lí,li,2
枠,枠,枠,
璩,qú,qu,2
㿲,㿲,㿲,
㯎,nèn,nen,4
䐄,hàn,han,4
㑣,lán,lan,2
䠔,sùi,sui,4
犵,gē,ge,1
礜,yù,yu,4
跠,yí,yi,2
豏,xiàn,xian,4
䆓,è,e,4
㕹,fá,fa,2
謃,謃,謃,
擮,jí,ji,2
笴,gě,ge,3
䡜,lù,lu,4
礅,dūn,dun,1
緛,ruǎn,ruan,3
驿,yì,yi,4
㢘,lián,lian,2
譄,zēng,zeng,1
趇,sè,se,4
㤢,xù,xu,4
錗,wèi,wei,4
枽,yè,ye,4
笢,mǐn,min,3
勃,bó,bo,2
㘇,róng,rong,2
妳,nǎi,nai,3
㧝,㧝,㧝,
倨,jù,ju,4
袕,shù,shu,4
揋,wēi,wei,1
揑,niē,nie,1
䅉,yà,ya,4
勏,pǒu,pou,3
磞,pēng,peng,1
㩾,chúi,chui,2
碭,dàng,dang,4
豂,liáo,liao,2
山,shān,shan,1
舢,shān,shan,1
狧,tà,ta,4
䆘,cuán,cuan,2
燼,jìn,jin,4
㜻,liàn,lian,4
罟,gǔ,gu,3
䩠,䩠,䩠,
㭐,㭐,㭐,
彤,tóng,tong,2
斐,fěi,fei,3
圉,yǔ,yu,3
袠,zhì,zhi,4
猞,shè,she,4
憗,yìn,yin,4
瑽,cōng,cong,1
尢,wāng,wang,1
獀,sōu,sou,1
䓼,hè,he,4
躛,wèi,wei,4
䱭,gèng,geng,4
㠫,㠫,㠫,
姆,mǔ,mu,3
濲,gǔ,gu,3
迫,pò,po,4
甆,cí,ci,2
杆,gān,gan,1
亀,gūi,gui,1
熐,mì,mi,4
鹳,guàn,guan,4
鸢,yuān,yuan,1
薏,yì,yi,4
倢,jié,jie,2
届,jiè,jie,4
宦,huàn,huan,4
鱟,hòu,hou,4
瞱,yè,ye,4
蛫,gǔi,gui,3
瀆,dú,du,2
決,jué,jue,2
㯀,xiǎn,xian,3
葫,hú,hu,2
瓍,sùi,sui,4
鉦,zhēng,zheng,1
煳,hú,hu,2
驣,téng,teng,2
犯,fàn,fan,4
綤,shào,shao,4
覮,yíng,ying,2
㪟,㪟,㪟,
孯,qiān,qian,1
潬,dàn,dan,4
櫜,gāo,gao,1
齫,kǔn,kun,3
璉,lián,lian,2
懀,wài,wai,4
擢,zhuó,zhuo,2
悻,xìng,xing,4
䶍,dì,di,4
䘑,mài,mai,4
橮,lǐu,liu,3
磜,qì,qi,4
鍯,cōng,cong,1
䎰,zuó,zuo,2
訠,shěn,shen,3
绦,tāo,tao,1
艖,chā,cha,1
閅,mén,men,2
鐈,qiáo,qiao,2
䯭,䯭,䯭,
䂏,䂏,䂏,
胦,yāng,yang,1
覶,luó,luo,2
㦆,㦆,㦆,
艜,dài,dai,4
䔞,lv̀,lv,4
㒼,mán,man,2
趚,sù,su,4
茙,róng,rong,2
韠,bì,bi,4
躼,躼,躼,
颯,sà,sa,4
壍,qiàn,qian,4
褔,fù,fu,4
釱,dì,di,4
絉,shù,shu,4
袒,tǎn,tan,3
鞰,鞰,鞰,
禢,tā,ta,1
艼,tīng,ting,1
鄲,dān,dan,1
䄑,huó,huo,2
怩,ní,ni,2
㷃,cǔi,cui,3
㞿,chì,chi,4
鈨,鈨,鈨,
緆,yì,yi,4
䚫,áo,ao,2
祼,guàn,guan,4
䔚,chún,chun,2
鋝,lvè,lve,4
矱,huò,huo,4
簢,mǐn,min,3
㓠,diàn,dian,4
楂,zhā,zha,1
䊟,mén,men,2
洳,rù,ru,4
疩,cùi,cui,4
儋,dān,dan,1
檢,jiǎn,jian,3
鮥,luò,luo,4
缼,缼,缼,
爀,hè,he,4
䱠,zhàn,zhan,4
閏,rùn,run,4
鲎,hòu,hou,4
䱵,䱵,䱵,
䍌,bù,bu,4
㵟,㵟,㵟,
瓃,léi,lei,2
痲,má,ma,2
䃡,cén,cen,2
铏,xíng,xing,2
䭼,qí,qi,2
楱,còu,cou,4
窢,xù,xu,4
蹈,dǎo,dao,3
獉,zhēn,zhen,1
轡,pèi,pei,4
敕,chì,chi,4
委,wěi,wei,3
愨,què,que,4
䠊,fèi,fei,4
鼓,gǔ,gu,3
㙴,chàn,chan,4
吡,bǐ,bi,3
變,biàn,bian,4
祊,bēng,beng,1
棎,chán,chan,2
宅,zhái,zhai,2
砆,fū,fu,1
胋,tián,tian,2
䔖,líng,ling,2
草,cǎo,cao,3
帅,shuài,shuai,4
傈,lì,li,4
鰲,áo,ao,2
䰷,bàng,bang,4
滇,diān,dian,1
㒾,shì,shi,4
囎,囎,囎,
鐚,yà,ya,4
聅,chè,che,4
肑,dì,di,4
㖻,róu,rou,2
㢍,yíng,ying,2
氞,氞,氞,
䈰,䈰,䈰,
覑,piǎn,pian,3
䧋,xiǎn,xian,3
餚,yáo,yao,2
儞,nǐ,ni,3
姅,bàn,ban,4
含,hán,han,2
缃,xiāng,xiang,1
殾,jùn,jun,4
鵭,qín,qin,2
廖,liào,liao,4
䒻,qǐ,qi,3
鰫,róng,rong,2
㪎,shǎn,shan,3
䘮,sà,sa,4
綘,féng,feng,2
鯖,qīng,qing,1
㦗,jiàn,jian,4
䔀,䔀,䔀,
帐,zhàng,zhang,4
鿂,鿂,鿂,
皷,gǔ,gu,3
琪,qí,qi,2
忧,yōu,you,1
僅,jǐn,jin,3
蓗,zǒng,zong,3
涀,xiàn,xian,4
埘,shí,shi,2
挻,shān,shan,1
羾,gòng,gong,4
螋,sōu,sou,1
鬴,fǔ,fu,3
葈,xǐ,xi,3
直,zhí,zhi,2
瞎,xiā,xia,1
䁶,jiǎo,jiao,3
㹑,sì,si,4
䐓,róu,rou,2
踼,táng,tang,2
酒,jǐu,jiu,3
蔃,jiàng,jiang,4
鷄,jī,ji,1
壞,huài,huai,4
乯,乯,乯,
蓄,xù,xu,4
膖,pāng,pang,1
迡,nì,ni,4
鍥,qiè,qie,4
桙,yú,yu,2
浳,yì,yi,4
瑦,wū,wu,1
釦,kòu,kou,4
鲰,zōu,zou,1
漌,jǐn,jin,3
柢,dǐ,di,3
娧,tùi,tui,4
鉀,jiǎ,jia,3
忴,qián,qian,2
煍,jiǎo,jiao,3
冹,fú,fu,2
祡,chái,chai,2
欘,zhǔ,zhu,3
䎌,cù,cu,4
娡,zhì,zhi,4
醶,jiào,jiao,4
跥,duò,duo,4
慟,tòng,tong,4
敬,jìng,jing,4
㑈,dòng,dong,4
杨,yáng,yang,2
䍵,䍵,䍵,
嫉,jí,ji,2
軸,zhóu,zhou,2
鵫,zhào,zhao,4
胁,xié,xie,2
伥,chāng,chang,1
䲯,jí,ji,2
鸠,jīu,jiu,1
峚,mì,mi,4
嬑,yì,yi,4
共,gòng,gong,4
䈛,kuài,kuai,4
裊,niǎo,niao,3
總,zǒng,zong,3
鴅,huān,huan,1
蠴,蠴,蠴,
憲,xiàn,xian,4
吺,dōu,dou,1
㵛,㵛,㵛,
㒝,miè,mie,4
镊,niè,nie,4
掕,lìng,ling,4
夣,mèng,meng,4
䚦,zhì,zhi,4
辚,lín,lin,2
宓,mì,mi,4
甲,jiǎ,jia,3
畊,gēng,geng,1
膫,liáo,liao,2
䊶,zhèn,zhen,4
膅,táng,tang,2
䬘,䬘,䬘,
䝉,䝉,䝉,
稁,kǎo,kao,3
藅,fá,fa,2
䑀,pì,pi,4
擔,dān,dan,1
龓,lóng,long,2
氀,lv́,lv,2
汘,qiān,qian,1
充,chōng,chong,1
洇,yīn,yin,1
郵,yóu,you,2
勖,xù,xu,4
闆,bǎn,ban,3
泴,guàn,guan,4
䐷,䐷,䐷,
恔,xiào,xiao,4
楗,jiàn,jian,4
弊,bì,bi,4
择,zé,ze,2
筃,yīn,yin,1
篬,qiāng,qiang,1
莟,hàn,han,4
騁,chěng,cheng,3
漚,òu,ou,4
㙜,chí,chi,2
燬,hǔi,hui,3
䬪,bó,bo,2
徧,biàn,bian,4
春,chūn,chun,1
醓,tǎn,tan,3
綄,wàn,wan,4
褷,shī,shi,1
䒁,jì,ji,4
䥛,jié,jie,2
檾,qǐng,qing,3
䗆,guǎn,guan,3
輅,lù,lu,4
蕽,nóng,nong,2
㮲,㮲,㮲,
峺,gěng,geng,3
洽,qià,qia,4
㐬,líu,liu,2
濆,fén,fen,2
䀋,yán,yan,2
先,xiān,xian,1
樓,lóu,lou,2
㾪,shěng,sheng,3
䈳,tà,ta,4
㯊,hén,hen,2
㙫,jí,ji,2
请,qǐng,qing,3
䆅,cí,ci,2
蟿,qì,qi,4
覭,míng,ming,2
䟙,qiè,qie,4
錍,pí,pi,2
暹,xiān,xian,1
䒌,mìng,ming,4
㙣,zhàng,zhang,4
钩,gōu,gou,1
岼,岼,岼,
毬,qíu,qiu,2
扏,qíu,qiu,2
殺,shā,sha,1
卑,bēi,bei,1
搘,zhī,zhi,1
駼,tú,tu,2
酆,fēng,feng,1
䏄,zhì,zhi,4
㲇,㲇,㲇,
镞,zú,zu,2
庺,sōng,song,1
頚,jǐng,jing,3
蓇,gǔ,gu,3
衪,yǐ,yi,3
䩃,shì,shi,4
藆,jiǎn,jian,3
邩,huǒ,huo,3
縡,zǎi,zai,3
鵌,yú,yu,2
䲇,䲇,䲇,
幪,méng,meng,2
伢,yá,ya,2
薸,piāo,piao,1
艅,yú,yu,2
獁,mà,ma,4
龬,龬,龬,
謺,zhé,zhe,2
鼉,tuó,tuo,2
霗,霗,霗,
䳚,hé,he,2
簰,pái,pai,2
儠,liè,lie,4
惻,cè,ce,4
夦,chèn,chen,4
匕,bǐ,bi,3
䬧,yuán,yuan,2
嚬,pín,pin,2
䈅,yù,yu,4
䜪,qíu,qiu,2
崝,zhēng,zheng,1
猰,yà,ya,4
叭,bā,ba,1
䮫,lóu,lou,2
㔵,xiàn,xian,4
㒍,léi,lei,2
䂷,䂷,䂷,
䏣,jué,jue,2
蜡,là,la,4
轎,jiào,jiao,4
篥,lì,li,4
聨,聨,聨,
榟,zǐ,zi,3
缍,duǒ,duo,3
彰,zhāng,zhang,1
覧,lǎn,lan,3
骓,zhūi,zhui,1
蹒,mán,man,2
䄾,ròu,rou,4
嫞,yóng,yong,2
媯,gūi,gui,1
鑚,zuàn,zuan,4
㤁,miǎn,mian,3
匔,qiōng,qiong,1
䕧,xiào,xiao,4
㰆,bèi,bei,4
㺑,cán,can,2
㜇,hùi,hui,4
羓,bā,ba,1
㶎,huán,huan,2
縻,mí,mi,2
蝙,biān,bian,1
訸,hé,he,2
傯,zǒng,zong,3
礉,hé,he,2
囈,yì,yi,4
鿻,鿻,鿻,
㽒,㽒,㽒,
瑋,wěi,wei,3
腖,dòng,dong,4
鴤,zhōng,zhong,1
虬,qíu,qiu,2
㨷,jìn,jin,4
脊,jí,ji,2
㡔,wù,wu,4
襒,bié,bie,2
偶,ǒu,ou,3
啐,cùi,cui,4
胔,zì,zi,4
臣,chén,chen,2
俊,jùn,jun,4
䳏,gùi,gui,4
䞒,dòng,dong,4
拙,zhuó,zhuo,2
䄲,chúi,chui,2
緞,duàn,duan,4
輀,ér,er,2
櫬,chèn,chen,4
藜,lí,li,2
懣,mèn,men,4
踽,jǔ,ju,3
孌,luán,luan,2
韣,dú,du,2
䎩,䎩,䎩,
呈,chéng,cheng,2
毅,yì,yi,4
嬪,pín,pin,2
桼,qī,qi,1
嵽,dié,die,2
楧,yīng,ying,1
屈,qū,qu,1
事,shì,shi,4
葤,zhòu,zhou,4
琹,qín,qin,2
候,hòu,hou,4
咝,sī,si,1
菫,jǐn,jin,3
菢,bào,bao,4
讟,dú,du,2
蕠,rú,ru,2
䉞,dǎn,dan,3
䊒,䊒,䊒,
虱,shī,shi,1
恐,kǒng,kong,3
㸱,tuó,tuo,2
傘,sǎn,san,3
躞,xiè,xie,4
币,bì,bi,4
掃,sǎo,sao,3
櫧,zhū,zhu,1
条,tiáo,tiao,2
鶳,shī,shi,1
墥,dǒng,dong,3
幽,yōu,you,1
瀳,jiàn,jian,4
頠,wěi,wei,3
䩭,䩭,䩭,
凼,dàng,dang,4
禗,sī,si,1
轴,zhóu,zhou,2
䈕,chí,chi,2
䗭,䗭,䗭,
乶,fǔ,fu,3
葻,lán,lan,2
㩀,jù,ju,4
鯇,wǎn,wan,3
䥉,䥉,䥉,
闟,xì,xi,4
瘘,lv́,lv,2
䅽,gǔ,gu,3
㳹,wǎng,wang,3
動,dòng,dong,4
宠,chǒng,chong,3
瀃,sì,si,4
盓,yū,yu,1
咴,hūi,hui,1
䄜,lí,li,2
獕,cūi,cui,1
肗,rǔ,ru,3
罓,gāng,gang,1
躕,chú,chu,2
㕠,㕠,㕠,
䑒,䑒,䑒,
圥,lù,lu,4
㩋,sù,su,4
弋,yì,yi,4
㨰,gé,ge,2
覨,è,e,4
烬,jìn,jin,4
鶑,鶑,鶑,
㦑,liǎn,lian,3
藁,gǎo,gao,3
憴,shéng,sheng,2
倬,zhuō,zhuo,1
铡,zhá,zha,2
箯,biān,bian,1
㠵,㠵,㠵,
椊,zuó,zuo,2
躩,jué,jue,2
盾,dùn,dun,4
軯,pēng,peng,1
䟈,zhí,zhi,2
逞,chěng,cheng,3
嵣,dāng,dang,1
杭,háng,hang,2
㡌,mào,mao,4
碔,wǔ,wu,3
矵,qì,qi,4
髗,lú,lu,2
搳,xiá,xia,2
晎,hǒng,hong,3
眢,yuān,yuan,1
嘛,ma,ma,5
䅏,hùi,hui,4
否,fǒu,fou,3
藋,diào,diao,4
頉,yí,yi,2
鎟,sǎng,sang,3
燾,dào,dao,4
濡,rú,ru,2
鴦,yāng,yang,1
㯟,lù,lu,4
䯪,kǎo,kao,3
彔,lù,lu,4
涡,wō,wo,1
䋚,yì,yi,4
锺,zhōng,zhong,1
䐅,yí,yi,2
棯,rěn,ren,3
縿,shān,shan,1
锩,juàn,juan,4
靆,dài,dai,4
玓,dì,di,4
衜,dào,dao,4
坲,fó,fo,2
藡,dí,di,2
䶫,kǎn,kan,3
澐,yún,yun,2
舧,fán,fan,2
掭,tiàn,tian,4
蝇,yíng,ying,2
訔,yín,yin,2
䏶,bì,bi,4
胅,dié,die,2
氲,yūn,yun,1
鯣,yì,yi,4
芆,chāi,chai,1
苑,yuàn,yuan,4
㥳,yuán,yuan,2
蔝,mǐ,mi,3
䜛,chán,chan,2
襺,jiǎn,jian,3
矢,shǐ,shi,3
硥,mǎng,mang,3
攺,yǐ,yi,3
䌲,䌲,䌲,
拆,chāi,chai,1
㘟,㘟,㘟,
㻝,là,la,4
汲,jí,ji,2
滑,huá,hua,2
䃪,tán,tan,2
喅,yù,yu,4
䥠,䥠,䥠,
帉,fēn,fen,1
僰,bó,bo,2
掽,pèng,peng,4
㣸,㣸,㣸,
銒,xíng,xing,2
䉲,biè,bie,4
煥,huàn,huan,4
㞙,niào,niao,4
䉑,mó,mo,2
忪,zhōng,zhong,1
恮,quán,quan,2
嘖,zé,ze,2
闦,wén,wen,2
幉,幉,幉,
搞,gǎo,gao,3
婅,jú,ju,2
蝌,kē,ke,1
遺,yí,yi,2
㾤,㾤,㾤,
燲,xié,xie,2
錶,biǎo,biao,3
桇,rú,ru,2
豆,dòu,dou,4
鐞,nòu,nou,4
雝,yōng,yong,1
䃁,䃁,䃁,
䜟,chén,chen,2
嫂,sǎo,sao,3
䧹,䧹,䧹,
佊,bǐ,bi,3
刯,gēn,gen,1
诘,jié,jie,2
晦,hùi,hui,4
毳,cùi,cui,4
㤋,㤋,㤋,
䔦,䔦,䔦,
鶡,hé,he,2
潫,wān,wan,1
笵,fàn,fan,4
旔,jiàn,jian,4
啦,la,la,5
讗,huò,huo,4
㒏,㒏,㒏,
殂,cú,cu,2
谤,bàng,bang,4
䪸,mín,min,2
栨,jié,jie,2
諚,pián,pian,2
膡,yìng,ying,4
魍,wǎng,wang,3
巏,quán,quan,2
醫,yī,yi,1
牫,gē,ge,1
穙,pú,pu,2
篐,篐,篐,
㪞,mào,mao,4
乫,jiā,jia,1
悽,qī,qi,1
戁,nǎn,nan,3
䦙,sì,si,4
诖,guà,gua,4
漿,jiāng,jiang,1
鄨,bì,bi,4
阛,huán,huan,2
櫋,mián,mian,2
胂,shēn,shen,1
懽,huān,huan,1
取,qǔ,qu,3
羣,qún,qun,2
丯,jiè,jie,4
瓷,cí,ci,2
峎,ān,an,1
燘,měi,mei,3
瑨,jìn,jin,4
鼳,jú,ju,2
䁟,chá,cha,2
蹎,diān,dian,1
耳,ěr,er,3
檼,yìn,yin,4
嵪,qiāo,qiao,1
㚐,tào,tao,4
䠵,fù,fu,4
魭,yuán,yuan,2
㐀,qīu,qiu,1
䶐,kuài,kuai,4
堙,yīn,yin,1
龛,kān,kan,1
寚,bǎo,bao,3
鋩,máng,mang,2
坠,zhùi,zhui,4
㥄,líng,ling,2
泤,sì,si,4
㠂,áo,ao,2
辜,gū,gu,1
㐽,㐽,㐽,
妛,妛,妛,
攷,kǎo,kao,3
陚,fù,fu,4
嘀,dí,di,2
瘔,kù,ku,4
裱,biǎo,biao,3
䇚,䇚,䇚,
䝔,䝔,䝔,
桢,zhēn,zhen,1
偔,è,e,4
亶,dǎn,dan,3
鍼,zhēn,zhen,1
㻨,㻨,㻨,
鸸,ér,er,2
羌,qiāng,qiang,1
用,yòng,yong,4
䳉,dàn,dan,4
墠,shàn,shan,4
釿,yín,yin,2
菰,gū,gu,1
剱,jiàn,jian,4
䌙,huǎng,huang,3
㓃,chúi,chui,2
蠦,lú,lu,2
䄘,péng,peng,2
惛,hūn,hun,1
骹,qiāo,qiao,1
稕,zhùn,zhun,4
㾀,qiè,qie,4
鎱,yuán,yuan,2
筙,lái,lai,2
袰,袰,袰,
䣱,xù,xu,4
葂,miǎn,mian,3
腳,jiǎo,jiao,3
騹,lí,li,2
䆬,yǔn,yun,3
鴉,yā,ya,1
髋,kuān,kuan,1
㗪,㗪,㗪,
䊉,sǎn,san,3
㗱,jí,ji,2
㣥,zhì,zhi,4
侲,zhèn,zhen,4
巀,jiē,jie,1
獪,kuài,kuai,4
䴵,bǐng,bing,3
頕,dān,dan,1
垺,pēi,pei,1
餘,yú,yu,2
㸷,shì,shi,4
殱,殱,殱,
腓,féi,fei,2
罅,xià,xia,4
汵,gàn,gan,4
邱,qīu,qiu,1
鴊,zhèng,zheng,4
㰸,liǎn,lian,3
㛵,㛵,㛵,
㫝,㫝,㫝,
遤,遤,遤,
蘀,tuò,tuo,4
尠,xiǎn,xian,3
薎,miè,mie,4
妐,zhōng,zhong,1
䫍,fǔ,fu,3
瀲,liàn,lian,4
峄,yì,yi,4
桱,jìng,jing,4
㣣,shǎn,shan,3
籁,lài,lai,4
䙂,䙂,䙂,
㸾,rèn,ren,4
茦,cè,ce,4
獿,náo,nao,2
巑,cuán,cuan,2
嚣,xiāo,xiao,1
鳩,jīu,jiu,1
鮮,xiān,xian,1
襗,duó,duo,2
庽,yù,yu,4
菥,xī,xi,1
㓻,㓻,㓻,
塣,chěng,cheng,3
㣠,tóng,tong,2
娒,wǔ,wu,3
㜸,niè,nie,4
嫐,nǎo,nao,3
䁽,liè,lie,4
粯,xiàn,xian,4
䱆,shéng,sheng,2
䂾,lǎi,lai,3
襃,bāo,bao,1
凪,凪,凪,
郂,gāi,gai,1
㦝,miǎo,miao,3
䜐,䜐,䜐,
螶,qú,qu,2
沎,huò,huo,4
袎,yào,yao,4
㯴,㯴,㯴,
橂,diàn,dian,4
蠐,qí,qi,2
嚛,hù,hu,4
苗,miáo,miao,2
浮,fú,fu,2
剅,lóu,lou,2
臠,luán,luan,2
㹈,lí,li,2
峳,yóu,you,2
系,xì,xi,4
譩,yī,yi,1
睗,shì,shi,4
鉥,shù,shu,4
㤭,㤭,㤭,
㰴,pó,po,2
擫,yè,ye,4
魅,mèi,mei,4
飥,tuō,tuo,1
㼅,㼅,㼅,
襠,dāng,dang,1
鉇,shī,shi,1
喡,wěi,wei,3
澣,huǎn,huan,3
琡,chù,chu,4
䌆,gùi,gui,4
噰,yōng,yong,1
䆂,lián,lian,2
䋩,ér,er,2
揲,shé,she,2
痿,wěi,wei,3
䄺,zhì,zhi,4
屗,屗,屗,
臚,lú,lu,2
髦,máo,mao,2
崵,yáng,yang,2
缰,jiāng,jiang,1
釵,chāi,chai,1
㛶,chóu,chou,2
飹,lǐu,liu,3
䤋,guó,guo,2
騙,piàn,pian,4
巹,jǐn,jin,3
礵,shuāng,shuang,1
肈,zhào,zhao,4
腟,zhì,zhi,4
鈣,gài,gai,4
鏣,shù,shu,4
秲,zhì,zhi,4
姍,shān,shan,1
漠,mò,mo,4
瓄,dú,du,2
揽,lǎn,lan,3
鳀,shì,shi,4
㗔,㗔,㗔,
䅄,lì,li,4
馄,hún,hun,2
范,fàn,fan,4
飐,zhǎn,zhan,3
鰨,tà,ta,4
㪈,gùi,gui,4
叇,dài,dai,4
瘑,guā,gua,1
羢,róng,rong,2
廴,yǐn,yin,3
耹,qín,qin,2
宜,yí,yi,2
蛻,tùi,tui,4
颓,túi,tui,2
繥,xī,xi,1
䄝,chǔn,chun,3
綀,shū,shu,1
妋,fū,fu,1
捂,wǔ,wu,3
眶,kuàng,kuang,4
鐱,qiān,qian,1
畴,chóu,chou,2
惸,qióng,qiong,2
杞,qǐ,qi,3
萟,萟,萟,
訆,jiào,jiao,4
駸,qīn,qin,1
资,zī,zi,1
㜔,㜔,㜔,
睆,huǎn,huan,3
輩,bèi,bei,4
團,tuán,tuan,2
掱,shǒu,shou,3
竮,píng,ping,2
鵇,鵇,鵇,
䇧,zhù,zhu,4
刽,gùi,gui,4
䆕,jué,jue,2
胩,kǎ,ka,3
咟,huò,huo,4
虚,xū,xu,1
轰,hōng,hong,1
䋇,䋇,䋇,
漰,pēng,peng,1
惪,dé,de,2
雁,yàn,yan,4
籑,zhuàn,zhuan,4
鴢,yòu,you,4
䃱,xiàn,xian,4
郃,hé,he,2
婔,婔,婔,
匵,dú,du,2
鼌,cháo,chao,2
筍,sǔn,sun,3
禉,yǒu,you,3
㡺,dàn,dan,4
鉏,chú,chu,2
馼,wén,wen,2
乐,lè,le,4
霮,dàn,dan,4
䅇,sù,su,4
䇱,nà,na,4
琉,líu,liu,2
䙑,䙑,䙑,
傹,jìng,jing,4
曡,dié,die,2
紝,rèn,ren,4
䱟,jù,ju,4
鸬,lú,lu,2
兡,兡,兡,
廦,bì,bi,4
鶌,qū,qu,1
矈,mián,mian,2
琵,pí,pi,2
已,yǐ,yi,3
䀹,jié,jie,2
䲥,䲥,䲥,
䏦,huá,hua,2
㻡,dié,die,2
銟,chā,cha,1
曠,kuàng,kuang,4
湙,yì,yi,4
馫,xīng,xing,1
醰,tán,tan,2
毠,jiā,jia,1
㱂,㱂,㱂,
铺,pū,pu,1
炤,zhào,zhao,4
伿,yì,yi,4
噤,jìn,jin,4
萏,dàn,dan,4
㥌,jú,ju,2
斅,xiào,xiao,4
赜,zé,ze,2
鸛,guàn,guan,4
嘘,xū,xu,1
奈,nài,nai,4
整,zhěng,zheng,3
鏆,guàn,guan,4
囨,piān,pian,1
欔,jué,jue,2
鿆,鿆,鿆,
蚪,dǒu,dou,3
嚭,pǐ,pi,3
郩,xiáo,xiao,2
垮,kuǎ,kua,3
菧,dǐ,di,3
饃,mó,mo,2
䩇,䩇,䩇,
㶳,jìn,jin,4
䃓,gòu,gou,4
䬁,yí,yi,2
確,què,que,4
琜,lái,lai,2
胝,zhī,zhi,1
颈,jǐng,jing,3
䝬,zhù,zhu,4
鎩,shā,sha,1
黜,chù,chu,4
僲,僲,僲,
皐,gāo,gao,1
紲,xiè,xie,4
甞,cháng,chang,2
㠜,nì,ni,4
娮,yán,yan,2
汦,chí,chi,2
恸,tòng,tong,4
曌,zhào,zhao,4
觘,chào,chao,4
僌,yíng,ying,2
㗦,láo,lao,2
睃,jùn,jun,4
檰,mián,mian,2
叏,guài,guai,4
长,cháng,chang,2
河,hé,he,2
斎,zhāi,zhai,1
㩃,㩃,㩃,
慝,tè,te,4
㳮,niào,niao,4
靍,靍,靍,
柋,dài,dai,4
㕉,kè,ke,4
㱜,zhá,zha,2
㩕,㩕,㩕,
䭸,fù,fu,4
廙,yì,yi,4
丒,chǒu,chou,3
㒟,niǎo,niao,3
罉,罉,罉,
兾,jì,ji,4
滒,gē,ge,1
㟵,gǎng,gang,3
㳆,shǔ,shu,3
鰋,yǎn,yan,3
泪,lèi,lei,4
宭,qún,qun,2
嬯,tái,tai,2
煕,xī,xi,1
獐,zhāng,zhang,1
幤,幤,幤,
茉,mò,mo,4
䔡,yú,yu,2
㸄,jì,ji,4
駦,téng,teng,2
㦨,lán,lan,2
䮦,䮦,䮦,
涤,dí,di,2
㺈,㺈,㺈,
蜋,láng,lang,2
铒,èr,er,4
箁,pú,pu,2
睚,yái,yai,2
嶷,yí,yi,2
赱,zǒu,zou,3
鏖,áo,ao,2
係,xì,xi,4
箱,xiāng,xiang,1
忩,cōng,cong,1
鷕,yǎo,yao,3
羹,gēng,geng,1
譐,zǔn,zun,3
且,qiě,qie,3
㢜,㢜,㢜,
皢,xiǎo,xiao,3
蝃,dì,di,4
䓴,ruán,ruan,2
繢,hùi,hui,4
䠳,䠳,䠳,
琲,bèi,bei,4
䋿,䋿,䋿,
湍,tuān,tuan,1
詈,lì,li,4
僃,bèi,bei,4
䍪,kùi,kui,4
詀,zhān,zhan,1
嗴,嗴,嗴,
閑,xián,xian,2
羨,xiàn,xian,4
竼,péng,peng,2
勼,jīu,jiu,1
䓌,zhì,zhi,4
苅,yì,yi,4
檲,檲,檲,
漮,kāng,kang,1
茭,jiāo,jiao,1
皿,mǐn,min,3
墱,dèng,deng,4
恁,rèn,ren,4
伲,nǐ,ni,3
朤,lǎng,lang,3
秩,zhì,zhi,4
镆,mò,mo,4
䐙,gé,ge,2
崭,zhǎn,zhan,3
餒,něi,nei,3
臅,chù,chu,4
䋥,lí,li,2
䞕,dié,die,2
粫,粫,粫,
鲍,bào,bao,4
㠅,fú,fu,2
啎,wǔ,wu,3
昚,shèn,shen,4
䅲,qí,qi,2
橄,gǎn,gan,3
梳,shū,shu,1
㽠,xiá,xia,2
旯,xù,xu,4
腒,jū,ju,1
䨋,nvè,nve,4
鬟,huán,huan,2
㝌,jié,jie,2
袻,ér,er,2
謓,chēn,chen,1
漷,kuò,kuo,4
疟,nvè,nve,4
馷,pèi,pei,4
牚,chèng,cheng,4
刉,jī,ji,1
滐,jié,jie,2
緉,liǎng,liang,3
脒,mǐ,mi,3
昪,biàn,bian,4
踄,bó,bo,2
活,huó,huo,2
䰼,xín,xin,2
䱷,yú,yu,2
㣢,tí,ti,2
机,jī,ji,1
鵙,jú,ju,2
洸,guāng,guang,1
䋅,䋅,䋅,
䅮,càng,cang,4
滲,shèn,shen,4
㝴,wán,wan,2
蘷,kúi,kui,2
撪,bèn,ben,4
㹥,zhù,zhu,4
熛,biāo,biao,1
膵,cùi,cui,4
㸧,kèn,ken,4
曙,shù,shu,4
袂,mèi,mei,4
螑,qìu,qiu,4
㓖,bì,bi,4
鮭,gūi,gui,1
埒,lèi,lei,4
阝,fù,fu,4
貔,pí,pi,2
㤟,kǒng,kong,3
覾,shěn,shen,3
鿯,鿯,鿯,
䓹,yì,yi,4
䥭,zhèng,zheng,4
䩄,tiǎn,tian,3
荢,荢,荢,
䚱,xìn,xin,4
瞘,ōu,ou,1
濏,濏,濏,
鬂,bìn,bin,4
卭,qióng,qiong,2
斝,jiǎ,jia,3
焋,zhuàng,zhuang,4
㴹,㴹,㴹,
鉩,niē,nie,1
垪,垪,垪,
䂕,hùi,hui,4
鵖,bì,bi,4
簀,zé,ze,2
䖩,bì,bi,4
仐,sǎn,san,3
咵,kuā,kua,1
觬,ní,ni,2
䀼,rèn,ren,4
浆,jiāng,jiang,1
竜,lóng,long,2
㧪,gǔi,gui,3
撯,zhuó,zhuo,2
㖦,dǒng,dong,3
埵,duǒ,duo,3
珄,shēng,sheng,1
恇,kuāng,kuang,1
咱,zán,zan,2
襕,lán,lan,2
朗,lǎng,lang,3
琮,cóng,cong,2
哧,chī,chi,1
拶,zǎn,zan,3
韹,héng,heng,2
椅,yǐ,yi,3
䖠,yuán,yuan,2
仠,gán,gan,2
潀,cóng,cong,2
㘬,ào,ao,4
幭,miè,mie,4
椁,guǒ,guo,3
悭,qiān,qian,1
䂣,cí,ci,2
咜,咜,咜,
巟,huāng,huang,1
缢,yì,yi,4
凋,diāo,diao,1
翆,cùi,cui,4
䭭,shǒu,shou,3
臌,gǔ,gu,3
䇉,䇉,䇉,
簆,kòu,kou,4
鶶,táng,tang,2
蟏,xiāo,xiao,1
䦱,kǔi,kui,3
懍,lǐn,lin,3
紕,pī,pi,1
㓉,huàn,huan,4
叻,lè,le,4
渿,nài,nai,4
玂,qí,qi,2
㽆,㽆,㽆,
簺,sài,sai,4
蹏,tí,ti,2
蟮,shàn,shan,4
樥,péng,peng,2
泠,líng,ling,2
鷶,mǎi,mai,3
螘,yǐ,yi,3
剺,lí,li,2
㲚,㲚,㲚,
㛼,shà,sha,4
桊,juàn,juan,4
㣽,shù,shu,4
婕,jié,jie,2
空,kōng,kong,1
燑,tóng,tong,2
䤜,dùn,dun,4
㭮,zuò,zuo,4
診,zhěn,zhen,3
鰄,wēi,wei,1
䈘,cí,ci,2
糜,mí,mi,2
駙,fù,fu,4
賠,péi,pei,2
鍐,cōng,cong,1
斗,dǒu,dou,3
涶,tuō,tuo,1
蚷,jù,ju,4
瓕,mí,mi,2
䁼,mò,mo,4
䣎,䣎,䣎,
畍,jiè,jie,4
鰅,yú,yu,2
呟,quǎn,quan,3
榨,zhà,zha,4
賓,bīn,bin,1
孛,bèi,bei,4
譣,qiān,qian,1
䪒,jiào,jiao,4
䵫,yù,yu,4
誽,ná,na,2
䴡,lì,li,4
釬,hàn,han,4
殫,dān,dan,1
汢,汢,汢,
敇,cè,ce,4
爤,làn,lan,4
腃,kùi,kui,4
渎,dú,du,2
崮,gù,gu,4
嫒,ài,ai,4
㾺,mà,ma,4
铅,qiān,qian,1
荌,àn,an,4
籫,zuǎn,zuan,3
丫,yā,ya,1
䖡,nv̀,nv,4
彙,hùi,hui,4
鯨,jīng,jing,1
堹,zhòng,zhong,4
鬙,sēng,seng,1
慩,lián,lian,2
芸,yún,yun,2
阖,gé,ge,2
㶆,chú,chu,2
囡,nān,nan,1
䋟,jì,ji,4
孝,xiào,xiao,4
怛,dá,da,2
螛,hé,he,2
弎,sān,san,1
懂,dǒng,dong,3
镫,dēng,deng,1
野,yě,ye,3
匀,yún,yun,2
螣,téng,teng,2
䨢,dàn,dan,4
軞,máo,mao,2
弳,jìng,jing,4
航,háng,hang,2
閈,hàn,han,4
㫕,㫕,㫕,
犄,jī,ji,1
陎,shū,shu,1
躿,kāng,kang,1
脁,tiào,tiao,4
䯐,hái,hai,2
榢,jià,jia,4
熙,xī,xi,1
㗄,mán,man,2
鲝,zǎ,za,3
䲢,téng,teng,2
躰,tǐ,ti,3
翧,xuān,xuan,1
䕢,zhǎ,zha,3
䕱,dǒu,dou,3
鿫,鿫,鿫,
捌,bā,ba,1
㥖,㥖,㥖,
筐,kuāng,kuang,1
峝,tóng,tong,2
䣰,jù,ju,4
䐴,gùi,gui,4
㺂,gǎn,gan,3
赊,shē,she,1
歠,chuò,chuo,4
琦,qí,qi,2
狨,róng,rong,2
撚,niǎn,nian,3
䏫,䏫,䏫,
烟,yān,yan,1
缗,mín,min,2
鑵,guàn,guan,4
㺮,yú,yu,2
䰰,rú,ru,2
㪬,zhuó,zhuo,2
濥,yìn,yin,4
枎,fú,fu,2
韫,yùn,yun,4
阥,yīn,yin,1
绨,tí,ti,2
鴮,wū,wu,1
岑,cén,cen,2
聵,kùi,kui,4
㜥,mái,mai,2
词,cí,ci,2
霹,pī,pi,1
桬,shā,sha,1
豽,nà,na,4
烪,烪,烪,
赤,chì,chi,4
䓡,䓡,䓡,
㕒,wéi,wei,2
囥,kàng,kang,4
崃,lái,lai,2
慨,kǎi,kai,3
䌜,niè,nie,4
鮚,jié,jie,2
倘,tǎng,tang,3
髌,bìn,bin,4
觸,chù,chu,4
湹,chán,chan,2
失,shī,shi,1
騷,sāo,sao,1
忇,lè,le,4
屙,ē,e,1
妩,wǔ,wu,3
廢,fèi,fei,4
役,yì,yi,4
茓,xué,xue,2
羧,suō,suo,1
炯,jiǒng,jiong,3
䧗,bì,bi,4
凮,fēng,feng,1
跸,bì,bi,4
㑄,wǔ,wu,3
涆,hàn,han,4
単,dān,dan,1
髮,fà,fa,4
萀,hǔ,hu,3
㟕,㟕,㟕,
煢,qióng,qiong,2
龁,hé,he,2
㑚,nuó,nuo,2
戚,qī,qi,1
篹,zhuàn,zhuan,4
檠,qíng,qing,2
娛,yú,yu,2
瓌,gūi,gui,1
逩,bèn,ben,4
䦎,guǎn,guan,3
㼐,pián,pian,2
鏴,lù,lu,4
痧,shā,sha,1
曮,yǎn,yan,3
楞,léng,leng,2
䕖,䕖,䕖,
豠,cú,cu,2
倸,cǎi,cai,3
䆠,huàn,huan,4
㐼,chèng,cheng,4
予,yú,yu,2
翶,翶,翶,
䐇,chún,chun,2
揗,shǔn,shun,3
照,zhào,zhao,4
嬐,xiān,xian,1
涿,zhuō,zhuo,1
鸾,luán,luan,2
耢,lào,lao,4
䎵,bì,bi,4
艂,féng,feng,2
殜,yè,ye,4
筮,shì,shi,4
㣬,qì,qi,4
涜,dú,du,2
䭹,áng,ang,2
耑,zhuān,zhuan,1
玸,fú,fu,2
矛,máo,mao,2
憪,xián,xian,2
猙,zhēng,zheng,1
劰,miǎo,miao,3
犜,dūn,dun,1
彖,tuàn,tuan,4
循,xún,xun,2
磽,qiāo,qiao,1
广,guǎng,guang,3
顟,liáo,liao,2
䬏,bù,bu,4
㐅,wǔ,wu,3
帛,bó,bo,2
䚷,xì,xi,4
馃,guǒ,guo,3
䟩,liě,lie,3
鯡,fēi,fei,1
坉,tún,tun,2
浩,hào,hao,4
瑈,róu,rou,2
憭,liǎo,liao,3
咞,xiàn,xian,4
埧,jù,ju,4
誚,qiào,qiao,4
唼,shà,sha,4
鐫,juān,juan,1
㝤,gòu,gou,4
裮,chāng,chang,1
繊,繊,繊,
馝,bì,bi,4
颅,lú,lu,2
缑,gōu,gou,1
㖫,líng,ling,2
璂,qí,qi,2
桔,jié,jie,2
桋,yí,yi,2
铓,máng,mang,2
慫,sǒng,song,3
来,lái,lai,2
䙚,niǎo,niao,3
鲤,lǐ,li,3
㗇,xiá,xia,2
腾,téng,teng,2
媋,chūn,chun,1
撛,lǐn,lin,3
拖,tuō,tuo,1
觡,gé,ge,2
酱,jiàng,jiang,4
奆,quǎn,quan,3
䧕,chéng,cheng,2
龔,gōng,gong,1
䴏,yàn,yan,4
楴,dì,di,4
筲,shāo,shao,1
娴,xián,xian,2
讔,yǐn,yin,3
荄,gāi,gai,1
劐,huō,huo,1
䋐,yuè,yue,4
鐽,dá,da,2
㵑,hè,he,4
孊,mǐ,mi,3
嶃,zhǎn,zhan,3
翴,lián,lian,2
嗍,suō,suo,1
輟,chuò,chuo,4
齬,yǔ,yu,3
熚,bì,bi,4
晇,xū,xu,1
琛,chēn,chen,1
砞,mò,mo,4
蒲,pú,pu,2
瀛,yíng,ying,2
㺞,yú,yu,2
㝺,lián,lian,2
鉷,hóng,hong,2
㳙,xuàn,xuan,4
缱,qiǎn,qian,3
诩,xǔ,xu,3
扸,xī,xi,1
稌,tú,tu,2
蹘,liáo,liao,2
叮,dīng,ding,1
䖓,nà,na,4
冀,jì,ji,4
莉,lì,li,4
蒕,yūn,yun,1
婜,qiān,qian,1
䣫,lí,li,2
㙻,chán,chan,2
㷰,lí,li,2
䠜,róng,rong,2
薌,xiāng,xiang,1
㟸,㟸,㟸,
䊛,sǎ,sa,3
皕,bī,bi,1
剥,bō,bo,1
飆,biāo,biao,1
鈀,bǎ,ba,3
㶏,㶏,㶏,
吶,ne,ne,5
䣦,lèi,lei,4
䡐,tuó,tuo,2
菲,fēi,fei,1
侙,chì,chi,4
䡎,lú,lu,2
鱢,sāo,sao,1
㮂,jú,ju,2
陬,zōu,zou,1
㫶,cǒu,cou,3
潚,xiāo,xiao,1
㠝,cuán,cuan,2
䨣,gé,ge,2
犍,jiān,jian,1
墤,kuài,kuai,4
躍,yuè,yue,4
幠,hū,hu,1
汉,hàn,han,4
纤,xiān,xian,1
乗,chéng,cheng,2
澞,yú,yu,2
蛠,lì,li,4
乌,wū,wu,1
臢,zāng,zang,1
珲,hún,hun,2
泓,hóng,hong,2
绢,juàn,juan,4
萫,xiàng,xiang,4
晫,zhuó,zhuo,2
䳯,chóng,chong,2
䏚,chǎo,chao,3
勀,kè,ke,4
㳐,sà,sa,4
蒗,làng,lang,4
樵,qiáo,qiao,2
㫲,pèi,pei,4
鋤,chú,chu,2
䥿,䥿,䥿,
㡩,luán,luan,2
瞭,liǎo,liao,3
処,chǔ,chu,3
嬛,huán,huan,2
涑,sù,su,4
唨,zuǒ,zuo,3
鮘,鮘,鮘,
穰,ráng,rang,2
䋘,chuò,chuo,4
㟢,qí,qi,2
䥯,bà,ba,4
曅,yè,ye,4
㼷,chuán,chuan,2
攄,shū,shu,1
䫂,duǒ,duo,3
騤,kúi,kui,2
厽,lěi,lei,3
鸴,xué,xue,2
廹,pò,po,4
桍,kū,ku,1
栕,zhēn,zhen,1
㺱,réng,reng,2
藀,yíng,ying,2
卞,biàn,bian,4
䡈,jué,jue,2
抐,nù,nu,4
験,yǎn,yan,3
竾,chí,chi,2
樎,suō,suo,1
䞿,䞿,䞿,
䫪,shuǎng,shuang,3
捾,wò,wo,4
巉,chán,chan,2
犷,guǎng,guang,3
炐,pàng,pang,4
觵,gōng,gong,1
䰩,chě,che,3
犬,quǎn,quan,3
䓊,è,e,4
瓔,yīng,ying,1
莸,yóu,you,2
铼,lái,lai,2
恟,xiōng,xiong,1
隟,xì,xi,4
熟,shú,shu,2
缻,fǒu,fou,3
逽,nuò,nuo,4
悹,guàn,guan,4
獙,bì,bi,4
㭋,bàng,bang,4
泯,mǐn,min,3
㓙,㓙,㓙,
䲾,qiǎo,qiao,3
橃,fā,fa,1
㭦,㭦,㭦,
䱪,䱪,䱪,
瀘,lú,lu,2
愍,mǐn,min,3
噓,xū,xu,1
褼,xiān,xian,1
惆,chóu,chou,2
䟺,bǎng,bang,3
鎵,jiā,jia,1
鯗,xiǎng,xiang,3
楙,mào,mao,4
恪,kè,ke,4
麣,yán,yan,2
䞔,wěi,wei,3
嵠,xī,xi,1
颁,bān,ban,1
賆,pián,pian,2
在,zài,zai,4
駌,yuān,yuan,1
涃,kùn,kun,4
琰,yǎn,yan,3
诇,xiòng,xiong,4
筚,bì,bi,4
圖,tú,tu,2
嶙,lín,lin,2
喍,chái,chai,2
㸿,dú,du,2
穋,lù,lu,4
晹,yì,yi,4
褆,tí,ti,2
茘,lì,li,4
膀,bǎng,bang,3
畑,tián,tian,2
澈,chè,che,4
峣,yáo,yao,2
㕳,㕳,㕳,
榠,míng,ming,2
淛,zhì,zhi,4
䦈,fǎng,fang,3
悔,hǔi,hui,3
䡱,zhuǎn,zhuan,3
艙,cāng,cang,1
䡳,䡳,䡳,
祺,qí,qi,2
霦,bīn,bin,1
漶,huàn,huan,4
䗶,là,la,4
䆎,䆎,䆎,
覩,dǔ,du,3
庄,zhuāng,zhuang,1
煤,méi,mei,2
詳,xiáng,xiang,2
搠,shuò,shuo,4
㦀,féng,feng,2
碇,dìng,ding,4
趣,qù,qu,4
魼,qū,qu,1
䇾,yán,yan,2
纜,làn,lan,4
楑,kúi,kui,2
鼃,wā,wa,1
溌,pō,po,1
荱,wěi,wei,3
䂯,guài,guai,4
㛄,㛄,㛄,
爭,zhēng,zheng,1
殅,shēng,sheng,1
㲮,㲮,㲮,
䐂,lù,lu,4
斠,jiào,jiao,4
悷,lì,li,4
㴨,zhèn,zhen,4
随,súi,sui,2
銷,xiāo,xiao,1
侈,chǐ,chi,3
匴,suǎn,suan,3
遹,yù,yu,4
餝,shì,shi,4
蜶,sù,su,4
駷,sǒng,song,3
㹂,cì,ci,4
佖,bì,bi,4
榍,xiè,xie,4
彚,hùi,hui,4
鵜,tí,ti,2
䖹,yáng,yang,2
鎴,xí,xi,2
㿙,pì,pi,4
欀,xiāng,xiang,1
騻,shuǎng,shuang,3
㞼,chéng,cheng,2
㒊,sè,se,4
㔅,xiào,xiao,4
鴄,pī,pi,1
薠,fán,fan,2
䰄,shì,shi,4
莳,shí,shi,2
素,sù,su,4
疓,nǎi,nai,3
短,duǎn,duan,3
嘴,zǔi,zui,3
䐥,wěng,weng,3
贉,tǎn,tan,3
鑔,chǎ,cha,3
蠤,qīu,qiu,1
鐌,xiàng,xiang,4
缅,miǎn,mian,3
㓐,lù,lu,4
滀,chù,chu,4
犲,cái,cai,2
啶,dìng,ding,4
璁,cōng,cong,1
挪,nuó,nuo,2
㑀,㑀,㑀,
䵡,jiǎn,jian,3
橳,橳,橳,
㸆,㸆,㸆,
堞,dié,die,2
紥,zhá,zha,2
縲,léi,lei,2
襶,dài,dai,4
㲴,zhòng,zhong,4
竅,qiào,qiao,4
畻,shéng,sheng,2
鏻,lín,lin,2
妈,mā,ma,1
兠,dōu,dou,1
黨,dǎng,dang,3
麰,móu,mou,2
鏮,kāng,kang,1
鑛,kuàng,kuang,4
䙙,chí,chi,2
䕗,bì,bi,4
愥,愥,愥,
蛼,chē,che,1
磒,yǔn,yun,3
婩,yàn,yan,4
讍,è,e,4
䙮,guàn,guan,4
䀯,bǔ,bu,3
落,luò,luo,4
㠯,yǐ,yi,3
榁,榁,榁,
喒,zán,zan,2
郴,chēn,chen,1
鶥,méi,mei,2
捑,zé,ze,2
䋽,běng,beng,3
鉄,tiě,tie,3
完,wán,wan,2
汙,wū,wu,1
囻,guó,guo,2
尦,liào,liao,4
墵,tán,tan,2
鐠,pǔ,pu,3
䃙,lù,lu,4
蓌,cuò,cuo,4
漳,zhāng,zhang,1
污,wū,wu,1
鈅,yuè,yue,4
鳒,jiān,jian,1
圿,jiá,jia,2
樟,zhāng,zhang,1
㘗,㘗,㘗,
髈,páng,pang,2
蝺,jǔ,ju,3
绰,chuò,chuo,4
幙,mù,mu,4
蓽,bì,bi,4
刵,èr,er,4
䁐,yìng,ying,4
亷,lián,lian,2
㘆,tái,tai,2
罯,ǎn,an,3
㴯,㴯,㴯,
緸,yīn,yin,1
䬉,hào,hao,4
渭,wèi,wei,4
彊,qiáng,qiang,2
鳳,fèng,feng,4
䈻,pú,pu,2
駠,líu,liu,2
笳,jiā,jia,1
㑧,jì,ji,4
嚂,làn,lan,4
蟌,cōng,cong,1
㜘,jù,ju,4
幢,chuáng,chuang,2
玲,líng,ling,2
䋳,bèi,bei,4
苼,shēng,sheng,1
螊,lián,lian,2
䛋,gé,ge,2
麊,mí,mi,2
任,rèn,ren,4
猟,猟,猟,
僷,yè,ye,4
唬,hǔ,hu,3
䄦,liǎo,liao,3
䖈,nvè,nve,4
躠,xiě,xie,3
墽,qiāo,qiao,1
纋,yōu,you,1
繈,qiǎng,qiang,3
齹,chuō,chuo,1
焈,xī,xi,1
㥐,yuàn,yuan,4
肬,yóu,you,2
尨,máng,mang,2
娾,ǎi,ai,3
釮,qí,qi,2
㼪,jiá,jia,2
䯨,fén,fen,2
鬞,nóng,nong,2
䩐,gé,ge,2
䉫,lí,li,2
椐,jū,ju,1
到,dào,dao,4
瑎,jiē,jie,1
寬,kuān,kuan,1
抵,dǐ,di,3
謸,áo,ao,2
郷,xiāng,xiang,1
嫥,zhuān,zhuan,1
磥,lěi,lei,3
服,fú,fu,2
㚅,lóng,long,2
欿,kǎn,kan,3
㑂,fǎng,fang,3
蟪,hùi,hui,4
奿,fàn,fan,4
㚗,qié,qie,2
闯,chuǎng,chuang,3
餇,tóng,tong,2
嶪,yè,ye,4
綳,bēng,beng,1
魣,xù,xu,4
㼑,liàn,lian,4
㖪,guó,guo,2
幼,yòu,you,4
徢,xiè,xie,4
䡂,jìu,jiu,4
頸,jǐng,jing,3
夌,líng,ling,2
稞,kē,ke,1
黇,tiān,tian,1
婚,hūn,hun,1
㲏,bǎo,bao,3
墻,qiáng,qiang,2
偕,xié,xie,2
齲,qǔ,qu,3
輎,shāo,shao,1
窏,wū,wu,1
磚,zhuān,zhuan,1
篰,bù,bu,4
䇦,yǎng,yang,3
䁩,yú,yu,2
殣,jìn,jin,4
覻,qù,qu,4
䇀,róng,rong,2
蛧,wǎng,wang,3
㪌,tǒng,tong,3
谜,mí,mi,2
䬯,nián,nian,2
賅,gāi,gai,1
芝,zhī,zhi,1
氤,yīn,yin,1
訨,zhǐ,zhi,3
鱓,shàn,shan,4
鸻,héng,heng,2
疐,zhì,zhi,4
硷,jiǎn,jian,3
戤,gài,gai,4
䐝,suǒ,suo,3
悩,nǎo,nao,3
䥐,móu,mou,2
㢛,yàn,yan,4
绖,dié,die,2
姨,yí,yi,2
砚,yàn,yan,4
謲,cān,can,1
䏟,biè,bie,4
遭,zāo,zao,1
䌥,yǐn,yin,3
湫,jiǎo,jiao,3
䱻,huá,hua,2
睷,jiān,jian,1
螏,jí,ji,2
礬,fán,fan,2
挥,hūi,hui,1
臑,rú,ru,2
㱯,ái,ai,2
䮛,fù,fu,4
仿,fǎng,fang,3
簧,huáng,huang,2
臏,bìn,bin,4
楚,chǔ,chu,3
㕟,kùi,kui,4
䏔,nǐu,niu,3
徍,wā,wa,1
韓,hán,han,2
飺,cí,ci,2
辟,pì,pi,4
鄩,xín,xin,2
廃,fèi,fei,4
矟,shuò,shuo,4
囋,zàn,zan,4
䓒,kuǎi,kuai,3
媻,pán,pan,2
镌,juān,juan,1
蓋,gài,gai,4
芌,yù,yu,4
餕,jùn,jun,4
媺,měi,mei,3
呖,lì,li,4
獄,yù,yu,4
匘,nǎo,nao,3
潜,qián,qian,2
镉,gé,ge,2
㸗,tóng,tong,2
㾥,xù,xu,4
㶱,㶱,㶱,
队,dùi,dui,4
厺,qù,qu,4
嘚,dé,de,2
郠,gěng,geng,3
嬇,hùi,hui,4
耡,chú,chu,2
䢿,䢿,䢿,
喏,rě,re,3
粃,bǐ,bi,3
鼷,xī,xi,1
溡,shí,shi,2
畱,líu,liu,2
罖,罖,罖,
榲,yún,yun,2
㗍,㗍,㗍,
砕,sùi,sui,4
遲,chí,chi,2
鱐,sù,su,4
穹,qióng,qiong,2
鮎,nián,nian,2
瓑,lì,li,4
騥,róu,rou,2
㙵,tái,tai,2
據,jù,ju,4
醪,láo,lao,2
秝,lì,li,4
䬨,cù,cu,4
檮,táo,tao,2
堃,kūn,kun,1
䲱,fǎng,fang,3
䦚,huò,huo,4
㠱,jì,ji,4
䘓,kàn,kan,4
䑦,䑦,䑦,
蔲,kòu,kou,4
鶨,dùn,dun,4
泞,nìng,ning,4
闁,bāo,bao,1
櫀,qí,qi,2
鮸,miǎn,mian,3
憢,xiāo,xiao,1
贗,yàn,yan,4
莙,jūn,jun,1
䗕,wǎn,wan,3
閡,hé,he,2
囃,cà,ca,4
椘,chǔ,chu,3
瀄,jié,jie,2
虎,hǔ,hu,3
怖,bù,bu,4
鰐,è,e,4
峖,ān,an,1
㚆,fù,fu,4
啈,hèng,heng,4
烒,shì,shi,4
險,xiǎn,xian,3
仟,qiān,qian,1
宸,chén,chen,2
懼,jù,ju,4
塁,塁,塁,
棺,guān,guan,1
㽰,shù,shu,4
斚,jiǎ,jia,3
䲪,xì,xi,4
晪,tiǎn,tian,3
睪,yì,yi,4
瀟,xiāo,xiao,1
於,yú,yu,2
眜,mò,mo,4
艒,mào,mao,4
饥,jī,ji,1
㾴,㾴,㾴,
翹,qiáo,qiao,2
壽,shòu,shou,4
辗,zhǎn,zhan,3
䚭,䚭,䚭,
塂,xiàng,xiang,4
倣,fǎng,fang,3
笄,jī,ji,1
扵,yú,yu,2
笨,bèn,ben,4
粟,sù,su,4
䄩,náo,nao,2
衭,fū,fu,1
㺠,yòu,you,4
䥷,zhá,zha,2
崌,jū,ju,1
擭,wò,wo,4
䲣,yú,yu,2
餄,jiá,jia,2
怜,lián,lian,2
㠪,jù,ju,4
扣,kòu,kou,4
薬,yào,yao,4
麙,yán,yan,2
矓,lóng,long,2
顝,kū,ku,1
殏,qìu,qiu,4
阢,wù,wu,4
鈽,bù,bu,4
蝲,là,la,4
讲,jiǎng,jiang,3
也,yě,ye,3
焌,jùn,jun,4
繛,chuò,chuo,4
趺,fū,fu,1
䛼,hǔi,hui,3
㱙,xǐu,xiu,3
䬟,líu,liu,2
朕,zhèn,zhen,4
㗚,lì,li,4
㴜,biàn,bian,4
鐘,zhōng,zhong,1
贯,guàn,guan,4
爃,róng,rong,2
跒,qiǎ,qia,3
仮,jiǎ,jia,3
瑶,yáo,yao,2
摝,lù,lu,4
蟻,yǐ,yi,3
㢠,jiǒng,jiong,3
庆,qìng,qing,4
㮈,nài,nai,4
㸵,gǔi,gui,3
䇊,䇊,䇊,
㑖,㑖,㑖,
蝍,jí,ji,2
㧆,㧆,㧆,
襷,襷,襷,
賁,bì,bi,4
呧,dǐ,di,3
锯,jù,ju,4
䑶,cán,can,2
曲,qū,qu,1
鎯,luǒ,luo,3
楄,pián,pian,2
鳡,gǎn,gan,3
讈,lì,li,4
暖,nuǎn,nuan,3
雏,chú,chu,2
䇙,yǐn,yin,3
贠,yuán,yuan,2
裄,裄,裄,
癜,diàn,dian,4
配,pèi,pei,4
螿,jiāng,jiang,1
啌,xiāng,xiang,1
踞,jù,ju,4
䓇,xì,xi,4
㒿,lí,li,2
羼,chàn,chan,4
儦,biāo,biao,1
蛯,蛯,蛯,
痷,ān,an,1
戾,lì,li,4
椉,chéng,cheng,2
擨,yé,ye,2
鴣,gū,gu,1
瀮,瀮,瀮,
玤,bàng,bang,4
麨,chǎo,chao,3
畲,yú,yu,2
䭶,qí,qi,2
奢,shē,she,1
䞄,biào,biao,4
謽,jiàng,jiang,4
彜,yí,yi,2
麇,jūn,jun,1
䀣,bì,bi,4
慑,shè,she,4
縫,féng,feng,2
鼾,hān,han,1
䦲,qiàn,qian,4
怑,bàn,ban,4
嚘,yōu,you,1
秫,shú,shu,2
綃,xiāo,xiao,1
朔,shuò,shuo,4
穂,sùi,sui,4
僩,xiàn,xian,4
䌏,mì,mi,4
遵,zūn,zun,1
鈱,mín,min,2
目,mù,mu,4
戲,xì,xi,4
愴,chuàng,chuang,4
㫋,㫋,㫋,
䓣,liǎng,liang,3
蝗,huáng,huang,2
焓,hán,han,2
䓤,䓤,䓤,
㛩,zhóu,zhou,2
䩺,䩺,䩺,
拺,cè,ce,4
䲨,hóng,hong,2
囀,zhuàn,zhuan,4
雽,xíng,xing,2
鸪,gū,gu,1
嶀,tū,tu,1
索,suǒ,suo,3
槃,pán,pan,2
䕂,䕂,䕂,
飅,líu,liu,2
緫,cōng,cong,1
㛐,sǒu,sou,3
愐,miǎn,mian,3
鿘,鿘,鿘,
篨,chú,chu,2
暽,lín,lin,2
㑩,luó,luo,2
㜣,rán,ran,2
䵹,䵹,䵹,
擅,shàn,shan,4
趟,tàng,tang,4
荚,jiá,jia,2
鶹,líu,liu,2
鿑,鿑,鿑,
嗗,wā,wa,1
濦,yǐn,yin,3
帨,shùi,shui,4
䮰,dǎn,dan,3
䣚,lóu,lou,2
奺,jǐu,jiu,3
哗,huā,hua,1
饋,kùi,kui,4
耗,hào,hao,4
䗡,yán,yan,2
鯄,qíu,qiu,2
䴨,䴨,䴨,
甂,biān,bian,1
琷,què,que,4
䢚,gòng,gong,4
熹,xī,xi,1
䆨,míng,ming,2
㝐,róng,rong,2
䋫,䋫,䋫,
鋼,gāng,gang,1
麹,qú,qu,2
鐕,zān,zan,1
㻽,sùi,sui,4
硶,chěn,chen,3
蜏,yǒu,you,3
伶,líng,ling,2
寅,yín,yin,2
疨,xiā,xia,1
褂,guà,gua,4
瓓,làn,lan,4
㤷,㤷,㤷,
㪱,huàn,huan,4
帤,rú,ru,2
壵,zhuàng,zhuang,4
鏺,pō,po,1
跹,xiān,xian,1
灪,yù,yu,4
亘,gèn,gen,4
狴,bì,bi,4
鰘,鰘,鰘,
最,zùi,zui,4
搜,sōu,sou,1
霈,pèi,pei,4
怇,jù,ju,4
䇄,䇄,䇄,
殙,hūn,hun,1
䉯,xiàn,xian,4
辷,辷,辷,
鳦,yǐ,yi,3
戩,jiǎn,jian,3
拋,pāo,pao,1
㜿,xù,xu,4
㨇,pó,po,2
㬀,㬀,㬀,
卸,xiè,xie,4
指,zhǐ,zhi,3
薅,hāo,hao,1
潐,jiào,jiao,4
䀬,quán,quan,2
鶚,è,e,4
碌,lù,lu,4
楒,sī,si,1
扊,yǎn,yan,3
藃,xiāo,xiao,1
酚,fēn,fen,1
咧,liě,lie,3
鷫,sù,su,4
鐳,léi,lei,2
壀,pí,pi,2
䅶,nòu,nou,4
䤙,lì,li,4
戗,qiāng,qiang,1
煋,xīng,xing,1
箢,yuān,yuan,1
讎,chóu,chou,2
閆,yán,yan,2
蟴,sī,si,1
漖,jiào,jiao,4
袡,rán,ran,2
婂,mián,mian,2
嬶,嬶,嬶,
艠,艠,艠,
詹,zhān,zhan,1
䍽,lì,li,4
㙽,㙽,㙽,
棸,zōu,zou,1
钤,qián,qian,2
䖸,é,e,2
䛠,dòu,dou,4
蒻,ruò,ruo,4
㱻,luǒ,luo,3
瀥,hào,hao,4
㡵,líng,ling,2
㣰,xiè,xie,4
菜,cài,cai,4
胱,guāng,guang,1
㔥,pí,pi,2
欌,欌,欌,
筪,xiá,xia,2
妖,yāo,yao,1
㨍,㨍,㨍,
鸐,dí,di,2
㨉,mǐn,min,3
蹝,xǐ,xi,3
㩣,㩣,㩣,
慘,cǎn,can,3
囏,jiān,jian,1
椲,wěi,wei,3
鱺,lí,li,2
䧍,xì,xi,4
賛,zàn,zan,4
曩,nǎng,nang,3
䜄,chí,chi,2
軹,zhǐ,zhi,3
趭,yào,yao,4
㛬,lù,lu,4
痹,bì,bi,4
哀,āi,ai,1
痜,tū,tu,1
晩,wǎn,wan,3
䵔,dǒng,dong,3
䋎,zhàn,zhan,4
皉,cǐ,ci,3
湻,chún,chun,2
㦉,yì,yi,4
㗹,㗹,㗹,
彇,xiāo,xiao,1
莬,wèn,wen,4
态,tài,tai,4
䲄,mín,min,2
䀅,shè,she,4
稼,jià,jia,4
葽,yāo,yao,1
䱼,zhǎn,zhan,3
工,gōng,gong,1
鷸,yù,yu,4
䑖,䑖,䑖,
䮢,dié,die,2
㝢,yǔ,yu,3
黃,huáng,huang,2
㬿,dùn,dun,4
愙,kè,ke,4
鐷,yè,ye,4
霊,líng,ling,2
黧,lí,li,2
迸,bèng,beng,4
嫦,cháng,chang,2
㹵,jìng,jing,4
箵,shěng,sheng,3
㶿,bó,bo,2
洲,zhōu,zhou,1
滻,chǎn,chan,3
謷,áo,ao,2
䙼,shào,shao,4
䣟,cán,can,2
埠,bù,bu,4
仾,dī,di,1
擙,ào,ao,4
䠌,䠌,䠌,
舟,zhōu,zhou,1
鞍,ān,an,1
㛝,bèi,bei,4
织,zhī,zhi,1
鷰,yàn,yan,4
艊,bó,bo,2
澌,sī,si,1
馺,sà,sa,4
夕,xī,xi,1
钿,diàn,dian,4
樯,qiáng,qiang,2
偁,chēng,cheng,1
鋱,tè,te,4
勶,chè,che,4
嵯,cuó,cuo,2
䀍,kàn,kan,4
溫,wēn,wen,1
䫃,chún,chun,2
爾,ěr,er,3
谞,xǔ,xu,3
霵,jí,ji,2
䀆,jìn,jin,4
牧,mù,mu,4
斉,qí,qi,2
昡,xuàn,xuan,4
拰,nǐn,nin,3
唻,lǎi,lai,3
䓫,jì,ji,4
瀽,jiǎn,jian,3
稔,rěn,ren,3
偎,wēi,wei,1
䅣,huáng,huang,2
枼,yè,ye,4
扷,ào,ao,4
蒽,ēn,en,1
畽,tuǎn,tuan,3
蝥,máo,mao,2
袄,ǎo,ao,3
虨,bān,ban,1
鎗,qiāng,qiang,1
說,shuō,shuo,1
愲,gǔ,gu,3
䓦,diǎn,dian,3
䙾,䙾,䙾,
䠆,cháng,chang,2
琶,pá,pa,2
鏃,zú,zu,2
秹,rěn,ren,3
聁,聁,聁,
葕,yán,yan,2
䝧,mén,men,2
膥,chūn,chun,1
史,shǐ,shi,3
䆐,guó,guo,2
彑,jì,ji,4
㽞,líu,liu,2
㥲,shèn,shen,4
顊,yí,yi,2
䩁,䩁,䩁,
䖘,tú,tu,2
正,zhèng,zheng,4
菱,líng,ling,2
艻,lè,le,4
孫,sūn,sun,1
麲,xiàn,xian,4
鑍,yīng,ying,1
卬,áng,ang,2
击,jí,ji,2
螪,shāng,shang,1
谻,jué,jue,2
蛕,húi,hui,2
辧,biàn,bian,4
胜,shèng,sheng,4
㤡,lì,li,4
熞,jiān,jian,1
樊,fán,fan,2
燒,shāo,shao,1
醂,lǎn,lan,3
趱,zǎn,zan,3
趆,dī,di,1
稒,gù,gu,4
恈,mú,mu,2
渡,dù,du,4
鱃,qīu,qiu,1
躖,duàn,duan,4
姱,kuā,kua,1
裯,chóu,chou,2
陈,chén,chen,2
棒,bàng,bang,4
橒,yún,yun,2
濶,kuò,kuo,4
腔,qiāng,qiang,1
儲,chǔ,chu,3
巼,巼,巼,
悈,jiè,jie,4
悿,tiǎn,tian,3
渨,wēi,wei,1
來,lái,lai,2
嫯,ào,ao,4
顄,hàn,han,4
䕰,bàn,ban,4
㘌,jù,ju,4
㱟,bó,bo,2
䎈,yì,yi,4
阒,qù,qu,4
镇,zhèn,zhen,4
瘉,yù,yu,4
㻾,㻾,㻾,
㮴,㮴,㮴,
罒,wǎng,wang,3
肷,qiān,qian,1
茖,gé,ge,2
潓,hùi,hui,4
㝷,㝷,㝷,
㐩,xíng,xing,2
剆,gēn,gen,1
体,tǐ,ti,3
桮,bēi,bei,1
乹,gān,gan,1
㜠,㜠,㜠,
枑,hù,hu,4
㺿,yí,yi,2
筓,jī,ji,1
䱔,tiáo,tiao,2
䍈,píng,ping,2
铟,yīn,yin,1
鑴,xī,xi,1
搑,rǒng,rong,3
徲,chí,chi,2
餽,kùi,kui,4
㧦,xuàn,xuan,4
䂭,䂭,䂭,
條,tiáo,tiao,2
鏹,qiāng,qiang,1
㰹,jìn,jin,4
檄,xí,xi,2
姯,guāng,guang,1
臁,lián,lian,2
邅,zhān,zhan,1
硟,chàn,chan,4
㚜,xù,xu,4
涮,shuàn,shuan,4
颱,tái,tai,2
傉,rù,ru,4
婪,lán,lan,2
䣞,è,e,4
汭,rùi,rui,4
髥,rán,ran,2
䪩,yín,yin,2
㛋,㛋,㛋,
啣,xián,xian,2
鉜,fú,fu,2
㥕,lián,lian,2
玷,diàn,dian,4
愅,gé,ge,2
槓,gàng,gang,4
捉,zhuō,zhuo,1
彆,biè,bie,4
挜,yà,ya,4
瘖,yīn,yin,1
㢝,㢝,㢝,
㿈,㿈,㿈,
䯚,ǒu,ou,3
镾,mí,mi,2
閚,閚,閚,
釖,dāo,dao,1
䧃,diàn,dian,4
鍧,hōng,hong,1
攱,gǔi,gui,3
趛,yǐn,yin,3
㛚,tǒng,tong,3
㮗,qín,qin,2
碛,qì,qi,4
谛,dì,di,4
籯,yíng,ying,2
鴥,yù,yu,4
槇,diān,dian,1
諞,piǎn,pian,3
鿗,鿗,鿗,
䙍,䙍,䙍,
艄,shāo,shao,1
鹆,yù,yu,4
䁬,céng,ceng,2
䛣,䛣,䛣,
䝵,bù,bu,4
閜,xiǎ,xia,3
㖭,tiǎn,tian,3
躽,yǎn,yan,3
䡨,chà,cha,4
鶪,jú,ju,2
焺,shēng,sheng,1
莮,nán,nan,2
䮤,dí,di,2
怯,qiè,qie,4
蠛,miè,mie,4
蕌,lěi,lei,3
辵,chuò,chuo,4
悰,cóng,cong,2
猴,hóu,hou,2
眚,shěng,sheng,3
荞,qiáo,qiao,2
乇,zhé,zhe,2
撁,qiān,qian,1
聩,kùi,kui,4
鹻,jiǎn,jian,3
璥,jǐng,jing,3
㼾,lù,lu,4
鼻,bí,bi,2
舽,páng,pang,2
晠,shéng,sheng,2
驪,lí,li,2
聈,yǒu,you,3
痆,nì,ni,4
浫,hǎn,han,3
巤,liē,lie,1
沚,zhǐ,zhi,3
㹌,chǎn,chan,3
璪,zǎo,zao,3
鐁,sī,si,1
妹,mèi,mei,4
椴,duàn,duan,4
繼,jì,ji,4
涚,shùi,shui,4
茕,qióng,qiong,2
麀,yōu,you,1
鵕,xùn,xun,4
䧽,cǔi,cui,3
䂙,䂙,䂙,
倈,lái,lai,2
薞,sūn,sun,1
渮,gē,ge,1
孺,rú,ru,2
罁,gāng,gang,1
奒,kāi,kai,1
䬦,dòu,dou,4
鶬,cāng,cang,1
禚,zhuó,zhuo,2
純,chún,chun,2
邳,péi,pei,2
裸,luǒ,luo,3
汥,zhī,zhi,1
緳,xié,xie,2
籀,zhòu,zhou,4
筂,chí,chi,2
暔,nán,nan,2
鷌,mǎ,ma,3
釣,diào,diao,4
郖,dōu,dou,1
䤆,kúi,kui,2
㚵,㚵,㚵,
癅,líu,liu,2
䰔,pán,pan,2
夶,bǐ,bi,3
嵨,wǔ,wu,3
痰,tán,tan,2
串,chuàn,chuan,4
箋,jiān,jian,1
憑,píng,ping,2
䦨,lán,lan,2
澁,sè,se,4
佡,xuān,xuan,1
鋘,wú,wu,2
阽,diàn,dian,4
㴟,㴟,㴟,
炶,hān,han,1
䮲,huáng,huang,2
政,zhèng,zheng,4
睕,wǎn,wan,3
䄖,䄖,䄖,
淓,fāng,fang,1
蕜,fěi,fei,3
颊,jiá,jia,2
䎻,zhǒu,zhou,3
䄿,yì,yi,4
齜,zī,zi,1
菸,yān,yan,1
蠋,zhú,zhu,2
傋,gòu,gou,4
薲,pín,pin,2
㵕,shèn,shen,4
懌,yì,yi,4
还,huán,huan,2
㫎,gǔn,gun,3
艤,yǐ,yi,3
㾅,sì,si,4
㿯,dá,da,2
靟,fēi,fei,1
亍,chù,chu,4
悘,yī,yi,1
驘,luó,luo,2
镭,léi,lei,2
㢳,lú,lu,2
娜,nuó,nuo,2
㞋,niǎn,nian,3
恗,kuǎ,kua,3
樿,zhǎn,zhan,3
醤,jiàng,jiang,4
虯,qíu,qiu,2
䭠,jiǎn,jian,3
㖢,jí,ji,2
傽,zhāng,zhang,1
㑮,hún,hun,2
钣,bǎn,ban,3
糘,糘,糘,
㐺,zhòng,zhong,4
㨗,jié,jie,2
璌,yín,yin,2
兂,zān,zan,1
胶,xiáo,xiao,2
誮,誮,誮,
臆,yì,yi,4
澭,yōng,yong,1
趐,xuè,xue,4
䘰,䘰,䘰,
䤑,wàng,wang,4
㫷,㫷,㫷,
堑,qiàn,qian,4
轐,pú,pu,2
丹,dān,dan,1
䟕,chà,cha,4
糓,gǔ,gu,3
诒,yí,yi,2
汌,chuàn,chuan,4
湾,wān,wan,1
殛,jí,ji,2
阰,pí,pi,2
䗂,hǔ,hu,3
䉄,léng,leng,2
撒,sā,sa,1
蓁,zhēn,zhen,1
忲,tài,tai,4
蟠,pán,pan,2
鳁,wēn,wen,1
焣,jù,ju,4
節,jié,jie,2
饲,sì,si,4
砟,zhà,zha,4
橪,rǎn,ran,3
㗅,hú,hu,2
革,gé,ge,2
䊌,䊌,䊌,
盯,dīng,ding,1
緃,zōng,zong,1
忦,yè,ye,4
䎤,chú,chu,2
诔,lěi,lei,3
靪,dīng,ding,1
㰔,xiè,xie,4
罧,lín,lin,2
究,jīu,jiu,1
犑,jú,ju,2
䂩,yàn,yan,4
迼,jié,jie,2
澓,fú,fu,2
怱,cōng,cong,1
暵,hàn,han,4
䝹,wǎn,wan,3
悺,guàn,guan,4
㴳,lǒng,long,3
尴,gān,gan,1
立,lì,li,4
蜁,xuán,xuan,2
卄,niàn,nian,4
幡,fān,fan,1
䔊,䔊,䔊,
税,shùi,shui,4
頬,jiá,jia,2
莋,jí,ji,2
鉟,pī,pi,1
飣,dìng,ding,4
帑,tǎng,tang,3
䊂,cè,ce,4
擧,jǔ,ju,3
牙,yá,ya,2
髠,kūn,kun,1
㱫,làn,lan,4
䡴,chuáng,chuang,2
惖,tì,ti,4
㾍,nái,nai,2
䗻,jié,jie,2
爔,xī,xi,1
劄,zhá,zha,2
紡,fǎng,fang,3
乥,乥,乥,
覐,jué,jue,2
㷥,㷥,㷥,
堘,chéng,cheng,2
㻔,duǒ,duo,3
䉴,ráng,rang,2
灶,zào,zao,4
䢥,yán,yan,2
竺,zhú,zhu,2
蹤,zōng,zong,1
鯈,tiáo,tiao,2
靊,fēng,feng,1
䜵,chǐ,chi,3
䳝,bù,bu,4
鱗,lín,lin,2
㣞,duó,duo,2
厐,páng,pang,2
烇,quàn,quan,4
䳕,fóu,fou,2
戥,děng,deng,3
惚,hū,hu,1
習,xí,xi,2
䭾,tuó,tuo,2
蘻,jì,ji,4
諠,xuān,xuan,1
帝,dì,di,4
鬈,quán,quan,2
癈,fèi,fei,4
瞌,kē,ke,1
蕇,diǎn,dian,3
買,mǎi,mai,3
淼,miǎo,miao,3
崧,sōng,song,1
蝒,mián,mian,2
鈊,xīn,xin,1
洓,suǒ,suo,3
碧,bì,bi,4
駩,quán,quan,2
毕,bì,bi,4
酨,zài,zai,4
塐,sù,su,4
猤,jì,ji,4
鷓,zhè,zhe,4
抇,hú,hu,2
舑,tān,tan,1
洐,xíng,xing,2
㴻,㴻,㴻,
㥡,xì,xi,4
兊,dùi,dui,4
橠,nuǒ,nuo,3
誆,kuāng,kuang,1
㝒,㝒,㝒,
饝,mó,mo,2
塾,shú,shu,2
鵋,jì,ji,4
㢵,shè,she,4
魰,wén,wen,2
㮅,㮅,㮅,
倜,tì,ti,4
玘,jǐ,ji,3
䁨,huò,huo,4
挓,zhā,zha,1
乖,guāi,guai,1
囅,chǎn,chan,3
䂗,䂗,䂗,
䐆,cǎi,cai,3
賹,ài,ai,4
㒎,sǎ,sa,3
䘌,nì,ni,4
水,shǔi,shui,3
亯,xiǎng,xiang,3
鲲,kūn,kun,1
櫞,yuán,yuan,2
鏔,yí,yi,2
繭,jiǎn,jian,3
绬,yīng,ying,1
㢋,chǐ,chi,3
䳟,kòu,kou,4
砅,lì,li,4
奉,fèng,feng,4
鼇,áo,ao,2
擺,bǎi,bai,3
䒀,fú,fu,2
褌,kūn,kun,1
茊,zī,zi,1
螃,páng,pang,2
㲞,zú,zu,2
硰,shā,sha,1
翑,qú,qu,2
柽,jué,jue,2
濜,jìn,jin,4
蕙,hùi,hui,4
㛒,dòu,dou,4
薱,dùi,dui,4
䒹,lèi,lei,4
挟,xié,xie,2
溇,lv̌,lv,3
餼,xì,xi,4
麸,fū,fu,1
槱,yǒu,you,3
衆,zhòng,zhong,4
髃,yú,yu,2
矘,tǎng,tang,3
㳯,㳯,㳯,
鑽,zuān,zuan,1
縇,縇,縇,
叓,shì,shi,4
㓷,yì,yi,4
末,mò,mo,4
伹,qū,qu,1
诶,āi,ai,1
珈,jiā,jia,1
㚚,㚚,㚚,
鬳,juàn,juan,4
层,céng,ceng,2
澫,màn,man,4
䆰,䆰,䆰,
寴,qìn,qin,4
箮,箮,箮,
鞤,bāng,bang,1
牑,biān,bian,1
惱,nǎo,nao,3
玥,yuè,yue,4
棿,niè,nie,4
纈,xié,xie,2
户,hù,hu,4
䩫,liǎng,liang,3
鬚,xū,xu,1
鮉,diāo,diao,1
鼧,tuó,tuo,2
䘈,lì,li,4
熦,jué,jue,2
鍤,chá,cha,2
訓,xùn,xun,4
爒,liào,liao,4
肐,gē,ge,1
阻,zǔ,zu,3
跆,tái,tai,2
㙑,yǔ,yu,3
棪,yǎn,yan,3
忏,chàn,chan,4
齅,xìu,xiu,4
鍙,hòng,hong,4
牆,qiáng,qiang,2
待,dài,dai,4
陝,shǎn,shan,3
莜,diào,diao,4
媷,rù,ru,4
䲠,䲠,䲠,
鰊,liàn,lian,4
庬,páng,pang,2
釽,pī,pi,1
㬅,màn,man,4
研,yán,yan,2
湤,shī,shi,1
輜,zī,zi,1
玕,gān,gan,1
㔸,㔸,㔸,
䳱,wù,wu,4
摀,wǔ,wu,3
鿧,鿧,鿧,
墅,shù,shu,4
鐜,dùi,dui,4
棻,fén,fen,2
媎,jiě,jie,3
湟,huáng,huang,2
抒,shū,shu,1
铚,zhì,zhi,4
疾,jí,ji,2
侮,wǔ,wu,3
魏,wèi,wei,4
蛿,hàn,han,4
刅,chuāng,chuang,1
㥋,㥋,㥋,
铈,shì,shi,4
谝,pián,pian,2
苦,kǔ,ku,3
㶝,㶝,㶝,
碿,sù,su,4
卶,shì,shi,4
厾,dū,du,1
驟,zòu,zou,4
絃,xián,xian,2
误,wù,wu,4
是,shì,shi,4
堳,méi,mei,2
潱,潱,潱,
嶏,bó,bo,2
锌,xīn,xin,1
鉻,gè,ge,4
亄,yì,yi,4
椰,yé,ye,2
鰧,téng,teng,2
掴,guó,guo,2
慬,jǐn,jin,3
栺,zhǐ,zhi,3
㧖,è,e,4
寮,liáo,liao,2
凡,fán,fan,2
呮,qì,qi,4
撀,gòu,gou,4
䴬,yì,yi,4
椵,jiǎ,jia,3
临,lín,lin,2
鏐,líu,liu,2
鴴,héng,heng,2
滍,zhǐ,zhi,3
舄,xì,xi,4
襈,zhuàn,zhuan,4
洌,liè,lie,4
䀥,shuò,shuo,4
芊,qiān,qian,1
尊,zūn,zun,1
㺓,piào,piao,4
覝,lián,lian,2
侒,ān,an,1
罎,tán,tan,2
堪,kān,kan,1
䮗,àn,an,4
芵,jué,jue,2
娋,shào,shao,4
盦,ān,an,1
编,biān,bian,1
䐠,huǎng,huang,3
輑,yǔn,yun,3
砘,dùn,dun,4
橡,xiàng,xiang,4
欕,欕,欕,
癁,fú,fu,2
虽,sūi,sui,1
㤓,bèn,ben,4
䖺,tiáo,tiao,2
㢂,yǎn,yan,3
㸞,bǎn,ban,3
竚,zhù,zhu,4
町,tǐng,ting,3
鳞,lín,lin,2
㯿,liè,lie,4
㙥,gǔn,gun,3
㓤,jié,jie,2
矿,kuàng,kuang,4
圢,tīng,ting,1
䖆,niàng,niang,4
又,yòu,you,4
䂔,xìng,xing,4
罤,tí,ti,2
㹎,léi,lei,2
㲙,㲙,㲙,
嶴,ào,ao,4
蒞,lì,li,4
渢,féng,feng,2
齉,nàng,nang,4
楓,fēng,feng,1
漎,cóng,cong,2
塓,mì,mi,4
㛧,mǎn,man,3
䗯,jìn,jin,4
衸,xiè,xie,4
觉,jué,jue,2
砖,zhuān,zhuan,1
鳕,xuě,xue,3
萼,è,e,4
镚,bèng,beng,4
䆔,䆔,䆔,
諟,shì,shi,4
㔑,chì,chi,4
䔰,fú,fu,2
禞,gào,gao,4
䵊,䵊,䵊,
㛗,zuò,zuo,4
诹,zōu,zou,1
夨,zè,ze,4
絒,chóu,chou,2
魪,jiè,jie,4
蜔,diàn,dian,4
婴,yīng,ying,1
菒,gǎo,gao,3
瀉,xiè,xie,4
嚮,xiàng,xiang,4
华,huá,hua,2
兯,兯,兯,
钶,ē,e,1
甥,shēng,sheng,1
鱾,jǐ,ji,3
嘏,gǔ,gu,3
鷴,xián,xian,2
粚,lí,li,2
厚,hòu,hou,4
拯,zhěng,zheng,3
㩫,㩫,㩫,
抈,yuè,yue,4
穖,jǐ,ji,3
儵,shū,shu,1
會,hùi,hui,4
阸,è,e,4
夐,xiòng,xiong,4
辔,pèi,pei,4
浰,liàn,lian,4
薑,jiāng,jiang,1
垃,lā,la,1
髆,bó,bo,2
缕,lv̌,lv,3
叧,guǎ,gua,3
亏,yú,yu,2
畮,mǔ,mu,3
㜫,mà,ma,4
岱,dài,dai,4
烼,hū,hu,1
爕,xiè,xie,4
㿧,chóu,chou,2
慏,mǐng,ming,3
䤾,䤾,䤾,
垵,ǎn,an,3
褝,褝,褝,
䛻,yòu,you,4
近,jìn,jin,4
㵫,nǐ,ni,3
讥,jī,ji,1
䝓,là,la,4
笺,jiān,jian,1
噆,zǎn,zan,3
饭,fàn,fan,4
㦚,biǎn,bian,3
齥,xiè,xie,4
标,biāo,biao,1
湗,fèng,feng,4
錁,guǒ,guo,3
䬳,bǎn,ban,3
咢,è,e,4
畺,jiāng,jiang,1
胃,wèi,wei,4
嘑,hū,hu,1
怭,bì,bi,4
褃,kèn,ken,4
焟,xí,xi,2
鋾,táo,tao,2
䛊,䛊,䛊,
詡,xǔ,xu,3
䠝,䠝,䠝,
內,nèi,nei,4
刭,jǐng,jing,3
䴴,tiè,tie,4
諕,háo,hao,2
笯,nú,nu,2
罗,luō,luo,1
梐,bì,bi,4
㱵,bèn,ben,4
䬶,èn,en,4
㷒,yú,yu,2
㡘,lián,lian,2
碂,zòng,zong,4
䕟,䕟,䕟,
怍,zuò,zuo,4
奔,bēn,ben,1
遈,shí,shi,2
䔏,chòu,chou,4
䚺,yáo,yao,2
婏,fù,fu,4
瓿,pǒu,pou,3
停,tíng,ting,2
軴,zhù,zhu,4
踓,wěi,wei,3
䬹,zhì,zhi,4
尤,yóu,you,2
䘨,jiǎo,jiao,3
㵲,wǔ,wu,3
餅,bǐng,bing,3
熾,chì,chi,4
粊,bì,bi,4
駕,jià,jia,4
檝,jí,ji,2
僪,jué,jue,2
镡,tán,tan,2
雺,méng,meng,2
瞆,kùi,kui,4
䐁,niǎo,niao,3
桲,bó,bo,2
鯟,dōng,dong,1
沑,róu,rou,2
罭,yù,yu,4
䄔,jǔ,ju,3
筥,jǔ,ju,3
別,bié,bie,2
䴣,䴣,䴣,
䘡,bǐ,bi,3
鶘,hú,hu,2
萜,tiē,tie,1
期,qī,qi,1
㒹,㒹,㒹,
竎,fòu,fou,4
桧,kuài,kuai,4
隭,ér,er,2
靌,bǎo,bao,3
薤,xiè,xie,4
鵒,yù,yu,4
䕔,xián,xian,2
铫,yáo,yao,2
蔆,líng,ling,2
㮊,㮊,㮊,
㠣,lài,lai,4
懮,yǒu,you,3
䜆,mò,mo,4
魋,túi,tui,2
㟫,quán,quan,2
硎,xíng,xing,2
煜,yù,yu,4
慍,yùn,yun,4
转,zhuǎn,zhuan,3
犁,lí,li,2
爯,chēng,cheng,1
塱,lǎng,lang,3
姴,liè,lie,4
䦏,xiè,xie,4
仸,yǎo,yao,3
組,zǔ,zu,3
㰃,mián,mian,2
憈,qū,qu,1
蘍,xūn,xun,1
鵀,rèn,ren,4
钇,yǐ,yi,3
䂋,䂋,䂋,
楦,xuàn,xuan,4
宲,bǎo,bao,3
褴,bǎo,bao,3
徤,jiàn,jian,4
㐿,㐿,㐿,
厖,páng,pang,2
奓,shē,she,1
渟,tíng,ting,2
䎶,èr,er,4
䪝,hù,hu,4
嶝,dèng,deng,4
檸,níng,ning,2
㶞,nǎng,nang,3
㪮,líng,ling,2
䡙,láng,lang,2
韬,tāo,tao,1
棶,lái,lai,2
䌹,jiǒng,jiong,3
闖,chuǎng,chuang,3
鮄,fú,fu,2
㳎,biàn,bian,4
㼣,bǎi,bai,3
灬,biāo,biao,1
厑,厑,厑,
襅,襅,襅,
噦,yuě,yue,3
褵,lí,li,2
褽,wèi,wei,4
烏,wū,wu,1
㕦,huà,hua,4
䐡,qí,qi,2
鋈,wù,wu,4
甔,dān,dan,1
砋,zhǐ,zhi,3
㺀,náo,nao,2
臭,chòu,chou,4
䒥,fà,fa,4
栮,ěr,er,3
缿,hòu,hou,4
㠚,dùi,dui,4
鯯,zhì,zhi,4
㕴,chén,chen,2
敺,qū,qu,1
㙘,㙘,㙘,
匭,gǔi,gui,3
䒾,䒾,䒾,
揷,chā,cha,1
盐,yán,yan,2
䶌,pào,pao,4
垇,ào,ao,4
訂,dìng,ding,4
剕,fèi,fei,4
䉕,céng,ceng,2
妇,fù,fu,4
䜩,yàn,yan,4
千,qiān,qian,1
㷏,yǒng,yong,3
藹,ǎi,ai,3
騌,zōng,zong,1
嘡,tāng,tang,1
騭,zhì,zhi,4
皜,hào,hao,4
毶,毶,毶,
觀,guān,guan,1
钙,gài,gai,4
轄,xiá,xia,2
呌,jiào,jiao,4
愬,sù,su,4
軓,fàn,fan,4
襔,mǎn,man,3
綯,táo,tao,2
鲉,yóu,you,2
颧,quán,quan,2
暝,míng,ming,2
髖,kuān,kuan,1
霔,zhù,zhu,4
䲴,zhèn,zhen,4
綖,yán,yan,2
划,huá,hua,2
影,yǐng,ying,3
涰,chuò,chuo,4
錳,měng,meng,3
㑯,xǔ,xu,3
燊,shēn,shen,1
櫆,kúi,kui,2
梶,wěi,wei,3
乡,xiāng,xiang,1
血,xiě,xie,3
悚,sǒng,song,3
捁,jiǎo,jiao,3
刘,líu,liu,2
轫,rèn,ren,4
㿡,㿡,㿡,
廈,shà,sha,4
谄,chǎn,chan,3
貵,piǎn,pian,3
曓,bào,bao,4
齟,jǔ,ju,3
膂,lv̌,lv,3
鍛,duàn,duan,4
㬯,liè,lie,4
糦,xī,xi,1
熃,wù,wu,4
饏,dàn,dan,4
㴭,yǎo,yao,3
韷,lè,le,4
螲,zhì,zhi,4
歟,yú,yu,2
㜝,ǎn,an,3
箍,gū,gu,1
缨,yīng,ying,1
轱,kū,ku,1
㾧,kè,ke,4
䞘,jí,ji,2
㾔,lv̌,lv,3
㮇,tiàn,tian,4
䟽,䟽,䟽,
冾,xiá,xia,2
娱,yú,yu,2
䯾,tiáo,tiao,2
椢,椢,椢,
壄,yě,ye,3
㡇,jí,ji,2
黸,lú,lu,2
陃,bǐng,bing,3
䡦,sǎng,sang,3
媰,zōu,zou,1
顋,sāi,sai,1
钆,qíu,qiu,2
摫,gūi,gui,1
鄷,fēng,feng,1
瘒,wén,wen,2
碃,qìng,qing,4
摯,zhì,zhi,4
銖,zhū,zhu,1
箜,kōng,kong,1
㨝,xiè,xie,4
㴑,sù,su,4
䥞,jiǎo,jiao,3
魆,xù,xu,4
昛,jù,ju,4
嵇,jī,ji,1
鬄,tì,ti,4
殧,cù,cu,4
斕,lán,lan,2
䭯,bó,bo,2
霃,chén,chen,2
絫,lěi,lei,3
㭙,shé,she,2
㤚,háng,hang,2
㲥,táng,tang,2
溰,yī,yi,1
㵔,chě,che,3
臞,qú,qu,2
䩋,mǒ,mo,3
犽,yá,ya,2
瑔,quán,quan,2
㙷,zhí,zhi,2
誩,jìng,jing,4
丿,piě,pie,3
㭓,biàn,bian,4
㘴,zuò,zuo,4
㞠,láo,lao,2
檬,méng,meng,2
豻,àn,an,4
魦,shā,sha,1
瑫,tāo,tao,1
㐰,xìn,xin,4
翛,xiāo,xiao,1
箣,cè,ce,4
馦,xiān,xian,1
栆,栆,栆,
睯,hūn,hun,1
暬,xiè,xie,4
敖,áo,ao,2
鏤,lòu,lou,4
䊞,zhé,zhe,2
笭,líng,ling,2
濬,jùn,jun,4
鄥,qiāo,qiao,1
睦,mù,mu,4
㳖,㳖,㳖,
䚜,䚜,䚜,
叀,zhuān,zhuan,1
婞,xìng,xing,4
嬚,liǎn,lian,3
氜,rì,ri,4
㡃,㡃,㡃,
叫,jiào,jiao,4
㢤,㢤,㢤,
抷,pī,pi,1
釂,jiào,jiao,4
翓,xié,xie,2
䔲,chéng,cheng,2
䥂,mèng,meng,4
瓟,báo,bao,2
㳋,㳋,㳋,
趾,zhǐ,zhi,3
仳,pǐ,pi,3
蜠,jǔn,jun,3
乻,乻,乻,
絙,gēng,geng,1
㫒,gǒng,gong,3
廜,tū,tu,1
䃽,fú,fu,2
膘,piǎo,piao,3
歀,kuǎn,kuan,3
臒,huò,huo,4
鲗,zé,ze,2
雩,yú,yu,2
噑,háo,hao,2
䲀,dié,die,2
䳰,bǎo,bao,3
蔘,sēn,sen,1
鰠,sāo,sao,1
皓,hào,hao,4
舃,xì,xi,4
癪,癪,癪,
實,shí,shi,2
縗,cūi,cui,1
跧,quán,quan,2
橉,lìn,lin,4
㚹,mǎo,mao,3
墷,yè,ye,4
䞴,䞴,䞴,
鷨,huā,hua,1
狞,níng,ning,2
帬,qún,qun,2
磔,zhé,zhe,2
稳,wěn,wen,3
逛,guàng,guang,4
䢁,yuè,yue,4
蓿,sù,su,4
嬊,yàn,yan,4
觇,zhān,zhan,1
摭,zhí,zhi,2
犆,zhí,zhi,2
毲,duó,duo,2
洈,wéi,wei,2
㷽,㷽,㷽,
䖀,䖀,䖀,
擆,zhuó,zhuo,2
硽,yǎn,yan,3
膹,fèn,fen,4
㥇,cán,can,2
窓,chuāng,chuang,1
旲,tái,tai,2
戱,xì,xi,4
塋,yíng,ying,2
泑,yǒu,you,3
莦,shāo,shao,1
崗,gǎng,gang,3
瘺,lòu,lou,4
钝,dùn,dun,4
涗,shùi,shui,4
忞,mín,min,2
盕,fàn,fan,4
儅,dāng,dang,1
堭,huáng,huang,2
䦫,䦫,䦫,
䏁,zǎi,zai,3
鑕,zhì,zhi,4
䎼,lù,lu,4
䄌,zhùi,zhui,4
磠,lǔ,lu,3
鯅,tíng,ting,2
冩,xiě,xie,3
箘,jùn,jun,4
渔,yú,yu,2
縄,縄,縄,
碅,jūn,jun,1
蕤,rúi,rui,2
軐,xìn,xin,4
阦,yáng,yang,2
䰝,zèng,zeng,4
眴,xuàn,xuan,4
躚,xiān,xian,1
屏,píng,ping,2
䆹,tǒng,tong,3
䪼,䪼,䪼,
粡,tóng,tong,2
㞞,㞞,㞞,
牲,shēng,sheng,1
峮,qūn,qun,1
䑪,è,e,4
㼼,piáo,piao,2
荼,tú,tu,2
埮,tàn,tan,4
阹,qū,qu,1
丐,gài,gai,4
姖,jù,ju,4
普,pǔ,pu,3
㷈,è,e,4
譠,tān,tan,1
拴,shuān,shuan,1
式,shì,shi,4
㰨,㰨,㰨,
楿,楿,楿,
昕,xīn,xin,1
㸴,㸴,㸴,
哹,fóu,fou,2
鳖,biē,bie,1
仡,yì,yi,4
翤,chì,chi,4
峐,gāi,gai,1
鄊,xiāng,xiang,1
诪,zhōu,zhou,1
㓥,㓥,㓥,
䋺,䋺,䋺,
㦳,㦳,㦳,
癯,qú,qu,2
䍄,diǎn,dian,3
㹿,diǎo,diao,3
祚,zuò,zuo,4
䖷,䖷,䖷,
鳬,fú,fu,2
囤,dùn,dun,4
掏,tāo,tao,1
塕,wěng,weng,3
㭺,yǎn,yan,3
㡪,nié,nie,2
梘,jiàn,jian,4
嗈,yōng,yong,1
锂,lǐ,li,3
冣,jù,ju,4
踇,mǒu,mou,3
彭,péng,peng,2
豥,gāi,gai,1
㱪,mèn,men,4
倌,guān,guan,1
谘,zī,zi,1
鋮,chéng,cheng,2
攇,xiǎn,xian,3
羝,dī,di,1
䑵,mù,mu,4
䤠,jī,ji,1
齈,nóng,nong,2
鶊,gēng,geng,1
犝,tóng,tong,2
艬,chán,chan,2
鹬,yù,yu,4
蕆,chǎn,chan,3
狢,hé,he,2
㫨,㫨,㫨,
沨,féng,feng,2
隱,yǐn,yin,3
㳉,㳉,㳉,
袪,qū,qu,1
愾,kài,kai,4
駇,駇,駇,
氹,dàng,dang,4
䴁,yù,yu,4
遯,dùn,dun,4
诽,fěi,fei,3
㑲,㑲,㑲,
嶕,jiāo,jiao,1
銗,hóu,hou,2
㾯,túi,tui,2
䎂,bǎo,bao,3
塘,táng,tang,2
㺏,lóu,lou,2
蠜,fán,fan,2
滢,yìng,ying,4
絼,zhěn,zhen,3
宐,yí,yi,2
玃,jué,jue,2
陏,duò,duo,4
蚡,fén,fen,2
蒛,quē,que,1
搮,lì,li,4
䍢,wú,wu,2
誈,wú,wu,2
霩,huò,huo,4
䪳,yǔn,yun,3
䵂,zhí,zhi,2
復,fù,fu,4
涻,gàn,gan,4
魚,yú,yu,2
㹄,jì,ji,4
棁,zhuó,zhuo,2
憣,fán,fan,2
樰,樰,樰,
狶,xǐ,xi,3
䕾,yán,yan,2
甜,tián,tian,2
䓜,䓜,䓜,
兩,liǎng,liang,3
俖,pǎi,pai,3
鐧,jiǎn,jian,3
䀓,huàn,huan,4
邆,téng,teng,2
䜺,cè,ce,4
䡽,䡽,䡽,
縼,xuàn,xuan,4
狑,líng,ling,2
蹻,qiāo,qiao,1
嫫,mó,mo,2
繸,sùi,sui,4
媝,qīu,qiu,1
旐,zhào,zhao,4
桽,wěn,wen,3
郝,hǎo,hao,3
瞳,tóng,tong,2
䛨,xìn,xin,4
攔,lán,lan,2
倮,luǒ,luo,3
帠,yì,yi,4
癣,xiǎn,xian,3
㽉,hǎn,han,3
桳,bèn,ben,4
蹀,dié,die,2
䖚,䖚,䖚,
鐎,jiāo,jiao,1
向,xiàng,xiang,4
幀,zhèng,zheng,4
䓽,jì,ji,4
聯,lián,lian,2
蠶,cán,can,2
綍,fú,fu,2
㷝,㷝,㷝,
睒,shǎn,shan,3
骲,bāo,bao,1
柺,guǎi,guai,3
崴,wēi,wei,1
䳥,䳥,䳥,
䴓,shī,shi,1
宖,hóng,hong,2
葉,yè,ye,4
弘,hóng,hong,2
褲,kù,ku,4
耈,gǒu,gou,3
鄳,méng,meng,2
䌂,òu,ou,4
黭,yān,yan,1
䣈,hàng,hang,4
䑮,䑮,䑮,
肺,fèi,fei,4
愳,jù,ju,4
味,wèi,wei,4
竓,竓,竓,
衷,zhōng,zhong,1
唕,zào,zao,4
堅,jiān,jian,1
錺,錺,錺,
厮,sī,si,1
儘,jǐn,jin,3
碰,pèng,peng,4
讻,xiōng,xiong,1
徜,cháng,chang,2
㱀,chǐ,chi,3
勭,tóng,tong,2
説,shuō,shuo,1
瓡,zhí,zhi,2
綎,tīng,ting,1
䆌,䆌,䆌,
駵,líu,liu,2
藤,téng,teng,2
簫,xiāo,xiao,1
汊,chà,cha,4
胾,zì,zi,4
烯,xī,xi,1
功,gōng,gong,1
盧,lú,lu,2
剃,tì,ti,4
鰌,qíu,qiu,2
患,huàn,huan,4
嘸,fǔ,fu,3
醄,táo,tao,2
喩,yù,yu,4
㫀,dǐng,ding,3
㷹,shào,shao,4
碜,chěn,chen,3
鹌,ān,an,1
䬐,wěi,wei,3
脭,chéng,cheng,2
坙,jīng,jing,1
螩,螩,螩,
摁,èn,en,4
冕,miǎn,mian,3
䂵,䂵,䂵,
畼,chàng,chang,4
騒,sāo,sao,1
紃,xún,xun,2
泾,jīng,jing,1
䄫,qǐ,qi,3
㬽,㬽,㬽,
箅,bì,bi,4
鐰,qiāo,qiao,1
栥,zī,zi,1
今,jīn,jin,1
焭,qióng,qiong,2
苚,yòng,yong,4
愇,wěi,wei,3
剮,guǎ,gua,3
鐖,jī,ji,1
律,lv̀,lv,4
渍,zì,zi,4
佧,kǎ,ka,3
㪷,dǒu,dou,3
剎,chà,cha,4
埴,zhí,zhi,2
墴,huáng,huang,2
楼,lóu,lou,2
瑑,zhuàn,zhuan,4
觨,hùn,hun,4
鈓,rén,ren,2
鑙,jī,ji,1
袤,mào,mao,4
鼺,léi,lei,2
振,zhèn,zhen,4
蔟,cù,cu,4
蒙,méng,meng,2
㬮,kuài,kuai,4
㶊,㶊,㶊,
㰊,xún,xun,2
緝,jī,ji,1
怚,jù,ju,4
辉,hūi,hui,1
豐,fēng,feng,1
硗,qiāo,qiao,1
伅,dùn,dun,4
摋,sà,sa,4
䰽,bèi,bei,4
瑮,lì,li,4
䤥,gǔi,gui,3
箤,jú,ju,2
惨,cǎn,can,3
鵹,lí,li,2
䨧,䨧,䨧,
䟑,lǎ,la,3
嬰,yīng,ying,1
惔,tán,tan,2
縟,rù,ru,4
詪,hěn,hen,3
黉,héng,heng,2
兹,zī,zi,1
䇔,luò,luo,4
孉,quán,quan,2
殴,ōu,ou,1
荻,dí,di,2
趷,kē,ke,1
鯒,yǒng,yong,3
葅,jū,ju,1
琐,suǒ,suo,3
誗,chán,chan,2
齛,shì,shi,4
陌,mò,mo,4
凃,tú,tu,2
蠝,léi,lei,2
王,wáng,wang,2
䊱,䊱,䊱,
麏,jūn,jun,1
嵤,hóng,hong,2
涇,jīng,jing,1
瘧,nvè,nve,4
骒,kè,ke,4
煺,tùi,tui,4
糏,xiè,xie,4
浈,chéng,cheng,2
炌,kài,kai,4
轑,lǎo,lao,3
綸,lún,lun,2
䈽,䈽,䈽,
詅,líng,ling,2
㩯,bǎn,ban,3
䳡,䳡,䳡,
执,zhí,zhi,2
蜧,lì,li,4
撌,kùi,kui,4
擾,rǎo,rao,3
坊,fāng,fang,1
䫋,túi,tui,2
枋,fāng,fang,1
贇,yūn,yun,1
徹,chè,che,4
寣,hū,hu,1
翐,zhì,zhi,4
领,lǐng,ling,3
嗲,diǎ,dia,3
㛟,㛟,㛟,
驛,yì,yi,4
佶,jí,ji,2
斋,zhāi,zhai,1
艽,qíu,qiu,2
錣,zhuó,zhuo,2
它,tā,ta,1
櫣,lián,lian,2
㥥,yú,yu,2
䋬,䋬,䋬,
䨥,hù,hu,4
佝,kòu,kou,4
滛,yín,yin,2
㸠,tiǎo,tiao,3
㳿,xiè,xie,4
阯,zhǐ,zhi,3
豬,zhū,zhu,1
燫,lián,lian,2
絏,xiè,xie,4
歾,mò,mo,4
鞉,táo,tao,2
瑗,yuàn,yuan,4
廻,húi,hui,2
蝅,cán,can,2
甈,qì,qi,4
笷,mǎo,mao,3
㒳,liǎng,liang,3
鄀,ruò,ruo,4
狲,sūn,sun,1
麎,chén,chen,2
䬡,zhù,zhu,4
詝,zhǔ,zhu,3
鎷,mǎ,ma,3
㙒,yě,ye,3
綝,lín,lin,2
毑,zuǒ,zuo,3
㫁,duàn,duan,4
莄,gěng,geng,3
鸹,guā,gua,1
㖄,㖄,㖄,
㣔,㣔,㣔,
餻,gāo,gao,1
䏧,ná,na,2
䴆,pú,pu,2
婊,biǎo,biao,3
損,sǔn,sun,3
䞠,䞠,䞠,
唜,唜,唜,
鰭,qí,qi,2
䩑,hóng,hong,2
欤,yú,yu,2
婐,ē,e,1
鍭,hóu,hou,2
钮,nǐu,niu,3
㝲,qǐn,qin,3
䪴,zhěn,zhen,3
䕇,hùi,hui,4
岾,岾,岾,
㠕,wěi,wei,3
惧,jù,ju,4
圌,chuán,chuan,2
逴,chuò,chuo,4
隵,xī,xi,1
䑿,sù,su,4
腶,duàn,duan,4
䂐,chuò,chuo,4
苀,háng,hang,2
樚,lù,lu,4
鿩,鿩,鿩,
铰,jiǎo,jiao,3
㫍,yóu,you,2
輡,kǎn,kan,3
釶,shī,shi,1
痥,duó,duo,2
碖,lùn,lun,4
达,dá,da,2
䘐,nv̀,nv,4
歘,xū,xu,1
㒋,㒋,㒋,
躭,dān,dan,1
苘,qiǒng,qiong,3
覅,biào,biao,4
芅,yì,yi,4
臇,juǎn,juan,3
䏩,䏩,䏩,
時,shí,shi,2
嶛,liáo,liao,2
腈,jīng,jing,1
哱,bō,bo,1
唖,yǎ,ya,3
䓚,cú,cu,2
巧,qiǎo,qiao,3
锣,luó,luo,2
叙,xù,xu,4
脋,脋,脋,
颾,sāo,sao,1
殪,yì,yi,4
䍍,gǔ,gu,3
嬏,fān,fan,1
裥,jiǎn,jian,3
瘛,chì,chi,4
㕭,ào,ao,4
馐,xīu,xiu,1
琯,guǎn,guan,3
漧,qián,qian,2
炥,fú,fu,2
諢,hùn,hun,4
抠,kōu,kou,1
硊,wěi,wei,3
聧,kúi,kui,2
方,fāng,fang,1
鎓,wēng,weng,1
渹,hōng,hong,1
謎,mí,mi,2
蒴,shuò,shuo,4
屌,diǎo,diao,3
莁,wú,wu,2
䯦,mà,ma,4
颥,rú,ru,2
䄍,dù,du,4
㣵,tà,ta,4
䥇,shàn,shan,4
珀,pò,po,4
調,diào,diao,4
㥈,dié,die,2
票,piào,piao,4
婹,yǎo,yao,3
鉍,bì,bi,4
镈,bó,bo,2
突,tū,tu,1
酜,酜,酜,
躴,láng,lang,2
㴘,mào,mao,4
䛅,xiá,xia,2
㕞,㕞,㕞,
塪,kǎn,kan,3
趃,dié,die,2
㓱,tóu,tou,2
怏,yàng,yang,4
鼙,pí,pi,2
㧕,jìu,jiu,4
魺,hé,he,2
鄉,xiāng,xiang,1
厯,lì,li,4
蚺,rán,ran,2
菩,pú,pu,2
詖,bì,bi,4
勍,qíng,qing,2
曏,xiàng,xiang,4
䋗,䋗,䋗,
觌,dí,di,2
睧,hūn,hun,1
巍,wēi,wei,1
萴,zé,ze,2
蓖,bì,bi,4
䝣,qú,qu,2
椒,jiāo,jiao,1
㵽,dùi,dui,4
缂,kè,ke,4
鞪,mù,mu,4
脟,liè,lie,4
䞸,fù,fu,4
旰,gàn,gan,4
漛,téng,teng,2
髡,kūn,kun,1
㿶,㿶,㿶,
椙,椙,椙,
稷,jì,ji,4
鷆,tián,tian,2
圁,yín,yin,2
鍹,xuān,xuan,1
䭄,shì,shi,4
䭈,jiàn,jian,4
俘,fú,fu,2
铨,quán,quan,2
康,kāng,kang,1
㝙,yín,yin,2
參,cān,can,1
錫,xí,xi,2
徯,xī,xi,1
帏,wéi,wei,2
梥,sōng,song,1
珚,yān,yan,1
趰,趰,趰,
餧,wèi,wei,4
镰,lián,lian,2
贵,gùi,gui,4
闝,piáo,piao,2
薢,jiē,jie,1
喑,yīn,yin,1
絘,cì,ci,4
醹,rú,ru,2
㔴,yì,yi,4
侊,guāng,guang,1
痦,wù,wu,4
呥,rǎn,ran,3
擗,pì,pi,4
躝,lán,lan,2
麖,jīng,jing,1
㨿,jù,ju,4
熡,lóu,lou,2
巋,kūi,kui,1
紹,shào,shao,4
嬖,bì,bi,4
隘,ài,ai,4
禿,tū,tu,1
㚔,niè,nie,4
稧,xì,xi,4
鮔,jù,ju,4
靚,jìng,jing,4
䔠,shǎo,shao,3
别,bié,bie,2
涳,kōng,kong,1
恘,qīu,qiu,1
絪,yīn,yin,1
霄,xiāo,xiao,1
䈖,䈖,䈖,
哵,bā,ba,1
圅,hán,han,2
琼,qióng,qiong,2
龤,xié,xie,2
耖,chào,chao,4
嵍,wù,wu,4
黀,zōu,zou,1
袆,hūi,hui,1
钌,diǎo,diao,3
洺,míng,ming,2
㧎,yá,ya,2
斡,wò,wo,4
焠,cùi,cui,4
㭒,sì,si,4
抚,fǔ,fu,3
護,hù,hu,4
膻,dàn,dan,4
䭟,yè,ye,4
䲵,hù,hu,4
朱,zhū,zhu,1
䎷,zhù,zhu,4
攍,yíng,ying,2
鱘,xún,xun,2
孅,xiān,xian,1
㯷,pú,pu,2
㴤,㴤,㴤,
纗,zūi,zui,1
輏,yóu,you,2
坮,tái,tai,2
㭝,qíu,qiu,2
孋,lí,li,2
璨,càn,can,4
㻦,㻦,㻦,
迾,liè,lie,4
鈪,鈪,鈪,
䵉,tóu,tou,2
栲,kǎo,kao,3
䕮,jú,ju,2
甹,píng,ping,2
抔,póu,pou,2
䲒,xiè,xie,4
㞬,qìn,qin,4
毧,róng,rong,2
軻,kē,ke,1
朖,lǎng,lang,3
䖞,zhǒu,zhou,3
既,jì,ji,4
飩,tún,tun,2
瘮,shèn,shen,4
䩱,shù,shu,4
誼,yì,yi,4
撵,niǎn,nian,3
蚌,bàng,bang,4
㱗,㱗,㱗,
蒉,kùi,kui,4
籞,yù,yu,4
尐,jī,ji,1
崪,zú,zu,2
㮜,㮜,㮜,
矼,qiāng,qiang,1
凜,lǐn,lin,3
鯲,鯲,鯲,
偪,bī,bi,1
抰,yǎng,yang,3
㡨,qiān,qian,1
䘒,䘒,䘒,
之,zhī,zhi,1
坨,tuó,tuo,2
桃,táo,tao,2
駛,shǐ,shi,3
燎,liǎo,liao,3
猬,wèi,wei,4
䘣,zǐ,zi,3
蒧,zhēn,zhen,1
㚰,bǐ,bi,3
怗,tiē,tie,1
㓍,㓍,㓍,
恒,héng,heng,2
雵,ǎng,ang,3
㩇,huà,hua,4
伖,tǎng,tang,3
舦,tài,tai,4
獑,chán,chan,2
痟,xiāo,xiao,1
罨,yǎn,yan,3
镣,liáo,liao,2
帍,hù,hu,4
绞,jiǎo,jiao,3
湽,zī,zi,1
蚼,gǒu,gou,3
䩥,dàn,dan,4
澺,yì,yi,4
遚,chù,chu,4
烥,烥,烥,
不,bù,bu,4
棉,mián,mian,2
噛,niè,nie,4
祩,zhū,zhu,1
驯,xún,xun,2
䊜,tuán,tuan,2
喠,zhǒng,zhong,3
䭣,cí,ci,2
呜,wū,wu,1
䐱,䐱,䐱,
㾨,qǐ,qi,3
㣕,㣕,㣕,
㹸,ní,ni,2
箈,chí,chi,2
恑,gǔi,gui,3
氼,nì,ni,4
踭,zhēng,zheng,1
犌,jiā,jia,1
痉,jìng,jing,4
㢬,hóng,hong,2
㼻,cóng,cong,2
䠬,dèng,deng,4
雈,huán,huan,2
俚,lǐ,li,3
曾,céng,ceng,2
翸,pěn,pen,3
俌,fǔ,fu,3
䱍,gèng,geng,4
准,zhǔn,zhun,3
䋸,xún,xun,2
㑽,táng,tang,2
柦,dàn,dan,4
礡,bó,bo,2
蜨,dié,die,2
往,wǎng,wang,3
戙,dòng,dong,4
欍,欍,欍,
铀,yóu,you,2
猫,māo,mao,1
䛫,zhèng,zheng,4
觕,cū,cu,1
㟿,máng,mang,2
欑,zàn,zan,4
粕,pò,po,4
你,nǐ,ni,3
龉,yǔ,yu,3
棞,hún,hun,2
畂,lìu,liu,4
馾,dàn,dan,4
熝,lù,lu,4
孵,fū,fu,1
㞁,yào,yao,4
骺,gòu,gou,4
酀,yān,yan,1
㬙,wěi,wei,3
䰿,tuó,tuo,2
紼,fú,fu,2
歳,sùi,sui,4
㒩,luǒ,luo,3
汱,quǎn,quan,3
䗳,䗳,䗳,
瀅,yìng,ying,4
庑,wǔ,wu,3
溯,sù,su,4
櫽,yǐn,yin,3
嚀,níng,ning,2
嘱,zhǔ,zhu,3
痎,kāi,kai,1
皵,què,que,4
甎,zhuān,zhuan,1
獢,xiāo,xiao,1
摏,chōng,chong,1
臖,xìng,xing,4
嬦,chóu,chou,2
啊,a,a,5
嫡,dí,di,2
璾,jì,ji,4
黢,qū,qu,1
櫮,è,e,4
㒞,jùn,jun,4
䒐,méng,meng,2
饂,yún,yun,2
獮,xiǎn,xian,3
骽,tǔi,tui,3
粇,kāng,kang,1
莱,lái,lai,2
橶,jí,ji,2
䇌,qiào,qiao,4
坓,xíng,xing,2
綌,xì,xi,4
暳,hùi,hui,4
灑,sǎ,sa,3
乴,xué,xue,2
颮,biāo,biao,1
廫,liáo,liao,2
䮎,xì,xi,4
枪,qiāng,qiang,1
㿇,xí,xi,2
䠃,liǎng,liang,3
閸,kǔn,kun,3
欽,qīn,qin,1
监,jiān,jian,1
徣,jiè,jie,4
㗐,㗐,㗐,
㵍,mèn,men,4
愊,bì,bi,4
竽,yú,yu,2
衩,chà,cha,4
綴,zhùi,zhui,4
灼,zhuó,zhuo,2
䠱,shǔ,shu,3
將,jiāng,jiang,1
拟,nǐ,ni,3
饮,yǐn,yin,3
杖,zhàng,zhang,4
彳,chì,chi,4
蹹,tà,ta,4
鿖,鿖,鿖,
袌,bào,bao,4
㚯,xín,xin,2
䧤,pú,pu,2
僒,jiǒng,jiong,3
亦,yì,yi,4
郕,chéng,cheng,2
倫,lún,lun,2
㚧,yǎn,yan,3
筁,qǔ,qu,3
䣍,yǎn,yan,3
轁,tāo,tao,1
䤓,méng,meng,2
頣,shěn,shen,3
䖜,yín,yin,2
㴕,jí,ji,2
麄,cū,cu,1
怪,guài,guai,4
䒣,rǎn,ran,3
侁,shēn,shen,1
䨮,xuě,xue,3
筕,xíng,xing,2
訒,rèn,ren,4
愑,yǒng,yong,3
尳,gǔ,gu,3
镮,huán,huan,2
恄,xì,xi,4
诐,bì,bi,4
右,yòu,you,4
粓,gān,gan,1
餾,lìu,liu,4
㥓,qǐ,qi,3
澱,diàn,dian,4
舼,hóng,hong,2
䍕,dǐ,di,3
爿,qiáng,qiang,2
弓,gōng,gong,1
噷,xīn,xin,1
挡,dǎng,dang,3
呿,qū,qu,1
卌,xì,xi,4
䊷,䊷,䊷,
衢,qú,qu,2
掹,掹,掹,
軱,gū,gu,1
湱,huò,huo,4
緯,wěi,wei,3
袃,chài,chai,4
犙,sān,san,1
䳳,xù,xu,4
渷,yǎn,yan,3
敘,xù,xu,4
蚊,wén,wen,2
仝,tóng,tong,2
瀕,bīn,bin,1
獚,huáng,huang,2
头,tóu,tou,2
鳘,mǐn,min,3
嚶,yīng,ying,1
䊦,yá,ya,2
攂,lèi,lei,4
崢,zhēng,zheng,1
鮞,ér,er,2
㶼,㶼,㶼,
徽,hūi,hui,1
椃,háo,hao,2
㽛,kòu,kou,4
总,zǒng,zong,3
䡲,chán,chan,2
楛,hù,hu,4
䭒,䭒,䭒,
脾,pí,pi,2
屉,tì,ti,4
辒,wēn,wen,1
绫,líng,ling,2
莏,suō,suo,1
梗,gěng,geng,3
靔,tiān,tian,1
䧰,hùn,hun,4
儬,chèn,chen,4
灊,qián,qian,2
恥,chǐ,chi,3
偵,zhēn,zhen,1
㐶,㐶,㐶,
鏲,鏲,鏲,
㬳,wǔ,wu,3
磨,mó,mo,2
慔,mò,mo,4
奡,ào,ao,4
㤉,qià,qia,4
襽,襽,襽,
兴,xīng,xing,1
繰,zǎo,zao,3
壙,kuàng,kuang,4
簑,suō,suo,1
籼,xiān,xian,1
盄,zhāo,zhao,1
臈,là,la,4
蔙,xuàn,xuan,4
㰄,jiàn,jian,4
偣,yān,yan,1
甪,lù,lu,4
䎾,gǔn,gun,3
国,guó,guo,2
弔,diào,diao,4
獞,tóng,tong,2
菄,dōng,dong,1
钧,jūn,jun,1
涷,dōng,dong,1
袁,yuán,yuan,2
鸯,yāng,yang,1
鮨,qí,qi,2
抜,bá,ba,2
䰺,jiè,jie,4
泛,fàn,fan,4
䘋,䘋,䘋,
鉕,pō,po,1
垻,bà,ba,4
曶,hū,hu,1
瀯,yíng,ying,2
噠,dā,da,1
鉋,bào,bao,4
屐,jī,ji,1
擒,qín,qin,2
㗎,㗎,㗎,
尋,xún,xun,2
䔺,wéi,wei,2
奭,shì,shi,4
杮,fèi,fei,4
檱,qí,qi,2
㹱,hú,hu,2
篡,cuàn,cuan,4
䙏,bó,bo,2
䞽,suǒ,suo,3
榜,bǎng,bang,3
麡,jī,ji,1
鬵,qián,qian,2
阤,tuó,tuo,2
鈵,bìng,bing,4
斶,chù,chu,4
絤,xiàn,xian,4
瑾,jǐn,jin,3
滄,cāng,cang,1
覵,jiàn,jian,4
櫓,lǔ,lu,3
門,mén,men,2
讉,yí,yi,2
鰓,sāi,sai,1
骷,kū,ku,1
欱,xià,xia,4
樤,tiáo,tiao,2
逭,huàn,huan,4
氪,kè,ke,4
闉,yīn,yin,1
叝,gào,gao,4
昶,chǎng,chang,3
徶,biè,bie,4
鶺,jí,ji,2
萝,luó,luo,2
扖,扖,扖,
㾭,zhòu,zhou,4
铬,gè,ge,4
鞱,tāo,tao,1
蜟,yù,yu,4
䧨,yè,ye,4
䍞,yù,yu,4
䜿,䜿,䜿,
瑴,jué,jue,2
䍼,cán,can,2
鷃,yàn,yan,4
俱,jù,ju,4
桟,zhàn,zhan,4
拝,bài,bai,4
庇,bì,bi,4
贴,tiē,tie,1
岛,dǎo,dao,3
卨,xiè,xie,4
蛥,shé,she,2
疴,kē,ke,1
麁,cū,cu,1
辳,nóng,nong,2
㮳,zhèn,zhen,4
冢,zhǒng,zhong,3
吿,gào,gao,4
㴬,xiè,xie,4
羟,qiān,qian,1
骋,chěng,cheng,3
鴽,rú,ru,2
䭿,yì,yi,4
䧩,䧩,䧩,
猱,náo,nao,2
鐗,jiǎn,jian,3
忛,fán,fan,2
螾,yǐn,yin,3
值,zhí,zhi,2
㣘,㣘,㣘,
羉,luán,luan,2
柱,zhù,zhu,4
哢,lòng,long,4
乃,nǎi,nai,3
獡,shuò,shuo,4
萙,萙,萙,
㣤,jiàn,jian,4
胈,bá,ba,2
底,dǐ,di,3
埣,sùi,sui,4
拼,pīn,pin,1
駳,dàn,dan,4
聏,ér,er,2
峏,ěr,er,3
窟,kū,ku,1
捞,lāo,lao,1
习,xí,xi,2
蒺,jí,ji,2
騦,sī,si,1
囗,wéi,wei,2
鰩,yáo,yao,2
斦,yín,yin,2
䃯,lì,li,4
麱,fū,fu,1
獸,shòu,shou,4
書,shū,shu,1
祴,gāi,gai,1
㡾,xiàn,xian,4
六,lìu,liu,4
瀷,yì,yi,4
辏,còu,cou,4
䘗,䘗,䘗,
此,cǐ,ci,3
餏,yī,yi,1
甊,lǒu,lou,3
络,luò,luo,4
䦢,kuò,kuo,4
䄰,yá,ya,2
掄,lūn,lun,1
舏,jǐu,jiu,3
佛,fó,fo,2
翪,zōng,zong,1
䁇,mì,mi,4
蒐,sōu,sou,1
嵄,měi,mei,3
㡠,zhèng,zheng,4
鑬,jiàn,jian,4
䏌,qì,qi,4
佒,yāng,yang,1
䰞,zhǔ,zhu,3
揻,揻,揻,
磗,磗,磗,
馇,chā,cha,1
䕡,lǔ,lu,3
栧,yì,yi,4
鐮,lián,lian,2
䇭,lǎo,lao,3
茡,zì,zi,4
堁,kè,ke,4
琓,wán,wan,2
貊,mò,mo,4
焾,焾,焾,
讋,zhé,zhe,2
緾,chán,chan,2
型,xíng,xing,2
餞,jiàn,jian,4
紦,紦,紦,
佢,qú,qu,2
洨,xiáo,xiao,2
寔,shí,shi,2
㚪,hào,hao,4
㾳,㾳,㾳,
妠,nà,na,4
䟗,shì,shi,4
兖,yǎn,yan,3
謮,zé,ze,2
䓥,là,la,4
燈,dēng,deng,1
缠,chán,chan,2
褟,dá,da,2
䅿,huá,hua,2
鿓,鿓,鿓,
顂,lài,lai,4
㴖,luò,luo,4
鞠,jū,ju,1
痓,chì,chi,4
眬,lóng,long,2
腲,wěi,wei,3
鍢,fù,fu,4
猁,lì,li,4
罕,hǎn,han,3
扡,yǐ,yi,3
㓨,cí,ci,2
苂,yín,yin,2
裏,lǐ,li,3
㢮,chí,chi,2
伌,ài,ai,4
岐,qí,qi,2
禛,zhēn,zhen,1
蟆,má,ma,2
喺,xì,xi,4
懛,dāi,dai,1
懖,guā,gua,1
髱,pào,pao,4
㕯,nèi,nei,4
羳,fán,fan,2
㦪,xiè,xie,4
険,xiǎn,xian,3
抁,yǎn,yan,3
䏒,piàn,pian,4
鬃,zōng,zong,1
碁,qí,qi,2
厔,zhì,zhi,4
䱬,䱬,䱬,
鬇,zhēng,zheng,1
吐,tǔ,tu,3
壻,xù,xu,4
嘳,kùi,kui,4
䲂,xuán,xuan,2
僐,shàn,shan,4
窡,zhùi,zhui,4
瀎,mò,mo,4
设,shè,she,4
腬,róu,rou,2
鷺,lù,lu,4
擄,lǔ,lu,3
皠,cǔi,cui,3
瀧,lóng,long,2
箏,zhēng,zheng,1
幔,màn,man,4
儽,lěi,lei,3
忄,忄,忄,
袈,jiā,jia,1
硋,ài,ai,4
菮,gēng,geng,1
䀃,túi,tui,2
譅,sè,se,4
录,lù,lu,4
挹,yì,yi,4
樮,樮,樮,
䖣,sào,sao,4
獓,áo,ao,2
冸,pàn,pan,4
霏,fēi,fei,1
缒,zhùi,zhui,4
堇,jǐn,jin,3
饁,yè,ye,4
訽,gòu,gou,4
鰪,gé,ge,2
雮,mù,mu,4
槬,huà,hua,4
踫,pèng,peng,4
黤,yǎn,yan,3
㳈,pèi,pei,4
纎,xiān,xian,1
匁,匁,匁,
㬖,㬖,㬖,
鼩,qú,qu,2
謫,zhé,zhe,2
鿅,鿅,鿅,
烘,hōng,hong,1
䶆,䶆,䶆,
荁,huán,huan,2
㘪,hào,hao,4
恊,xié,xie,2
齼,chǔ,chu,3
㝾,zuǒ,zuo,3
㛦,lǎn,lan,3
㭜,róng,rong,2
蘄,qí,qi,2
焍,dì,di,4
㶓,cáng,cang,2
䈉,shà,sha,4
睭,zhǒu,zhou,3
覬,jì,ji,4
趸,dǔn,dun,3
铸,zhù,zhu,4
鷉,tī,ti,1
葝,jìng,jing,4
䩓,qí,qi,2
勎,lù,lu,4
㛇,㛇,㛇,
奱,lián,lian,2
龹,龹,龹,
梎,āo,ao,1
㟞,zhàn,zhan,4
敶,zhèn,zhen,4
㨏,㨏,㨏,
许,xǔ,xu,3
䆤,䆤,䆤,
卣,yǒu,you,3
䌱,luò,luo,4
䕩,lǎo,lao,3
泐,lè,le,4
揚,yáng,yang,2
䅻,lí,li,2
䳻,cán,can,2
䞙,zá,za,2
穑,sè,se,4
鿺,鿺,鿺,
綔,hù,hu,4
鋹,chǎng,chang,3
璖,qú,qu,2
印,yìn,yin,4
蔿,wéi,wei,2
熫,zhì,zhi,4
莨,láng,lang,2
銍,zhì,zhi,4
聹,níng,ning,2
疏,shū,shu,1
懞,méng,meng,2
㱒,㱒,㱒,
簁,xǐ,xi,3
拮,jié,jie,2
㚳,㚳,㚳,
欩,chāo,chao,1
佀,sì,si,4
蹕,bì,bi,4
绑,bǎng,bang,3
䤊,róng,rong,2
㼍,lěi,lei,3
㮹,zhǐ,zhi,3
㜢,㜢,㜢,
皛,jiǒng,jiong,3
圽,mò,mo,4
䭵,fán,fan,2
㜎,qí,qi,2
峰,fēng,feng,1
祏,shí,shi,2
況,kuàng,kuang,4
楅,bì,bi,4
夓,xià,xia,4
嵡,wēng,weng,1
䵵,zhá,zha,2
瓉,zàn,zan,4
鄮,mào,mao,4
䦣,fù,fu,4
鶀,qí,qi,2
妌,jìng,jing,4
雾,wù,wu,4
翵,qú,qu,2
嗌,yì,yi,4
噖,yín,yin,2
禲,lì,li,4
愌,huàn,huan,4
鞚,kòng,kong,4
螂,láng,lang,2
潳,tú,tu,2
椷,jiān,jian,1
㹲,xiào,xiao,4
㩁,què,que,4
扲,qián,qian,2
攽,bān,ban,1
放,fàng,fang,4
膨,péng,peng,2
忰,cùi,cui,4
輌,liàng,liang,4
搲,wā,wa,1
䭥,xuè,xue,4
訉,fàn,fan,4
偯,yǐ,yi,3
舝,xiá,xia,2
铉,xuàn,xuan,4
鱀,jì,ji,4
辘,lù,lu,4
䦌,chù,chu,4
萾,yíng,ying,2
夠,gòu,gou,4
鲘,hòu,hou,4
䙘,chǔ,chu,3
陪,péi,pei,2
䝆,䝆,䝆,
鰺,sāo,sao,1
袷,jiá,jia,2
㵬,yíng,ying,2
㽱,jiǎo,jiao,3
檻,jiàn,jian,4
㙺,gùi,gui,4
堠,hòu,hou,4
緿,dài,dai,4
曂,huàng,huang,4
滺,yóu,you,2
赶,gǎn,gan,3
盭,lì,li,4
嗱,ná,na,2
墀,chí,chi,2
㿷,zào,zao,4
匙,chí,chi,2
竳,dēng,deng,1
祾,líng,ling,2
窾,kuǎn,kuan,3
䙟,duò,duo,4
镧,làn,lan,4
嫆,yóng,yong,2
梤,fén,fen,2
筡,tú,tu,2
徵,zhēng,zheng,1
㱐,㱐,㱐,
䎟,ér,er,2
㠹,jiè,jie,4
摲,shàn,shan,4
㥚,yú,yu,2
䱝,bà,ba,4
梯,tī,ti,1
欮,jué,jue,2
㝕,níng,ning,2
䏙,tǎn,tan,3
龷,龷,龷,
䟟,cù,cu,4
傭,yōng,yong,1
蕿,xuān,xuan,1
泗,sì,si,4
攜,xié,xie,2
蝱,méng,meng,2
晤,wù,wu,4
㹆,㹆,㹆,
拡,kuò,kuo,4
粂,粂,粂,
迶,yòu,you,4
削,xuē,xue,1
揧,là,la,4
䤽,䤽,䤽,
砦,zhài,zhai,4
䎹,wén,wen,2
旳,dì,di,4
樽,zūn,zun,1
牅,yóng,yong,2
稬,nuò,nuo,4
䇃,sì,si,4
鸙,yuè,yue,4
籖,籖,籖,
跚,shān,shan,1
鮱,鮱,鮱,
輹,fù,fu,4
鈥,huǒ,huo,3
塽,shuǎng,shuang,3
谯,qiáo,qiao,2
偿,cháng,chang,2
聘,pìn,pin,4
縦,zòng,zong,4
漬,zì,zi,4
㫔,gèn,gen,4
灯,dēng,deng,1
萇,cháng,chang,2
欨,xū,xu,1
墘,qí,qi,2
購,gòu,gou,4
鋐,hóng,hong,2
髕,bìn,bin,4
㞰,xǔ,xu,3
優,yōu,you,1
県,xiàn,xian,4
盚,qíu,qiu,2
邾,zhū,zhu,1
㥅,shòu,shou,4
䀦,gǔ,gu,3
楽,lè,le,4
趹,jué,jue,2
珖,guāng,guang,1
峌,dié,die,2
溥,pǔ,pu,3
姐,jiě,jie,3
櫒,sà,sa,4
皁,zào,zao,4
䓪,䓪,䓪,
䙡,hùi,hui,4
㙓,kúi,kui,2
溩,wù,wu,4
焫,ruò,ruo,4
塰,塰,塰,
䞂,ruǎn,ruan,3
識,shi,shi,5
栯,yǒu,you,3
冽,liè,lie,4
鰿,jī,ji,1
瞕,zhàng,zhang,4
䵶,qú,qu,2
瞒,mán,man,2
䀳,ài,ai,4
齒,chǐ,chi,3
騳,dú,du,2
皳,qíu,qiu,2
䚅,lái,lai,2
燖,xún,xun,2
嬷,mā,ma,1
㽲,jiǎo,jiao,3
拍,pāi,pai,1
䯀,niè,nie,4
揈,hōng,hong,1
浃,jiá,jia,2
㝘,yóng,yong,2
攎,lú,lu,2
溁,yíng,ying,2
螺,luó,luo,2
竧,jìng,jing,4
炏,kài,kai,4
浵,tóng,tong,2
㺩,jìu,jiu,4
䩅,zhǎn,zhan,3
藣,bēi,bei,1
㱞,jí,ji,2
眳,mǐng,ming,3
炁,qì,qi,4
㖈,㖈,㖈,
拁,jiā,jia,1
蠬,lóng,long,2
報,bào,bao,4
䚲,shàn,shan,4
尡,尡,尡,
㸛,sháo,shao,2
䟏,lì,li,4
纉,zuǎn,zuan,3
啮,niè,nie,4
瀴,yǐng,ying,3
廅,hé,he,2
發,fā,fa,1
纚,xǐ,xi,3
怄,òu,ou,4
磭,chuò,chuo,4
䄥,líng,ling,2
宊,tú,tu,2
滤,lv̀,lv,4
熭,wèi,wei,4
磂,lìu,liu,4
魑,chī,chi,1
阉,yān,yan,1
聃,dān,dan,1
鰵,mǐn,min,3
㷾,jué,jue,2
坟,fén,fen,2
㹇,hé,he,2
髐,náo,nao,2
纍,léi,lei,2
楌,yán,yan,2
粞,xī,xi,1
蝭,tí,ti,2
祦,wú,wu,2
骂,mà,ma,4
頭,tóu,tou,2
訚,yín,yin,2
䋌,jiǎng,jiang,3
莐,chén,chen,2
㓄,zhèn,zhen,4
磁,cí,ci,2
鼎,dǐng,ding,3
鞵,xié,xie,2
䤨,pì,pi,4
姩,niàn,nian,4
沙,shā,sha,1
眎,shì,shi,4
獖,fén,fen,2
飒,sà,sa,4
柈,pán,pan,2
邕,yōng,yong,1
嵊,shèng,sheng,4
嫚,màn,man,4
腵,jiā,jia,1
浛,hàn,han,4
笆,bā,ba,1
钽,dàn,dan,4
扰,rǎo,rao,3
鉃,shì,shi,4
睴,gùn,gun,4
窑,yáo,yao,2
縊,yì,yi,4
蔜,áo,ao,2
葁,jiāng,jiang,1
泷,lóng,long,2
初,chū,chu,1
洱,ěr,er,3
鬌,duǒ,duo,3
蟯,ráo,rao,2
抃,biàn,bian,4
㩆,jìu,jiu,4
赙,fù,fu,4
钉,dīng,ding,1
纷,fēn,fen,1
俸,fèng,feng,4
輿,yú,yu,2
懑,mèn,men,4
溂,溂,溂,
裭,chǐ,chi,3
㯾,㯾,㯾,
矡,jué,jue,2
垳,垳,垳,
磬,qìng,qing,4
驃,piào,piao,4
闼,tà,ta,4
缓,huǎn,huan,3
剾,kōu,kou,1
撹,jiǎo,jiao,3
礸,zǎn,zan,3
繝,jiàn,jian,4
栰,fá,fa,2
籟,lài,lai,4
鹷,líng,ling,2
刋,qiàn,qian,4
鲁,lǔ,lu,3
湉,tián,tian,2
焤,fǔ,fu,3
廼,nǎi,nai,3
䳽,hè,he,4
全,quán,quan,2
欅,jǔ,ju,3
䨹,䨹,䨹,
嵺,liáo,liao,2
妰,zhuó,zhuo,2
䍜,zhào,zhao,4
鄛,cháo,chao,2
橏,zhǎn,zhan,3
甇,yīng,ying,1
払,fú,fu,2
葢,gài,gai,4
畁,qí,qi,2
杘,chì,chi,4
錌,àn,an,4
泡,pào,pao,4
焅,kù,ku,4
騑,fēi,fei,1
䋡,䋡,䋡,
凧,凧,凧,
轖,sè,se,4
布,bù,bu,4
鶯,yīng,ying,1
鱉,biē,bie,1
忖,cǔn,cun,3
鸋,níng,ning,2
䩏,miè,mie,4
摟,lǒu,lou,3
溢,yì,yi,4
埔,pǔ,pu,3
䁦,qù,qu,4
槅,gé,ge,2
郮,郮,郮,
噫,yī,yi,1
刍,chú,chu,2
䚈,juàn,juan,4
緥,bǎo,bao,3
瀾,lán,lan,2
薧,kǎo,kao,3
峜,jī,ji,1
諅,jī,ji,1
煟,wèi,wei,4
翂,fēn,fen,1
娟,juān,juan,1
欥,yù,yu,4
萅,chūn,chun,1
䠫,zòu,zou,4
叁,sān,san,1
碩,shuò,shuo,4
楟,tíng,ting,2
掝,huò,huo,4
褎,xìu,xiu,4
㻂,píng,ping,2
駞,tuó,tuo,2
岢,kě,ke,3
䲘,guǎn,guan,3
苿,wèi,wei,4
矰,zēng,zeng,1
荙,dá,da,2
膳,shàn,shan,4
㠏,huá,hua,2
藟,lěi,lei,3
漂,piāo,piao,1
另,lìng,ling,4
瞷,xián,xian,2
饑,jī,ji,1
谀,yú,yu,2
㭨,xié,xie,2
轳,lú,lu,2
繌,繌,繌,
汿,xù,xu,4
烈,liè,lie,4
䴱,tuó,tuo,2
羀,lǐu,liu,3
屒,chén,chen,2
鉶,xíng,xing,2
嫨,hān,han,1
撅,juē,jue,1
祌,zhòng,zhong,4
袐,bì,bi,4
䨌,báo,bao,2
炡,zhēng,zheng,1
婠,wà,wa,4
伀,zhōng,zhong,1
餔,bū,bu,1
尖,jiān,jian,1
槼,gūi,gui,1
笘,shān,shan,1
檦,biǎo,biao,3
戃,tǎng,tang,3
浣,wǎn,wan,3
壿,zūn,zun,1
㽫,yǒng,yong,3
㫜,dàn,dan,4
澲,yè,ye,4
喎,wāi,wai,1
嶖,yǎn,yan,3
鑗,lí,li,2
廐,jìu,jiu,4
芛,wěi,wei,3
鐇,fán,fan,2
蘁,wù,wu,4
訤,xiáo,xiao,2
筰,zuó,zuo,2
莚,yán,yan,2
娊,xiàn,xian,4
酥,sū,su,1
㰾,jiào,jiao,4
舰,jiàn,jian,4
䐳,yú,yu,2
錠,dìng,ding,4
㛏,òu,ou,4
恉,zhǐ,zhi,3
顩,qiān,qian,1
橍,rùn,run,4
憱,cù,cu,4
隢,rào,rao,4
誉,yù,yu,4
銪,yǒu,you,3
䇏,dùi,dui,4
戢,jí,ji,2
佷,hěn,hen,3
䲞,lì,li,4
悃,kǔn,kun,3
壗,壗,壗,
鐻,jù,ju,4
勌,juàn,juan,4
㔷,lòu,lou,4
噱,jué,jue,2
㲗,㲗,㲗,
陴,pí,pi,2
㴚,sùi,sui,4
腸,cháng,chang,2
隋,súi,sui,2
韢,hùi,hui,4
㳭,xián,xian,2
萊,lái,lai,2
禴,yuè,yue,4
挛,luán,luan,2
諥,zhòng,zhong,4
睲,xǐng,xing,3
囮,é,e,2
瀍,chán,chan,2
疥,jiè,jie,4
㷖,zhào,zhao,4
乊,乊,乊,
躃,bì,bi,4
蕨,jué,jue,2
䂛,yú,yu,2
裙,qún,qun,2
和,hé,he,2
䀮,máng,mang,2
䍔,hóng,hong,2
騆,zhōu,zhou,1
笲,fán,fan,2
㾢,lài,lai,4
丛,cóng,cong,2
螒,hàn,han,4
袭,xí,xi,2
雒,luò,luo,4
貍,lí,li,2
播,bō,bo,1
㓅,㓅,㓅,
黺,fěn,fen,3
碬,xiá,xia,2
䛸,chè,che,4
䫴,jìn,jin,4
榇,chèn,chen,4
㵅,dàn,dan,4
痍,yí,yi,2
凿,záo,zao,2
亞,yà,ya,4
菦,qín,qin,2
籪,duàn,duan,4
梷,jìng,jing,4
郭,guō,guo,1
樺,huà,hua,4
㭔,lú,lu,2
儮,lì,li,4
魥,è,e,4
䣇,qíu,qiu,2
韤,wà,wa,4
睳,xī,xi,1
鬺,shāng,shang,1
顔,yán,yan,2
胯,kuà,kua,4
㮓,gèn,gen,4
䳲,zhèn,zhen,4
䁕,mín,min,2
䔄,yáo,yao,2
䚙,䚙,䚙,
驉,xū,xu,1
睑,jiǎn,jian,3
泝,sù,su,4
蕐,huá,hua,2
㻪,sùi,sui,4
傗,chù,chu,4
㺷,xù,xu,4
證,zhèng,zheng,4
溔,yǎo,yao,3
飍,biāo,biao,1
䨆,bí,bi,2
鏠,fēng,feng,1
颩,biāo,biao,1
檨,shē,she,1
穇,shān,shan,1
赼,cī,ci,1
㓽,chóng,chong,2
枍,yì,yi,4
燄,yàn,yan,4
壃,jiāng,jiang,1
埇,yǒng,yong,3
媮,tōu,tou,1
䐃,jiǒng,jiong,3
挦,xún,xun,2
貆,huán,huan,2
鵳,jiān,jian,1
㒡,yóu,you,2
䇇,méng,meng,2
鰤,shī,shi,1
惹,rě,re,3
跮,chì,chi,4
竝,bìng,bing,4
哻,hàn,han,4
揓,shì,shi,4
戅,gàng,gang,4
谁,shúi,shui,2
仰,yǎng,yang,3
禊,xì,xi,4
瀗,xiàn,xian,4
䎺,zhǐ,zhi,3
䌓,fán,fan,2
霼,xǐ,xi,3
钄,lán,lan,2
交,jiāo,jiao,1
詞,cí,ci,2
膽,dǎn,dan,3
㢑,túi,tui,2
翔,xiáng,xiang,2
䏃,mián,mian,2
弍,èr,er,4
隓,hūi,hui,1
㬇,huàn,huan,4
蜪,tāo,tao,1
僈,màn,man,4
㑎,nǎo,nao,3
蓨,tiāo,tiao,1
訣,jué,jue,2
艸,cǎo,cao,3
刿,gùi,gui,4
妧,yuán,yuan,2
㐕,㐕,㐕,
㞩,lán,lan,2
衍,yǎn,yan,3
䗣,gǎo,gao,3
蓲,qīu,qiu,1
碎,sùi,sui,4
域,yù,yu,4
鲶,nián,nian,2
桪,xún,xun,2
鰎,jiàn,jian,4
浸,jìn,jin,4
抢,qiǎng,qiang,3
燶,燶,燶,
礢,礢,礢,
鋅,xīn,xin,1
妺,mò,mo,4
畣,dá,da,2
遬,sù,su,4
伊,yī,yi,1
鯕,qí,qi,2
㛌,㛌,㛌,
白,bái,bai,2
鉧,mǔ,mu,3
懬,kuàng,kuang,4
眠,mián,mian,2
秗,yù,yu,4
祔,fù,fu,4
䠼,diào,diao,4
鬢,bìn,bin,4
瓯,ōu,ou,1
䯹,䯹,䯹,
甑,zèng,zeng,4
賻,fù,fu,4
肠,cháng,chang,2
躎,niǎn,nian,3
齾,yà,ya,4
䥌,zhèng,zheng,4
崷,qíu,qiu,2
滖,sūi,sui,1
迭,dié,die,2
㐮,xiāng,xiang,1
驄,cōng,cong,1
䶤,huá,hua,2
硃,zhū,zhu,1
㞱,㞱,㞱,
櫷,櫷,櫷,
砠,qū,qu,1
䄚,cáo,cao,2
婄,pǒu,pou,3
鱵,zhēn,zhen,1
櫑,lěi,lei,3
㻍,wú,wu,2
䃍,zhào,zhao,4
茛,gèn,gen,4
㹊,yuè,yue,4
撿,jiǎn,jian,3
疃,tuǎn,tuan,3
羻,qiàng,qiang,4
䱏,tǒu,tou,3
翋,lā,la,1
襾,yà,ya,4
滳,shāng,shang,1
蕃,fán,fan,2
歂,chuán,chuan,2
紟,jīn,jin,1
醷,yì,yi,4
胠,qū,qu,1
糸,mì,mi,4
唃,gǔ,gu,3
嗷,áo,ao,2
㪹,lǒu,lou,3
䚡,䚡,䚡,
彷,páng,pang,2
䜢,xiǎn,xian,3
臧,zāng,zang,1
㨪,huàng,huang,4
鴗,lì,li,4
䊈,méi,mei,2
飂,liáo,liao,2
闲,xián,xian,2
賖,shē,she,1
㚼,㚼,㚼,
㨭,hù,hu,4
繣,huà,hua,4
㙀,lìu,liu,4
砇,mín,min,2
告,gào,gao,4
㖩,sǒu,sou,3
䏇,piào,piao,4
扎,zhā,zha,1
镶,xiāng,xiang,1
䞣,chě,che,3
鬜,qiān,qian,1
蟁,wén,wen,2
㼢,ě,e,3
㖸,xué,xue,2
蝀,dōng,dong,1
巴,bā,ba,1
砧,zhēn,zhen,1
䪶,䪶,䪶,
䥢,lóng,long,2
槖,tuò,tuo,4
珤,bǎo,bao,3
礁,jiāo,jiao,1
忔,qì,qi,4
殸,qìng,qing,4
瑄,xuān,xuan,1
界,jiè,jie,4
㢁,chǐ,chi,3
杓,sháo,shao,2
尞,liào,liao,4
勦,jiǎo,jiao,3
矌,kuàng,kuang,4
㯭,lǔ,lu,3
槉,jí,ji,2
则,zé,ze,2
慊,qiàn,qian,4
轢,lì,li,4
业,yè,ye,4
灣,wān,wan,1
輾,zhǎn,zhan,3
磙,gǔn,gun,3
滩,tān,tan,1
钵,bō,bo,1
䕲,lǐn,lin,3
涺,jū,ju,1
趿,sà,sa,4
䜯,jú,ju,2
蚨,fú,fu,2
䩌,qiáo,qiao,2
堄,nì,ni,4
纭,yún,yun,2
檞,jiě,jie,3
澝,澝,澝,
灃,fēng,feng,1
栒,xún,xun,2
穌,sū,su,1
䭑,lián,lian,2
鼡,shǔ,shu,3
揫,jīu,jiu,1
劢,mài,mai,4
懔,lǐn,lin,3
倓,tán,tan,2
㕖,sù,su,4
卖,mài,mai,4
郈,hòu,hou,4
㯕,㯕,㯕,
嬬,xū,xu,1
眿,mài,mai,4
䈈,féi,fei,2
灕,lí,li,2
叛,pàn,pan,4
娄,lóu,lou,2
漣,lián,lian,2
臾,yú,yu,2
阊,chāng,chang,1
垘,fú,fu,2
甌,ōu,ou,1
桓,huán,huan,2
覺,jué,jue,2
䂽,diào,diao,4
篽,yǔ,yu,3
韾,yīn,yin,1
䗬,䗬,䗬,
㿁,㿁,㿁,
滁,chú,chu,2
䗼,䗼,䗼,
匟,kàng,kang,4
㽽,gù,gu,4
䨜,䨜,䨜,
馮,féng,feng,2
蒵,xī,xi,1
聝,guó,guo,2
茧,chóng,chong,2
硜,kēng,keng,1
邜,邜,邜,
外,wài,wai,4
㧈,yǐn,yin,3
䔔,jìng,jing,4
闌,lán,lan,2
倱,hùn,hun,4
碸,fēng,feng,1
攀,pān,pan,1
虭,diāo,diao,1
隯,dǎo,dao,3
麵,miàn,mian,4
㘽,㘽,㘽,
䉹,líng,ling,2
揱,shuò,shuo,4
毉,yī,yi,1
璜,huáng,huang,2
睟,sùi,sui,4
矪,zhōu,zhou,1
恿,yǒng,yong,3
凒,yí,yi,2
捺,nà,na,4
緟,zhòng,zhong,4
贒,xián,xian,2
䁛,gǔi,gui,3
逕,jìng,jing,4
噋,tūn,tun,1
刴,duò,duo,4
㸮,fén,fen,2
騩,kùi,kui,4
㤱,fù,fu,4
醃,yān,yan,1
镃,zī,zi,1
哝,nóng,nong,2
鞔,wǎn,wan,3
䠲,líng,ling,2
䜜,wèi,wei,4
呓,yì,yi,4
怹,tān,tan,1
偻,lv̌,lv,3
肳,wěn,wen,3
槶,kùi,kui,4
䀙,qì,qi,4
㔁,㔁,㔁,
榙,tǎ,ta,3
掰,bāi,bai,1
㟦,yùn,yun,4
撻,tà,ta,4
瞫,shěn,shen,3
严,yán,yan,2
郐,kuài,kuai,4
鰔,jiǎn,jian,3
㒗,tái,tai,2
曳,yè,ye,4
綇,xǐu,xiu,3
胿,胿,胿,
喞,jī,ji,1
鬠,kuài,kuai,4
渉,shè,she,4
鬮,jīu,jiu,1
醇,chún,chun,2
审,shěn,shen,3
扶,fú,fu,2
掋,dǐ,di,3
掉,diào,diao,4
䜲,liè,lie,4
弁,biàn,bian,4
佬,lǎo,lao,3
試,shì,shi,4
瑟,sè,se,4
倖,xìng,xing,4
粵,yuè,yue,4
䋠,bǔ,bu,3
氻,lè,le,4
鋴,鋴,鋴,
庋,gǔi,gui,3
㸓,mì,mi,4
咶,huài,huai,4
緔,zhàng,zhang,4
㩩,qǐ,qi,3
俆,xú,xu,2
㔤,shěn,shen,3
衱,jié,jie,2
蔊,hǎn,han,3
謼,hù,hu,4
恅,lǎo,lao,3
耄,mào,mao,4
踖,jí,ji,2
䈾,shuò,shuo,4
鉴,jiàn,jian,4
㜾,hái,hai,2
筛,shāi,shai,1
䛖,è,e,4
㖂,yì,yi,4
鲯,qí,qi,2
肯,kěn,ken,3
㙬,yín,yin,2
侷,jú,ju,2
烰,fú,fu,2
䭛,dàn,dan,4
抬,tái,tai,2
㡦,㡦,㡦,
橻,橻,橻,
㾚,㾚,㾚,
㭏,wěi,wei,3
衎,kàn,kan,4
祸,huò,huo,4
䵃,kuàng,kuang,4
衤,衤,衤,
圶,qià,qia,4
䈱,䈱,䈱,
㷛,㷛,㷛,
瓣,bàn,ban,4
翃,hóng,hong,2
撖,qiǎn,qian,3
鉮,shēn,shen,1
啛,cùi,cui,4
柹,shì,shi,4
刎,wěn,wen,3
券,quàn,quan,4
䵭,zhè,zhe,4
浄,jìng,jing,4
豖,chù,chu,4
鵐,wú,wu,2
炣,kě,ke,3
峈,luò,luo,4
鴡,jū,ju,1
䌟,bì,bi,4
躧,xǐ,xi,3
摶,tuán,tuan,2
軋,yà,ya,4
䧱,䧱,䧱,
褏,xìu,xiu,4
扂,diàn,dian,4
㢞,yì,yi,4
㭂,jiǎo,jiao,3
鎃,pài,pai,4
愰,huǎng,huang,3
惍,jīn,jin,1
鷟,zhuó,zhuo,2
堲,jí,ji,2
磮,磮,磮,
㘝,niǎn,nian,3
栚,zhèn,zhen,4
顢,mán,man,2
㲿,wǎng,wang,3
彋,hóng,hong,2
䉔,䉔,䉔,
䐟,xiàng,xiang,4
疖,jié,jie,2
殬,dù,du,4
箇,gè,ge,4
㷼,yàn,yan,4
䏊,lóng,long,2
蒃,zhuàn,zhuan,4
蠨,xiāo,xiao,1
厍,shè,she,4
蔸,dōu,dou,1
灡,lán,lan,2
霾,mái,mai,2
鯹,xīng,xing,1
㜑,fú,fu,2
䇤,dùi,dui,4
儿,ér,er,2
懸,xuán,xuan,2
欯,xí,xi,2
赲,lì,li,4
鬡,níng,ning,2
獾,huān,huan,1
丌,jī,ji,1
䰹,zé,ze,2
鷑,lì,li,4
聋,lóng,long,2
䏼,cán,can,2
黦,yù,yu,4
罿,tóng,tong,2
崣,wěi,wei,3
鄏,rù,ru,4
暰,cōng,cong,1
憋,biē,bie,1
跷,qiāo,qiao,1
軾,shì,shi,4
䁅,bèi,bei,4
䓳,hěn,hen,3
䡃,lì,li,4
形,xíng,xing,2
鶛,jiē,jie,1
鿭,鿭,鿭,
参,cān,can,1
蕋,rǔi,rui,3
䜁,xì,xi,4
錥,yù,yu,4
靦,tiǎn,tian,3
緻,zhì,zhi,4
滏,fǔ,fu,3
砽,砽,砽,
䲻,xuán,xuan,2
湠,tàn,tan,4
給,gěi,gei,3
鵅,luò,luo,4
癖,pǐ,pi,3
叕,zhuó,zhuo,2
宗,zōng,zong,1
涘,sì,si,4
適,shì,shi,4
䨏,cí,ci,2
聤,tíng,ting,2
昻,áng,ang,2
尘,chén,chen,2
䌌,qì,qi,4
㠙,háo,hao,2
餑,bō,bo,1
燯,líng,ling,2
啪,pā,pa,1
饌,zhuàn,zhuan,4
㶖,shù,shu,4
聸,dān,dan,1
虛,xū,xu,1
猀,shā,sha,1
枈,bì,bi,4
经,jīng,jing,1
雔,chóu,chou,2
鯎,鯎,鯎,
䍓,hù,hu,4
迯,táo,tao,2
朥,朥,朥,
啺,táng,tang,2
㨐,bǔ,bu,3
筦,guǎn,guan,3
頶,hú,hu,2
酑,yǔ,yu,3
馱,tuó,tuo,2
㕅,jiǎ,jia,3
滘,jiào,jiao,4
赠,zèng,zeng,4
續,xù,xu,4
侯,hóu,hou,2
艔,艔,艔,
䖏,chǔ,chu,3
㟨,quán,quan,2
男,nán,nan,2
拷,kǎo,kao,3
癉,dàn,dan,4
缪,móu,mou,2
醎,mián,mian,2
濑,lài,lai,4
蚴,yǒu,you,3
髂,kà,ka,4
䟂,mán,man,2
幁,xū,xu,1
殇,shāng,shang,1
㢱,㢱,㢱,
会,hùi,hui,4
顁,dìng,ding,4
䠇,jué,jue,2
腀,lún,lun,2
㤻,㤻,㤻,
䓓,chóu,chou,2
匂,匂,匂,
脜,róu,rou,2
彾,lǐng,ling,3
媅,dān,dan,1
䚳,xiè,xie,4
玝,wǔ,wu,3
鄺,kuàng,kuang,4
猥,wěi,wei,3
喲,yo,yo,5
㯰,zhé,zhe,2
徸,chōng,chong,1
憸,xiān,xian,1
衑,líng,ling,2
庣,tiāo,tiao,1
擳,jié,jie,2
煁,chén,chen,2
腗,pí,pi,2
䵐,chǎn,chan,3
㝿,bó,bo,2
闳,hóng,hong,2
骀,tái,tai,2
餖,dòu,dou,4
狳,yú,yu,2
榰,zhī,zhi,1
䟴,zhèn,zhen,4
砵,bō,bo,1
緩,huǎn,huan,3
魊,yù,yu,4
㻮,càn,can,4
韗,xùn,xun,4
俍,láng,lang,2
韼,péng,peng,2
骏,jùn,jun,4
霒,yīn,yin,1
蛘,yáng,yang,2
㖓,hóng,hong,2
㩬,㩬,㩬,
毸,sūi,sui,1
栬,zùi,zui,4
蔦,niǎo,niao,3
䉥,sǒng,song,3
玴,yì,yi,4
鎂,měi,mei,3
惘,wǎng,wang,3
禌,zī,zi,1
貜,jué,jue,2
卝,kuàng,kuang,4
卼,wù,wu,4
浯,wú,wu,2
醠,àng,ang,4
岝,zuò,zuo,4
眩,xuàn,xuan,4
隡,隡,隡,
樠,mén,men,2
䪏,nà,na,4
頤,yí,yi,2
覗,sī,si,1
渑,mǐn,min,3
鈋,é,e,2
圡,tǔ,tu,3
拻,hūi,hui,1
迷,mí,mi,2
埡,yà,ya,4
雃,yǎ,ya,3
縶,zhí,zhi,2
熱,rè,re,4
绥,sūi,sui,1
㔟,㔟,㔟,
铇,bào,bao,4
趨,qū,qu,1
䲙,jié,jie,2
㲯,rán,ran,2
鷼,xián,xian,2
闗,guān,guan,1
偦,xū,xu,1
䁮,qián,qian,2
䝖,zhǎo,zhao,3
㕼,㕼,㕼,
阕,què,que,4
脐,qí,qi,2
䈵,䈵,䈵,
溒,yuán,yuan,2
锁,suǒ,suo,3
霴,dài,dai,4
讓,ràng,rang,4
楾,楾,楾,
泬,xuè,xue,4
笃,dǔ,du,3
嶿,嶿,嶿,
臋,tún,tun,2
㔩,è,e,4
怕,pà,pa,4
峯,fēng,feng,1
墼,jī,ji,1
糄,biān,bian,1
閼,è,e,4
黹,zhǐ,zhi,3
䒍,pǎng,pang,3
綟,lì,li,4
葲,quán,quan,2
䜓,niè,nie,4
锒,láng,lang,2
瘞,yì,yi,4
䳿,lán,lan,2
蟩,jué,jue,2
纁,xūn,xun,1
笔,bǐ,bi,3
昦,hào,hao,4
螙,dù,du,4
䪑,tuó,tuo,2
洰,jù,ju,4
䑼,䑼,䑼,
赅,gāi,gai,1
娦,pín,pin,2
嶊,zǔi,zui,3
第,dì,di,4
沶,yí,yi,2
䅯,táng,tang,2
紓,shū,shu,1
屟,xiè,xie,4
墓,mù,mu,4
郡,jùn,jun,4
壾,mǎng,mang,3
秔,gēng,geng,1
闒,tà,ta,4
侪,chái,chai,2
雧,jí,ji,2
鏱,鏱,鏱,
溍,jìn,jin,4
秨,zuó,zuo,2
㘷,ài,ai,4
灉,yōng,yong,1
攗,méi,mei,2
騎,qí,qi,2
鯮,zōng,zong,1
豧,fū,fu,1
㳔,dùi,dui,4
䣛,䣛,䣛,
㝡,zùi,zui,4
嘣,bēng,beng,1
廿,niàn,nian,4
銏,shàn,shan,4
距,jù,ju,4
鯍,méng,meng,2
吾,wú,wu,2
橢,tuǒ,tuo,3
鏬,xià,xia,4
㳳,㳳,㳳,
䁴,zhǎn,zhan,3
漲,zhǎng,zhang,3
玏,lè,le,4
篊,hóng,hong,2
止,zhǐ,zhi,3
熷,zēng,zeng,1
澄,chéng,cheng,2
蛹,yǒng,yong,3
烛,zhú,zhu,2
媚,mèi,mei,4
瞉,kòu,kou,4
寘,zhì,zhi,4
骦,shuāng,shuang,1
憥,láo,lao,2
絓,guà,gua,4
㼴,ǒu,ou,3
療,liáo,liao,2
㘼,㘼,㘼,
窲,cháo,chao,2
髫,tiáo,tiao,2
皖,wǎn,wan,3
灢,nǎng,nang,3
龇,zī,zi,1
騗,piàn,pian,4
屯,tún,tun,2
䟇,䟇,䟇,
姭,xiàn,xian,4
硙,wèi,wei,4
坁,zhǐ,zhi,3
绒,róng,rong,2
䮯,ào,ao,4
㺌,xiàn,xian,4
䑛,chǐ,chi,3
崠,dōng,dong,1
艴,fú,fu,2
玫,méi,mei,2
薨,hōng,hong,1
鏥,xìu,xiu,4
㬑,㬑,㬑,
喾,kù,ku,4
晵,qǐ,qi,3
诸,zhū,zhu,1
鴑,nú,nu,2
獼,mí,mi,2
謨,mó,mo,2
䇮,rèn,ren,4
鱫,鱫,鱫,
㶻,㶻,㶻,
䦑,xiè,xie,4
赸,shàn,shan,4
諗,shěn,shen,3
沤,òu,ou,4
鰱,lián,lian,2
臹,xīu,xiu,1
緕,緕,緕,
㡸,zhǎ,zha,3
僽,zhòu,zhou,4
龟,gūi,gui,1
牬,bèi,bei,4
鬀,tì,ti,4
皱,zhòu,zhou,4
伫,zhù,zhu,4
䛝,náo,nao,2
讁,zhé,zhe,2
屁,pì,pi,4
齽,jìn,jin,4
铵,ān,an,1
嫮,hù,hu,4
稢,yù,yu,4
捧,pěng,peng,3
汅,miǎn,mian,3
䧮,xiǎn,xian,3
㔹,lè,le,4
㻎,lì,li,4
狇,mù,mu,4
㥾,nì,ni,4
㮱,㮱,㮱,
遛,líu,liu,2
浗,qíu,qiu,2
㶘,diàn,dian,4
婒,tán,tan,2
悢,liàng,liang,4
㟇,cuó,cuo,2
恤,xù,xu,4
㘮,㘮,㘮,
娺,zhūi,zhui,1
艉,wěi,wei,3
邙,máng,mang,2
㥸,mǐn,min,3
皫,piǎo,piao,3
怴,xù,xu,4
軝,qí,qi,2
湔,jiān,jian,1
挧,挧,挧,
㮢,hóu,hou,2
攳,xín,xin,2
熥,tōng,tong,1
䪛,fán,fan,2
灝,hào,hao,4
釋,shì,shi,4
膁,qiān,qian,1
僴,xiàn,xian,4
䲑,yí,yi,2
噢,ō,o,1
藗,sù,su,4
樆,lí,li,2
阳,yáng,yang,2
㿋,sào,sao,4
䇞,gǎn,gan,3
湵,yǒu,you,3
砓,zhé,zhe,2
笁,zhú,zhu,2
䴤,䴤,䴤,
襰,lài,lai,4
嘓,guō,guo,1
堶,tuó,tuo,2
㧩,pèi,pei,4
㟖,lòng,long,4
啷,lāng,lang,1
撶,撶,撶,
莊,zhuāng,zhuang,1
䣅,chén,chen,2
鉛,qiān,qian,1
蓥,yìng,ying,4
藊,biǎn,bian,3
㳧,xí,xi,2
㡉,xián,xian,2
嬅,huá,hua,2
愡,zǒng,zong,3
詵,shēn,shen,1
湏,hùi,hui,4
砈,nuǒ,nuo,3
榡,sù,su,4
䔍,䔍,䔍,
畤,zhì,zhi,4
狫,lǎo,lao,3
睇,dì,di,4
餍,yàn,yan,4
犻,bó,bo,2
䮟,sǒu,sou,3
囝,jiǎn,jian,3
䮆,䮆,䮆,
墳,fén,fen,2
鏭,xī,xi,1
䔎,sù,su,4
䋋,mín,min,2
瞰,kàn,kan,4
肄,yì,yi,4
㭖,㭖,㭖,
肴,yáo,yao,2
陉,xíng,xing,2
䍷,gùi,gui,4
奦,wù,wu,4
搨,tà,ta,4
㭞,liè,lie,4
䌦,dǎo,dao,3
嫻,xián,xian,2
䬼,yuàn,yuan,4
㐘,㐘,㐘,
郼,yī,yi,1
髰,tì,ti,4
漅,jiǎo,jiao,3
䚓,niǎn,nian,3
嫎,páng,pang,2
浼,měi,mei,3
莵,莵,莵,
冏,jiǒng,jiong,3
蝠,fú,fu,2
险,xiǎn,xian,3
渼,měi,mei,3
央,yāng,yang,1
椾,zhàn,zhan,4
濇,sè,se,4
椫,zhǎn,zhan,3
樞,shū,shu,1
瀔,gǔ,gu,3
䫡,qiàn,qian,4
倝,gàn,gan,4
鈂,chén,chen,2
㕽,sì,si,4
崡,hán,han,2
愿,yuàn,yuan,4
邌,lí,li,2
䲰,yùn,yun,4
颪,颪,颪,
荽,sūi,sui,1
柇,hé,he,2
䁏,yǎo,yao,3
㜮,làn,lan,4
轌,轌,轌,
鴞,xiāo,xiao,1
毀,hǔi,hui,3
癞,lài,lai,4
粏,粏,粏,
陕,shǎn,shan,3
慼,qī,qi,1
䠈,tú,tu,2
䬵,ài,ai,4
䟨,mín,min,2
箖,lín,lin,2
侩,kuài,kuai,4
茸,róng,rong,2
䋾,zhǎ,zha,3
棭,yì,yi,4
渦,wō,wo,1
吨,dūn,dun,1
䤣,lvè,lve,4
澩,xué,xue,2
銶,qíu,qiu,2
篆,zhuàn,zhuan,4
蓐,rù,ru,4
錓,kōng,kong,1
䙞,䙞,䙞,
骥,jì,ji,4
氬,yà,ya,4
罌,yīng,ying,1
獊,chuàng,chuang,4
禦,yù,yu,4
䍾,túi,tui,2
䂇,náng,nang,2
㽷,shùi,shui,4
䍗,xuàn,xuan,4
抋,qìn,qin,4
窒,zhì,zhi,4
属,shǔ,shu,3
灆,lán,lan,2
炫,xuàn,xuan,4
鰉,huáng,huang,2
㴆,jìn,jin,4
䀵,shùn,shun,4
䋪,䋪,䋪,
醺,xūn,xun,1
㼱,ruǎn,ruan,3
褁,zhí,zhi,2
评,píng,ping,2
枒,yá,ya,2
亿,yì,yi,4
鴐,jiā,jia,1
䮞,chù,chu,4
儝,qióng,qiong,2
䞆,suǒ,suo,3
枆,máo,mao,2
舂,chōng,chong,1
䅩,zhǐ,zhi,3
鼮,tíng,ting,2
糌,zán,zan,2
諓,jiàn,jian,4
搬,bān,ban,1
苵,dié,die,2
夼,kuǎng,kuang,3
圠,yà,ya,4
稲,dào,dao,4
薒,càn,can,4
䅱,hùn,hun,4
易,yì,yi,4
謵,xí,xi,2
场,cháng,chang,2
绳,shéng,sheng,2
菏,hé,he,2
灿,càn,can,4
嬵,mián,mian,2
墲,wǔ,wu,3
儁,jùn,jun,4
䙉,xún,xun,2
蹷,jué,jue,2
俠,xiá,xia,2
䞍,qíng,qing,2
岁,sùi,sui,4
氽,tǔn,tun,3
跑,pǎo,pao,3
湖,hú,hu,2
萿,huó,huo,2
㻱,㻱,㻱,
㘭,ào,ao,4
亮,liàng,liang,4
閿,wén,wen,2
倯,sōng,song,1
殠,chòu,chou,4
诉,sù,su,4
㞇,wěi,wei,3
㻜,㻜,㻜,
䜡,xù,xu,4
敳,ái,ai,2
諝,xǔ,xu,3
斧,fǔ,fu,3
抓,zhuā,zhua,1
鶈,qī,qi,1
䛗,zhǐ,zhi,3
煽,shān,shan,1
侧,cè,ce,4
颲,liè,lie,4
䀜,gǔ,gu,3
絍,rén,ren,2
㘯,㘯,㘯,
韩,hán,han,2
潝,xī,xi,1
炎,yán,yan,2
笩,pèi,pei,4
鬅,péng,peng,2
㷵,mò,mo,4
噜,lū,lu,1
䘿,jué,jue,2
訊,xùn,xun,4
㵳,liáo,liao,2
獹,lú,lu,2
䝄,䝄,䝄,
䤲,chì,chi,4
镨,pǔ,pu,3
袳,chǐ,chi,3
牂,zāng,zang,1
諌,jiàn,jian,4
咋,zhà,zha,4
飏,yáng,yang,2
麌,wú,wu,2
祟,sùi,sui,4
㞆,jǐ,ji,3
龕,kān,kan,1
嬓,jiào,jiao,4
䐵,huáng,huang,2
琚,jū,ju,1
裒,póu,pou,2
墒,shāng,shang,1
璬,jiǎo,jiao,3
芻,chú,chu,2
䡏,hóng,hong,2
珶,dì,di,4
寸,cùn,cun,4
塙,què,que,4
編,biān,bian,1
豦,qú,qu,2
琏,lián,lian,2
䇨,gòng,gong,4
䄶,bì,bi,4
漃,jí,ji,2
咠,qì,qi,4
抨,pēng,peng,1
踪,zōng,zong,1
跟,gēn,gen,1
袘,yí,yi,2
阎,yán,yan,2
嚆,hāo,hao,1
镙,luó,luo,2
凰,huáng,huang,2
句,jù,ju,4
䕒,䕒,䕒,
符,fú,fu,2
瑚,hú,hu,2
䛦,sòng,song,4
着,zháo,zhao,2
峊,fù,fu,4
衹,qí,qi,2
嘁,qī,qi,1
獈,yì,yi,4
䤦,yuè,yue,4
琩,chāng,chang,1
幦,mì,mi,4
苣,jù,ju,4
輛,liàng,liang,4
䧟,xiàn,xian,4
瀌,biāo,biao,1
䅳,chú,chu,2
蟎,mǎn,man,3
仲,zhòng,zhong,4
炋,pī,pi,1
䍤,jǐ,ji,3
蔈,piǎo,piao,3
銾,gǒng,gong,3
勂,háo,hao,2
淴,wà,wa,4
閩,mǐn,min,3
曯,chú,chu,2
龾,龾,龾,
鼊,bì,bi,4
㰞,㰞,㰞,
䓖,qióng,qiong,2
㱃,yǐn,yin,3
㤽,chóu,chou,2
佤,wǎ,wa,3
藲,藲,藲,
併,bìng,bing,4
蓢,láng,lang,2
吸,xī,xi,1
嗒,tà,ta,4
嚿,huò,huo,4
篷,péng,peng,2
虅,虅,虅,
馻,yǐn,yin,3
㓔,xiè,xie,4
䘥,xiá,xia,2
㥯,yǐn,yin,3
亟,jí,ji,2
眸,móu,mou,2
碊,jiān,jian,1
粧,zhuāng,zhuang,1
朞,jī,ji,1
鳱,gān,gan,1
庪,gǔi,gui,3
舶,bó,bo,2
暘,yáng,yang,2
新,xīn,xin,1
訬,chāo,chao,1
㓗,jié,jie,2
鮬,bù,bu,4
躈,qiào,qiao,4
惼,biǎn,bian,3
熶,cuàn,cuan,4
镠,líu,liu,2
舊,jìu,jiu,4
倻,yē,ye,1
骭,gàn,gan,4
䄞,䄞,䄞,
䰨,mèi,mei,4
吴,wú,wu,2
蓫,zhú,zhu,2
憅,tòng,tong,4
莘,shēn,shen,1
冚,kǎn,kan,3
俨,yǎn,yan,3
䡸,䡸,䡸,
赎,shú,shu,2
䘍,chài,chai,4
啬,sè,se,4
㭵,㭵,㭵,
窛,kòu,kou,4
畿,jī,ji,1
穳,zàn,zan,4
㲰,níng,ning,2
㳺,yóu,you,2
剸,tuán,tuan,2
椚,椚,椚,
塼,zhuān,zhuan,1
龗,líng,ling,2
譛,zèn,zen,4
鶟,tú,tu,2
毫,háo,hao,2
訁,訁,訁,
䵓,lí,li,2
购,gòu,gou,4
䖿,lí,li,2
七,qī,qi,1
攏,lǒng,long,3
絵,hùi,hui,4
践,jiàn,jian,4
枇,pí,pi,2
愼,shèn,shen,4
盽,fēng,feng,1
㟐,mǎng,mang,3
遼,liáo,liao,2
悵,chàng,chang,4
戬,jiǎn,jian,3
䘸,yì,yi,4
鵆,鵆,鵆,
银,yín,yin,2
屜,tì,ti,4
鿔,鿔,鿔,
眔,dà,da,4
䲁,wèi,wei,4
煲,bāo,bao,1
飠,shí,shi,2
駓,pī,pi,1
婙,jìng,jing,4
貴,gùi,gui,4
穦,穦,穦,
半,bàn,ban,4
啜,chuò,chuo,4
㙟,lǎng,lang,3
頌,sòng,song,4
㒣,㒣,㒣,
詾,xiōng,xiong,1
觥,gōng,gong,1
䏘,pǐ,pi,3
舅,jìu,jiu,4
牕,chuāng,chuang,1
渖,shěn,shen,3
㗞,㗞,㗞,
吒,zhà,zha,4
㷢,zhǎ,zha,3
互,hù,hu,4
㔀,lvè,lve,4
䳅,zhǐ,zhi,3
苌,cháng,chang,2
蘓,sū,su,1
鍈,yīng,ying,1
邹,zōu,zou,1
鏡,jìng,jing,4
使,shǐ,shi,3
鴰,guā,gua,1
礒,yǐ,yi,3
䙵,䙵,䙵,
篠,xiǎo,xiao,3
㖡,yè,ye,4
癶,bō,bo,1
矖,xǐ,xi,3
挊,nòng,nong,4
㻺,lì,li,4
粘,nián,nian,2
柅,nǐ,ni,3
砝,fá,fa,2
媬,媬,媬,
砏,fēn,fen,1
羏,yáng,yang,2
䥃,yuè,yue,4
艗,yì,yi,4
䮧,hán,han,2
婟,hù,hu,4
扃,jiōng,jiong,1
侵,qīn,qin,1
䓩,䓩,䓩,
炕,kàng,kang,4
郆,jí,ji,2
鯏,鯏,鯏,
冯,féng,feng,2
䰦,pǐ,pi,3
蕾,lěi,lei,3
啻,chì,chi,4
玈,lú,lu,2
輆,kǎi,kai,3
㒌,qióng,qiong,2
壨,léi,lei,2
㤌,㤌,㤌,
嶟,zūn,zun,1
稵,zī,zi,1
闻,wén,wen,2
觻,lù,lu,4
孠,sì,si,4
鸉,yáng,yang,2
折,zhé,zhe,2
軌,gǔi,gui,3
蠮,yē,ye,1
䦇,jì,ji,4
僧,sēng,seng,1
禼,xiè,xie,4
与,yǔ,yu,3
筭,suàn,suan,4
孡,tāi,tai,1
旬,xún,xun,2
檉,chēng,cheng,1
讞,yàn,yan,4
玻,bō,bo,1
糞,fèn,fen,4
硖,xiá,xia,2
穃,穃,穃,
聪,cōng,cong,1
蜫,kūn,kun,1
迹,jī,ji,1
搢,jìn,jin,4
纽,nǐu,niu,3
誵,xiáo,xiao,2
擥,lǎn,lan,3
䈃,zhǎo,zhao,3
㫃,yǎn,yan,3
熗,qiàng,qiang,4
扆,yǐ,yi,3
弴,dūn,dun,1
蚖,yuán,yuan,2
㤔,fú,fu,2
貯,zhǔ,zhu,3
䞋,chèn,chen,4
鑾,luán,luan,2
梴,chān,chan,1
灍,què,que,4
鬗,màn,man,4
霶,páng,pang,2
匉,pēng,peng,1
媄,měi,mei,3
浍,kuài,kuai,4
渓,渓,渓,
囶,guó,guo,2
奰,bì,bi,4
豝,bā,ba,1
娝,pēi,pei,1
㒃,èr,er,4
浦,pǔ,pu,3
㩎,yè,ye,4
禱,dǎo,dao,3
䥔,sù,su,4
䜝,tuǎn,tuan,3
舔,tiǎn,tian,3
頝,qiāo,qiao,1
骍,xīn,xin,1
㕨,fàn,fan,4
䈝,䈝,䈝,
䖝,chóng,chong,2
噀,xùn,xun,4
猵,biān,bian,1
鶇,dōng,dong,1
㘸,zàng,zang,4
㧔,guài,guai,4
䂨,䂨,䂨,
遧,zhāng,zhang,1
嶒,céng,ceng,2
煛,jiǒng,jiong,3
钬,huó,huo,2
螜,hú,hu,2
璦,ài,ai,4
㵾,jìng,jing,4
㼟,bái,bai,2
䵷,䵷,䵷,
㗺,㗺,㗺,
凗,cúi,cui,2
岳,yuè,yue,4
衼,zhī,zhi,1
戹,è,e,4
㮬,㮬,㮬,
謔,nvè,nve,4
闣,dàng,dang,4
赭,zhě,zhe,3
臙,yān,yan,1
䇝,䇝,䇝,
饼,bǐng,bing,3
濊,hùi,hui,4
蠪,lóng,long,2
蟜,jiǎo,jiao,3
垖,dūi,dui,1
糾,jīu,jiu,1
㯗,rǎn,ran,3
嚳,kù,ku,4
㰬,xún,xun,2
珋,lǐu,liu,3
剄,jǐng,jing,3
雘,huò,huo,4
䳋,tóng,tong,2
貳,èr,er,4
韋,wéi,wei,2
斔,yǔ,yu,3
晏,yàn,yan,4
䎮,tì,ti,4
腠,còu,cou,4
䢣,yáo,yao,2
懦,nuò,nuo,4
嬲,niǎo,niao,3
矶,jī,ji,1
筟,fū,fu,1
叄,cān,can,1
廯,xiān,xian,1
䡊,fán,fan,2
躙,lìn,lin,4
㶵,rèn,ren,4
糀,糀,糀,
㛤,㛤,㛤,
肭,nà,na,4
㙞,niè,nie,4
跿,tú,tu,2
䍶,dòng,dong,4
鋧,xiàn,xian,4
㑇,zhòu,zhou,4
㒑,hùi,hui,4
髇,xiāo,xiao,1
堯,yáo,yao,2
㰓,㰓,㰓,
哤,máng,mang,2
䛆,zhòu,zhou,4
殦,diāo,diao,1
噻,sai,sai,5
尼,ní,ni,2
沅,yuán,yuan,2
㽍,㽍,㽍,
鿲,鿲,鿲,
䙣,sà,sa,4
褠,gōu,gou,1
鵣,lài,lai,4
撘,dā,da,1
四,sì,si,4
㝎,dìng,ding,4
䜉,䜉,䜉,
㱋,què,que,4
荿,chéng,cheng,2
咫,zhǐ,zhi,3
暇,xiá,xia,2
痫,xián,xian,2
癡,chī,chi,1
異,yì,yi,4
䶊,nv̀,nv,4
襂,sēn,sen,1
錨,máo,mao,2
㻵,zhàn,zhan,4
凱,kǎi,kai,3
瘠,jí,ji,2
䊍,lí,li,2
䊘,jìu,jiu,4
搻,nuò,nuo,4
駬,ěr,er,3
懇,kěn,ken,3
概,gài,gai,4
盇,hé,he,2
匮,gùi,gui,4
腺,xiàn,xian,4
嫹,máo,mao,2
嚓,cā,ca,1
㣝,㣝,㣝,
瀝,lì,li,4
攲,qī,qi,1
鐢,鐢,鐢,
墑,dī,di,1
焇,xiāo,xiao,1
郀,kū,ku,1
忳,tún,tun,2
黠,xiá,xia,2
楨,zhēn,zhen,1
劅,zhuò,zhuo,4
夛,duō,duo,1
就,jìu,jiu,4
巵,zhī,zhi,1
㑅,zuò,zuo,4
㒮,㒮,㒮,
只,zhǐ,zhi,3
稠,chóu,chou,2
菪,dàng,dang,4
睾,gāo,gao,1
䇬,chuǎng,chuang,3
鄻,liǎn,lian,3
辛,xīn,xin,1
锆,gào,gao,4
淀,diàn,dian,4
盥,guàn,guan,4
遆,tí,ti,2
䏜,䏜,䏜,
鎝,sà,sa,4
柌,cí,ci,2
腇,něi,nei,3
䰍,cì,ci,4
䖐,jìn,jin,4
狄,dí,di,2
羕,yàng,yang,4
唠,láo,lao,2
㵏,cǔi,cui,3
愢,sāi,sai,1
储,chǔ,chu,3
薪,xīn,xin,1
墚,liáng,liang,2
蕲,qí,qi,2
块,kuài,kuai,4
犧,xī,xi,1
䎊,pò,po,4
檺,gǎo,gao,3
蹶,jué,jue,2
晔,yē,ye,1
牳,mǔ,mu,3
靷,yǐn,yin,3
欃,chán,chan,2
鴶,jí,ji,2
僇,lù,lu,4
蓵,jié,jie,2
㭉,huá,hua,2
䨟,䨟,䨟,
沁,qìn,qin,4
㺍,㺍,㺍,
搅,jiǎo,jiao,3
帲,píng,ping,2
枫,fēng,feng,1
㢾,juàn,juan,4
䢡,xiè,xie,4
挋,zhèn,zhen,4
鞒,qiāo,qiao,1
蠻,mán,man,2
氶,zhěng,zheng,3
箭,jiàn,jian,4
鳌,áo,ao,2
畟,cè,ce,4
䩖,䩖,䩖,
䠴,qǐn,qin,3
㛙,qiè,qie,4
崳,yú,yu,2
琑,琑,琑,
㮺,běn,ben,3
䒒,tiáo,tiao,2
玖,jǐu,jiu,3
騋,lái,lai,2
飬,juàn,juan,4
袧,kōu,kou,1
绠,gěng,geng,3
阡,qiān,qian,1
煃,kǔi,kui,3
舌,shé,she,2
頫,fǔ,fu,3
晊,zhǐ,zhi,3
㯈,sù,su,4
䵧,zài,zai,4
䰳,䰳,䰳,
掇,duó,duo,2
㠰,㠰,㠰,
㢶,bì,bi,4
屳,xiān,xian,1
耒,lěi,lei,3
甕,wèng,weng,4
宏,hóng,hong,2
鶮,gù,gu,4
慖,guó,guo,2
紻,yāng,yang,1
肒,huán,huan,2
嶆,cáo,cao,2
㺵,jíu,jiu,2
媛,yuàn,yuan,4
龢,hé,he,2
箺,chǔn,chun,3
稽,jī,ji,1
軔,rèn,ren,4
㑿,tiáo,tiao,2
时,shí,shi,2
禽,qín,qin,2
褡,dā,da,1
暦,lì,li,4
䘀,fù,fu,4
槧,qiàn,qian,4
变,biàn,bian,4
枖,yāo,yao,1
詻,è,e,4
狭,xiá,xia,2
悉,xī,xi,1
齗,kěn,ken,3
膆,sù,su,4
潴,zhū,zhu,1
茟,yù,yu,4
鿜,鿜,鿜,
亥,hài,hai,4
蟞,bié,bie,2
䬕,shǎng,shang,3
旍,jīng,jing,1
櫾,yóu,you,2
蔰,hù,hu,4
袱,fú,fu,2
漏,lòu,lou,4
纡,yū,yu,1
觶,zhì,zhi,4
糖,táng,tang,2
栫,jiàn,jian,4
㔣,léi,lei,2
蚒,tóng,tong,2
嵁,kān,kan,1
烾,chì,chi,4
秉,bǐng,bing,3
家,jiā,jia,1
璳,tián,tian,2
摽,piāo,piao,1
牷,quán,quan,2
㯁,bàng,bang,4
虺,hǔi,hui,3
莪,é,e,2
恬,tián,tian,2
㛍,qiè,qie,4
赵,zhào,zhao,4
贋,yàn,yan,4
䛚,lvè,lve,4
珬,xù,xu,4
浅,qiǎn,qian,3
䇜,liǎn,lian,3
隇,wēi,wei,1
詨,jiāo,jiao,1
钞,chāo,chao,1
踯,zhí,zhi,2
伪,wěi,wei,3
廔,lóu,lou,2
蒾,mí,mi,2
匞,jiàng,jiang,4
漗,cōng,cong,1
父,fù,fu,4
畇,yún,yun,2
販,fàn,fan,4
炖,tún,tun,2
㘊,yì,yi,4
欛,bà,ba,4
䓲,rùi,rui,4
軉,yù,yu,4
輪,lún,lun,2
穱,zhuō,zhuo,1
需,xū,xu,1
薭,薭,薭,
黿,yuán,yuan,2
䥝,áo,ao,2
迟,chí,chi,2
驲,rì,ri,4
㻚,㻚,㻚,
蝨,shī,shi,1
柗,sōng,song,1
䍑,hǎn,han,3
篈,fēng,feng,1
㫈,㫈,㫈,
慌,huāng,huang,1
蓜,蓜,蓜,
酗,xù,xu,4
㤖,zhù,zhu,4
佥,qiān,qian,1
抯,zhā,zha,1
豗,hūi,hui,1
㯬,liǎn,lian,3
胏,zǐ,zi,3
澼,pì,pi,4
罽,jì,ji,4
䛶,lěi,lei,3
糹,sī,si,1
㚡,jǐ,ji,3
崶,fēng,feng,1
贼,zéi,zei,2
㹐,chóng,chong,2
髧,dàn,dan,4
豈,qǐ,qi,3
旿,wǔ,wu,3
晲,yǐ,yi,3
澹,dàn,dan,4
鸼,zhōu,zhou,1
禅,shàn,shan,4
㶭,jìu,jiu,4
籦,zhōng,zhong,1
㮏,nài,nai,4
蔕,dì,di,4
䌷,chóu,chou,2
养,yǎng,yang,3
寶,bǎo,bao,3
㶁,guó,guo,2
鸡,jī,ji,1
䓭,chà,cha,4
悴,cùi,cui,4
䝡,màn,man,4
儑,àn,an,4
䮇,yù,yu,4
㔚,kǒu,kou,3
鵽,zhùi,zhui,4
我,wǒ,wo,3
瞹,ài,ai,4
济,jì,ji,4
䩸,róng,rong,2
揨,chéng,cheng,2
壆,bó,bo,2
濣,wò,wo,4
癰,yōng,yong,1
趎,chú,chu,2
耪,pǎng,pang,3
澡,zǎo,zao,3
櫟,lì,li,4
韱,xiān,xian,1
閹,yān,yan,1
㨊,wěi,wei,3
氭,dōng,dong,1
枂,yuè,yue,4
䱛,xù,xu,4
䳘,é,e,2
䐘,jué,jue,2
簉,chòu,chou,4
煉,liàn,lian,4
鵁,jiāo,jiao,1
潲,shào,shao,4
㳛,yú,yu,2
絞,jiǎo,jiao,3
辶,chuò,chuo,4
慂,yǒng,yong,3
篿,zhuān,zhuan,1
晢,zhé,zhe,2
䫏,䫏,䫏,
戨,gē,ge,1
㘡,xiá,xia,2
睌,wǎn,wan,3
掮,qián,qian,2
谒,yè,ye,4
鯜,qiè,qie,4
椕,bīn,bin,1
㸹,liè,lie,4
㐁,tiǎn,tian,3
魹,魹,魹,
囄,lí,li,2
䁑,yáng,yang,2
鞻,lóu,lou,2
壝,wéi,wei,2
诀,jué,jue,2
墢,bá,ba,2
䥙,sùi,sui,4
鎨,sǔn,sun,3
抎,yǔn,yun,3
薇,wéi,wei,2
㘏,㘏,㘏,
嫷,tuǒ,tuo,3
閗,dòu,dou,4
漡,shāng,shang,1
縙,róng,rong,2
踒,wō,wo,1
乷,shā,sha,1
呪,zhòu,zhou,4
䂅,䂅,䂅,
肼,jǐng,jing,3
掁,chéng,cheng,2
螚,nài,nai,4
闀,xiàng,xiang,4
邮,yóu,you,2
䞛,䞛,䞛,
嚻,xiāo,xiao,1
䬗,yáng,yang,2
熪,yí,yi,2
飢,jī,ji,1
㯶,zōng,zong,1
䭪,liáng,liang,2
弐,èr,er,4
碙,gāng,gang,1
嗶,bì,bi,4
鵯,bēi,bei,1
䯫,hào,hao,4
㯄,㯄,㯄,
捭,bǎi,bai,3
䧖,jiàn,jian,4
硏,yán,yan,2
壬,rén,ren,2
农,nóng,nong,2
貑,jiā,jia,1
踟,chí,chi,2
幆,yì,yi,4
床,chuáng,chuang,2
䂈,tóng,tong,2
亸,duǒ,duo,3
柨,柨,柨,
夆,féng,feng,2
甃,zhòu,zhou,4
踥,qiè,qie,4
纮,hóng,hong,2
銹,xìu,xiu,4
蒯,kuǎi,kuai,3
輬,liáng,liang,2
淬,cùi,cui,4
䃚,cù,cu,4
婭,yà,ya,4
揞,ǎn,an,3
尽,jǐn,jin,3
鍨,kúi,kui,2
錐,zhūi,zhui,1
冫,bīng,bing,1
㴅,㴅,㴅,
榭,xiè,xie,4
肥,féi,fei,2
菋,wèi,wei,4
恢,hūi,hui,1
䞼,chǔi,chui,3
淑,shú,shu,2
斵,zhuó,zhuo,2
䴽,bài,bai,4
䵋,wěi,wei,3
玢,bīn,bin,1
㟤,lù,lu,4
鑆,zhùi,zhui,4
嚡,嚡,嚡,
楶,jié,jie,2
譙,qiáo,qiao,2
鑩,è,e,4
籡,籡,籡,
麼,me,me,5
篟,qiàn,qian,4
䀖,䀖,䀖,
㾬,㾬,㾬,
軀,qū,qu,1
套,tào,tao,4
阜,fù,fu,4
唒,qíu,qiu,2
䯴,cháng,chang,2
穠,nóng,nong,2
毖,bì,bi,4
㖒,tí,ti,2
踙,jū,ju,1
陀,tuó,tuo,2
㝍,xiě,xie,3
眮,dòng,dong,4
荪,sūn,sun,1
䎲,zhé,zhe,2
鑎,kùi,kui,4
拨,bō,bo,1
靜,jìng,jing,4
愉,yú,yu,2
昿,kuàng,kuang,4
鉊,zhāo,zhao,1
哛,哛,哛,
魿,líng,ling,2
郿,méi,mei,2
欧,ōu,ou,1
簂,guó,guo,2
遱,lóu,lou,2
憊,bèi,bei,4
攊,lì,li,4
痴,chī,chi,1
苄,biàn,bian,4
㤀,㤀,㤀,
复,fù,fu,4
鯁,gěng,geng,3
墨,mò,mo,4
䭲,nǐ,ni,3
硕,shuò,shuo,4
䨈,䨈,䨈,
坄,tóu,tou,2
吟,yín,yin,2
絩,tiào,tiao,4
䌔,òu,ou,4
踗,niē,nie,1
驡,péng,peng,2
囲,wéi,wei,2
纂,zuǎn,zuan,3
蕺,jí,ji,2
燙,tàng,tang,4
笅,xiáo,xiao,2
梡,hún,hun,2
酿,niàng,niang,4
㢷,㢷,㢷,
寊,zhēn,zhen,1
罴,pí,pi,2
簥,jiāo,jiao,1
罞,máo,mao,2
儔,chóu,chou,2
跪,gùi,gui,4
疁,líu,liu,2
况,kuàng,kuang,4
敒,zhèn,zhen,4
䊡,mán,man,2
墿,yì,yi,4
㽔,㽔,㽔,
嶸,róng,rong,2
瑏,chuān,chuan,1
鏛,cháng,chang,2
䔯,hú,hu,2
朣,tóng,tong,2
䐞,ruò,ruo,4
㱸,bì,bi,4
䊑,xiǎng,xiang,3
渲,xuàn,xuan,4
秏,hào,hao,4
䕭,qián,qian,2
昍,xuān,xuan,1
娕,lài,lai,4
斤,jīn,jin,1
妒,dù,du,4
歍,wū,wu,1
曋,qǐn,qin,3
倥,kōng,kong,1
屫,jué,jue,2
摄,shè,she,4
趠,chuò,chuo,4
陜,xiá,xia,2
㤗,㤗,㤗,
臍,qí,qi,2
価,jià,jia,4
磯,jī,ji,1
䱰,zhòng,zhong,4
伙,huǒ,huo,3
孭,miē,mie,1
閦,chù,chu,4
涢,yún,yun,2
飃,piāo,piao,1
窨,yìn,yin,4
荜,bì,bi,4
竃,zào,zao,4
棩,yuān,yuan,1
物,wù,wu,4
㠇,jìu,jiu,4
竐,chù,chu,4
枛,zhào,zhao,4
嗛,xián,xian,2
㣧,yìn,yin,4
针,zhēn,zhen,1
鶸,ruò,ruo,4
䁢,xuán,xuan,2
晉,jìn,jin,4
嚷,rǎng,rang,3
㡖,chuáng,chuang,2
䀧,hǒng,hong,3
斩,zhǎn,zhan,3
䞬,tòu,tou,4
延,yán,yan,2
鉚,lǐu,liu,3
獨,dú,du,2
綱,gāng,gang,1
埓,liè,lie,4
㒈,hàn,han,4
磡,kàn,kan,4
闡,chǎn,chan,3
詇,yàng,yang,4
梆,bāng,bang,1
龿,龿,龿,
曈,tóng,tong,2
鳝,shàn,shan,4
傾,qīng,qing,1
夙,sù,su,4
㧵,póu,pou,2
㵎,hǎn,han,3
羡,xiàn,xian,4
鈾,yóu,you,2
綉,xìu,xiu,4
搾,zhà,zha,4
峠,峠,峠,
似,sì,si,4
肇,zhào,zhao,4
豌,wān,wan,1
鉼,bǐng,bing,3
藻,zǎo,zao,3
挽,wǎn,wan,3
雫,nǎ,na,3
璠,fán,fan,2
拢,lǒng,long,3
錱,zhēn,zhen,1
枮,xiān,xian,1
禂,dǎo,dao,3
刳,kū,ku,1
歹,dǎi,dai,3
澠,miǎn,mian,3
環,huán,huan,2
颦,pín,pin,2
替,tì,ti,4
䚀,䚀,䚀,
雤,xué,xue,2
哎,āi,ai,1
瓫,pén,pen,2
垭,wù,wu,4
賴,lài,lai,4
㱾,㱾,㱾,
墕,yàn,yan,4
䎸,wù,wu,4
莑,fēng,feng,1
叔,shū,shu,1
㕎,è,e,4
紷,líng,ling,2
㟓,qí,qi,2
㬛,㬛,㬛,
韞,yùn,yun,4
匧,qiè,qie,4
㱍,luán,luan,2
䙫,䙫,䙫,
㷇,guài,guai,4
矦,hóu,hou,2
涍,xiào,xiao,4
㔭,chè,che,4
䌺,ěr,er,3
袹,mò,mo,4
柆,lā,la,1
翨,shì,shi,4
橰,gāo,gao,1
聭,kùi,kui,4
硲,yù,yu,4
暁,xiǎo,xiao,3
彸,zhōng,zhong,1
宿,sù,su,4
吗,ma,ma,5
曆,lì,li,4
頂,dǐng,ding,3
㰧,㰧,㰧,
䅪,túi,tui,2
䯡,jiǎn,jian,3
夽,yùn,yun,4
歙,xī,xi,1
鞫,jú,ju,2
㳊,㳊,㳊,
恴,dé,de,2
萗,cè,ce,4
湥,tú,tu,2
䳈,bǎo,bao,3
鲸,jīng,jing,1
儷,lì,li,4
縀,xiá,xia,2
䇒,jiè,jie,4
䡍,fú,fu,2
龰,龰,龰,
傫,lěi,lei,3
䖛,suǒ,suo,3
禘,dì,di,4
鋷,zùi,zui,4
渌,lù,lu,4
俣,yǔ,yu,3
雯,wén,wen,2
募,mù,mu,4
祉,zhǐ,zhi,3
嗔,tián,tian,2
珦,xiàng,xiang,4
诣,yì,yi,4
賰,shǔn,shun,3
簅,chǎn,chan,3
戶,hù,hu,4
盈,yíng,ying,2
䲛,méng,meng,2
㐈,㐈,㐈,
傏,táng,tang,2
䦟,chuài,chuai,4
詯,hùi,hui,4
嵸,zōng,zong,1
㙈,hán,han,2
錿,錿,錿,
敷,fū,fu,1
趥,qīu,qiu,1
禀,bǐng,bing,3
郢,yǐng,ying,3
澷,màn,man,4
窱,tiào,tiao,4
粤,yuè,yue,4
㮄,bǎng,bang,3
䜻,chǐ,chi,3
甬,yǒng,yong,3
㤮,kuáng,kuang,2
嘈,cáo,cao,2
宩,shǐ,shi,3
净,jìng,jing,4
娞,něi,nei,3
嶰,xiè,xie,4
㔲,㔲,㔲,
㾑,dá,da,2
鸿,hóng,hong,2
䆑,chéng,cheng,2
责,zé,ze,2
瑊,zhēn,zhen,1
垠,yín,yin,2
榊,榊,榊,
詫,chà,cha,4
礫,lì,li,4
膐,lv̌,lv,3
枱,yí,yi,2
裚,jì,ji,4
騣,zōng,zong,1
挂,guà,gua,4
鶼,jiān,jian,1
㡮,jí,ji,2
䔕,pú,pu,2
勁,jìn,jin,4
餣,yè,ye,4
濵,濵,濵,
掅,qìng,qing,4
崬,dōng,dong,1
翬,hūi,hui,1
啔,qǐ,qi,3
溿,pàn,pan,4
礋,zhái,zhai,2
陨,yǔn,yun,3
㽭,ruǎn,ruan,3
璸,bīn,bin,1
窌,jiào,jiao,4
龶,龶,龶,
䢧,liào,liao,4
䦐,tǐng,ting,3
窴,tián,tian,2
乁,yí,yi,2
纞,liàn,lian,4
喳,zhā,zha,1
靋,lì,li,4
躳,gōng,gong,1
膠,jiāo,jiao,1
薶,mái,mai,2
䭁,zhì,zhi,4
樹,shù,shu,4
䕊,tán,tan,2
潩,yì,yi,4
㯡,pào,pao,4
䙧,䙧,䙧,
瀱,jì,ji,4
瀂,lǔ,lu,3
踦,jǐ,ji,3
岺,líng,ling,2
噧,hùi,hui,4
脥,qiǎn,qian,3
慺,lóu,lou,2
敼,xǐ,xi,3
穚,jiāo,jiao,1
鯢,ní,ni,2
嗢,wà,wa,4
渚,zhǔ,zhu,3
㞅,guǒ,guo,3
囬,húi,hui,2
銺,zàng,zang,4
䖕,zǔ,zu,3
䙦,méng,meng,2
邸,dǐ,di,3
鱩,鱩,鱩,
䨇,䨇,䨇,
䑷,䑷,䑷,
蘅,héng,heng,2
隩,yù,yu,4
榀,pǐn,pin,3
䀘,xí,xi,2
娂,hóng,hong,2
唱,chàng,chang,4
䌀,䌀,䌀,
矣,yǐ,yi,3
㡥,yǐn,yin,3
苏,sū,su,1
䮣,䮣,䮣,
捋,lè,le,4
凞,xī,xi,1
褣,róng,rong,2
䔵,䔵,䔵,
晄,huǎng,huang,3
樜,shù,shu,4
懋,mào,mao,4
猿,yuán,yuan,2
俐,lì,li,4
磋,cuō,cuo,1
誹,fěi,fei,3
扉,fēi,fei,1
蹽,liāo,liao,1
諹,yáng,yang,2
埅,fáng,fang,2
馓,sǎn,san,3
丱,guàn,guan,4
璤,璤,璤,
昂,áng,ang,2
免,miǎn,mian,3
锊,lvè,lve,4
㶛,yú,yu,2
藥,yào,yao,4
俧,俧,俧,
諤,è,e,4
填,tián,tian,2
磷,lín,lin,2
颉,jié,jie,2
厰,chǎng,chang,3
醕,chún,chun,2
䇖,yǔn,yun,3
铹,láo,lao,2
遉,zhēn,zhen,1
㿒,dǎo,dao,3
蜬,gān,gan,1
懐,huái,huai,2
竊,qiè,qie,4
哯,xiàn,xian,4
坈,kēng,keng,1
圛,yì,yi,4
䳔,jìu,jiu,4
謡,yáo,yao,2
蟼,jǐng,jing,3
幝,chǎn,chan,3
賩,cóng,cong,2
䡡,xié,xie,2
笪,dá,da,2
㸔,㸔,㸔,
涅,niè,nie,4
冁,chǎn,chan,3
㵮,chún,chun,2
攩,dǎng,dang,3
岅,bǎn,ban,3
㘻,㘻,㘻,
鈆,yán,yan,2
颢,hào,hao,4
奬,jiǎng,jiang,3
㧀,jí,ji,2
閛,pēng,peng,1
羂,juàn,juan,4
趤,dàng,dang,4
䘻,sù,su,4
莿,cì,ci,4
縷,lv̌,lv,3
䗢,suǒ,suo,3
魟,gōng,gong,1
曁,jì,ji,4
喬,qiáo,qiao,2
遶,rào,rao,4
㯨,㯨,㯨,
䟓,䟓,䟓,
枓,dǒu,dou,3
藨,biāo,biao,1
襳,xiān,xian,1
蛽,bài,bai,4
笿,luò,luo,4
篵,cōng,cong,1
亊,shì,shi,4
徟,zhōu,zhou,1
䯟,dùi,dui,4
嬝,niǎo,niao,3
䂫,hóng,hong,2
岧,tiáo,tiao,2
煭,liè,lie,4
愁,chóu,chou,2
騖,wù,wu,4
悂,pī,pi,1
抹,mǒ,mo,3
卩,jié,jie,2
祣,lv̌,lv,3
忝,tiǎn,tian,3
曱,yuē,yue,1
屖,xī,xi,1
甉,xián,xian,2
䰜,lì,li,4
苩,bó,bo,2
靠,kào,kao,4
鉾,móu,mou,2
㫗,hòu,hou,4
癎,xián,xian,2
輂,jú,ju,2
坐,zuò,zuo,4
錸,lái,lai,2
煹,gòu,gou,4
颗,kē,ke,1
胲,hǎi,hai,3
䏸,yú,yu,2
脧,zūi,zui,1
㦻,xí,xi,2
䃆,䃆,䃆,
惦,diàn,dian,4
㨱,yáo,yao,2
㽵,㽵,㽵,
䰆,róu,rou,2
酏,yí,yi,2
分,fēn,fen,1
㭸,tú,tu,2
䃄,䃄,䃄,
戡,kān,kan,1
伋,jí,ji,2
䲊,tuǒ,tuo,3
矲,bǎi,bai,3
䬅,lì,li,4
魙,zhǎn,zhan,3
沟,gōu,gou,1
财,cái,cai,2
邁,mài,mai,4
帢,qià,qia,4
㑔,xǔ,xu,3
婆,pó,po,2
鱒,zùn,zun,4
栽,zāi,zai,1
㥆,diàn,dian,4
䯽,fǔ,fu,3
䉙,yún,yun,2
裻,dǔ,du,3
瘀,yū,yu,1
皅,pā,pa,1
䖵,䖵,䖵,
錕,kūn,kun,1
嵐,lán,lan,2
旴,xū,xu,1
馧,wēn,wen,1
䴀,tóng,tong,2
犒,kào,kao,4
䅙,hùn,hun,4
䄐,quàn,quan,4
鎡,zī,zi,1
偙,dì,di,4
鹾,cuó,cuo,2
棥,fán,fan,2
堗,tū,tu,1
淪,lún,lun,2
狮,shī,shi,1
䠛,jiǎo,jiao,3
貲,zī,zi,1
墯,duò,duo,4
㒙,mián,mian,2
萖,wǎn,wan,3
膼,zhuā,zhua,1
汞,gǒng,gong,3
焐,wù,wu,4
䅛,䅛,䅛,
嫶,jiáo,jiao,2
諎,zé,ze,2
䲫,䲫,䲫,
㺥,chán,chan,2
䄤,lài,lai,4
獃,dāi,dai,1
蹔,zhàn,zhan,4
輒,zhé,zhe,2
坭,ní,ni,2
称,chēng,cheng,1
䤇,䤇,䤇,
測,cè,ce,4
孈,shuāi,shuai,1
䭐,yàng,yang,4
妍,yán,yan,2
螸,yú,yu,2
㿣,hé,he,2
乘,chéng,cheng,2
凄,qī,qi,1
痌,tōng,tong,1
夲,běn,ben,3
峹,tú,tu,2
硿,kōng,kong,1
㙋,㙋,㙋,
椟,dú,du,2
䱂,yǒu,you,3
鍂,鍂,鍂,
鿋,鿋,鿋,
廇,lìu,liu,4
㚦,yí,yi,2
圎,yuán,yuan,2
䳊,bá,ba,2
桿,gǎn,gan,3
丝,sī,si,1
䰴,qì,qi,4
歌,gē,ge,1
衲,nà,na,4
锹,qiāo,qiao,1
惜,xī,xi,1
甓,pì,pi,4
䝍,jùn,jun,4
乙,yǐ,yi,3
璽,xǐ,xi,3
䀠,qú,qu,2
䬥,yì,yi,4
餮,tiè,tie,4
蓍,shī,shi,1
濱,bīn,bin,1
諃,chēn,chen,1
辤,cí,ci,2
鐄,héng,heng,2
簊,jī,ji,1
契,qì,qi,4
䑚,tián,tian,2
甶,fú,fu,2
䠟,dié,die,2
雑,zá,za,2
汇,hùi,hui,4
䃜,䃜,䃜,
䑋,náo,nao,2
撏,xún,xun,2
蚎,yuè,yue,4
倁,chí,chi,2
满,mǎn,man,3
蔖,cuó,cuo,2
䕛,jiá,jia,2
㲽,niàn,nian,4
埉,jiá,jia,2
菬,zhǎo,zhao,3
玐,bā,ba,1
鏙,cūi,cui,1
摖,qì,qi,4
癀,huáng,huang,2
蘺,lí,li,2
顒,yóng,yong,2
憺,dàn,dan,4
濎,dǐng,ding,3
适,shì,shi,4
細,xì,xi,4
捗,bù,bu,4
愜,qiè,qie,4
㭆,㭆,㭆,
其,qí,qi,2
嶔,qīn,qin,1
釯,máng,mang,2
瘁,cùi,cui,4
皮,pí,pi,2
蝐,mài,mai,4
娌,lǐ,li,3
㗊,jí,ji,2
虿,chài,chai,4
兼,jiān,jian,1
鵥,鵥,鵥,
饢,nǎng,nang,3
噪,zào,zao,4
㘄,㘄,㘄,
㽶,㽶,㽶,
纕,xiāng,xiang,1
冇,mǎo,mao,3
䃾,bǐ,bi,3
蹢,dí,di,2
絸,jiǎn,jian,3
混,hùn,hun,4
阫,péi,pei,2
汔,qì,qi,4
侸,shù,shu,4
吲,shěn,shen,3
毭,dòu,dou,4
拒,jù,ju,4
卐,wàn,wan,4
㐠,㐠,㐠,
䧙,líng,ling,2
兞,máo,mao,2
蠸,quán,quan,2
暣,qì,qi,4
䃅,䃅,䃅,
㝥,mǐ,mi,3
建,jiàn,jian,4
䓕,tuǒ,tuo,3
䥱,xiě,xie,3
昖,yán,yan,2
崺,yǐ,yi,3
㶥,㶥,㶥,
疭,zòng,zong,4
㷐,hǔi,hui,3
䠙,bèi,bei,4
幬,chóu,chou,2
炭,tàn,tan,4
㐝,㐝,㐝,
竂,piáo,piao,2
礙,ài,ai,4
徨,huáng,huang,2
絳,jiàng,jiang,4
躥,cuān,cuan,1
驮,tuó,tuo,2
黯,àn,an,4
蜃,shèn,shen,4
膜,mò,mo,4
搴,qiān,qian,1
笀,máng,mang,2
墋,chěn,chen,3
鳑,fáng,fang,2
歴,lì,li,4
窀,zhūn,zhun,1
競,jìng,jing,4
舻,lǔ,lu,3
嗐,hài,hai,4
鬋,jiān,jian,1
饅,mán,man,2
怫,fú,fu,2
㪀,yú,yu,2
䖒,䖒,䖒,
㓯,lí,li,2
瓺,cháng,chang,2
旱,hàn,han,4
䨎,hóng,hong,2
快,kuài,kuai,4
榳,tíng,ting,2
滎,xíng,xing,2
瑭,táng,tang,2
见,jiàn,jian,4
鬒,zhěn,zhen,3
鶃,yì,yi,4
㽧,㽧,㽧,
却,què,que,4
造,zào,zao,4
覚,jué,jue,2
踴,yǒng,yong,3
淆,yáo,yao,2
珣,xún,xun,2
栏,lán,lan,2
㻟,súi,sui,2
䭙,jǐn,jin,3
譻,yīng,ying,1
㢧,juàn,juan,4
蕖,qú,qu,2
梬,yǐng,ying,3
釐,lí,li,2
骎,qīn,qin,1
凢,fán,fan,2
曭,tǎng,tang,3
囓,niè,nie,4
駄,tuó,tuo,2
俀,tǔi,tui,3
鉔,zā,za,1
㠞,㠞,㠞,
秛,pī,pi,1
勔,miǎn,mian,3
牌,pái,pai,2
䳄,cí,ci,2
薰,xūn,xun,1
昑,qǐn,qin,3
胫,jìng,jing,4
置,zhì,zhi,4
絰,dié,die,2
䫐,lín,lin,2
颛,zhuān,zhuan,1
晑,xiǎng,xiang,3
裾,jū,ju,1
曉,xiǎo,xiao,3
渒,pì,pi,4
合,hé,he,2
䖳,zhà,zha,4
皼,gǔ,gu,3
邈,miǎo,miao,3
脏,zāng,zang,1
䌣,zuǎn,zuan,3
㫑,shí,shi,2
苍,cāng,cang,1
桯,tīng,ting,1
塡,tián,tian,2
瀤,huái,huai,2
埦,wǎn,wan,3
崹,tí,ti,2
椽,chuán,chuan,2
鬭,dòu,dou,4
嵉,tíng,ting,2
㫆,㫆,㫆,
棦,chēng,cheng,1
潂,hóng,hong,2
狿,yán,yan,2
勞,láo,lao,2
㲫,pú,pu,2
摙,liǎn,lian,3
揄,yú,yu,2
驒,tuó,tuo,2
癊,yìn,yin,4
畄,líu,liu,2
巁,lì,li,4
訜,fēn,fen,1
諷,fěng,feng,3
痕,hén,hen,2
酷,kù,ku,4
愈,yù,yu,4
甙,dài,dai,4
浝,máng,mang,2
蟡,gǔi,gui,3
汩,gǔ,gu,3
洫,xù,xu,4
債,zhài,zhai,4
䌉,䌉,䌉,
岖,qū,qu,1
媞,tí,ti,2
怺,怺,怺,
䶚,qǔ,qu,3
橹,lǔ,lu,3
疅,jiāng,jiang,1
譡,dǎng,dang,3
屑,xiè,xie,4
怢,tú,tu,2
硉,lù,lu,4
䐪,fàn,fan,4
喹,kúi,kui,2
䬔,xù,xu,4
彬,bīn,bin,1
溾,wēi,wei,1
麯,qú,qu,2
䶪,chá,cha,2
㬭,jiào,jiao,4
㦦,hè,he,4
瀜,yōng,yong,1
攡,lí,li,2
責,zé,ze,2
翭,hóu,hou,2
议,yì,yi,4
傅,fù,fu,4
蹬,dèng,deng,4
菑,zī,zi,1
卹,xù,xu,4
㓌,㓌,㓌,
榷,què,que,4
酢,zuò,zuo,4
䑌,lán,lan,2
梋,xuān,xuan,1
种,zhǒng,zhong,3
剑,jiàn,jian,4
筏,fá,fa,2
鹖,hé,he,2
檩,lǐn,lin,3
蝋,là,la,4
茑,niǎo,niao,3
妷,zhí,zhi,2
䮬,mò,mo,4
嫰,nèn,nen,4
䗟,yì,yi,4
鎿,ná,na,2
䚝,zú,zu,2
輓,wǎn,wan,3
溄,溄,溄,
䝝,yǐ,yi,3
䏎,féng,feng,2
浊,zhuó,zhuo,2
賞,shǎng,shang,3
姌,rǎn,ran,3
蓡,cān,can,1
憜,duǒ,duo,3
㑞,yìng,ying,4
㪂,㪂,㪂,
㬌,jìng,jing,4
銸,zhé,zhe,2
仨,sā,sa,1
嘊,ái,ai,2
艶,yàn,yan,4
跕,dié,die,2
滅,miè,mie,4
嚍,jìn,jin,4
秺,dù,du,4
䯕,䯕,䯕,
㢔,zǒng,zong,3
㰈,liǎn,lian,3
冗,rǒng,rong,3
媨,jìu,jiu,4
宁,níng,ning,2
㒉,tǎng,tang,3
噘,juē,jue,1
醼,yàn,yan,4
雴,lì,li,4
丵,zhuǒ,zhuo,3
涞,lái,lai,2
尭,yáo,yao,2
幣,bì,bi,4
胞,bāo,bao,1
愚,yú,yu,2
酶,méi,mei,2
鿴,鿴,鿴,
㒷,guǎ,gua,3
脘,guǎn,guan,3
妉,dān,dan,1
眧,chǎo,chao,3
鏕,lù,lu,4
㖕,bò,bo,4
崚,léng,leng,2
醳,yì,yi,4
蓳,jìn,jin,4
錯,cuò,cuo,4
㟂,chǐ,chi,3
魶,nà,na,4
俔,xiàn,xian,4
拊,fǔ,fu,3
䢨,䢨,䢨,
僥,jiǎo,jiao,3
髾,shāo,shao,1
㖺,chǔn,chun,3
主,zhǔ,zhu,3
剒,cuò,cuo,4
㡒,㡒,㡒,
笒,cén,cen,2
䮡,bì,bi,4
㮮,jié,jie,2
䘕,háng,hang,2
豜,jiān,jian,1
䳞,běng,beng,3
㡚,㡚,㡚,
䠕,䠕,䠕,
鑭,lán,lan,2
螬,cáo,cao,2
竰,sháo,shao,2
曦,xī,xi,1
䯛,jiǎn,jian,3
䄯,jiǎn,jian,3
観,guān,guan,1
㑟,běng,beng,3
詁,gǔ,gu,3
桰,guā,gua,1
牃,dié,die,2
髑,dú,du,2
侑,yòu,you,4
䪐,bì,bi,4
营,yíng,ying,2
碢,tuó,tuo,2
䀏,xiàn,xian,4
㐜,chóu,chou,2
㨌,gòu,gou,4
撴,dūn,dun,1
㚑,㚑,㚑,
皧,ài,ai,4
咦,yí,yi,2
敜,niè,nie,4
㦯,huò,huo,4
蛱,jiá,jia,2
铮,zhēng,zheng,1
銫,sè,se,4
㱔,㱔,㱔,
宎,yǎo,yao,3
焖,mèn,men,4
畳,dié,die,2
晀,tiǎo,tiao,3
瀹,yuè,yue,4
蘘,ráng,rang,2
愄,wēi,wei,1
洜,洜,洜,
軨,líng,ling,2
鰃,wēi,wei,1
朙,míng,ming,2
蘝,liàn,lian,4
蓶,wěi,wei,3
䁔,hàn,han,4
䴊,yí,yi,2
毓,yù,yu,4
俜,pīng,ping,1
沌,dùn,dun,4
樖,kē,ke,1
䲃,zǎo,zao,3
䐉,zì,zi,4
圄,yǔ,yu,3
㞪,náo,nao,2
㛑,càn,can,4
浉,shī,shi,1
筠,yún,yun,2
础,chǔ,chu,3
浑,hún,hun,2
㹕,㹕,㹕,
䈇,zhào,zhao,4
䄄,䄄,䄄,
邶,bèi,bei,4
汫,qìng,qing,4
鱜,鱜,鱜,
譇,shē,she,1
䉶,䉶,䉶,
鶂,yì,yi,4
嵛,yú,yu,2
虣,bào,bao,4
虐,nvè,nve,4
智,zhì,zhi,4
代,dài,dai,4
借,jiè,jie,4
䪕,jú,ju,2
揯,gēng,geng,1
酃,líng,ling,2
肦,fén,fen,2
誃,chǐ,chi,3
䑜,tà,ta,4
㥿,ào,ao,4
椯,duó,duo,2
篩,shāi,shai,1
㑋,jiòng,jiong,4
蜼,wèi,wei,4
杌,wù,wu,4
獷,guǎng,guang,3
蘂,rǔi,rui,3
䄻,cháo,chao,2
呔,dāi,dai,1
奣,wěng,weng,3
㨒,kúi,kui,2
䋢,biè,bie,4
䜾,䜾,䜾,
鶴,hè,he,4
瞖,yì,yi,4
瓥,lì,li,4
益,yì,yi,4
臕,biāo,biao,1
浡,bó,bo,2
禶,zǎn,zan,3
鼬,yòu,you,4
䮏,wú,wu,2
㸎,niè,nie,4
㠓,méng,meng,2
㩭,bó,bo,2
衬,chèn,chen,4
躏,lìn,lin,4
嶬,yí,yi,2
㜟,㜟,㜟,
䨯,zhèn,zhen,4
霚,wù,wu,4
瓧,瓧,瓧,
骬,yú,yu,2
鮐,tái,tai,2
䀀,fán,fan,2
䥡,yè,ye,4
瘚,jué,jue,2
傓,shàn,shan,4
薜,bì,bi,4
嚑,嚑,嚑,
笝,nà,na,4
㦤,yì,yi,4
鲓,kǎo,kao,3
褧,jiǒng,jiong,3
垊,垊,垊,
哋,dì,di,4
媣,rǎn,ran,3
誦,sòng,song,4
瀚,hàn,han,4
娥,é,e,2
弲,xuān,xuan,1
筻,gàng,gang,4
怔,zhēng,zheng,1
㳜,㳜,㳜,
撤,chè,che,4
眣,dié,die,2
洏,ér,er,2
毯,tǎn,tan,3
溙,tài,tai,4
觺,yí,yi,2
畔,pàn,pan,4
㸡,㸡,㸡,
䍏,䍏,䍏,
鬑,lián,lian,2
䬰,shào,shao,4
㑰,hùi,hui,4
独,dú,du,2
藖,xián,xian,2
塄,léng,leng,2
崤,yáo,yao,2
徻,wèi,wei,4
杹,huà,hua,4
爢,mí,mi,2
庮,yǒu,you,3
蕔,bāo,bao,1
檙,dǐng,ding,3
曹,cáo,cao,2
䊴,qiàn,qian,4
愧,kùi,kui,4
墇,zhāng,zhang,1
㵓,shí,shi,2
粦,lìn,lin,4
呇,qǐ,qi,3
雦,jí,ji,2
㭰,jì,ji,4
鵶,yā,ya,1
畨,pān,pan,1
頽,túi,tui,2
巜,gùi,gui,4
㭳,㭳,㭳,
䁄,xìng,xing,4
洍,sì,si,4
檀,tán,tan,2
地,dì,di,4
蟾,chán,chan,2
䊗,huáng,huang,2
薺,cí,ci,2
㤪,yuàn,yuan,4
霅,zhá,zha,2
㼳,shěng,sheng,3
㗩,xī,xi,1
旛,fān,fan,1
䛹,càn,can,4
懲,chéng,cheng,2
釔,yǐ,yi,3
璭,gùn,gun,4
錡,qí,qi,2
陦,陦,陦,
嗪,qín,qin,2
稨,biān,bian,1
驸,fù,fu,4
鸃,yí,yi,2
産,chǎn,chan,3
宼,kòu,kou,4
弻,bì,bi,4
㤵,cí,ci,2
讐,chóu,chou,2
忮,zhì,zhi,4
䋆,䋆,䋆,
菚,zhàn,zhan,4
偨,cī,ci,1
隮,jī,ji,1
㓢,luò,luo,4
詜,tāo,tao,1
痶,diǎn,dian,3
蕄,méng,meng,2
侉,kuā,kua,1
疻,zhǐ,zhi,3
臤,qiān,qian,1
臘,là,la,4
䍐,hǎn,han,3
蠿,zhá,zha,2
繻,xū,xu,1
䵞,jìng,jing,4
鱤,gǎn,gan,3
兣,lǐ,li,3
诤,zhēng,zheng,1
亗,sùi,sui,4
㨛,shǎn,shan,3
夺,duó,duo,2
濔,mǐ,mi,3
䅷,tú,tu,2
䈄,hán,han,2
鶖,qīu,qiu,1
財,cái,cai,2
場,cháng,chang,2
瞿,jù,ju,4
璧,bì,bi,4
䓞,lì,li,4
瘫,tān,tan,1
婼,ruò,ruo,4
踮,diǎn,dian,3
蕻,hòng,hong,4
濮,pú,pu,2
䕑,jùn,jun,4
墦,fán,fan,2
帹,shà,sha,4
䓿,hǎn,han,3
傲,ào,ao,4
馋,chán,chan,2
葧,bó,bo,2
蜴,yì,yi,4
䓢,gù,gu,4
䔑,xié,xie,2
鎏,líu,liu,2
䄙,míng,ming,2
涖,lì,li,4
瘎,shèn,shen,4
运,yùn,yun,4
㔆,chán,chan,2
魜,rén,ren,2
鐙,dèng,deng,4
巈,jú,ju,2
楰,yú,yu,2
恨,hèn,hen,4
朶,duǒ,duo,3
冟,shì,shi,4
爩,yù,yu,4
廒,áo,ao,2
傦,傦,傦,
碶,qì,qi,4
䁫,hú,hu,2
諡,shì,shi,4
䗾,xiǎn,xian,3
蔔,bo,bo,5
䊐,èn,en,4
他,tā,ta,1
泰,tài,tai,4
晾,liàng,liang,4
子,zǐ,zi,3
裗,líu,liu,2
㵗,fù,fu,4
膞,zhuān,zhuan,1
拹,xié,xie,2
蘏,jiōng,jiong,1
捣,dǎo,dao,3
綗,jiǒng,jiong,3
䏑,dì,di,4
匓,jìu,jiu,4
鿚,鿚,鿚,
蜵,yuān,yuan,1
穭,lv̌,lv,3
嫿,huà,hua,4
獆,háo,hao,2
紧,jǐn,jin,3
肫,zhūn,zhun,1
阀,fá,fa,2
蕞,zùi,zui,4
枝,zhī,zhi,1
苤,pī,pi,1
嶽,yuè,yue,4
鉂,shǐ,shi,3
皃,mào,mao,4
铛,dāng,dang,1
欐,lǐ,li,3
鈃,xíng,xing,2
忁,bào,bao,4
躜,zuān,zuan,1
洀,zhōu,zhou,1
軭,kuāng,kuang,1
干,gān,gan,1
胚,pēi,pei,1
䪯,yíng,ying,2
皝,huǎng,huang,3
朧,lóng,long,2
䌈,tà,ta,4
䁝,yíng,ying,2
瓊,qióng,qiong,2
癧,lì,li,4
郾,yǎn,yan,3
䗗,䗗,䗗,
象,xiàng,xiang,4
嬢,niáng,niang,2
锦,jǐn,jin,3
同,tóng,tong,2
綒,fū,fu,1
姳,mǐng,ming,3
㝹,nóu,nou,2
鉭,dàn,dan,4
摧,cūi,cui,1
鋆,yún,yun,2
繷,náo,nao,2
蛂,biě,bie,3
寳,bǎo,bao,3
縨,縨,縨,
篣,páng,pang,2
戂,mí,mi,2
椱,fòu,fou,4
媿,kùi,kui,4
鋠,shèn,shen,4
盜,dào,dao,4
栴,zhān,zhan,1
鰮,wēn,wen,1
幇,bāng,bang,1
鿃,shǎn,shan,3
厧,diān,dian,1
促,cù,cu,4
趫,qiáo,qiao,2
展,zhǎn,zhan,3
鈡,zhōng,zhong,1
㞤,yín,yin,2
灾,zāi,zai,1
檂,nóng,nong,2
镕,róng,rong,2
䈔,䈔,䈔,
菽,shú,shu,2
㝨,㝨,㝨,
䖟,mǎng,mang,3
鯳,鯳,鯳,
䐺,tàn,tan,4
閬,lǎng,lang,3
翅,chì,chi,4
炉,lú,lu,2
肩,jiān,jian,1
䑯,dì,di,4
㛣,㛣,㛣,
㔛,㔛,㔛,
橐,tuó,tuo,2
筌,quán,quan,2
薦,jiàn,jian,4
璞,pú,pu,2
屢,lv̌,lv,3
鲵,ní,ni,2
篾,miè,mie,4
簔,suō,suo,1
瘪,piē,pie,1
廂,xiāng,xiang,1
兙,兙,兙,
毇,hǔi,hui,3
懾,shè,she,4
鲾,bì,bi,4
㦼,shuàng,shuang,4
垀,hū,hu,1
皍,jí,ji,2
刨,bào,bao,4
䏛,chǔn,chun,3
抭,yǎo,yao,3
䄎,qǐ,qi,3
蕁,xún,xun,2
龽,龽,龽,
嚢,náng,nang,2
愖,chén,chen,2
㣊,㣊,㣊,
鰴,hūi,hui,1
䍴,duò,duo,4
䲗,xián,xian,2
龐,páng,pang,2
屘,mǎn,man,3
棕,zōng,zong,1
䭳,wèi,wei,4
蠏,xiè,xie,4
潋,liàn,lian,4
话,huà,hua,4
䂚,yáo,yao,2
帖,tiē,tie,1
洃,hūi,hui,1
辸,réng,reng,2
滚,gǔn,gun,3
蹍,zhǎn,zhan,3
浿,pèi,pei,4
蛇,shé,she,2
嗑,kè,ke,4
㹠,tún,tun,2
蓣,yù,yu,4
紙,zhǐ,zhi,3
硬,yìng,ying,4
鲡,lí,li,2
濽,zàn,zan,4
杪,miǎo,miao,3
槍,qiāng,qiang,1
抿,mǐn,min,3
緼,yūn,yun,1
誣,wū,wu,1
謊,huǎng,huang,3
誒,è,e,4
崜,duō,duo,1
棈,qiàn,qian,4
騴,yàn,yan,4
枉,wǎng,wang,3
䁉,qì,qi,4
㮻,㮻,㮻,
邤,邤,邤,
杉,shān,shan,1
剂,jì,ji,4
渶,yīng,ying,1
簏,lù,lu,4
唙,dí,di,2
哫,zú,zu,2
㖊,㖊,㖊,
劖,chán,chan,2
塈,jì,ji,4
鮀,tuó,tuo,2
铕,yǒu,you,3
嵬,wéi,wei,2
惐,yù,yu,4
䧅,tì,ti,4
钨,wù,wu,4
榱,cūi,cui,1
䐜,䐜,䐜,
諉,wěi,wei,3
诲,hùi,hui,4
㰵,zú,zu,2
姗,shān,shan,1
葼,zōng,zong,1
絑,zhū,zhu,1
㯩,tì,ti,4
絻,miǎn,mian,3
緎,yù,yu,4
萄,táo,tao,2
踵,zhǒng,zhong,3
攢,zǎn,zan,3
怼,dùi,dui,4
䠖,䠖,䠖,
躻,躻,躻,
挀,bò,bo,4
醙,sōu,sou,1
琭,lù,lu,4
䬑,wèi,wei,4
戇,gàng,gang,4
饄,táng,tang,2
忠,zhōng,zhong,1
寵,chǒng,chong,3
邽,gūi,gui,1
啴,tān,tan,1
㴇,shè,she,4
軶,è,e,4
刹,chà,cha,4
胵,zhì,zhi,4
致,zhì,zhi,4
暊,fǔ,fu,3
蹋,tà,ta,4
䚖,líng,ling,2
黴,méi,mei,2
颇,pǒ,po,3
岭,líng,ling,2
猖,chāng,chang,1
䯈,wán,wan,2
睥,bì,bi,4
瞥,piē,pie,1
肽,tài,tai,4
衃,pēi,pei,1
獍,jìng,jing,4
㸁,hǎn,han,3
汣,汣,汣,
庴,jí,ji,2
柀,bǐ,bi,3
䜳,䜳,䜳,
熘,līu,liu,1
椬,椬,椬,
癘,lì,li,4
瀰,mí,mi,2
龈,kěn,ken,3
起,qǐ,qi,3
殭,jiāng,jiang,1
䟔,fù,fu,4
弙,wū,wu,1
鸀,shú,shu,2
侽,nán,nan,2
鑲,xiāng,xiang,1
搛,jiān,jian,1
越,yuè,yue,4
驭,yù,yu,4
䆥,䆥,䆥,
暙,chūn,chun,1
禵,tí,ti,2
钕,nv̌,nv,3
鋵,tū,tu,1
鎑,yè,ye,4
脮,něi,nei,3
澴,huán,huan,2
攦,lì,li,4
楠,nán,nan,2
覆,fù,fu,4
㷪,cùi,cui,4
䃃,䃃,䃃,
椀,wǎn,wan,3
萰,liàn,lian,4
晙,jùn,jun,4
撬,qiào,qiao,4
洞,dòng,dong,4
堋,péng,peng,2
䑆,yǎng,yang,3
搁,gē,ge,1
侕,ér,er,2
出,chū,chu,1
嶚,liáo,liao,2
篪,chí,chi,2
万,wàn,wan,4
疳,gān,gan,1
榹,sī,si,1
鍳,jiàn,jian,4
鏯,鏯,鏯,
鳾,shī,shi,1
村,cūn,cun,1
㾇,mù,mu,4
薘,dá,da,2
瞟,piǎo,piao,3
㒲,cái,cai,2
邵,shào,shao,4
滸,hǔ,hu,3
龼,龼,龼,
懱,miè,mie,4
垓,gāi,gai,1
緷,yùn,yun,4
陼,zhǔ,zhu,3
篏,qiàn,qian,4
喕,miǎn,mian,3
㩟,zhài,zhai,4
䗚,bó,bo,2
札,zhá,zha,2
鯔,zī,zi,1
䙴,䙴,䙴,
㙍,㙍,㙍,
㰀,lí,li,2
蠽,jié,jie,2
豍,bī,bi,1
镺,ǎo,ao,3
䖶,䖶,䖶,
竣,jùn,jun,4
杬,yuán,yuan,2
杈,chā,cha,1
槈,nòu,nou,4
黼,fǔ,fu,3
鍋,guō,guo,1
刀,dāo,dao,1
熑,lián,lian,2
覿,dí,di,2
靎,hè,he,4
饦,tuō,tuo,1
蔵,zāng,zang,1
闪,shǎn,shan,3
唏,xī,xi,1
姇,fū,fu,1
绹,táo,tao,2
㵝,yì,yi,4
孶,zī,zi,1
兪,yú,yu,2
胇,fèi,fei,4
秱,tóng,tong,2
烑,yáo,yao,2
舚,tān,tan,1
鄗,hào,hao,4
慙,cán,can,2
溹,sù,su,4
嚗,bó,bo,2
蟊,máo,mao,2
呅,méi,mei,2
駅,yì,yi,4
鐀,kùi,kui,4
郲,lái,lai,2
峔,mǔ,mu,3
昹,ǎi,ai,3
鉌,hé,he,2
盀,qǐ,qi,3
兘,shǐ,shi,3
苕,tiáo,tiao,2
儛,wǔ,wu,3
陠,pū,pu,1
缾,píng,ping,2
脑,nǎo,nao,3
挤,jǐ,ji,3
蘞,liàn,lian,4
鰇,róu,rou,2
醟,yòng,yong,4
雚,guàn,guan,4
樉,shuǎng,shuang,3
徒,tú,tu,2
絇,jù,ju,4
裨,bì,bi,4
䟿,lù,lu,4
裹,guǒ,guo,3
㼜,àng,ang,4
析,xī,xi,1
䍎,cùn,cun,4
検,jiǎn,jian,3
蛮,mán,man,2
䕝,䕝,䕝,
洬,shuò,shuo,4
㥁,dé,de,2
䆃,dǎo,dao,3
擤,xǐng,xing,3
溚,dá,da,2
赘,zhùi,zhui,4
沥,lì,li,4
糇,hóu,hou,2
䟒,quán,quan,2
嗨,hāi,hai,1
僙,guāng,guang,1
篚,fěi,fei,3
疊,dié,die,2
䁞,shěng,sheng,3
䑾,䑾,䑾,
炘,xīn,xin,1
饰,shì,shi,4
缶,fǒu,fou,3
求,qíu,qiu,2
䯞,䯞,䯞,
撍,zǎn,zan,3
睊,juàn,juan,4
鱍,bō,bo,1
㖛,㖛,㖛,
兦,wáng,wang,2
礖,yù,yu,4
䞝,ǎo,ao,3
對,dùi,dui,4
幻,huàn,huan,4
加,jiā,jia,1
抅,jū,ju,1
徉,yáng,yang,2
㚝,kúi,kui,2
稓,zuó,zuo,2
踁,jìng,jing,4
鐴,bì,bi,4
䡚,mào,mao,4
㺻,㺻,㺻,
槴,hù,hu,4
㳝,㳝,㳝,
徿,lòng,long,4
瘄,cù,cu,4
䚟,dǎi,dai,3
疱,pào,pao,4
䪢,䪢,䪢,
䙀,běng,beng,3
䯖,láng,lang,2
杳,yǎo,yao,3
洛,luò,luo,4
韉,jiān,jian,1
测,cè,ce,4
㒻,mào,mao,4
嵶,嵶,嵶,
忐,tǎn,tan,3
鎾,鎾,鎾,
崩,bēng,beng,1
烨,yè,ye,4
跾,shú,shu,2
懴,chàn,chan,4
䟹,liè,lie,4
嗫,niè,nie,4
尜,gá,ga,2
䧐,䧐,䧐,
涨,zhǎng,zhang,3
澯,càn,can,4
敢,gǎn,gan,3
㘍,jí,ji,2
焉,yān,yan,1
捯,dǎo,dao,3
舖,pù,pu,4
莃,xī,xi,1
䱑,xué,xue,2
營,yíng,ying,2
胉,bó,bo,2
㠻,㠻,㠻,
妦,fēng,feng,1
掳,lǔ,lu,3
藛,xiě,xie,3
煵,xiā,xia,1
䒉,wǔ,wu,3
沓,tà,ta,4
穴,xué,xue,2
狎,xiá,xia,2
汾,fén,fen,2
㑭,㑭,㑭,
鋂,méi,mei,2
佁,ǎi,ai,3
均,jūn,jun,1
㔙,bǎng,bang,3
鈼,zuó,zuo,2
䇕,䇕,䇕,
腨,chuǎn,chuan,3
㨟,hái,hai,2
櫂,zhào,zhao,4
鍬,qiāo,qiao,1
続,続,続,
韎,mèi,mei,4
狁,yǔn,yun,3
鋸,jù,ju,4
歶,yú,yu,2
軇,dào,dao,4
殢,tì,ti,4
眽,mò,mo,4
䗷,yì,yi,4
侺,shèn,shen,4
葞,mǐ,mi,3
䩧,xiè,xie,4
僢,chuǎn,chuan,3
猝,cù,cu,4
鳈,quán,quan,2
榛,zhēn,zhen,1
掵,掵,掵,
薓,shēn,shen,1
梂,qíu,qiu,2
鞩,xiào,xiao,4
彧,yù,yu,4
觭,jī,ji,1
㤸,xì,xi,4
䶀,tà,ta,4
䇷,bǐ,bi,3
戜,dié,die,2
俑,yǒng,yong,3
膧,tóng,tong,2
躐,liè,lie,4
礊,huò,huo,4
䦅,shàn,shan,4
䜖,tàn,tan,4
㒴,gǔ,gu,3
蓒,xiān,xian,1
䰗,䰗,䰗,
羵,fěn,fen,3
簬,lù,lu,4
䩜,zhòu,zhou,4
騶,zōu,zou,1
畘,nán,nan,2
逎,qíu,qiu,2
蠘,jié,jie,2
傂,zhì,zhi,4
隃,yú,yu,2
飶,bì,bi,4
帜,zhì,zhi,4
端,duān,duan,1
鯌,gào,gao,4
䶈,bó,bo,2
㝰,mián,mian,2
菟,tù,tu,4
奝,diāo,diao,1
曢,曢,曢,
狦,shān,shan,1
䉣,xiè,xie,4
黾,mǐn,min,3
䑡,䑡,䑡,
哷,lè,le,4
鑁,zōng,zong,1
牀,chuáng,chuang,2
執,zhí,zhi,2
䧀,䧀,䧀,
鱂,jiāng,jiang,1
院,yuàn,yuan,4
绍,shào,shao,4
儶,hùi,hui,4
松,sōng,song,1
兰,lán,lan,2
䲓,yǎn,yan,3
貂,diāo,diao,1
穗,sùi,sui,4
裡,lǐ,li,3
氉,sào,sao,4
龖,tà,ta,4
㴈,yìn,yin,4
㕚,zhǎo,zhao,3
䶏,tǐ,ti,3
洝,àn,an,4
窭,jù,ju,4
譧,lián,lian,2
雊,gòu,gou,4
憃,chōng,chong,1
綅,qīn,qin,1
竑,hóng,hong,2
㸟,㸟,㸟,
瓂,gài,gai,4
䗀,䗀,䗀,
跫,qióng,qiong,2
㷟,tùi,tui,4
輇,quán,quan,2
探,tàn,tan,4
垰,垰,垰,
漄,yá,ya,2
㶯,lìu,liu,4
贿,hùi,hui,4
曺,cáo,cao,2
捈,tú,tu,2
愽,bó,bo,2
詒,yí,yi,2
薗,yuán,yuan,2
樗,chū,chu,1
䵦,xiè,xie,4
鋦,jū,ju,1
䉒,fán,fan,2
洧,wěi,wei,3
蛐,qū,qu,1
郣,bó,bo,2
庸,yōng,yong,1
峭,qiào,qiao,4
荟,hùi,hui,4
䖉,䖉,䖉,
㺜,bǎn,ban,3
鲙,kuài,kuai,4
䚎,䚎,䚎,
脺,cùi,cui,4
漩,xuán,xuan,2
吚,yī,yi,1
軑,dì,di,4
陫,péi,pei,2
襵,zhé,zhe,2
钍,tǔ,tu,3
謋,huò,huo,4
囔,nāng,nang,1
銇,lèi,lei,4
㰋,pín,pin,2
没,méi,mei,2
䏾,䏾,䏾,
䠘,pì,pi,4
琽,dǔ,du,3
埼,qí,qi,2
䚰,pǐ,pi,3
嶢,yáo,yao,2
櫵,櫵,櫵,
繪,hùi,hui,4
䨘,xiàn,xian,4
釅,yàn,yan,4
塢,wù,wu,4
鬣,liè,lie,4
囵,lún,lun,2
媲,pì,pi,4
旆,pèi,pei,4
襩,shǔ,shu,3
䛍,fèi,fei,4
㿰,áo,ao,2
濺,jiàn,jian,4
齎,jī,ji,1
䭤,qiǎn,qian,3
蚆,pā,pa,1
蠉,xuān,xuan,1
癷,癷,癷,
缽,bō,bo,1
䉸,biàn,bian,4
㩉,xié,xie,2
䚁,䚁,䚁,
馿,lv́,lv,2
㵖,nv̀,nv,4
罄,qìng,qing,4
豎,shù,shu,4
耵,tīng,ting,1
約,yuē,yue,1
钟,zhōng,zhong,1
濨,cí,ci,2
崨,jié,jie,2
滕,téng,teng,2
峕,shí,shi,2
幵,qiān,qian,1
动,dòng,dong,4
䡠,䡠,䡠,
纄,péng,peng,2
蠑,róng,rong,2
賝,chēn,chen,1
䉢,sè,se,4
鴱,ài,ai,4
䄴,䄴,䄴,
萁,qí,qi,2
纒,chán,chan,2
坰,jiōng,jiong,1
䏺,䏺,䏺,
鴟,chī,chi,1
䴷,hún,hun,2
醒,xǐng,xing,3
愘,kè,ke,4
㘵,bù,bu,4
亲,qīn,qin,1
鱌,xiàng,xiang,4
燣,lán,lan,2
㜧,yuè,yue,4
咰,shuài,shuai,4
苋,xiàn,xian,4
釹,nv̌,nv,3
饊,sǎn,san,3
閾,yù,yu,4
䚄,lù,lu,4
奎,kúi,kui,2
㖔,tǔn,tun,3
玵,án,an,2
援,yuán,yuan,2
笫,zǐ,zi,3
让,ràng,rang,4
阔,kuò,kuo,4
靝,tiān,tian,1
齯,ní,ni,2
縚,tāo,tao,1
框,kuàng,kuang,4
堮,è,e,4
獳,nòu,nou,4
獻,xiàn,xian,4
穊,jì,ji,4
傶,còu,cou,4
夬,guài,guai,4
茻,mǎng,mang,3
驍,xiāo,xiao,1
㘒,㘒,㘒,
倇,wǎn,wan,3
挗,jué,jue,2
孹,bò,bo,4
潌,zhì,zhi,4
眱,yí,yi,2
摌,chǎn,chan,3
笐,gāng,gang,1
䱯,mú,mu,2
藚,xù,xu,4
㠬,㠬,㠬,
㺇,㺇,㺇,
惬,qiè,qie,4
悾,kōng,kong,1
㿚,luò,luo,4
槒,xù,xu,4
麳,lái,lai,2
骧,xiāng,xiang,1
幓,shān,shan,1
鐑,jié,jie,2
㜓,dá,da,2
㦏,sǔn,sun,3
虑,lv̀,lv,4
躋,jī,ji,1
匨,zāng,zang,1
廲,lí,li,2
爟,guàn,guan,4
㴝,lí,li,2
䟚,qí,qi,2
矬,cuó,cuo,2
鱁,zhú,zhu,2
萑,huán,huan,2
錉,mín,min,2
唓,chē,che,1
懺,chàn,chan,4
錵,huā,hua,1
稘,jī,ji,1
徐,xú,xu,2
琞,shèng,sheng,4
翥,zhù,zhu,4
衿,jīn,jin,1
挵,lòng,long,4
㑌,wāng,wang,1
㝠,míng,ming,2
铠,kǎi,kai,3
吂,máng,mang,2
焄,xūn,xun,1
鄂,è,e,4
䫀,gěn,gen,3
鉙,zhǎi,zhai,3
唍,huǎn,huan,3
䶎,shà,sha,4
锭,dìng,ding,4
㕾,㕾,㕾,
畝,mǔ,mu,3
枀,sōng,song,1
䁳,mǎng,mang,3
葮,duàn,duan,4
濃,nóng,nong,2
毘,pí,pi,2
臔,xiàn,xian,4
䀶,lǎng,lang,3
䪙,fú,fu,2
虄,虄,虄,
糎,lí,li,2
擐,huàn,huan,4
蝷,lì,li,4
商,shāng,shang,1
劘,mó,mo,2
脵,gǔ,gu,3
舓,shì,shi,4
霰,xiàn,xian,4
䖙,䖙,䖙,
㯫,qú,qu,2
斫,zhuó,zhuo,2
棼,fén,fen,2
腉,jiē,jie,1
騯,páng,pang,2
䀻,pìn,pin,4
鼀,cù,cu,4
伣,xiàn,xian,4
唣,zào,zao,4
刊,kān,kan,1
女,nv̌,nv,3
㿕,yán,yan,2
緭,wèi,wei,4
螤,yǔ,yu,3
䋧,qú,qu,2
㼽,shuǎng,shuang,3
禎,zhēn,zhen,1
㦎,huà,hua,4
䦕,䦕,䦕,
帎,dàn,dan,4
㮁,yáo,yao,2
㥉,chè,che,4
舤,舤,舤,
熁,xié,xie,2
㮦,sè,se,4
鵄,zhī,zhi,1
程,chéng,cheng,2
瞝,chī,chi,1
苇,wěi,wei,3
瀼,ráng,rang,2
鱕,fān,fan,1
辍,chuò,chuo,4
鷖,yī,yi,1
炪,zhuó,zhuo,2
夰,gǎo,gao,3
鋳,zhù,zhu,4
昱,yù,yu,4
刖,yuè,yue,4
芯,xīn,xin,1
轔,lín,lin,2
䇳,䇳,䇳,
鍡,wěi,wei,3
茶,chá,cha,2
踎,踎,踎,
洶,xiōng,xiong,1
彄,kōu,kou,1
䘫,nòu,nou,4
㓪,lǎng,lang,3
誟,xiào,xiao,4
䄸,pò,po,4
托,tuō,tuo,1
荵,rěn,ren,3
脩,xīu,xiu,1
轠,lěi,lei,3
菭,tái,tai,2
尧,yáo,yao,2
筨,hán,han,2
蹵,zú,zu,2
馸,xìn,xin,4
湲,yuán,yuan,2
褞,yǔn,yun,3
饳,duò,duo,4
嘿,hēi,hei,1
览,lǎn,lan,3
鼲,hún,hun,2
隨,súi,sui,2
鯾,biān,bian,1
狟,huán,huan,2
珧,yáo,yao,2
卤,lǔ,lu,3
億,yì,yi,4
熵,shāng,shang,1
肆,sì,si,4
胛,jiǎ,jia,3
晽,lín,lin,2
脖,bó,bo,2
莫,mò,mo,4
㠡,niǎo,niao,3
㮌,mián,mian,2
閐,sàn,san,4
㫟,yán,yan,2
掲,jiē,jie,1
结,jié,jie,2
觲,xīng,xing,1
蓹,yǔ,yu,3
憠,jué,jue,2
攻,gōng,gong,1
僞,wěi,wei,3
砶,pò,po,4
禯,nóng,nong,2
嶤,yáo,yao,2
抣,抣,抣,
烗,kài,kai,4
亙,gèn,gen,4
蘱,lèi,lei,4
氊,zhān,zhan,1
捦,qín,qin,2
㖮,lún,lun,2
岇,áng,ang,2
聎,tiāo,tiao,1
斿,yóu,you,2
榞,yuán,yuan,2
㣾,chà,cha,4
裘,qíu,qiu,2
膰,fán,fan,2
飯,fàn,fan,4
㤯,jiǒng,jiong,3
炇,pò,po,4
灠,lǎn,lan,3
瞮,chè,che,4
㧾,㧾,㧾,
仏,fó,fo,2
谔,è,e,4
䢟,yóu,you,2
㼎,bèi,bei,4
漺,chuǎng,chuang,3
衦,gǎn,gan,3
叺,chǐ,chi,3
憕,chéng,cheng,2
祬,zhī,zhi,1
杴,xiān,xian,1
芒,máng,mang,2
朅,qiè,qie,4
轞,xiàn,xian,4
茵,yīn,yin,1
觔,jīn,jin,1
捒,sǒng,song,3
渠,qú,qu,2
㢯,mín,min,2
㺽,㺽,㺽,
㿬,㿬,㿬,
䫌,pǐ,pi,3
橅,mó,mo,2
琄,quǎn,quan,3
丽,lì,li,4
煓,tuān,tuan,1
漦,lí,li,2
穆,mù,mu,4
懳,懳,懳,
垼,yì,yi,4
鰀,huàn,huan,4
菨,jiē,jie,1
杜,dù,du,4
谺,xiā,xia,1
䝌,jué,jue,2
迪,dí,di,2
溣,lún,lun,2
譶,tà,ta,4
卮,zhī,zhi,1
啯,guo,guo,5
鉰,sī,si,1
侂,tuō,tuo,1
戌,xū,xu,1
㝉,zhù,zhu,4
璢,líu,liu,2
㝛,sù,su,4
詣,yì,yi,4
樒,mì,mi,4
眼,yǎn,yan,3
彿,fú,fu,2
㠴,rèn,ren,4
俺,ǎn,an,3
殎,qià,qia,4
秧,yāng,yang,1
矀,wéi,wei,2
呗,bài,bai,4
颂,sòng,song,4
屬,shǔ,shu,3
㤇,ǎo,ao,3
遒,qíu,qiu,2
鈎,gōu,gou,1
鐏,zūn,zun,1
姵,pèi,pei,4
虋,mén,men,2
篭,lóng,long,2
饓,chēng,cheng,1
㴀,fàn,fan,4
泆,yī,yi,1
梹,bīng,bing,1
潨,zhōng,zhong,1
靴,xuē,xue,1
請,qǐng,qing,3
诬,wú,wu,2
侞,rǔ,ru,3
萶,chǔn,chun,3
㶬,méi,mei,2
玀,luó,luo,2
墖,tǎ,ta,3
㡓,㡓,㡓,
洁,jié,jie,2
䕽,zhú,zhu,2
諭,yù,yu,4
欠,qiàn,qian,4
礨,lěi,lei,3
梺,梺,梺,
㾏,jiè,jie,4
橆,wǔ,wu,3
鋞,xíng,xing,2
浜,bāng,bang,1
踂,niè,nie,4
摆,bǎi,bai,3
瓸,瓸,瓸,
觽,xī,xi,1
䑴,qí,qi,2
鞐,鞐,鞐,
疗,liáo,liao,2
帾,dǔ,du,3
蒍,wéi,wei,2
楫,jí,ji,2
鹑,chún,chun,2
㤨,gǒng,gong,3
慦,jìu,jiu,4
泘,hū,hu,1
槹,gāo,gao,1
縢,téng,teng,2
㸉,xiè,xie,4
邛,qióng,qiong,2
夿,pā,pa,1
琺,fà,fa,4
诺,nuò,nuo,4
调,diào,diao,4
樁,zhuāng,zhuang,1
乎,hū,hu,1
鹜,mù,mu,4
麍,líu,liu,2
廉,lián,lian,2
䣉,䣉,䣉,
帒,dài,dai,4
碼,mǎ,ma,3
岲,kuàng,kuang,4
午,wǔ,wu,3
鏽,xìu,xiu,4
垝,gǔi,gui,3
坖,jì,ji,4
橼,yuán,yuan,2
䎚,guàn,guan,4
鯝,gù,gu,4
䊥,xiào,xiao,4
凭,píng,ping,2
桦,huà,hua,4
暮,mù,mu,4
萺,mào,mao,4
䚃,yóu,you,2
寠,jù,ju,4
蟖,sī,si,1
疵,cī,ci,1
皩,huàng,huang,4
巾,jīn,jin,1
䭬,qǐ,qi,3
畸,jī,ji,1
寫,xiě,xie,3
㟄,xiáng,xiang,2
㫡,㫡,㫡,
钷,pō,po,1
傩,nuó,nuo,2
夡,qì,qi,4
髀,bì,bi,4
䧺,xióng,xiong,2
鲬,yǒng,yong,3
鬥,dòu,dou,4
髟,biāo,biao,1
哙,kuài,kuai,4
咓,wǎ,wa,3
旃,zhān,zhan,1
蓪,tōng,tong,1
赽,jué,jue,2
蔪,jiàn,jian,4
縯,yǐn,yin,3
孻,lái,lai,2
稀,xī,xi,1
遁,dùn,dun,4
㖎,㖎,㖎,
挞,tà,ta,4
敯,mín,min,2
帞,mò,mo,4
皙,xī,xi,1
秭,zǐ,zi,3
联,lián,lian,2
鄁,bèi,bei,4
黲,cǎn,can,3
酽,yàn,yan,4
㟉,láo,lao,2
傑,jié,jie,2
刾,cì,ci,4
溗,shéng,sheng,2
倾,qīng,qing,1
悼,dào,dao,4
鰹,jiān,jian,1
䎳,wà,wa,4
姓,xìng,xing,4
劮,yì,yi,4
蛣,jié,jie,2
陔,gāi,gai,1
鎐,zú,zu,2
釆,biàn,bian,4
㝶,ài,ai,4
懭,kuàng,kuang,4
陗,qiào,qiao,4
騜,huáng,huang,2
麞,zhāng,zhang,1
犫,chōu,chou,1
靡,mǐ,mi,3
树,shù,shu,4
㥱,fěi,fei,3
㐧,㐧,㐧,
喼,jié,jie,2
驢,lv́,lv,2
驏,chǎn,chan,3
睤,bì,bi,4
燌,fén,fen,2
遨,áo,ao,2
詸,mí,mi,2
鴛,yuān,yuan,1
堚,hún,hun,2
䋉,jué,jue,2
岦,lì,li,4
叴,qíu,qiu,2
䓈,yì,yi,4
蕅,ǒu,ou,3
鯆,fǔ,fu,3
酐,hàng,hang,4
鶱,xuān,xuan,1
遳,cuō,cuo,1
灵,líng,ling,2
㕣,yǎn,yan,3
窎,diào,diao,4
硵,lǔ,lu,3
䎧,bàng,bang,4
閲,yuè,yue,4
㤈,qìn,qin,4
狯,huá,hua,2
翀,chōng,chong,1
䖢,miáo,miao,2
饉,jǐn,jin,3
䘢,zhǔ,zhu,3
瞜,lōu,lou,1
鐩,sùi,sui,4
㸫,qián,qian,2
申,shēn,shen,1
饫,yù,yu,4
䭓,èn,en,4
麝,shè,she,4
鹉,wǔ,wu,3
脈,mài,mai,4
缙,jìn,jin,4
馽,zhí,zhi,2
駤,zhì,zhi,4
瘏,tú,tu,2
㥙,㥙,㥙,
語,yǔ,yu,3
阍,hūn,hun,1
挳,kēng,keng,1
徕,lái,lai,2
鯽,jì,ji,4
彘,zhì,zhi,4
啃,kěn,ken,3
荠,qí,qi,2
㓛,㓛,㓛,
㷡,jiǒng,jiong,3
䖔,hàn,han,4
襘,gùi,gui,4
渙,huàn,huan,4
蕳,jiān,jian,1
騛,fēi,fei,1
奾,xiān,xian,1
蠞,jié,jie,2
㶾,㶾,㶾,
澒,hòng,hong,4
梜,jiá,jia,2
熨,yùn,yun,4
䑁,wù,wu,4
垐,cí,ci,2
鈫,鈫,鈫,
蜸,qiǎn,qian,3
绛,jiàng,jiang,4
㦠,㦠,㦠,
熧,zōng,zong,1
圩,wéi,wei,2
堆,dūi,dui,1
铐,kào,kao,4
閧,hòng,hong,4
驵,zǎng,zang,3
㥩,duǒ,duo,3
瀻,dài,dai,4
䐮,chǎn,chan,3
萧,xiāo,xiao,1
䎦,yǎn,yan,3
鬩,xì,xi,4
䦘,bì,bi,4
䖌,qín,qin,2
掌,zhǎng,zhang,3
搪,táng,tang,2
劃,huà,hua,4
驞,bīn,bin,1
䉚,méng,meng,2
譤,jī,ji,1
橑,lǎo,lao,3
坅,qǐn,qin,3
纻,zhù,zhu,4
驚,jīng,jing,1
揜,yǎn,yan,3
䱺,hái,hai,2
嘍,lou,lou,5
䣡,tí,ti,2
杄,qiān,qian,1
以,yǐ,yi,3
繶,yì,yi,4
粸,qí,qi,2
羺,nóu,nou,2
㖝,㖝,㖝,
导,dǎo,dao,3
䛳,jiǎn,jian,3
汓,qíu,qiu,2
逺,yuǎn,yuan,3
㓀,㓀,㓀,
坞,wù,wu,4
訷,shēn,shen,1
䥘,cù,cu,4
慅,sāo,sao,1
荈,chuǎn,chuan,3
蟃,wàn,wan,4
㰂,shěn,shen,3
唟,唟,唟,
頦,hái,hai,2
鑟,dú,du,2
孾,yīng,ying,1
饿,è,e,4
䮷,dú,du,2
眂,shì,shi,4
罷,bà,ba,4
覰,qù,qu,4
髷,qū,qu,1
鞥,yì,yi,4
襝,liàn,lian,4
集,jí,ji,2
㲳,dié,die,2
螆,cì,ci,4
㔒,xí,xi,2
䝞,hào,hao,4
腜,méi,mei,2
坶,mù,mu,4
崘,lún,lun,2
瑉,mín,min,2
篋,qiè,qie,4
雞,jī,ji,1
僫,è,e,4
葩,pā,pa,1
冲,chōng,chong,1
婑,wǒ,wo,3
㤳,běi,bei,3
峤,jiào,jiao,4
守,shǒu,shou,3
慕,mù,mu,4
彀,gòu,gou,4
谓,wèi,wei,4
旘,zhì,zhi,4
㨜,qián,qian,2
驁,ào,ao,4
鳯,fèng,feng,4
盬,gǔ,gu,3
啙,zǐ,zi,3
褰,qiān,qian,1
鞆,鞆,鞆,
襡,shú,shu,2
㑹,hùi,hui,4
㢺,xián,xian,2
芾,fèi,fei,4
㪔,sàn,san,4
㗡,㗡,㗡,
䚉,qì,qi,4
旗,qí,qi,2
㜐,shù,shu,4
竤,hóng,hong,2
弾,dàn,dan,4
锶,sōng,song,1
响,xiǎng,xiang,3
莆,fǔ,fu,3
䝶,liáng,liang,2
㢒,chá,cha,2
焹,焹,焹,
祒,tiáo,tiao,2
朏,fěi,fei,3
䅡,xǔ,xu,3
䲋,cén,cen,2
催,cūi,cui,1
塛,lì,li,4
踘,jú,ju,2
尾,wěi,wei,3
绤,xì,xi,4
囘,húi,hui,2
縱,zòng,zong,4
洅,zǔi,zui,3
欖,lǎn,lan,3
彽,chí,chi,2
鋢,lvè,lve,4
烡,guāng,guang,1
䑳,lún,lun,2
伕,fū,fu,1
蝟,wèi,wei,4
橭,gū,gu,1
譑,jiǎo,jiao,3
堨,è,e,4
詆,dǐ,di,3
㭾,jué,jue,2
㙦,㙦,㙦,
䍁,sùi,sui,4
㫵,㫵,㫵,
昫,xǔ,xu,3
錩,chāng,chang,1
仑,lún,lun,2
䟷,chì,chi,4
鄙,bǐ,bi,3
撜,zhěng,zheng,3
仢,dí,di,2
箔,bó,bo,2
迳,jìng,jing,4
吆,yāo,yao,1
鋫,lí,li,2
濟,jì,ji,4
㦘,㦘,㦘,
胻,xíng,xing,2
鲒,jié,jie,2
凸,tū,tu,1
彴,zhuó,zhuo,2
㒥,㒥,㒥,
擃,kuǒ,kuo,3
祕,mì,mi,4
殁,mò,mo,4
匩,kuāng,kuang,1
穅,kāng,kang,1
済,jì,ji,4
㓣,qià,qia,4
㐤,qíu,qiu,2
鴸,zhū,zhu,1
褢,huái,huai,2
狰,zhēng,zheng,1
瞞,mán,man,2
襟,jīn,jin,1
㟜,mí,mi,2
池,chí,chi,2
莂,bié,bie,2
獋,háo,hao,2
誌,zhì,zhi,4
䐣,cuò,cuo,4
擬,nǐ,ni,3
缁,zī,zi,1
豁,huō,huo,1
盶,ruǎn,ruan,3
䮓,zhào,zhao,4
盌,wǎn,wan,3
寭,hùi,hui,4
喜,xǐ,xi,3
閇,bì,bi,4
䚘,chén,chen,2
孲,yā,ya,1
淩,líng,ling,2
鿪,鿪,鿪,
㒄,nàng,nang,4
䢱,dú,du,2
㥏,tiǎn,tian,3
夂,zhǐ,zhi,3
扱,xī,xi,1
䨅,liáo,liao,2
䌻,yì,yi,4
闈,wéi,wei,2
鋛,gǒng,gong,3
嗕,rù,ru,4
㡍,㡍,㡍,
圫,yù,yu,4
曨,lóng,long,2
便,biàn,bian,4
鳶,yuān,yuan,1
鍷,kūi,kui,1
贸,mào,mao,4
綢,chóu,chou,2
鞋,xié,xie,2
謦,qìng,qing,4
䃉,mín,min,2
㪸,㪸,㪸,
縠,hú,hu,2
龳,龳,龳,
豣,jiān,jian,1
㔮,nuó,nuo,2
䞈,gǔi,gui,3
礃,zhǎng,zhang,3
瑍,huàn,huan,4
䙅,yào,yao,4
鶽,zhǔn,zhun,3
杊,xún,xun,2
襓,ráo,rao,2
葳,wēi,wei,1
昌,chāng,chang,1
䉛,yù,yu,4
鞦,qīu,qiu,1
芏,tǔ,tu,3
妱,zhāo,zhao,1
鏪,cáo,cao,2
㳅,jiǎo,jiao,3
鑘,léi,lei,2
旜,zhān,zhan,1
疷,qí,qi,2
烙,luò,luo,4
姾,quān,quan,1
圆,yuán,yuan,2
璝,gūi,gui,1
㔰,héng,heng,2
㷿,㷿,㷿,
獽,ráng,rang,2
靈,líng,ling,2
縧,tāo,tao,1
㝽,chúi,chui,2
亽,亽,亽,
魁,kúi,kui,2
斊,qí,qi,2
㝵,dé,de,2
諱,hùi,hui,4
淞,sōng,song,1
䒬,mò,mo,4
鈲,gū,gu,1
紭,hóng,hong,2
䁆,ǎn,an,3
惣,zǒng,zong,3
烹,pēng,peng,1
廣,guǎng,guang,3
鷝,bì,bi,4
镁,měi,mei,3
䖾,䖾,䖾,
竛,líng,ling,2
彏,jué,jue,2
滠,shè,she,4
甗,yǎn,yan,3
奶,nǎi,nai,3
慽,qī,qi,1
騊,táo,tao,2
腏,chuò,chuo,4
咁,咁,咁,
㩻,gǔi,gui,3
㰽,mǐ,mi,3
列,liè,lie,4
湬,jiǎo,jiao,3
㪍,bó,bo,2
衛,wèi,wei,4
䗙,hán,han,2
隼,zhǔn,zhun,3
搝,qǐu,qiu,3
娘,niáng,niang,2
踡,quán,quan,2
㡞,lěi,lei,3
簻,kē,ke,1
意,yì,yi,4
絷,zhí,zhi,2
睸,mèi,mei,4
灚,jiǎo,jiao,3
䓏,䓏,䓏,
诜,shēn,shen,1
藯,wèi,wei,4
嚾,huān,huan,1
㜡,㜡,㜡,
灅,lěi,lei,3
鱥,gùi,gui,4
䳮,mò,mo,4
牏,tóu,tou,2
宑,jǐng,jing,3
䜞,jì,ji,4
焔,yàn,yan,4
滯,zhì,zhi,4
顆,kē,ke,1
祲,jīn,jin,1
惋,wǎn,wan,3
堉,yù,yu,4
鎁,yé,ye,2
鏨,zàn,zan,4
䏠,qì,qi,4
凟,dú,du,2
紌,qíu,qiu,2
睉,cuō,cuo,1
豊,lǐ,li,3
薐,léng,leng,2
傇,rǒng,rong,3
棰,chúi,chui,2
孆,yīng,ying,1
劎,jiàn,jian,4
熏,xūn,xun,1
獺,tǎ,ta,3
䋄,wǎng,wang,3
雲,yún,yun,2
櫍,zhì,zhi,4
䫳,dú,du,2
砐,è,e,4
䐹,sào,sao,4
鍺,zhě,zhe,3
毱,jú,ju,2
䛕,yù,yu,4
䎞,䎞,䎞,
睖,líng,ling,2
漜,yě,ye,3
㭘,hé,he,2
面,miàn,mian,4
衾,qīn,qin,1
愒,kài,kai,4
註,zhù,zhu,4
匪,fěi,fei,3
䥦,䥦,䥦,
態,tài,tai,4
霑,zhān,zhan,1
勐,měng,meng,3
茌,chí,chi,2
獒,áo,ao,2
盷,tián,tian,2
呚,呚,呚,
轤,lú,lu,2
寻,xún,xun,2
坺,bá,ba,2
䢕,xù,xu,4
灳,灳,灳,
摸,mō,mo,1
壦,xūn,xun,1
㞸,sùi,sui,4
艁,zào,zao,4
叵,pǒ,po,3
柘,zhè,zhe,4
巌,yán,yan,2
貚,tán,tan,2
盠,lǐ,li,3
匹,pǐ,pi,3
㴌,㴌,㴌,
偠,yǎo,yao,3
纺,fǎng,fang,3
䣕,mǎ,ma,3
詛,zǔ,zu,3
㽜,wǎn,wan,3
䃛,lián,lian,2
囑,zhǔ,zhu,3
㭟,gǒng,gong,3
鸊,pì,pi,4
雱,páng,pang,2
㱮,kuài,kuai,4
腮,sāi,sai,1
㒺,㒺,㒺,
皯,gǎn,gan,3
㩸,dié,die,2
譔,zhuàn,zhuan,4
䑩,䑩,䑩,
㪩,sù,su,4
敁,diān,dian,1
豮,fén,fen,2
籬,lí,li,2
癓,wéi,wei,2
氄,rǒng,rong,3
纨,wán,wan,2
鶣,piān,pian,1
㟗,㟗,㟗,
荬,mǎi,mai,3
弈,yì,yi,4
锵,qiāng,qiang,1
弶,jiàng,jiang,4
鱞,guān,guan,1
冈,gāng,gang,1
躶,luǒ,luo,3
豉,chǐ,chi,3
骢,cōng,cong,1
㾸,gǎo,gao,3
撾,zhuā,zhua,1
䪊,lóng,long,2
雥,zá,za,2
焞,tūn,tun,1
㱇,sè,se,4
留,líu,liu,2
潊,xù,xu,4
盏,zhǎn,zhan,3
罩,zhào,zhao,4
罪,zùi,zui,4
原,yuán,yuan,2
嘧,mì,mi,4
渱,hóng,hong,2
骜,áo,ao,2
薵,chóu,chou,2
觯,zhì,zhi,4
砀,dàng,dang,4
䨬,lián,lian,2
䗠,xuán,xuan,2
遇,yù,yu,4
繿,lán,lan,2
锈,xìu,xiu,4
宆,qióng,qiong,2
瀈,hūi,hui,1
邖,shān,shan,1
㛈,㛈,㛈,
璟,jǐng,jing,3
䱞,líu,liu,2
帕,pà,pa,4
鰍,qīu,qiu,1
筄,yào,yao,4
光,guāng,guang,1
天,tiān,tian,1
剀,kǎi,kai,3
璒,dēng,deng,1
馶,zhī,zhi,1
䏤,sì,si,4
矂,sào,sao,4
宮,gōng,gong,1
㜗,cǎn,can,3
疒,chuáng,chuang,2
肏,cào,cao,4
骫,wěi,wei,3
趴,pā,pa,1
覷,qù,qu,4
䥗,kuǎn,kuan,3
髪,fà,fa,4
鍄,liàng,liang,4
㠐,jiào,jiao,4
㾼,tǔi,tui,3
丰,fēng,feng,1
黐,chī,chi,1
岔,chà,cha,4
賫,jī,ji,1
鯋,shā,sha,1
㱹,lì,li,4
嵴,jí,ji,2
渁,yuān,yuan,1
鉢,bō,bo,1
䏯,zhì,zhi,4
溞,sāo,sao,1
晍,tóng,tong,2
絴,xiáng,xiang,2
腿,tǔi,tui,3
㜲,wěng,weng,3
钹,bá,ba,2
珩,héng,heng,2
乀,fú,fu,2
㬕,yáng,yang,2
鴂,juè,jue,4
䖫,bàng,bang,4
㐖,yè,ye,4
廚,chú,chu,2
㶐,㶐,㶐,
苬,qíu,qiu,2
诋,dǐ,di,3
䁰,jiǎng,jiang,3
濓,lián,lian,2
瀏,líu,liu,2
篁,huáng,huang,2
窝,wō,wo,1
霕,tún,tun,2
泎,zhuó,zhuo,2
嵕,zōng,zong,1
琍,lì,li,4
疺,fá,fa,2
章,zhāng,zhang,1
唈,yì,yi,4
諈,zhùi,zhui,4
漕,cáo,cao,2
剦,yān,yan,1
囸,rì,ri,4
佅,mài,mai,4
釃,xǐ,xi,3
応,yīng,ying,1
鞎,hén,hen,2
掼,guàn,guan,4
们,men,men,5
呐,nè,ne,4
黍,shǔ,shu,3
㾰,hú,hu,2
陇,lǒng,long,3
㸑,cuàn,cuan,4
豋,dēng,deng,1
酙,zhēn,zhen,1
峇,kē,ke,1
䩙,xuàn,xuan,4
铙,náo,nao,2
㼨,hán,han,2
珿,chuò,chuo,4
些,xiē,xie,1
粐,粐,粐,
屔,ní,ni,2
沩,wéi,wei,2
㿀,㿀,㿀,
袉,tuó,tuo,2
䶗,kè,ke,4
溟,míng,ming,2
唶,jiè,jie,4
棱,léng,leng,2
鋕,zhì,zhi,4
閮,tíng,ting,2
㰪,wá,wa,2
䌖,jié,jie,2
䑔,fèi,fei,4
殓,liàn,lian,4
膦,liǎn,lian,3
闰,rùn,run,4
嗚,wū,wu,1
梮,jú,ju,2
矔,guàn,guan,4
㷲,㷲,㷲,
旇,pī,pi,1
貘,mò,mo,4
魬,fǎn,fan,3
䝥,háo,hao,2
蟰,xiāo,xiao,1
殉,xùn,xun,4
腊,là,la,4
婘,quán,quan,2
䥸,mí,mi,2
扤,wù,wu,4
杣,杣,杣,
偟,huáng,huang,2
䘯,䘯,䘯,
䣭,tài,tai,4
㑺,jùn,jun,4
㝧,wěn,wen,3
屽,hàn,han,4
䦸,䦸,䦸,
堻,zhēn,zhen,1
窫,yà,ya,4
伈,xǐn,xin,3
㹶,tíng,ting,2
徳,dé,de,2
腎,shèn,shen,4
蚈,qiān,qian,1
漫,màn,man,4
騲,cǎo,cao,3
㬤,㬤,㬤,
钂,tǎng,tang,3
茲,zī,zi,1
檵,jì,ji,4
硚,qiáo,qiao,2
䕎,fú,fu,2
頨,piān,pian,1
肢,zhī,zhi,1
嶑,xiǎng,xiang,3
䣠,jié,jie,2
㡱,jǐu,jiu,3
幧,qiāo,qiao,1
挆,duǒ,duo,3
釕,liǎo,liao,3
偢,chǒu,chou,3
㺐,zhǎo,zhao,3
驅,qū,qu,1
閃,shǎn,shan,3
詧,chá,cha,2
黙,mò,mo,4
䧭,䧭,䧭,
屄,bī,bi,1
揖,yī,yi,1
双,shuāng,shuang,1
聗,liè,lie,4
霆,tíng,ting,2
墭,shèng,sheng,4
丞,chéng,cheng,2
崯,yín,yin,2
峷,shēn,shen,1
勑,lài,lai,4
琱,diāo,diao,1
蒏,蒏,蒏,
鰸,qū,qu,1
䩘,dì,di,4
谉,shěn,shen,3
豼,pí,pi,2
巣,cháo,chao,2
灀,shuàng,shuang,4
䙳,è,e,4
绺,lǐu,liu,3
慡,shuǎng,shuang,3
镜,jìng,jing,4
詟,zhé,zhe,2
䉂,lěi,lei,3
眡,dī,di,1
颖,yǐng,ying,3
欼,chǐ,chi,3
䪥,dié,die,2
脂,zhī,zhi,1
永,yǒng,yong,3
镳,biāo,biao,1
脎,sà,sa,4
攓,qiān,qian,1
㚽,qiǎo,qiao,3
勰,xié,xie,2
㺲,nǐu,niu,3
搷,tián,tian,2
荫,yìn,yin,4
䓸,䓸,䓸,
類,lèi,lei,4
趂,chèn,chen,4
䭖,zhù,zhu,4
铁,tiě,tie,3
郙,fǔ,fu,3
炨,duò,duo,4
娶,qǔ,qu,3
綮,qǐ,qi,3
馲,tuō,tuo,1
褑,yuàn,yuan,4
洹,huán,huan,2
笍,zhùi,zhui,4
箬,ruò,ruo,4
審,shěn,shen,3
恂,xún,xun,2
淜,péng,peng,2
䜑,qià,qia,4
覠,jūn,jun,1
鄒,zōu,zou,1
榑,fù,fu,4
恫,tōng,tong,1
㓺,jiàn,jian,4
艈,艈,艈,
籒,zhòu,zhou,4
煊,xuān,xuan,1
埕,chéng,cheng,2
嘒,hùi,hui,4
沮,jū,ju,1
鱛,鱛,鱛,
酵,jiào,jiao,4
㘲,jú,ju,2
圊,qīng,qing,1
導,dǎo,dao,3
鸩,zhèn,zhen,4
桂,gùi,gui,4
鷦,jiāo,jiao,1
榘,jǔ,ju,3
蹣,pán,pan,2
籨,lián,lian,2
鎄,āi,ai,1
闞,kàn,kan,4
甄,zhēn,zhen,1
䲌,kuǎn,kuan,3
韥,dú,du,2
㧲,sǎn,san,3
鲐,tái,tai,2
䳀,dié,die,2
䑄,pì,pi,4
捖,huán,huan,2
龥,yù,yu,4
㭢,㭢,㭢,
襢,tǎn,tan,3
陑,ér,er,2
䖬,䖬,䖬,
翁,wēng,weng,1
摿,yīn,yin,1
悗,mán,man,2
啀,ái,ai,2
匄,gài,gai,4
蛏,chēng,cheng,1
㠛,wò,wo,4
劺,móu,mou,2
朹,qíu,qiu,2
圍,wéi,wei,2
蘋,pín,pin,2
鲹,shēn,shen,1
殈,xù,xu,4
㼫,huàn,huan,4
衻,rán,ran,2
颟,mán,man,2
䨪,mái,mai,2
竟,jìng,jing,4
塏,kǎi,kai,3
䤅,tú,tu,2
猌,yìn,yin,4
訄,qíu,qiu,2
諺,yàn,yan,4
䍝,tà,ta,4
泇,jiā,jia,1
慁,hùn,hun,4
遄,chuán,chuan,2
㨲,cè,ce,4
逑,qíu,qiu,2
馤,ǎi,ai,3
洕,yīn,yin,1
䏭,䏭,䏭,
䘠,fú,fu,2
偺,zá,za,2
买,mǎi,mai,3
誀,èr,er,4
鮖,鮖,鮖,
艷,yàn,yan,4
餡,xiàn,xian,4
㯱,biǎo,biao,3
䘭,dié,die,2
䵀,suǒ,suo,3
澦,yù,yu,4
嶓,bō,bo,1
礧,lèi,lei,4
鞷,gé,ge,2
滋,zī,zi,1
脠,shān,shan,1
癍,bān,ban,1
嬞,dǒng,dong,3
胴,dòng,dong,4
酕,máo,mao,2
瀖,huò,huo,4
䒸,xián,xian,2
㿤,chǔn,chun,3
迦,jiā,jia,1
旫,tiāo,tiao,1
綋,hóng,hong,2
巇,xī,xi,1
頪,lèi,lei,4
李,lǐ,li,3
榄,lǎn,lan,3
憧,chōng,chong,1
撊,xiàn,xian,4
匃,gài,gai,4
旕,旕,旕,
㿸,wǎn,wan,3
笜,zhú,zhu,2
弒,shì,shi,4
讜,dǎng,dang,3
犨,chōu,chou,1
杢,杢,杢,
邰,tái,tai,2
邨,cūn,cun,1
楷,kǎi,kai,3
东,dōng,dong,1
䵗,fú,fu,2
嬕,shì,shi,4
熺,xī,xi,1
师,shī,shi,1
壁,bì,bi,4
瞙,mò,mo,4
赧,nǎn,nan,3
笾,biān,bian,1
虔,qián,qian,2
厗,tí,ti,2
耭,jī,ji,1
貦,wàn,wan,4
雿,zhào,zhao,4
敆,hé,he,2
䩷,䩷,䩷,
媜,zhēn,zhen,1
拎,līng,ling,1
郜,gào,gao,4
鵸,qí,qi,2
趄,jū,ju,1
蕦,xū,xu,1
燽,chóu,chou,2
痁,diàn,dian,4
䪻,biàn,bian,4
鎫,wàn,wan,4
胕,fù,fu,4
芚,tún,tun,2
暺,dàn,dan,4
劇,jù,ju,4
蕗,lù,lu,4
汰,tài,tai,4
髨,kūn,kun,1
鏼,suǒ,suo,3
坪,píng,ping,2
誜,shuà,shua,4
璕,xún,xun,2
艣,lǔ,lu,3
㐨,xù,xu,4
䇢,kǔ,ku,3
巰,qíu,qiu,2
䐒,䐒,䐒,
㱊,㱊,㱊,
遖,遖,遖,
蓟,jì,ji,4
耺,yún,yun,2
龺,龺,龺,
栤,bìng,bing,4
坤,kūn,kun,1
凉,liáng,liang,2
䖑,mì,mi,4
㟍,láng,lang,2
耦,ǒu,ou,3
幅,fú,fu,2
䬮,yí,yi,2
嵘,róng,rong,2
拇,mǔ,mu,3
曟,chén,chen,2
仗,zhàng,zhang,4
药,yào,yao,4
脽,zhōu,zhou,1
幛,zhàng,zhang,4
䠯,yuè,yue,4
蹦,bèng,beng,4
濐,zhǔ,zhu,3
䓮,mào,mao,4
嫭,hù,hu,4
采,cǎi,cai,3
㞗,qíu,qiu,2
歋,yí,yi,2
㸲,zuó,zuo,2
陣,zhèn,zhen,4
痗,mèi,mei,4
睶,chǔn,chun,3
寛,kuān,kuan,1
箙,fú,fu,2
酺,pú,pu,2
黛,dài,dai,4
淰,niǎn,nian,3
㑷,tài,tai,4
锓,qiān,qian,1
蓙,蓙,蓙,
瓪,fǎn,fan,3
祽,zùi,zui,4
厞,fèi,fei,4
逮,dài,dai,4
䲿,cí,ci,2
苙,lì,li,4
藰,líu,liu,2
辁,quán,quan,2
胤,yìn,yin,4
䮙,yù,yu,4
働,dòng,dong,4
巖,yán,yan,2
惵,diè,die,4
隽,jùn,jun,4
烋,xiāo,xiao,1
䜴,chù,chu,4
䖥,lí,li,2
難,nán,nan,2
裆,dāng,dang,1
睂,méi,mei,2
酎,zhòu,zhou,4
灧,yàn,yan,4
䵙,zhǎ,zha,3
㘙,yán,yan,2
腅,dàn,dan,4
或,huò,huo,4
烠,hǔi,hui,3
閻,yán,yan,2
孄,lǎn,lan,3
惫,bèi,bei,4
捍,hàn,han,4
僿,sài,sai,4
跱,zhì,zhi,4
园,yuán,yuan,2
稟,bǐng,bing,3
侅,gāi,gai,1
媽,mā,ma,1
誕,dàn,dan,4
咈,fú,fu,2
嘥,嘥,嘥,
姝,shū,shu,1
妄,wàng,wang,4
拳,quán,quan,2
妪,yù,yu,4
鋣,xié,xie,2
䲎,něi,nei,3
蟘,tè,te,4
㾛,qǐn,qin,3
赂,lù,lu,4
绪,xù,xu,4
䩾,zhè,zhe,4
缞,shuāi,shuai,1
㓇,㓇,㓇,
啖,dàn,dan,4
㺣,㺣,㺣,
掆,gāng,gang,1
佻,tiāo,tiao,1
粳,gēng,geng,1
俽,xīn,xin,1
彮,yǒng,yong,3
挅,duǒ,duo,3
䆁,䆁,䆁,
㦽,xù,xu,4
玒,hóng,hong,2
䝷,zhì,zhi,4
壧,yán,yan,2
㪨,shàn,shan,4
䤔,jiàn,jian,4
㹖,huàn,huan,4
籚,lú,lu,2
拓,tuò,tuo,4
膑,bìn,bin,4
㯦,qí,qi,2
貸,dài,dai,4
厢,xiāng,xiang,1
耬,lóu,lou,2
稦,yī,yi,1
妏,wèn,wen,4
䜎,láo,lao,2
詶,chóu,chou,2
漋,lóng,long,2
楇,huò,huo,4
锎,kāi,kai,1
㲷,dàn,dan,4
闐,tián,tian,2
胓,píng,ping,2
䫷,è,e,4
茇,bá,ba,2
舉,jǔ,ju,3
䮍,niǎo,niao,3
䨺,dùi,dui,4
吷,xuè,xue,4
呷,xiā,xia,1
瑿,yī,yi,1
拲,gǒng,gong,3
薂,xí,xi,2
腦,nǎo,nao,3
㝆,㝆,㝆,
荶,yín,yin,2
捸,tū,tu,1
䶧,yǎo,yao,3
㭗,㭗,㭗,
㪕,diào,diao,4
疇,chóu,chou,2
㗖,dàn,dan,4
禹,yǔ,yu,3
㥵,hùn,hun,4
祭,jì,ji,4
靘,qìng,qing,4
硨,chē,che,1
妤,yú,yu,2
轓,fān,fan,1
䢋,jì,ji,4
罃,yīng,ying,1
鷏,tián,tian,2
䮒,䮒,䮒,
縅,縅,縅,
諴,xián,xian,2
咂,zā,za,1
雍,yōng,yong,1
悇,yù,yu,4
途,tú,tu,2
纩,kuàng,kuang,4
瞅,chǒu,chou,3
疝,shàn,shan,4
鷎,gāo,gao,1
渻,xǐng,xing,3
駉,jiōng,jiong,1
戯,xì,xi,4
鄑,zī,zi,1
瘷,suǒ,suo,3
荔,lì,li,4
駰,yīn,yin,1
片,piàn,pian,4
䦄,䦄,䦄,
狊,jú,ju,2
燅,xián,xian,2
䀭,䀭,䀭,
蒔,shí,shi,2
䯿,zú,zu,2
䱋,dǎn,dan,3
睐,lài,lai,4
璅,suǒ,suo,3
胄,zhòu,zhou,4
䀉,qiáo,qiao,2
㳾,㳾,㳾,
鶵,chú,chu,2
誓,shì,shi,4
䶄,píng,ping,2
㔬,㔬,㔬,
艾,ài,ai,4
䇥,zé,ze,2
㸢,bèi,bei,4
橋,qiáo,qiao,2
踣,bó,bo,2
蒰,pán,pan,2
忣,jí,ji,2
碦,kè,ke,4
峙,zhì,zhi,4
涴,wò,wo,4
嗸,áo,ao,2
鐡,tiě,tie,3
礤,cǎ,ca,3
䫾,bì,bi,4
鿥,鿥,鿥,
㢼,biè,bie,4
䣝,tú,tu,2
郱,píng,ping,2
筗,zhòng,zhong,4
蔱,shā,sha,1
㞡,zhǎn,zhan,3
煣,rǒu,rou,3
豟,è,e,4
唌,xián,xian,2
㘃,㘃,㘃,
䂟,䂟,䂟,
襏,bó,bo,2
胷,xiōng,xiong,1
铗,jiá,jia,2
黄,huáng,huang,2
䜼,gú,gu,2
餫,hún,hun,2
垤,dié,die,2
揮,hūi,hui,1
破,pò,po,4
㪾,gé,ge,2
搏,bó,bo,2
闿,kǎi,kai,3
糡,jiàng,jiang,4
綆,gěng,geng,3
㪉,hé,he,2
禋,yīn,yin,1
鿊,鿊,鿊,
赚,zhuàn,zhuan,4
涛,tāo,tao,1
璿,xuán,xuan,2
蕊,rǔi,rui,3
㰎,zùi,zui,4
蚐,jūn,jun,1
寪,wěi,wei,3
炓,liào,liao,4
褻,xiè,xie,4
㹨,yòu,you,4
熲,jiǒng,jiong,3
俢,xīu,xiu,1
嗭,嗭,嗭,
绌,zhuó,zhuo,2
匫,hū,hu,1
蠹,dù,du,4
䜒,ào,ao,4
凈,jìng,jing,4
㟃,㟃,㟃,
鄯,shàn,shan,4
霍,huò,huo,4
咻,xīu,xiu,1
钔,mén,men,2
骯,āng,ang,1
欶,shuò,shuo,4
鵓,bó,bo,2
率,lv̀,lv,4
䪨,báo,bao,2
靓,jìng,jing,4
嘆,tàn,tan,4
鮟,àn,an,4
㺼,㺼,㺼,
跔,jū,ju,1
某,mǒu,mou,3
曜,yào,yao,4
䒧,qù,qu,4
䭘,yàn,yan,4
煘,chán,chan,2
賧,tàn,tan,4
淁,qiè,qie,4
䳩,䳩,䳩,
鿄,鿄,鿄,
䪷,hòu,hou,4
粷,jú,ju,2
㻙,㻙,㻙,
躌,wǔ,wu,3
䨡,hán,han,2
暫,zàn,zan,4
㐢,㐢,㐢,
舛,chuǎn,chuan,3
䙜,féng,feng,2
䰫,cháo,chao,2
谭,tán,tan,2
亾,wáng,wang,2
磅,bàng,bang,4
蚟,wáng,wang,2
鑶,cáng,cang,2
睍,xiàn,xian,4
䂬,gǒng,gong,3
䮾,páng,pang,2
㲈,sháo,shao,2
嚵,chán,chan,2
继,jì,ji,4
袶,jiàng,jiang,4
㼌,yǔ,yu,3
躤,jiè,jie,4
苆,苆,苆,
㑊,yì,yi,4
閝,líng,ling,2
現,xiàn,xian,4
繟,chǎn,chan,3
鐃,náo,nao,2
僊,xiān,xian,1
粙,zhòu,zhou,4
䕷,mí,mi,2
鲨,shā,sha,1
㬰,yú,yu,2
甡,shēn,shen,1
峘,hū,hu,1
鸮,xiāo,xiao,1
䇅,fá,fa,2
跼,jú,ju,2
戒,jiè,jie,4
䩕,áng,ang,2
䞖,shǔ,shu,3
饷,xiǎng,xiang,3
忨,wàn,wan,4
彐,jì,ji,4
婈,díng,ding,2
窜,cuàn,cuan,4
纶,lún,lun,2
毐,ǎi,ai,3
妚,pēi,pei,1
鹨,liáo,liao,2
诧,chà,cha,4
帊,pà,pa,4
崼,shì,shi,4
㭲,jí,ji,2
网,wǎng,wang,3
茔,yíng,ying,2
㲂,chéng,cheng,2
翜,sè,se,4
龑,yǎn,yan,3
䬓,àn,an,4
令,lìng,ling,4
襲,xí,xi,2
儡,lěi,lei,3
賊,zéi,zei,2
轍,chè,che,4
䪬,bó,bo,2
茀,fú,fu,2
䊊,mèi,mei,4
䬙,yáo,yao,2
荨,xún,xun,2
䶟,xiàn,xian,4
䒞,chén,chen,2
䃿,䃿,䃿,
二,èr,er,4
㲹,gǔi,gui,3
㵧,gé,ge,2
揺,yáo,yao,2
䯄,䯄,䯄,
獗,jué,jue,2
轃,zhēn,zhen,1
鉳,běi,bei,3
豫,yù,yu,4
鷠,yú,yu,2
衇,mò,mo,4
驷,sì,si,4
楸,qīu,qiu,1
㞲,yòng,yong,4
䨖,jì,ji,4
䆫,chuāng,chuang,1
闅,wén,wen,2
佐,zuǒ,zuo,3
离,lí,li,2
䪉,là,la,4
檥,yǐ,yi,3
䯗,bì,bi,4
間,jiān,jian,1
元,yuán,yuan,2
筢,pá,pa,2
䕠,fèi,fei,4
惶,huáng,huang,2
瞠,chēng,cheng,1
琙,yù,yu,4
婶,shěn,shen,3
皡,hào,hao,4
㹪,㹪,㹪,
擝,擝,擝,
藾,lài,lai,4
鹏,péng,peng,2
赫,hè,he,4
歺,dǎi,dai,3
䫻,xué,xue,2
郛,fú,fu,2
噡,dān,dan,1
鿟,鿟,鿟,
文,wén,wen,2
慓,piào,piao,4
缬,xié,xie,2
鼐,nài,nai,4
㒱,㒱,㒱,
狐,hú,hu,2
糆,miàn,mian,4
㙩,liáo,liao,2
假,jiǎ,jia,3
當,dāng,dang,1
䀑,nà,na,4
䵿,tiè,tie,4
馗,kúi,kui,2
䉏,xiè,xie,4
墹,墹,墹,
㤒,㤒,㤒,
脗,wěn,wen,3
沦,lún,lun,2
庲,lái,lai,2
頼,lài,lai,4
揅,yán,yan,2
丧,sāng,sang,1
讂,xuàn,xuan,4
匒,dá,da,2
瑪,mǎ,ma,3
篫,zhú,zhu,2
㦮,qián,qian,2
㲖,㲖,㲖,
趽,fàng,fang,4
䌕,mí,mi,2
秄,zǐ,zi,3
㡶,jì,ji,4
䤃,yìn,yin,4
麚,jiā,jia,1
䧘,qí,qi,2
极,jí,ji,2
祄,xiè,xie,4
抝,ǎo,ao,3
贖,shú,shu,2
茝,chǎi,chai,3
帿,hóu,hou,2
頩,pīng,ping,1
胳,gē,ge,1
膸,sǔi,sui,3
㸩,àn,an,4
繮,jiāng,jiang,1
薀,yùn,yun,4
䇺,chóu,chou,2
荂,kuā,kua,1
蘰,蘰,蘰,
脤,shèn,shen,4
醾,mí,mi,2
㽙,jùn,jun,4
灺,xiè,xie,4
猊,ní,ni,2
歁,kǎn,kan,3
䢇,rǒng,rong,3
氝,nèi,nei,4
铂,bó,bo,2
䙷,dé,de,2
鄃,yú,yu,2
閙,nào,nao,4
鐾,bèi,bei,4
䣧,yì,yi,4
冴,hù,hu,4
蜌,bì,bi,4
蕵,sūn,sun,1
蚏,yuè,yue,4
䵲,diào,diao,4
祋,dùi,dui,4
樷,cōng,cong,1
軂,lào,lao,4
鎇,méi,mei,2
䅤,qì,qi,4
䇓,䇓,䇓,
谠,dǎng,dang,3
郚,wú,wu,2
䁲,mái,mai,2
罈,tán,tan,2
覉,jī,ji,1
㺰,㺰,㺰,
鹶,jīn,jin,1
丼,jǐng,jing,3
琨,kūn,kun,1
迬,wǎng,wang,3
稴,lián,lian,2
㙮,dā,da,1
魒,piāo,piao,1
蟗,qīu,qiu,1
㟱,yǎo,yao,3
覘,zhān,zhan,1
颃,háng,hang,2
得,dé,de,2
菔,fú,fu,2
㖟,shòu,shou,4
䬀,yǒu,you,3
憤,fèn,fen,4
暈,yūn,yun,1
橞,hùi,hui,4
鈇,fū,fu,1
䤁,cén,cen,2
暩,gùi,gui,4
㭕,㭕,㭕,
嵙,嵙,嵙,
殆,dài,dai,4
鍆,mén,men,2
妢,fén,fen,2
尰,zhǒng,zhong,3
誋,jì,ji,4
鈧,kàng,kang,4
搃,zǒng,zong,3
胸,xiōng,xiong,1
㒖,ǒu,ou,3
礈,zhùi,zhui,4
㽯,xí,xi,2
悯,mǐn,min,3
駒,jū,ju,1
瘩,da,da,5
颔,hàn,han,4
䢎,䢎,䢎,
䵜,nǒng,nong,3
牎,chuāng,chuang,1
殰,dú,du,2
洮,táo,tao,2
朡,zōng,zong,1
脕,wǎn,wan,3
㐣,㐣,㐣,
筺,筺,筺,
刧,jié,jie,2
䊇,bù,bu,4
掜,yǐ,yi,3
㕈,hòu,hou,4
腞,zhuàn,zhuan,4
晛,xiàn,xian,4
愃,xuān,xuan,1
裎,chéng,cheng,2
舗,pù,pu,4
鼋,yuán,yuan,2
糵,niè,nie,4
簐,niǎn,nian,3
泽,zé,ze,2
䙠,jué,jue,2
㐡,nuò,nuo,4
陯,lún,lun,2
㫢,qù,qu,4
爙,rǎng,rang,3
惾,zōng,zong,1
䅗,sùi,sui,4
谱,pǔ,pu,3
覙,luó,luo,2
箽,dǒng,dong,3
鲴,gù,gu,4
芐,xià,xia,4
啢,liǎng,liang,3
敮,xiá,xia,2
㚃,yún,yun,2
辪,辪,辪,
州,zhōu,zhou,1
浇,jiāo,jiao,1
躗,wèi,wei,4
蒝,yuán,yuan,2
薉,wèi,wei,4
塌,tā,ta,1
殿,diàn,dian,4
䯬,duǒ,duo,3
檴,huò,huo,4
準,zhǔn,zhun,3
鹽,yán,yan,2
茪,guāng,guang,1
节,jié,jie,2
鷥,sī,si,1
䒕,xiǎo,xiao,3
㣩,㣩,㣩,
䫔,qì,qi,4
嚹,lā,la,1
㙌,㙌,㙌,
怨,yuàn,yuan,4
绵,mián,mian,2
蝫,zhū,zhu,1
驺,zōu,zou,1
蠱,gǔ,gu,3
桘,zhùi,zhui,4
㷺,㷺,㷺,
晿,chāng,chang,1
檎,qín,qin,2
韂,chàn,chan,4
䅈,yuàn,yuan,4
暤,hào,hao,4
赻,xiǎn,xian,3
捐,juān,juan,1
鉎,shēng,sheng,1
翦,jiǎn,jian,3
郏,jiá,jia,2
暜,jìn,jin,4
召,zhào,zhao,4
遊,yóu,you,2
㞂,tǔi,tui,3
傳,chuán,chuan,2
摮,áo,ao,2
镅,méi,mei,2
㺛,zhù,zhu,4
䀴,yǐng,ying,3
庛,cī,ci,1
蒢,chú,chu,2
㚁,qiáo,qiao,2
䧊,䧊,䧊,
嵑,jué,jue,2
嵝,lǒu,lou,3
颵,shào,shao,4
嗼,mò,mo,4
黈,tǒu,tou,3
焵,gàng,gang,4
泳,yǒng,yong,3
覛,mì,mi,4
副,fù,fu,4
䒨,shǐ,shi,3
㾿,láng,lang,2
鞁,tuó,tuo,2
囧,jiǒng,jiong,3
䗱,pú,pu,2
蔳,qiàn,qian,4
䞶,dì,di,4
㧢,㧢,㧢,
踚,lún,lun,2
蜈,wú,wu,2
囆,chài,chai,4
构,gōu,gou,1
婺,wù,wu,4
懩,yǎng,yang,3
穽,jǐng,jing,3
訹,xù,xu,4
䃵,niǎo,niao,3
媀,yú,yu,2
櫃,gùi,gui,4
鴋,fāng,fang,1
策,cè,ce,4
秬,jù,ju,4
䑠,liǎo,liao,3
䕯,piáo,piao,2
鏶,jí,ji,2
晶,jīng,jing,1
瞏,qióng,qiong,2
氅,chǎng,chang,3
夑,夑,夑,
餎,le,le,5
䘘,yù,yu,4
珹,chéng,cheng,2
耷,dā,da,1
陶,táo,tao,2
駺,liáng,liang,2
亠,tóu,tou,2
頜,hé,he,2
貶,biǎn,bian,3
赡,shàn,shan,4
㜃,liàn,lian,4
㙨,jì,ji,4
岬,jiǎ,jia,3
葥,qián,qian,2
頥,shěn,shen,3
樦,zhù,zhu,4
佨,佨,佨,
㙰,xiè,xie,4
瘟,wēn,wen,1
刦,jié,jie,2
㴺,㴺,㴺,
䰧,䰧,䰧,
容,róng,rong,2
獱,pín,pin,2
㙶,táng,tang,2
縂,zǒng,zong,3
箄,bì,bi,4
菷,zhǒu,zhou,3
䝳,cán,can,2
鮅,bì,bi,4
絿,qíu,qiu,2
䮽,䮽,䮽,
淡,dàn,dan,4
䉷,dàn,dan,4
蠃,luǒ,luo,3
㐄,kuà,kua,4
䂍,bó,bo,2
酣,hān,han,1
黕,dān,dan,1
薁,yù,yu,4
蝝,yuán,yuan,2
讕,lán,lan,2
渄,fēi,fei,1
谅,liàng,liang,4
珪,gūi,gui,1
蝓,yú,yu,2
縜,yún,yun,2
䠧,chú,chu,2
坘,dǐ,di,3
箰,sǔn,sun,3
茂,mào,mao,4
㼭,diàn,dian,4
縳,zhuàn,zhuan,4
泈,zhōng,zhong,1
泼,pō,po,1
䊁,䊁,䊁,
㯻,gǔn,gun,3
嫁,jià,jia,4
譫,zhān,zhan,1
硫,líu,liu,2
碄,lín,lin,2
憦,lào,lao,4
歽,zhé,zhe,2
矸,gān,gan,1
逧,逧,逧,
㪦,yìn,yin,4
㚈,㚈,㚈,
㦺,rǔ,ru,3
陲,chúi,chui,2
嫠,lí,li,2
摺,zhé,zhe,2
軽,qīng,qing,1
墺,ào,ao,4
鈍,dùn,dun,4
喃,nán,nan,2
垕,hòu,hou,4
祧,tiāo,tiao,1
錪,tiǎn,tian,3
璱,sè,se,4
䜍,liáo,liao,2
凩,凩,凩,
㭿,áng,ang,2
剁,duò,duo,4
鴝,qú,qu,2
䳹,kòu,kou,4
㳁,zè,ze,4
峛,lǐ,li,3
郻,qiāo,qiao,1
㣋,㣋,㣋,
匏,páo,pao,2
䕪,zé,ze,2
䬷,shě,she,3
䣃,䣃,䣃,
載,zài,zai,4
波,bō,bo,1
麑,ní,ni,2
軳,páo,pao,2
蚸,lì,li,4
藭,qióng,qiong,2
緺,guā,gua,1
蟲,chóng,chong,2
诟,gòu,gou,4
潄,shù,shu,4
騸,shàn,shan,4
㭬,zhuó,zhuo,2
䔢,huá,hua,2
摓,féng,feng,2
䮺,jì,ji,4
㠍,jí,ji,2
恭,gōng,gong,1
䅒,máng,mang,2
擷,xié,xie,2
泀,sī,si,1
㓎,lián,lian,2
潔,jié,jie,2
㸝,kǎn,kan,3
騝,jiān,jian,1
炠,xiá,xia,2
詺,mìng,ming,4
蒫,cuō,cuo,1
熂,xì,xi,4
嫸,zhǎn,zhan,3
赦,shè,she,4
䥕,piě,pie,3
曼,màn,man,4
鳟,zùn,zun,4
孳,zī,zi,1
摷,jiǎo,jiao,3
燝,燝,燝,
檈,xuán,xuan,2
㓸,jué,jue,2
蹛,dài,dai,4
䠡,cuó,cuo,2
珌,bì,bi,4
琤,chēng,cheng,1
鶧,yīng,ying,1
䖃,yuè,yue,4
祢,mí,mi,2
圦,圦,圦,
怉,bǎo,bao,3
欁,nóng,nong,2
捕,bǔ,bu,3
壟,lǒng,long,3
㲒,bào,bao,4
鴨,yā,ya,1
㧐,sǒng,song,3
壘,lěi,lei,3
鲇,nián,nian,2
攘,ràng,rang,4
偡,zhàn,zhan,4
㖋,㖋,㖋,
酻,zùi,zui,4
䯵,niè,nie,4
幐,téng,teng,2
邡,fāng,fang,1
䠀,chǎng,chang,3
呩,shì,shi,4
楁,hé,he,2
垦,kěn,ken,3
黝,yǒu,you,3
玁,xiǎn,xian,3
饺,jiǎo,jiao,3
冷,lěng,leng,3
糃,táng,tang,2
䠉,huà,hua,4
橬,cén,cen,2
譟,zào,zao,4
䥾,xiě,xie,3
瑡,瑡,瑡,
䌊,yáo,yao,2
筒,tǒng,tong,3
袴,kù,ku,4
閺,wén,wen,2
匡,kuāng,kuang,1
略,lvè,lve,4
澥,xiè,xie,4
犸,mà,ma,4
偸,tōu,tou,1
週,zhōu,zhou,1
缇,tí,ti,2
膍,pí,pi,2
即,jí,ji,2
鞗,tiáo,tiao,2
疎,shū,shu,1
傺,chì,chi,4
嗋,xié,xie,2
㤐,㤐,㤐,
侖,lún,lun,2
譭,hǔi,hui,3
蔂,luó,luo,2
鷣,yín,yin,2
鬏,jīu,jiu,1
拥,yǒng,yong,3
癛,lǐn,lin,3
䏈,lián,lian,2
碷,碷,碷,
葭,jiā,jia,1
窬,yú,yu,2
餓,è,e,4
樛,jīu,jiu,1
贱,jiàn,jian,4
鶜,máo,mao,2
彣,wén,wen,2
勅,chì,chi,4
讣,fù,fu,4
曎,yì,yi,4
軖,qiáng,qiang,2
䃒,hé,he,2
㼲,liè,lie,4
篓,lǒu,lou,3
瘊,hóu,hou,2
仩,仩,仩,
洯,qiè,qie,4
圔,è,e,4
呻,shēn,shen,1
騞,huò,huo,4
軺,yáo,yao,2
㞣,㞣,㞣,
粪,fèn,fen,4
爲,wèi,wei,4
䫢,䫢,䫢,
嬔,fù,fu,4
姁,xǔ,xu,3
盔,kūi,kui,1
綬,shòu,shou,4
胨,dòng,dong,4
傟,yǎng,yang,3
䒈,bǔ,bu,3
鲂,fáng,fang,2
䰯,nǐ,ni,3
絊,zùi,zui,4
鐿,yì,yi,4
筧,jiǎn,jian,3
錽,wǎn,wan,3
灸,jǐu,jiu,3
䢳,jǐ,ji,3
芫,yuán,yuan,2
劏,tāng,tang,1
桝,桝,桝,
炀,yáng,yang,2
猜,cāi,cai,1
嘵,xiāo,xiao,1
㰦,qù,qu,4
鞇,yīn,yin,1
漵,xù,xu,4
鍴,duān,duan,1
垬,hóng,hong,2
壑,hè,he,4
泩,shēng,sheng,1
䚩,jiǎo,jiao,3
䞥,yòu,you,4
㛀,㛀,㛀,
煐,yīng,ying,1
闙,qǐ,qi,3
㰉,㰉,㰉,
攮,nǎng,nang,3
几,jī,ji,1
砻,lóng,long,2
枘,rùi,rui,4
屎,shǐ,shi,3
銚,yáo,yao,2
顙,sǎng,sang,3
洩,xiè,xie,4
杏,xìng,xing,4
䐀,jì,ji,4
梖,bèi,bei,4
㔜,bá,ba,2
嬫,嬫,嬫,
顓,zhuān,zhuan,1
䝢,màn,man,4
僡,hùi,hui,4
㔝,liǎng,liang,3
緤,xiè,xie,4
㾐,lì,li,4
㿅,xiǎn,xian,3
緖,xù,xu,4
㢦,㢦,㢦,
䇗,䇗,䇗,
㜬,㜬,㜬,
風,fēng,feng,1
㗫,qiè,qie,4
股,gǔ,gu,3
葃,zuó,zuo,2
䫦,gé,ge,2
䆧,䆧,䆧,
衡,héng,heng,2
幑,hūi,hui,1
䁤,chè,che,4
円,円,円,
䃑,pán,pan,2
褅,tì,ti,4
䢀,qì,qi,4
璊,mén,men,2
搱,zhì,zhi,4
枲,xǐ,xi,3
䞧,hòu,hou,4
鑿,záo,zao,2
皂,zào,zao,4
棵,kē,ke,1
軼,yì,yi,4
宂,rǒng,rong,3
遣,qiǎn,qian,3
黩,dú,du,2
掫,zōu,zou,1
嶄,zhǎn,zhan,3
髭,zī,zi,1
䛛,hùi,hui,4
餰,jiān,jian,1
淔,chì,chi,4
䌭,䌭,䌭,
芑,qǐ,qi,3
膬,cùi,cui,4
誏,lǎng,lang,3
齝,chī,chi,1
㜛,nèn,nen,4
㔽,yào,yao,4
丗,shì,shi,4
䴿,méng,meng,2
杋,fān,fan,1
㺧,㺧,㺧,
飱,sūn,sun,1
蕯,lóng,long,2
䫲,hàn,han,4
䓨,䓨,䓨,
㿐,㿐,㿐,
鰑,yáng,yang,2
衘,xián,xian,2
剬,duān,duan,1
馂,jùn,jun,4
䉼,liào,liao,4
㝦,jùn,jun,4
揁,zhēn,zhen,1
胐,kū,ku,1
潈,潈,潈,
澽,jù,ju,4
窹,wù,wu,4
傡,bìng,bing,4
烻,shān,shan,1
噞,yǎn,yan,3
舜,shùn,shun,4
㭱,hé,he,2
麠,jīng,jing,1
涫,guàn,guan,4
顠,piào,piao,4
䈧,wěi,wei,3
衝,chōng,chong,1
㖙,㖙,㖙,
椎,zhūi,zhui,1
湑,xǔ,xu,3
圵,dàng,dang,4
捫,mén,men,2
写,xiě,xie,3
㺾,㺾,㺾,
㜽,zǐ,zi,3
簯,簯,簯,
瘱,yì,yi,4
㱌,chè,che,4
䈣,zhèng,zheng,4
惠,hùi,hui,4
嵌,qiàn,qian,4
擱,gē,ge,1
碓,dùi,dui,4
阶,jiē,jie,1
䗇,jú,ju,2
㶈,yíng,ying,2
潍,wéi,wei,2
敝,bì,bi,4
质,zhí,zhi,2
㿼,yán,yan,2
鼶,tí,ti,2
嶣,qiáo,qiao,2
䖦,䖦,䖦,
摘,zhāi,zhai,1
鄶,kuài,kuai,4
戠,shì,shi,4
谂,shěn,shen,3
阐,chǎn,chan,3
䪃,䪃,䪃,
峋,xún,xun,2
勓,kài,kai,4
捻,niǎn,nian,3
捨,shě,she,3
㞴,chí,chi,2
䃸,xiàn,xian,4
粭,粭,粭,
㫽,lù,lu,4
鸔,bào,bao,4
燁,yè,ye,4
泊,bó,bo,2
焊,hàn,han,4
櫡,zhuó,zhuo,2
箊,yū,yu,1
昀,yún,yun,2
嶅,áo,ao,2
楢,yóu,you,2
襉,jiàn,jian,4
漽,tí,ti,2
熔,róng,rong,2
鎥,tiáo,tiao,2
儧,zǎn,zan,3
蘫,lán,lan,2
诅,zǔ,zu,3
捏,niē,nie,1
箛,gū,gu,1
宷,shěn,shen,3
㕸,lì,li,4
前,qián,qian,2
掎,jǐ,ji,3
磇,pī,pi,1
赈,zhèn,zhen,4
喧,xuān,xuan,1
竞,jìng,jing,4
戼,mǎo,mao,3
㱬,wěi,wei,3
食,shí,shi,2
錊,zùi,zui,4
㖳,㖳,㖳,
躯,qū,qu,1
鮌,gǔn,gun,3
緓,yīng,ying,1
鏇,xuàn,xuan,4
蛁,diāo,diao,1
鳍,qí,qi,2
䅫,䅫,䅫,
牥,fāng,fang,1
瀢,wéi,wei,2
喋,dié,die,2
嘷,háo,hao,2
姙,rèn,ren,4
㧯,lǎo,lao,3
隤,túi,tui,2
夏,xià,xia,4
㞃,jí,ji,2
嬂,zhī,zhi,1
㬪,dié,die,2
馈,kùi,kui,4
㩮,qián,qian,2
噈,cù,cu,4
菴,ān,an,1
檟,jiǎ,jia,3
狛,pò,po,4
瓀,ruǎn,ruan,3
暒,qíng,qing,2
鷊,nì,ni,4
思,sī,si,1
筜,dāng,dang,1
灮,guāng,guang,1
㕲,huá,hua,2
䛎,hù,hu,4
鿿,鿿,鿿,
鰣,shí,shi,2
鈷,gǔ,gu,3
鯭,měng,meng,3
鐊,yáng,yang,2
䢌,bó,bo,2
㡧,zhèng,zheng,4
楕,tuǒ,tuo,3
暀,wǎng,wang,3
綶,guǒ,guo,3
䮐,䮐,䮐,
名,míng,ming,2
簍,lǒu,lou,3
箧,qiè,qie,4
龅,páo,pao,2
䜭,jùn,jun,4
罜,zhǔ,zhu,3
犏,piān,pian,1
孖,zī,zi,1
壣,lín,lin,2
垟,yáng,yang,2
㛳,chà,cha,4
灐,灐,灐,
呒,fǔ,fu,3
㢩,dì,di,4
锑,tì,ti,4
鍩,tiǎn,tian,3
障,zhàng,zhang,4
崎,qí,qi,2
馪,bīn,bin,1
城,chéng,cheng,2
珼,bèi,bei,4
䙶,䙶,䙶,
槛,jiàn,jian,4
㻅,hùi,hui,4
䫧,䫧,䫧,
繽,bīn,bin,1
㴙,zhá,zha,2
甼,tǐng,ting,3
㡀,bì,bi,4
謟,tāo,tao,1
㧂,tián,tian,2
摳,kōu,kou,1
逰,yóu,you,2
臀,tún,tun,2
呤,líng,ling,2
駿,jùn,jun,4
梒,hán,han,2
瞸,yè,ye,4
烃,jǐng,jing,3
䎔,䎔,䎔,
㻏,líng,ling,2
褊,biǎn,bian,3
徎,chěng,cheng,3
錬,liàn,lian,4
錝,cóng,cong,2
刏,jī,ji,1
圱,qiān,qian,1
䜠,chè,che,4
靺,mò,mo,4
骗,piàn,pian,4
㼿,tóng,tong,2
挶,jú,ju,2
鰗,hú,hu,2
臩,guàng,guang,4
鎹,鎹,鎹,
檪,檪,檪,
鍶,sī,si,1
孱,chán,chan,2
䭊,yǐng,ying,3
㝏,jiè,jie,4
寿,shòu,shou,4
脙,qíu,qiu,2
鶔,róu,rou,2
秤,chèng,cheng,4
脷,lì,li,4
刑,xíng,xing,2
㻶,bǐ,bi,3
垢,gòu,gou,4
銳,rùi,rui,4
㬷,㬷,㬷,
巓,diān,dian,1
柁,duò,duo,4
賤,jiàn,jian,4
噥,nóng,nong,2
炦,bá,ba,2
㞳,dǒu,dou,3
䴰,shú,shu,2
栗,lì,li,4
黟,yī,yi,1
碟,dié,die,2
㪲,㪲,㪲,
䉧,líu,liu,2
云,yún,yun,2
婵,chán,chan,2
沺,tián,tian,2
䊠,xì,xi,4
扬,yáng,yang,2
灷,zhuàn,zhuan,4
鰟,fáng,fang,2
摹,mó,mo,2
螕,bī,bi,1
鑪,lú,lu,2
榻,tà,ta,4
菿,dào,dao,4
㕕,huàn,huan,4
茣,wú,wu,2
尒,ěr,er,3
蕘,ráo,rao,2
㢙,qín,qin,2
鯥,lù,lu,4
蒘,nú,nu,2
䈶,róng,rong,2
盍,hé,he,2
粔,jù,ju,4
䋒,䋒,䋒,
椣,椣,椣,
䒝,xiáo,xiao,2
獌,màn,man,4
唊,jiá,jia,2
觤,gǔi,gui,3
䤉,mì,mi,4
濞,pì,pi,4
矍,jué,jue,2
淺,qiǎn,qian,3
粽,zòng,zong,4
蝢,xié,xie,2
菆,zōu,zou,1
挩,tuō,tuo,1
穪,chēng,cheng,1
樨,xī,xi,1
蜞,qí,qi,2
馳,chí,chi,2
䖋,nvè,nve,4
麽,mo,mo,5
炒,chǎo,chao,3
㱦,è,e,4
䏍,yuàn,yuan,4
憌,chún,chun,2
窠,kē,ke,1
譌,é,e,2
筵,yán,yan,2
蔚,wèi,wei,4
鶏,jī,ji,1
㟽,biǎo,biao,3
䱹,nà,na,4
㻥,㻥,㻥,
輷,hōng,hong,1
蔉,gǔn,gun,3
庤,zhì,zhi,4
蓝,lán,lan,2
盰,gǎn,gan,3
朄,yìn,yin,4
躾,躾,躾,
䍰,䍰,䍰,
濪,jìng,jing,4
俾,bǐ,bi,3
簒,cuàn,cuan,4
钖,xí,xi,2
樌,guàn,guan,4
眞,zhēn,zhen,1
㲦,hàn,han,4
䒠,fǎn,fan,3
岜,bā,ba,1
冦,kòu,kou,4
麿,麿,麿,
䋜,qìng,qing,4
籥,yuè,yue,4
關,guān,guan,1
㳤,㳤,㳤,
啇,dí,di,2
䗸,䗸,䗸,
㝀,hào,hao,4
䖤,wǎn,wan,3
杀,shā,sha,1
豄,dú,du,2
硹,sōng,song,1
邉,biān,bian,1
䨀,dí,di,2
䈺,䈺,䈺,
蚗,jué,jue,2
譀,hàn,han,4
䵖,jiàn,jian,4
㣮,㣮,㣮,
褸,lv̌,lv,3
烕,xuè,xue,4
苾,bì,bi,4
㦇,lù,lu,4
痽,dūi,dui,1
伬,伬,伬,
䴪,lù,lu,4
瑕,xiá,xia,2
杙,yì,yi,4
塴,bèng,beng,4
缺,quē,que,1
䓎,chuò,chuo,4
䶻,䶻,䶻,
䬲,䬲,䬲,
䎢,qǐ,qi,3
氳,yūn,yun,1
獅,shī,shi,1
顨,xùn,xun,4
咷,táo,tao,2
竇,dòu,dou,4
㘰,㘰,㘰,
竕,竕,竕,
武,wǔ,wu,3
罵,mà,ma,4
惤,jiān,jian,1
顏,yán,yan,2
匈,xiōng,xiong,1
幰,xiǎn,xian,3
睼,tì,ti,4
跄,qiāng,qiang,1
彉,kuò,kuo,4
歮,sè,se,4
譍,yìng,ying,4
鶙,tí,ti,2
臡,ní,ni,2
内,nèi,nei,4
搟,xiǎn,xian,3
璛,sù,su,4
囐,zá,za,2
妻,qī,qi,1
纛,dào,dao,4
褪,tùn,tun,4
汐,xì,xi,4
䚌,䚌,䚌,
䣐,䣐,䣐,
鰆,qūn,qun,1
驦,shuāng,shuang,1
丕,pī,pi,1
㠸,kù,ku,4
䦴,yì,yi,4
䆸,chéng,cheng,2
層,céng,ceng,2
犪,kúi,kui,2
魓,bì,bi,4
筩,tǒng,tong,3
卻,què,que,4
甒,wǔ,wu,3
爐,lú,lu,2
㩊,㩊,㩊,
癐,guài,guai,4
蜩,tiáo,tiao,2
㷸,dié,die,2
䟀,䟀,䟀,
简,jiǎn,jian,3
逇,dùn,dun,4
诳,kuáng,kuang,2
揦,lá,la,2
㗼,yè,ye,4
酦,pò,po,4
璐,lù,lu,4
悅,yuè,yue,4
鱄,zhuān,zhuan,1
挃,zhì,zhi,4
㯑,㯑,㯑,
裦,fóu,fou,2
瞓,shùi,shui,4
萩,qīu,qiu,1
覓,mì,mi,4
蹸,lìn,lin,4
養,yǎng,yang,3
譺,yè,ye,4
䬌,䬌,䬌,
貈,hé,he,2
埱,shú,shu,2
踜,lèng,leng,4
䂆,xù,xu,4
曫,luán,luan,2
模,mó,mo,2
伾,pī,pi,1
柶,sì,si,4
市,shì,shi,4
搔,sāo,sao,1
潰,kùi,kui,4
䩹,é,e,2
乏,fá,fa,2
㳨,jiǎn,jian,3
糚,zhuāng,zhuang,1
㴵,mì,mi,4
䡢,biàn,bian,4
䤖,bào,bao,4
虈,xiāo,xiao,1
珽,tǐng,ting,3
锐,rùi,rui,4
莹,yíng,ying,2
婛,jīng,jing,1
鉗,qián,qian,2
㘂,cí,ci,2
重,zhòng,zhong,4
戈,gē,ge,1
殔,yì,yi,4
栭,ér,er,2
谙,ān,an,1
唘,qǐ,qi,3
耎,ruǎn,ruan,3
烍,xiǎn,xian,3
塝,bàng,bang,4
橩,qióng,qiong,2
鞄,páo,pao,2
鈖,fēn,fen,1
著,zhù,zhu,4
镍,niè,nie,4
愛,ài,ai,4
并,bìng,bing,4
綜,zōng,zong,1
㨮,dōu,dou,1
䟫,䟫,䟫,
韃,dá,da,2
隊,dùi,dui,4
鵬,péng,peng,2
䲸,jiè,jie,4
䀈,qì,qi,4
锔,jú,ju,2
嬾,lǎn,lan,3
鯀,gǔn,gun,3
䴺,bù,bu,4
㯺,jiàn,jian,4
切,qiē,qie,1
遮,zhē,zhe,1
㮟,jí,ji,2
支,zhī,zhi,1
䘺,zhàn,zhan,4
㷙,㷙,㷙,
儤,bào,bao,4
捡,jiǎn,jian,3
䂉,hóu,hou,2
翡,fěi,fei,3
咅,pòu,pou,4
銲,hàn,han,4
镱,yì,yi,4
䆛,chá,cha,2
郅,zhì,zhi,4
礳,mò,mo,4
浒,hǔ,hu,3
嶾,yǐn,yin,3
椋,liáng,liang,2
䌞,liǎn,lian,3
屍,shī,shi,1
戸,hù,hu,4
䑽,dá,da,2
昩,mò,mo,4
輐,huǎn,huan,3
维,wéi,wei,2
牝,pìn,pin,4
㳰,㳰,㳰,
啤,pí,pi,2
硁,kēng,keng,1
駥,róng,rong,2
嶳,dì,di,4
藫,tán,tan,2
盱,xū,xu,1
繐,sùi,sui,4
鎞,bì,bi,4
厘,lí,li,2
㗆,gé,ge,2
㤶,páng,pang,2
澕,hé,he,2
贍,shàn,shan,4
閱,yuè,yue,4
蔠,zhōng,zhong,1
祶,dì,di,4
羱,yuán,yuan,2
厠,cè,ce,4
贎,wàn,wan,4
㱰,zǎi,zai,3
匰,dān,dan,1
隆,lóng,long,2
蔶,蔶,蔶,
㗧,zhì,zhi,4
涁,shèn,shen,4
甽,quǎn,quan,3
贕,dú,du,2
湓,pén,pen,2
鸽,gē,ge,1
寂,jì,ji,4
㳩,㳩,㳩,
膏,gāo,gao,1
辢,là,la,4
傞,suō,suo,1
荃,quán,quan,2
钚,bù,bu,4
谇,sùi,sui,4
㹍,dí,di,2
诊,zhěn,zhen,3
䏳,zhè,zhe,4
䜅,wéi,wei,2
墎,guō,guo,1
閪,閪,閪,
魢,jǐ,ji,3
撞,zhuàng,zhuang,4
岋,è,e,4
樱,yīng,ying,1
胆,dǎn,dan,3
跻,jī,ji,1
蜱,pí,pi,2
兎,tù,tu,4
詿,guà,gua,4
䅖,ǎn,an,3
䣂,lěi,lei,3
䐧,kào,kao,4
啠,zhé,zhe,2
蘃,rǔi,rui,3
㾕,shěn,shen,3
妁,shuò,shuo,4
閣,gé,ge,2
魷,yóu,you,2
䐏,chǔn,chun,3
橲,橲,橲,
㥀,dé,de,2
盘,pán,pan,2
䧓,䧓,䧓,
㩱,jué,jue,2
䂃,jiào,jiao,4
隬,nǐ,ni,3
掘,jué,jue,2
䟍,dián,dian,2
䧷,róu,rou,2
芹,qín,qin,2
勲,xūn,xun,1
嫽,liáo,liao,2
訡,yín,yin,2
鞟,kuò,kuo,4
㩠,piǎo,piao,3
雟,xī,xi,1
傖,cāng,cang,1
挚,zhì,zhi,4
疮,chuāng,chuang,1
墧,què,que,4
藷,shǔ,shu,3
䄱,䄱,䄱,
䒓,kǎi,kai,3
牢,láo,lao,2
嶠,jiào,jiao,4
菗,chóu,chou,2
桾,jūn,jun,1
䧫,háo,hao,2
䊤,tán,tan,2
䨱,fù,fu,4
㿦,nìng,ning,4
沷,fā,fa,1
諐,qiān,qian,1
糥,nuò,nuo,4
槣,qǐ,qi,3
撮,cuō,cuo,1
單,dān,dan,1
縘,xī,xi,1
发,fā,fa,1
鉖,tóng,tong,2
俭,jiǎn,jian,3
吋,cùn,cun,4
䇑,bà,ba,4
虥,zhàn,zhan,4
雜,zá,za,2
甐,lín,lin,2
㦃,chǎn,chan,3
爁,làn,lan,4
朂,xù,xu,4
㨋,chě,che,3
䦮,chǔn,chun,3
峾,yīn,yin,1
撡,cāo,cao,1
葨,wēi,wei,1
俕,sàn,san,4
硛,硛,硛,
歉,qiàn,qian,4
䁃,䁃,䁃,
篼,dōu,dou,1
牭,sì,si,4
捛,lv̌,lv,3
䫉,mào,mao,4
苭,yǎo,yao,3
䠅,kǔn,kun,3
苲,zhǎ,zha,3
戴,dài,dai,4
蒓,chún,chun,2
喘,chuǎn,chuan,3
銘,míng,ming,2
筎,rú,ru,2
賲,bǎo,bao,3
疿,fèi,fei,4
逪,cuò,cuo,4
鞊,jí,ji,2
齺,zōu,zou,1
䱈,qí,qi,2
嘞,lei,lei,5
豹,bào,bao,4
罫,guà,gua,4
伱,nǐ,ni,3
䊲,chǎn,chan,3
眀,míng,ming,2
纃,qí,qi,2
巷,xiàng,xiang,4
䋰,jú,ju,2
䵟,gǎn,gan,3
岄,yuè,yue,4
轘,huàn,huan,4
㰫,㰫,㰫,
顣,qī,qi,1
倚,yǐ,yi,3
㱺,lú,lu,2
鲌,bó,bo,2
匜,yí,yi,2
䢬,䢬,䢬,
凇,sōng,song,1
柷,zhù,zhu,4
詍,yì,yi,4
髳,máo,mao,2
薥,shǔ,shu,3
萓,yí,yi,2
譪,ài,ai,4
龎,páng,pang,2
裷,yuān,yuan,1
锏,jiǎn,jian,3
姠,shàng,shang,4
㐃,㐃,㐃,
坛,tán,tan,2
烂,làn,lan,4
䊖,lǎn,lan,3
㺶,㺶,㺶,
猏,jiān,jian,1
沂,yí,yi,2
痪,huàn,huan,4
楤,sǒng,song,3
志,zhì,zhi,4
獎,jiǎng,jiang,3
㺄,yǔ,yu,3
铃,líng,ling,2
蓼,liǎo,liao,3
䋓,zhòu,zhou,4
蚹,fù,fu,4
呁,jùn,jun,4
㬒,mǎng,mang,3
䂧,zhěn,zhen,3
䡝,yǔn,yun,3
娽,lù,lu,4
塩,yán,yan,2
贆,biāo,biao,1
噳,yǔ,yu,3
鍇,kǎi,kai,3
啲,dì,di,4
嫝,kāng,kang,1
苎,méng,meng,2
館,guǎn,guan,3
㽡,㽡,㽡,
恋,liàn,lian,4
㼔,㼔,㼔,
鶎,鶎,鶎,
壱,yī,yi,1
䡻,mín,min,2
虴,zhé,zhe,2
灒,zàn,zan,4
嗬,hē,he,1
撆,piē,pie,1
籛,jiān,jian,1
大,dà,da,4
㳥,jù,ju,4
秌,qīu,qiu,1
蛪,qiè,qie,4
愭,qí,qi,2
釡,fǔ,fu,3
䠐,qù,qu,4
懚,yìn,yin,4
挼,nuò,nuo,4
樭,樭,樭,
臻,zhēn,zhen,1
䍛,gù,gu,4
㜰,yuè,yue,4
锅,guō,guo,1
袦,nà,na,4
糢,mó,mo,2
䦉,䦉,䦉,
䶁,tà,ta,4
傝,tàn,tan,4
螐,wū,wu,1
克,kè,ke,4
霭,ǎi,ai,3
墏,qiǎng,qiang,3
獴,méng,meng,2
麷,fēng,feng,1
㓚,㓚,㓚,
嚫,chèn,chen,4
脃,cùi,cui,4
橝,tān,tan,1
䵣,dá,da,2
穮,biāo,biao,1
薃,hào,hao,4
妜,yuè,yue,4
棳,zhuó,zhuo,2
㴠,㴠,㴠,
署,shǔ,shu,3
轮,lún,lun,2
卋,shì,shi,4
木,mù,mu,4
谳,yàn,yan,4
愀,qiǎo,qiao,3
虆,léi,lei,2
潿,wéi,wei,2
阩,shēng,sheng,1
䋕,rèn,ren,4
澤,zé,ze,2
䏻,néng,neng,2
啥,shà,sha,4
遑,huáng,huang,2
偽,wěi,wei,3
誇,kuā,kua,1
醿,mí,mi,2
搭,dā,da,1
霱,yù,yu,4
馟,tú,tu,2
㹅,zǒng,zong,3
䏂,sǒu,sou,3
田,tián,tian,2
憬,jǐng,jing,3
䆆,䆆,䆆,
㸻,sì,si,4
賯,xiōng,xiong,1
䟸,kúi,kui,2
燂,qián,qian,2
農,nóng,nong,2
兇,xiōng,xiong,1
翏,lìu,liu,4
湐,mò,mo,4
㢡,jiǎng,jiang,3
翼,yì,yi,4
飪,rèn,ren,4
厁,厁,厁,
䂡,dǐ,di,3
騀,é,e,2
觿,xī,xi,1
隙,xì,xi,4
金,jīn,jin,1
咲,xiào,xiao,4
黰,zhěn,zhen,3
浓,nóng,nong,2
㓫,㓫,㓫,
伒,jìn,jin,4
扌,扌,扌,
銭,qián,qian,2
䲲,䲲,䲲,
帣,juàn,juan,4
䛰,hún,hun,2
䶭,䶭,䶭,
慛,cúi,cui,2
䋑,bǐng,bing,3
槦,yóng,yong,2
喟,kùi,kui,4
䵎,䵎,䵎,
芣,fú,fu,2
鳐,yáo,yao,2
齋,zhāi,zhai,1
碏,què,que,4
龍,lóng,long,2
䄛,lóu,lou,2
趑,cī,ci,1
䏕,rěn,ren,3
㲐,㲐,㲐,
滃,wěng,weng,3
悌,tì,ti,4
訌,hóng,hong,2
踍,qiāo,qiao,1
㧴,wǒ,wo,3
夯,hāng,hang,1
裋,shù,shu,4
苠,mín,min,2
㢰,bì,bi,4
拕,tuō,tuo,1
拑,qián,qian,2
扟,shēn,shen,1
這,zhè,zhe,4
犺,kàng,kang,4
瞨,pú,pu,2
庘,yā,ya,1
喤,huáng,huang,2
譎,jué,jue,2
紈,wán,wan,2
潑,pō,po,1
蛺,jiá,jia,2
䲦,chá,cha,2
蚥,fǔ,fu,3
捙,yì,yi,4
齱,zōu,zou,1
㹳,wú,wu,2
賶,càng,cang,4
䩵,yùn,yun,4
咗,zuǒ,zuo,3
撑,chēng,cheng,1
酰,xiān,xian,1
啳,quán,quan,2
燳,zhào,zhao,4
䎴,shèng,sheng,4
㻸,cén,cen,2
鱣,zhān,zhan,1
吊,diào,diao,4
萱,xuān,xuan,1
亖,sì,si,4
皊,líng,ling,2
敤,kě,ke,3
㲝,rǒng,rong,3
崉,tà,ta,4
慈,cí,ci,2
鄍,míng,ming,2
妓,jì,ji,4
㠄,xí,xi,2
䊝,xiè,xie,4
婬,yín,yin,2
乪,náng,nang,2
鴹,rén,ren,2
䃌,䃌,䃌,
辰,chén,chen,2
黷,dú,du,2
睅,hàn,han,4
亣,tà,ta,4
腆,tiǎn,tian,3
搓,cuō,cuo,1
羬,xián,xian,2
㷉,wèi,wei,4
笰,fú,fu,2
皤,pó,po,2
傿,yàn,yan,4
坸,gòu,gou,4
凑,còu,cou,4
䠹,ái,ai,2
硌,luò,luo,4
㦹,àng,ang,4
㦸,jǐ,ji,3
輕,qīng,qing,1
气,qì,qi,4
鰷,tiáo,tiao,2
櫴,lài,lai,4
鬎,là,la,4
䨊,䨊,䨊,
錖,dǔ,du,3
韡,wěi,wei,3
蓆,xí,xi,2
果,guǒ,guo,3
餩,è,e,4
唤,huàn,huan,4
䩡,jiá,jia,2
椆,chóu,chou,2
縭,lí,li,2
㟮,㟮,㟮,
䴮,shàn,shan,4
顦,qiáo,qiao,2
䥮,zhú,zhu,2
茴,húi,hui,2
擊,jī,ji,1
铔,yà,ya,4
綣,quǎn,quan,3
褮,yīng,ying,1
䋱,lái,lai,2
㪴,jiá,jia,2
辝,cí,ci,2
提,tí,ti,2
䥧,huán,huan,2
䈏,báo,bao,2
䖎,xiá,xia,2
䦦,qín,qin,2
幥,幥,幥,
襴,lán,lan,2
泋,hùi,hui,4
䒢,áng,ang,2
㖗,yín,yin,2
颡,sǎng,sang,3
扽,dùn,dun,4
懡,mǒ,mo,3
屆,jiè,jie,4
䏏,䏏,䏏,
殐,sù,su,4
䠂,chú,chu,2
䵾,fú,fu,2
㬻,huǎng,huang,3
関,guān,guan,1
嗵,tōng,tong,1
嫵,wǔ,wu,3
稊,tí,ti,2
㭫,cuán,cuan,2
褘,hūi,hui,1
揥,tì,ti,4
爸,bà,ba,4
讱,rèn,ren,4
䖼,jué,jue,2
豕,shǐ,shi,3
榚,yǎo,yao,3
嚐,cháng,chang,2
偾,fèn,fen,4
秜,ní,ni,2
荅,dā,da,1
聶,niè,nie,4
鱖,gùi,gui,4
莺,yīng,ying,1
佘,shé,she,2
憓,hùi,hui,4
揰,chòng,chong,4
櫺,líng,ling,2
熤,yì,yi,4
负,fù,fu,4
汆,cuān,cuan,1
㜵,niǎo,niao,3
百,bǎi,bai,3
讠,yán,yan,2
寀,cài,cai,4
悊,zhé,zhe,2
㠷,gé,ge,2
䦜,wú,wu,2
㵭,zhǔ,zhu,3
蟵,蟵,蟵,
鄵,cāo,cao,1
渝,yú,yu,2
媟,xiè,xie,4
簘,xiāo,xiao,1
簗,簗,簗,
䖗,yán,yan,2
常,cháng,chang,2
㸒,yín,yin,2
蒜,suàn,suan,4
嵳,cuó,cuo,2
矫,jiǎo,jiao,3
㨸,mà,ma,4
冠,guān,guan,1
匠,jiàng,jiang,4
貹,shèng,sheng,4
䃺,mó,mo,2
膊,bó,bo,2
葓,hóng,hong,2
翻,fān,fan,1
勨,yǎng,yang,3
䦶,zhèng,zheng,4
猎,liè,lie,4
鞼,gùi,gui,4
䋶,xù,xu,4
屺,qǐ,qi,3
蒋,jiǎng,jiang,3
肱,gōng,gong,1
璹,shòu,shou,4
㭚,lv̌,lv,3
㡁,kǎi,kai,3
䭴,huán,huan,2
㛾,xián,xian,2
雌,cí,ci,2
俴,jiàn,jian,4
偏,piān,pian,1
䢈,chén,chen,2
䦭,䦭,䦭,
对,dùi,dui,4
凍,dòng,dong,4
矮,ǎi,ai,3
錄,lù,lu,4
謭,jiǎn,jian,3
嫛,yī,yi,1
橀,xī,xi,1
鮵,duó,duo,2
磖,lā,la,1
歡,huān,huan,1
䤟,chén,chen,2
齡,líng,ling,2
俰,hè,he,4
萬,wàn,wan,4
蔴,má,ma,2
狓,pī,pi,1
餭,huáng,huang,2
亵,xiè,xie,4
銝,xīu,xiu,1
児,ér,er,2
繓,zuǒ,zuo,3
崾,yǎo,yao,3
㮰,bí,bi,2
蚵,hé,he,2
㵤,diàn,dian,4
䨗,fú,fu,2
豒,zhì,zhi,4
鬉,zōng,zong,1
摃,káng,kang,2
祮,gào,gao,4
儰,wěi,wei,3
譢,sùi,sui,4
僬,jiāo,jiao,1
尕,gǎ,ga,3
媏,duān,duan,1
鮲,鮲,鮲,
沗,tiān,tian,1
䵴,yùn,yun,4
榉,jǔ,ju,3
菣,qìn,qin,4
沴,lì,li,4
骅,huá,hua,2
齘,xiè,xie,4
㽗,㽗,㽗,
㩚,méng,meng,2
鷾,yì,yi,4
盡,jìn,jin,4
㛛,xìn,xin,4
娨,hàn,han,4
貟,yuán,yuan,2
堢,bǎo,bao,3
聴,tīng,ting,1
薮,sǒu,sou,3
仵,wǔ,wu,3
䯺,kuò,kuo,4
鮷,tí,ti,2
蜯,bàng,bang,4
欣,xīn,xin,1
㲧,zào,zao,4
蠣,lì,li,4
㭄,xìn,xin,4
妣,bǐ,bi,3
皆,jiē,jie,1
启,qǐ,qi,3
煡,xìn,xin,4
纝,léi,lei,2
斜,xié,xie,2
管,guǎn,guan,3
旌,jīng,jing,1
頑,wán,wan,2
馔,zhuàn,zhuan,4
輍,yù,yu,4
㑾,xiáo,xiao,2
斬,zhǎn,zhan,3
枕,zhěn,zhen,3
鎺,鎺,鎺,
倭,wēi,wei,1
潾,lín,lin,2
䱅,mò,mo,4
䛾,sù,su,4
窇,báo,bao,2
岞,zuò,zuo,4
恜,chì,chi,4
泔,gān,gan,1
㫯,mào,mao,4
揊,pì,pi,4
榈,lv́,lv,2
芷,zhǐ,zhi,3
滰,jiǎng,jiang,3
䆋,qīu,qiu,1
殥,yín,yin,2
昞,bǐng,bing,3
捰,wǒ,wo,3
䌑,䌑,䌑,
㩦,xié,xie,2
咽,yān,yan,1
熒,yíng,ying,2
䕨,téng,teng,2
㶋,㶋,㶋,
鴓,miè,mie,4
砮,nǔ,nu,3
丏,miǎn,mian,3
蘐,xiān,xian,1
藢,zhǐ,zhi,3
驥,jì,ji,4
凁,shù,shu,4
凚,jìn,jin,4
䛐,cí,ci,2
曧,róng,rong,2
掾,yuàn,yuan,4
䨳,xì,xi,4
憔,qiáo,qiao,2
歐,ōu,ou,1
憳,tǎn,tan,3
顥,hào,hao,4
毙,bì,bi,4
啩,guà,gua,4
納,nà,na,4
䚮,réng,reng,2
䒵,hào,hao,4
揪,jīu,jiu,1
彺,wáng,wang,2
㖯,㖯,㖯,
鑯,jiān,jian,1
涕,tì,ti,4
怡,yí,yi,2
髼,péng,peng,2
妟,yàn,yan,4
㭁,réng,reng,2
豰,bó,bo,2
桡,náo,nao,2
䚤,䚤,䚤,
繺,shǎi,shai,3
叩,kòu,kou,4
蚘,húi,hui,2
谖,xuān,xuan,1
貛,huān,huan,1
蹁,pián,pian,2
毄,jī,ji,1
痐,húi,hui,2
歛,hān,han,1
㷶,bèi,bei,4
繡,xìu,xiu,4
肓,huāng,huang,1
鎲,tǎng,tang,3
貽,yí,yi,2
䘽,ní,ni,2
濈,jí,ji,2
苔,tái,tai,2
铄,shuò,shuo,4
纱,shā,sha,1
栖,qī,qi,1
猋,biāo,biao,1
㿟,bái,bai,2
㦢,jié,jie,2
塑,sù,su,4
苈,lì,li,4
満,mǎn,man,3
卾,è,e,4
轛,dùi,dui,4
䲕,pǔ,pu,3
僔,zǔn,zun,3
鬫,hǎn,han,3
鏉,shòu,shou,4
䄏,yú,yu,2
䤺,yǐn,yin,3
瞽,gǔ,gu,3
鮈,jū,ju,1
轋,hún,hun,2
诃,hē,he,1
繴,bò,bo,4
犩,wèi,wei,4
镪,qiāng,qiang,1
厷,gōng,gong,1
羑,yǒu,you,3
䢾,xiǎn,xian,3
呏,shēng,sheng,1
娹,xián,xian,2
蹰,chú,chu,2
燕,yàn,yan,4
磆,huá,hua,2
飔,sī,si,1
㮼,㮼,㮼,
龴,龴,龴,
哟,yo,yo,5
蓯,cōng,cong,1
䇴,䇴,䇴,
忈,rén,ren,2
頓,dùn,dun,4
駧,dòng,dong,4
脶,guā,gua,1
浹,jiá,jia,2
邞,fū,fu,1
笑,xiào,xiao,4
沵,mǐ,mi,3
䢃,yì,yi,4
㫏,yǎo,yao,3
蛤,há,ha,2
㱏,zhèng,zheng,4
髛,kāo,kao,1
噅,hūi,hui,1
㽅,㽅,㽅,
蔽,bì,bi,4
輳,còu,cou,4
庚,gēng,geng,1
黥,qíng,qing,2
驤,xiāng,xiang,1
糟,zāo,zao,1
葑,fēng,feng,1
㢄,dòu,dou,4
眦,zì,zi,4
㗜,xìu,xiu,4
垿,xù,xu,4
䡪,chán,chan,2
剷,chǎn,chan,3
䧆,hóng,hong,2
罋,wèng,weng,4
畀,bì,bi,4
鎍,suǒ,suo,3
贫,pín,pin,2
泉,quán,quan,2
忥,xì,xi,4
靸,sǎ,sa,3
㽋,luó,luo,2
䠓,cù,cu,4
碘,diǎn,dian,3
牉,pàn,pan,4
軛,è,e,4
戟,jǐ,ji,3
㝣,yè,ye,4
鑦,鑦,鑦,
镄,fèi,fei,4
鋪,pū,pu,1
㯛,hú,hu,2
㕺,háo,hao,2
兜,dōu,dou,1
樝,zhā,zha,1
貪,tān,tan,1
攥,zuàn,zuan,4
馑,jǐn,jin,3
榗,jiàn,jian,4
㳚,yù,yu,4
墐,jìn,jin,4
統,tǒng,tong,3
怰,xuàn,xuan,4
惃,kūn,kun,1
蜭,hàn,han,4
鏍,luó,luo,2
垙,guāng,guang,1
惄,nì,ni,4
竫,jìng,jing,4
螔,yí,yi,2
壈,lǎn,lan,3
美,měi,mei,3
逃,táo,tao,2
辠,zùi,zui,4
晁,cháo,chao,2
赁,rèn,ren,4
鿷,鿷,鿷,
軆,tǐ,ti,3
度,dù,du,4
崊,崊,崊,
艭,shuāng,shuang,1
㐙,㐙,㐙,
躸,jī,ji,1
䃈,䃈,䃈,
筘,kòu,kou,4
㲲,dié,die,2
㾵,jì,ji,4
磀,é,e,2
鏘,qiāng,qiang,1
搚,xié,xie,2
脝,hēng,heng,1
㷔,yàn,yan,4
秐,yún,yun,2
䌽,cǎi,cai,3
棂,líng,ling,2
㩒,qín,qin,2
糑,nì,ni,4
獥,xí,xi,2
墪,dūn,dun,1
庳,bēi,bei,1
爛,làn,lan,4
戵,qú,qu,2
泺,bó,bo,2
佩,pèi,pei,4
遪,cè,ce,4
貄,sì,si,4
湁,shí,shi,2
椔,zī,zi,1
䜤,䜤,䜤,
㗑,bài,bai,4
戝,zéi,zei,2
菺,jiān,jian,1
㬔,háo,hao,2
嬸,shěn,shen,3
䳗,é,e,2
粁,qiān,qian,1
㸇,㸇,㸇,
菖,chāng,chang,1
皋,gāo,gao,1
鱼,yú,yu,2
㡴,㡴,㡴,
㰥,hùi,hui,4
豛,yì,yi,4
嵻,嵻,嵻,
善,shàn,shan,4
勒,lè,le,4
殘,cán,can,2
䅨,䅨,䅨,
㚴,bù,bu,4
谽,hān,han,1
㮋,yǒu,you,3
禤,xuān,xuan,1
㵆,hào,hao,4
藱,hùi,hui,4
媳,xí,xi,2
讴,ōu,ou,1
黂,fén,fen,2
堏,堏,堏,
幨,chān,chan,1
簜,dàng,dang,4
瑜,yú,yu,2
緵,zōng,zong,1
德,dé,de,2
㬍,bó,bo,2
鈈,pī,pi,1
䴕,liè,lie,4
窽,窽,窽,
䱒,yì,yi,4
蘌,yǔ,yu,3
鈭,zī,zi,1
吓,xià,xia,4
飳,zhù,zhu,4
蚢,háng,hang,2
跂,qí,qi,2
秆,gǎn,gan,3
澢,dāng,dang,1
劈,pī,pi,1
媂,tí,ti,2
橊,líu,liu,2
煗,nuǎn,nuan,3
㷗,jiǒng,jiong,3
慭,yìn,yin,4
遟,chí,chi,2
銢,pǐ,pi,3
緂,tān,tan,1
䜫,hóng,hong,2
徛,qì,qi,4
椂,lù,lu,4
岸,àn,an,4
䄒,niè,nie,4
耟,jù,ju,4
㲭,tǎn,tan,3
䜀,nǎo,nao,3
冻,dòng,dong,4
䪖,pò,po,4
櫱,niè,nie,4
蟤,zhuān,zhuan,1
太,tài,tai,4
企,qǐ,qi,3
婥,chuò,chuo,4
鄸,méng,meng,2
袯,bó,bo,2
䄟,cùi,cui,4
螡,wén,wen,2
㽃,㽃,㽃,
䅀,liè,lie,4
坆,fén,fen,2
㵇,㵇,㵇,
饤,dìng,ding,4
晻,ǎn,an,3
㸰,tuó,tuo,2
幹,gàn,gan,4
絠,gǎi,gai,3
寥,liáo,liao,2
铑,lǎo,lao,3
樸,pú,pu,2
焑,焑,焑,
訃,fù,fu,4
耰,yōu,you,1
竴,cūi,cui,1
瀠,yíng,ying,2
潼,tóng,tong,2
蒅,蒅,蒅,
鵍,huān,huan,1
夝,qíng,qing,2
踀,chù,chu,4
㱕,㱕,㱕,
䔁,lì,li,4
䤘,chǎn,chan,3
煪,qíu,qiu,2
匛,jìu,jiu,4
囌,sū,su,1
鯺,zhū,zhu,1
㓰,huà,hua,4
嫅,chā,cha,1
糒,bèi,bei,4
䩂,䩂,䩂,
顫,zhàn,zhan,4
䁠,lián,lian,2
瓴,líng,ling,2
飷,jiě,jie,3
溷,hùn,hun,4
揂,jīu,jiu,1
殳,shū,shu,1
玧,yǔn,yun,3
摉,sōu,sou,1
仓,cāng,cang,1
䝩,zhèn,zhen,4
啉,lán,lan,2
泿,yín,yin,2
㳓,㳓,㳓,
㔔,㔔,㔔,
愝,yǎn,yan,3
玮,wěi,wei,3
埌,làng,lang,4
版,bǎn,ban,3
睙,liè,lie,4
蒥,líu,liu,2
饎,chì,chi,4
躔,chán,chan,2
踠,wǎn,wan,3
䉳,xiǎn,xian,3
㵥,bì,bi,4
緶,biàn,bian,4
牠,tuó,tuo,2
魸,魸,魸,
阚,kàn,kan,4
俅,qíu,qiu,2
篌,hóu,hou,2
濯,zhuó,zhuo,2
梈,pēng,peng,1
砼,tóng,tong,2
淍,zhōu,zhou,1
䓠,tà,ta,4
櫚,lv́,lv,2
讬,tuō,tuo,1
翕,xì,xi,4
㝩,㝩,㝩,
㕥,yǐ,yi,3
髊,cī,ci,1
䩽,䩽,䩽,
䬒,䬒,䬒,
㵋,mì,mi,4
缜,zhēn,zhen,1
灔,yàn,yan,4
疡,yáng,yang,2
鲥,shí,shi,2
杇,wū,wu,1
癥,zhēng,zheng,1
啧,zé,ze,2
玣,biàn,bian,4
䋙,ěr,er,3
挎,kū,ku,1
㙄,bì,bi,4
飓,jù,ju,4
䢖,lv̀,lv,4
諮,zī,zi,1
䤮,shè,she,4
䚊,䚊,䚊,
廆,hùi,hui,4
鸍,mí,mi,2
酬,chóu,chou,2
䙬,yìng,ying,4
坜,lì,li,4
邔,qǐ,qi,3
㗵,xù,xu,4
珡,qín,qin,2
撽,qiào,qiao,4
廓,kuò,kuo,4
㘛,㘛,㘛,
䗒,bìng,bing,4
䕏,é,e,2
䭂,yì,yi,4
対,dùi,dui,4
鑄,zhù,zhu,4
䎄,tiáo,tiao,2
尯,kùi,kui,4
㰇,㰇,㰇,
磦,biāo,biao,1
鳇,huáng,huang,2
绎,yì,yi,4
湂,è,e,4
邪,xié,xie,2
粉,fěn,fen,3
澧,lǐ,li,3
蕮,xì,xi,4
䫝,fǔ,fu,3
蔏,shāng,shang,1
襤,lán,lan,2
镋,tǎng,tang,3
㱎,㱎,㱎,
䃝,qiào,qiao,4
蘯,dàng,dang,4
塠,dūi,dui,1
锜,qí,qi,2
掞,shàn,shan,4
耩,jiǎng,jiang,3
拪,qiān,qian,1
消,xiāo,xiao,1
霋,qī,qi,1
谗,chán,chan,2
㬝,céng,ceng,2
䭨,shùi,shui,4
祘,suàn,suan,4
圯,yí,yi,2
鸑,yuè,yue,4
䌛,yáo,yao,2
澗,jiàn,jian,4
㦥,huán,huan,2
衶,zhòng,zhong,4
裂,liè,lie,4
姲,yàn,yan,4
茳,jiāng,jiang,1
腱,jiàn,jian,4
旓,shāo,shao,1
恰,qià,qia,4
鍠,huáng,huang,2
愸,zhěng,zheng,3
簸,bò,bo,4
强,qiáng,qiang,2
䊹,䊹,䊹,
旈,líu,liu,2
楩,pián,pian,2
噔,dēng,deng,1
㐂,㐂,㐂,
铎,duó,duo,2
燡,yì,yi,4
匚,fāng,fang,1
㿱,xué,xue,2
废,fèi,fei,4
晘,hàn,han,4
鳏,yín,yin,2
懓,ài,ai,4
儸,luó,luo,2
藧,huǎn,huan,3
魐,jiān,jian,1
屩,juē,jue,1
䟝,tòu,tou,4
䔟,chí,chi,2
幋,pán,pan,2
絶,jué,jue,2
㘨,nèi,nei,4
䱲,yán,yan,2
䕳,mí,mi,2
盉,hé,he,2
䟃,cà,ca,4
瓱,瓱,瓱,
㧏,㧏,㧏,
䐾,duó,duo,2
崟,yín,yin,2
膇,zhùi,zhui,4
饡,zuàn,zuan,4
僶,mǐn,min,3
䆷,yù,yu,4
癴,luán,luan,2
鹋,miáo,miao,2
葛,gé,ge,2
奍,奍,奍,
肝,gān,gan,1
茁,zhuó,zhuo,2
咼,wāi,wai,1
挣,zhēng,zheng,1
癬,xuǎn,xuan,3
䧳,cí,ci,2
㽤,jú,ju,2
羭,yú,yu,2
篱,lí,li,2
㪻,juàn,juan,4
虃,jiān,jian,1
秂,rén,ren,2
芞,qǐ,qi,3
䭆,nè,ne,4
㲌,nèng,neng,4
銀,yín,yin,2
漟,táng,tang,2
弤,dǐ,di,3
朻,jīu,jiu,1
摬,yìng,ying,4
浔,xún,xun,2
蔯,chén,chen,2
祗,zhī,zhi,1
㒽,㒽,㒽,
狷,juàn,juan,4
莒,jǔ,ju,3
㸶,㸶,㸶,
圻,qí,qi,2
靶,bǎ,ba,3
蔅,yán,yan,2
疢,chèn,chen,4
伸,shēn,shen,1
韖,róu,rou,2
驌,sù,su,4
㵐,jué,jue,2
铩,shā,sha,1
钱,qián,qian,2
慄,lì,li,4
洣,mǐ,mi,3
鵷,yuān,yuan,1
䏓,guǎn,guan,3
訖,qì,qi,4
湘,xiāng,xiang,1
㐉,㐉,㐉,
䆲,䆲,䆲,
歅,yīn,yin,1
獶,náo,nao,2
晧,hào,hao,4
臐,xūn,xun,1
懤,chóu,chou,2
㽺,jí,ji,2
玺,xǐ,xi,3
㩂,㩂,㩂,
氾,fàn,fan,4
攛,cuān,cuan,1
㰚,lí,li,2
嬗,shàn,shan,4
篂,xīng,xing,1
洊,jiàn,jian,4
肊,yì,yi,4
硔,hóng,hong,2
羁,jī,ji,1
尃,fū,fu,1
聳,sǒng,song,3
㕏,chú,chu,2
幷,bìng,bing,4
濚,yíng,ying,2
婌,shǔ,shu,3
魔,mó,mo,2
毗,pí,pi,2
觢,chì,chi,4
䌐,mì,mi,4
瞄,miáo,miao,2
牤,máng,mang,2
朿,cì,ci,4
逓,dì,di,4
㓝,xíng,xing,2
寤,wù,wu,4
話,huà,hua,4
崱,zé,ze,2
䭽,qún,qun,2
䘹,zùi,zui,4
硻,kēng,keng,1
䛱,tí,ti,2
㛸,shù,shu,4
渊,yuān,yuan,1
轇,jīu,jiu,1
柜,gùi,gui,4
稹,zhěn,zhen,3
才,cái,cai,2
憽,sōng,song,1
膝,xī,xi,1
蜊,lí,li,2
繂,shuài,shuai,4
恶,è,e,4
槑,méi,mei,2
蛞,kuò,kuo,4
駱,luò,luo,4
顗,yǐ,yi,3
颎,jiǒng,jiong,3
仴,wàn,wan,4
谨,jǐn,jin,3
団,tuán,tuan,2
㯅,pí,pi,2
唵,ǎn,an,3
㯂,dài,dai,4
晨,chén,chen,2
鷹,yīng,ying,1
稈,gǎn,gan,3
䔿,jiè,jie,4
怿,yì,yi,4
窃,qiè,qie,4
響,xiǎng,xiang,3
乲,乲,乲,
精,jīng,jing,1
毻,tuò,tuo,4
㡬,㡬,㡬,
陊,duò,duo,4
滧,滧,滧,
紪,cǐ,ci,3
蠩,zhū,zhu,1
倪,ní,ni,2
諁,chuò,chuo,4
掂,diān,dian,1
扛,káng,kang,2
黻,fú,fu,2
麧,gē,ge,1
蒆,xuē,xue,1
阷,chēng,cheng,1
鳭,diāo,diao,1
眭,sūi,sui,1
靅,fèi,fei,4
嶌,dǎo,dao,3
昬,hūn,hun,1
榓,mì,mi,4
嚄,huò,huo,4
凎,gàn,gan,4
沜,pàn,pan,4
䭦,bó,bo,2
㒜,yú,yu,2
㞎,bǎ,ba,3
謄,téng,teng,2
鍍,dù,du,4
䣊,dǎng,dang,3
㭴,㭴,㭴,
矾,fán,fan,2
欲,yù,yu,4
涟,lián,lian,2
蕕,yóu,you,2
縁,yuán,yuan,2
隧,sùi,sui,4
掠,lvè,lve,4
槔,gāo,gao,1
韐,gé,ge,2
疌,niè,nie,4
椻,yàn,yan,4
糴,dí,di,2
長,cháng,chang,2
焸,gǔ,gu,3
簪,zān,zan,1
䒡,yǐn,yin,3
䉉,hú,hu,2
䂘,䂘,䂘,
蚩,chī,chi,1
爜,cóng,cong,2
帵,wān,wan,1
擂,léi,lei,2
貕,xī,xi,1
笽,笽,笽,
摈,bìn,bin,4
竘,jǔ,ju,3
露,lù,lu,4
唅,hān,han,1
曄,yè,ye,4
裇,裇,裇,
帥,shuài,shuai,4
䃦,䃦,䃦,
諀,pǐ,pi,3
葆,bǎo,bao,3
畚,běn,ben,3
张,zhāng,zhang,1
㱳,mò,mo,4
竬,qǔ,qu,3
偃,yǎn,yan,3
㝬,㝬,㝬,
䀷,jié,jie,2
齚,cuò,cuo,4
鶷,xià,xia,4
鐺,dāng,dang,1
职,zhí,zhi,2
覱,zhàn,zhan,4
焩,pīng,ping,1
奚,xī,xi,1
婁,lóu,lou,2
茫,máng,mang,2
狩,shòu,shou,4
秒,miǎo,miao,3
检,jiǎn,jian,3
嬙,qiáng,qiang,2
㙡,㙡,㙡,
堖,nǎo,nao,3
極,jí,ji,2
楘,mù,mu,4
盅,zhōng,zhong,1
㙊,cháng,chang,2
竸,jìng,jing,4
䔼,sè,se,4
丟,dīu,diu,1
冱,hù,hu,4
敨,dǒu,dou,3
敲,qiāo,qiao,1
佴,èr,er,4
岙,ào,ao,4
䋀,kuà,kua,4
䅺,miǎo,miao,3
箦,zé,ze,2
纆,mò,mo,4
账,zhàng,zhang,4
㼋,gǔ,gu,3
傸,qiǎng,qiang,3
賜,cì,ci,4
䧸,䧸,䧸,
染,rǎn,ran,3
㓮,㓮,㓮,
坬,guà,gua,4
冐,mào,mao,4
㝱,mèng,meng,4
凣,fán,fan,2
㿪,huán,huan,2
㧞,㧞,㧞,
䃭,gǎn,gan,3
開,kāi,kai,1
鍏,wéi,wei,2
够,gòu,gou,4
䟣,chù,chu,4
鹫,jìu,jiu,4
釾,yé,ye,2
㨔,hàn,han,4
年,nián,nian,2
狸,lí,li,2
輫,pái,pai,2
觩,qíu,qiu,2
䅚,qiǎng,qiang,3
䗹,cì,ci,4
蠒,jiǎn,jian,3
螢,yíng,ying,2
䃧,lóng,long,2
鬨,hòng,hong,4
䧦,wéi,wei,2
琂,yán,yan,2
䝺,guàn,guan,4
簚,mì,mi,4
礛,jiān,jian,1
噄,chī,chi,1
砹,nuǒ,nuo,3
鳂,wēi,wei,1
倍,bèi,bei,4
傍,bàng,bang,4
簄,hù,hu,4
秙,kù,ku,4
诼,zhuó,zhuo,2
屻,rèn,ren,4
礹,yán,yan,2
括,kuò,kuo,4
朽,xǐu,xiu,3
宧,yí,yi,2
戦,zhàn,zhan,4
躂,tà,ta,4
甯,níng,ning,2
恍,huǎng,huang,3
斷,duàn,duan,4
䰃,péng,peng,2
伭,xuán,xuan,2
㖬,㖬,㖬,
敿,jiǎo,jiao,3
漼,cǔi,cui,3
䳆,bái,bai,2
蠗,zhuó,zhuo,2
迵,tóng,tong,2
胑,zhī,zhi,1
亪,亪,亪,
豳,bīn,bin,1
狕,ǎo,ao,3
滴,dī,di,1
維,wéi,wei,2
裪,táo,tao,2
鋁,lv̌,lv,3
䌘,mí,mi,2
茍,jì,ji,4
玉,yù,yu,4
狗,gǒu,gou,3
疯,fēng,feng,1
火,huǒ,huo,3
计,jì,ji,4
晌,shǎng,shang,3
懗,xià,xia,4
熀,huǎng,huang,3
襸,zàn,zan,4
慇,yīn,yin,1
垱,dàng,dang,4
嵃,yǎn,yan,3
䫈,zèn,zen,4
尻,kāo,kao,1
静,jìng,jing,4
遠,yuǎn,yuan,3
嶜,jīn,jin,1
骘,zhì,zhi,4
壇,tán,tan,2
龧,龧,龧,
㮸,sòng,song,4
㢲,xùn,xun,4
䶦,zé,ze,2
堊,è,e,4
㺊,yàng,yang,4
涸,hé,he,2
淂,dé,de,2
襋,jí,ji,2
䴢,mí,mi,2
㼩,chéng,cheng,2
剟,duō,duo,1
箴,zhēn,zhen,1
睫,jié,jie,2
嫲,嫲,嫲,
葸,xǐ,xi,3
䎉,shù,shu,4
耉,gǒu,gou,3
䉇,䉇,䉇,
訶,hē,he,1
䚂,hè,he,4
癑,nóng,nong,2
鈤,rì,ri,4
塹,qiàn,qian,4
橕,chēng,cheng,1
㠾,㠾,㠾,
顡,yì,yi,4
橓,shùn,shun,4
追,zhūi,zhui,1
縏,pán,pan,2
橫,héng,heng,2
㚖,gǎo,gao,3
㺡,lì,li,4
縰,xǐ,xi,3
逐,zhú,zhu,2
潺,chán,chan,2
㔂,lín,lin,2
郫,pí,pi,2
隈,wēi,wei,1
饴,yí,yi,2
侔,móu,mou,2
庎,jiè,jie,4
坚,jiān,jian,1
㪶,hú,hu,2
㸯,㸯,㸯,
璗,dàng,dang,4
轵,zhǐ,zhi,3
龃,jǔ,ju,3
釛,hé,he,2
埤,pí,pi,2
鐅,piě,pie,3
㙲,yǒng,yong,3
誺,chī,chi,1
撥,bō,bo,1
铢,zhū,zhu,1
廑,jǐn,jin,3
饜,yàn,yan,4
䈥,䈥,䈥,
掶,掶,掶,
铖,chéng,cheng,2
燓,fēn,fen,1
吭,háng,hang,2
腽,wà,wa,4
諍,zhēng,zheng,1
䎯,hàn,han,4
皦,jiǎo,jiao,3
䟞,chú,chu,2
䉵,zhuàn,zhuan,4
淨,jìng,jing,4
澏,hàn,han,4
㖏,nèi,nei,4
黑,hēi,hei,1
骐,qí,qi,2
盤,pán,pan,2
㩛,tuán,tuan,2
瑒,yáng,yang,2
媍,fù,fu,4
炄,nǐu,niu,3
抗,kàng,kang,4
璶,jìn,jin,4
峩,é,e,2
嫳,piè,pie,4
鲚,jì,ji,4
㢎,chà,cha,4
㱈,jìn,jin,4
呼,hū,hu,1
柃,líng,ling,2
鑃,diào,diao,4
英,yīng,ying,1
牯,gǔ,gu,3
壓,yā,ya,1
誱,jié,jie,2
嫍,tāo,tao,1
慰,wèi,wei,4
璣,jī,ji,1
㐌,sì,si,4
䦬,què,que,4
鸧,cāng,cang,1
液,yè,ye,4
垈,垈,垈,
瑝,huáng,huang,2
瞶,kùi,kui,4
篇,piān,pian,1
㵺,pái,pai,2
䘩,xuàn,xuan,4
腷,bì,bi,4
䛘,nín,nin,2
䖽,lí,li,2
躺,tǎng,tang,3
売,mài,mai,4
五,wǔ,wu,3
芉,gān,gan,1
蚧,jiè,jie,4
噎,yē,ye,1
廧,qiáng,qiang,2
懷,huái,huai,2
嗁,tí,ti,2
犼,hǒu,hou,3
粮,liáng,liang,2
羆,pí,pi,2
㰤,kě,ke,3
䥩,wéi,wei,2
鍘,zhá,zha,2
蔧,hùi,hui,4
霿,mèng,meng,4
颸,sī,si,1
湕,jiǎn,jian,3
刮,guā,gua,1
嵅,gān,gan,1
炜,wěi,wei,3
䙢,zèng,zeng,4
殡,bìn,bin,4
瀶,lín,lin,2
俹,yà,ya,4
拌,bàn,ban,4
玡,yà,ya,4
䧧,yǐ,yi,3
连,lián,lian,2
鍉,dī,di,1
黽,mǐn,min,3
嚼,jiáo,jiao,2
忼,kāng,kang,1
㧘,cùi,cui,4
塤,xūn,xun,1
䒭,děng,deng,3
睠,juàn,juan,4
十,shí,shi,2
渃,rè,re,4
㨤,hùi,hui,4
䞭,qǐu,qiu,3
勧,quàn,quan,4
輺,zī,zi,1
詬,gòu,gou,4
䮘,ér,er,2
膴,hū,hu,1
䠻,qióng,qiong,2
絭,quàn,quan,4
鲊,zhǎ,zha,3
挢,jiǎo,jiao,3
娐,娐,娐,
㗉,bì,bi,4
㔓,jiǎn,jian,3
䆪,䆪,䆪,
砫,zhǔ,zhu,3
閎,hóng,hong,2
乧,乧,乧,
翉,pěn,pen,3
㕤,qíu,qiu,2
㐳,wù,wu,4
梽,zhì,zhi,4
䤝,yìng,ying,4
䃢,䃢,䃢,
猾,huá,hua,2
㢽,ěr,er,3
曘,rú,ru,2
䨴,dùi,dui,4
䜽,yú,yu,2
炍,pàn,pan,4
栀,zhī,zhi,1
㢴,㢴,㢴,
缲,zǎo,zao,3
朇,pí,pi,2
醑,xǔ,xu,3
际,jì,ji,4
悶,mèn,men,4
钛,tài,tai,4
爅,mò,mo,4
薣,gǔ,gu,3
眵,chī,chi,1
妞,nīu,niu,1
䞹,huáng,huang,2
㰘,yí,yi,2
謶,zhuó,zhuo,2
僘,chǎng,chang,3
焀,hú,hu,2
僖,xī,xi,1
㭯,dié,die,2
醩,záo,zao,2
閵,lìn,lin,4
祀,sì,si,4
妶,xuán,xuan,2
䵺,tǐng,ting,3
㲬,㲬,㲬,
珷,wǔ,wu,3
䎏,àn,an,4
魄,pò,po,4
驰,chí,chi,2
㟺,lóu,lou,2
盩,zhōu,zhou,1
葟,huáng,huang,2
㾄,dú,du,2
玛,mǎ,ma,3
星,xīng,xing,1
旦,dàn,dan,4
鶩,wù,wu,4
揌,sāi,sai,1
犈,quán,quan,2
躦,zuān,zuan,1
珺,jùn,jun,4
禔,tí,ti,2
礆,xiǎn,xian,3
韻,yùn,yun,4
篯,jiān,jian,1
残,cán,can,2
钦,qīn,qin,1
据,jù,ju,4
闘,dòu,dou,4
䅠,tí,ti,2
䉈,sǎn,san,3
妫,gūi,gui,1
鮛,shù,shu,4
酹,lèi,lei,4
㦓,xiàn,xian,4
諵,nán,nan,2
讘,zhé,zhe,2
返,fǎn,fan,3
䚾,nín,nin,2
恽,yùn,yun,4
灋,fǎ,fa,3
霉,méi,mei,2
蛭,zhì,zhi,4
櫩,yán,yan,2
㳦,xiè,xie,4
罆,guàn,guan,4
藍,lán,lan,2
媉,wū,wu,1
峴,xiàn,xian,4
㔡,㔡,㔡,
躄,bì,bi,4
邝,kuàng,kuang,4
黪,cǎn,can,3
㘅,xián,xian,2
㴲,㴲,㴲,
唂,gǔ,gu,3
沰,tuō,tuo,1
饠,luó,luo,2
埞,dǐ,di,3
㲵,㲵,㲵,
荋,ér,er,2
炬,jù,ju,4
稗,bài,bai,4
臝,luǒ,luo,3
㯐,fǎng,fang,3
兏,cháng,chang,2
䪱,gǎi,gai,3
