hanzi,trad,simp,pinyin,toneless,tone,zhuyin
归,歸,归,gūi,gui,1,ㄍㄨㄟ
矾,礬,矾,fán,fan,2,ㄈㄢ
缤,繽,缤,bīn,bin,1,ㄅㄧㄣ
椮,椮,椮,sēn,sen,1,ㄙㄣ
㟼,㟼,㟼,áo,ao,2,ㄠ
鿋,鿋,鿋,鿋,鿋,,
寈,寈,寈,qīng,qing,1,ㄑㄧㄥ
炽,熾,炽,chì,chi,4,ㄔ
蚾,蚾,蚾,bǒ,bo,3,ㄅㄛ
娗,娗,娗,dìng,ding,4,ㄉㄧㄥ
颶,颶,飓,jù,ju,4,ㄐㄩ
槝,槝,槝,槝,槝,,
狩,狩,狩,shòu,shou,4,ㄕㄡ
歞,歞,歞,kǎn,kan,3,ㄎㄢ
䐔,䐔,䐔,bìn,bin,4,ㄅㄧㄣ
䒱,䒱,䒱,䒱,䒱,,
鋿,鋿,鋿,cháng,chang,2,ㄔㄤ
噅,噅,咴,hūi,hui,1,ㄏㄨㄟ
盙,盙,盙,fǔ,fu,3,ㄈㄨ
房,房,房,fáng,fang,2,ㄈㄤ
繣,繣,繣,huà,hua,4,ㄏㄨㄚ
筋,筋,筋,jīn,jin,1,ㄐㄧㄣ
濢,濢,濢,zǔi,zui,3,ㄗㄨㄟ
靽,靽,靽,bàn,ban,4,ㄅㄢ
㟸,㟸,㟸,㟸,㟸,,
鄞,鄞,鄞,yín,yin,2,ㄧㄣ
垄,壟,垄,lǒng,long,3,ㄌㄨㄥ
擄,擄,掳,lǔ,lu,3,ㄌㄨ
猆,猆,猆,fēi,fei,1,ㄈㄟ
誽,誽,誽,ná,na,2,ㄋㄚ
㳜,㳜,㳜,㳜,㳜,,
璯,璯,璯,hùi,hui,4,ㄏㄨㄟ
䭙,䭙,䭙,jǐn,jin,3,ㄐㄧㄣ
㛲,㛲,㛲,fà,fa,4,ㄈㄚ
惽,惽,惽,hūn,hun,1,ㄏㄨㄣ
䦀,䦀,䦀,䦀,䦀,,
囍,囍,囍,xǐ,xi,3,ㄒㄧ
酞,酞,酞,tài,tai,4,ㄊㄞ
䪦,䪦,䪦,hóng,hong,2,ㄏㄨㄥ
巤,巤,巤,liē,lie,1,ㄌㄧㄝ
嫸,嫸,嫸,zhǎn,zhan,3,ㄓㄢ
襨,襨,襨,襨,襨,,
㷮,㷮,㷮,㷮,㷮,,
礉,礉,礉,hé,he,2,ㄏㄜ
笓,笓,笓,pí,pi,2,ㄆㄧ
損,損,损,sǔn,sun,3,ㄙㄨㄣ
蕔,蕔,蕔,bāo,bao,1,ㄅㄠ
衮,袞,衮,gǔn,gun,3,ㄍㄨㄣ
㲢,㲢,㲢,biàn,bian,4,ㄅㄧㄢ
卹,卹,卹,xù,xu,4,ㄒㄩ
乀,乀,乀,fú,fu,2,ㄈㄨ
槑,槑,槑,méi,mei,2,ㄇㄟ
冋,冋,冋,jiōng,jiong,1,ㄐㄩㄥ
醚,醚,醚,mí,mi,2,ㄇㄧ
㵮,㵮,㵮,chún,chun,2,ㄔㄨㄣ
胬,胬,胬,nǔ,nu,3,ㄋㄨ
䐚,䐚,䐚,jí,ji,2,ㄐㄧ
赃,贓,赃,zāng,zang,1,ㄗㄤ
错,錯,错,cuò,cuo,4,ㄘㄨㄛ
朏,朏,朏,fěi,fei,3,ㄈㄟ
枞,樅,枞,cōng,cong,1,ㄘㄨㄥ
宺,宺,宺,huǎng,huang,3,ㄏㄨㄤ
㿷,㿷,㿷,zào,zao,4,ㄗㄠ
獲,獲,获,huò,huo,4,ㄏㄨㄛ
㻍,㻍,㻍,wú,wu,2,ㄨ
䣫,䣫,䣫,lí,li,2,ㄌㄧ
㺛,㺛,㺛,zhù,zhu,4,ㄓㄨ
㘅,㘅,㘅,xián,xian,2,ㄒㄧㄢ
䠣,䠣,䠣,xuǎn,xuan,3,ㄒㄩㄢ
徠,徠,徕,lái,lai,2,ㄌㄞ
绾,綰,绾,wǎn,wan,3,ㄨㄢ
䮐,䮐,䮐,䮐,䮐,,
譜,譜,谱,pǔ,pu,3,ㄆㄨ
蝁,蝁,蝁,è,e,4,ㄜ
旁,旁,旁,páng,pang,2,ㄆㄤ
斜,斜,斜,xié,xie,2,ㄒㄧㄝ
蘦,蘦,蘦,líng,ling,2,ㄌㄧㄥ
隟,隟,隟,xì,xi,4,ㄒㄧ
㩳,㩳,㧐,sǒng,song,3,ㄙㄨㄥ
銫,銫,铯,sè,se,4,ㄙㄜ
尠,尠,尠,xiǎn,xian,3,ㄒㄧㄢ
柃,柃,柃,líng,ling,2,ㄌㄧㄥ
埧,埧,埧,jù,ju,4,ㄐㄩ
釔,釔,钇,yǐ,yi,3,ㄧ
㠊,㠊,㠊,qū,qu,1,ㄑㄩ
烙,烙,烙,luò,luo,4,ㄌㄨㄛ
捆,捆,捆,kǔn,kun,3,ㄎㄨㄣ
櫚,櫚,榈,lv́,lu,2,ㄌㄨ
䐦,䐦,䐦,䐦,䐦,,
䃸,䃸,䃸,xiàn,xian,4,ㄒㄧㄢ
您,您,您,nín,nin,2,ㄋㄧㄣ
齢,齢,齢,líng,ling,2,ㄌㄧㄥ
㰮,㰮,㰮,shèn,shen,4,ㄕㄣ
秓,秓,秓,zhī,zhi,1,ㄓ
锻,鍛,锻,duàn,duan,4,ㄉㄨㄢ
滱,滱,滱,kòu,kou,4,ㄎㄡ
酪,酪,酪,lào,lao,4,ㄌㄠ
烚,烚,烚,xiá,xia,2,ㄒㄧㄚ
粋,粋,粋,cùi,cui,4,ㄘㄨㄟ
钻,鑽,钻,zuàn,zuan,4,ㄗㄨㄢ
遙,遙,遥,yáo,yao,2,ㄧㄠ
㿉,㿉,㿉,túi,tui,2,ㄊㄨㄟ
楁,楁,楁,hé,he,2,ㄏㄜ
崩,崩,崩,bēng,beng,1,ㄅㄥ
农,農,农,nóng,nong,2,ㄋㄨㄥ
鴺,鴺,鴺,yí,yi,2,ㄧ
闯,闖,闯,chuǎng,chuang,3,ㄔㄨㄤ
鷅,鷅,鷅,lì,li,4,ㄌㄧ
鹛,鶥,鹛,méi,mei,2,ㄇㄟ
㹓,㹓,㹓,yì,yi,4,ㄧ
㡣,㡣,㡣,lóng,long,2,ㄌㄨㄥ
鉶,鉶,铏,xíng,xing,2,ㄒㄧㄥ
凇,凇,凇,sōng,song,1,ㄙㄨㄥ
湯,湯,汤,tāng,tang,1,ㄊㄤ
悇,悇,悇,yù,yu,4,ㄩ
䴆,䴆,䴆,pú,pu,2,ㄆㄨ
盯,盯,盯,dīng,ding,1,ㄉㄧㄥ
肺,肺,肺,fèi,fei,4,ㄈㄟ
頨,頨,頨,piān,pian,1,ㄆㄧㄢ
淔,淔,淔,chì,chi,4,ㄔ
驮,馱,驮,tuó,tuo,2,ㄊㄨㄛ
艔,艔,艔,艔,艔,,
牳,牳,牳,mǔ,mu,3,ㄇㄨ
馧,馧,馧,wēn,wen,1,ㄨㄣ
瓮,甕,瓮,wèng,weng,4,ㄨㄥ
擪,擪,擪,yè,ye,4,ㄧㄝ
睌,睌,睌,wǎn,wan,3,ㄨㄢ
崻,崻,崻,zhì,zhi,4,ㄓ
鯙,鯙,鯙,chún,chun,2,ㄔㄨㄣ
䙔,䙔,䙔,䙔,䙔,,
㭩,㭩,㭩,lèi,lei,4,ㄌㄟ
竨,竨,竨,diào,diao,4,ㄉㄧㄠ
仢,仢,仢,dí,di,2,ㄉㄧ
櫑,櫑,櫑,lěi,lei,3,ㄌㄟ
颛,顓,颛,zhuān,zhuan,1,ㄓㄨㄢ
厱,厱,厱,lán,lan,2,ㄌㄢ
峩,峩,峩,é,e,2,ㄜ
罀,罀,罀,罀,罀,,
饒,饒,饶,ráo,rao,2,ㄖㄠ
燔,燔,燔,fán,fan,2,ㄈㄢ
脴,脴,脴,pǐ,pi,3,ㄆㄧ
鷮,鷮,鷮,jiāo,jiao,1,ㄐㄧㄠ
䬾,䬾,䬾,tí,ti,2,ㄊㄧ
伀,伀,伀,zhōng,zhong,1,ㄓㄨㄥ
銾,銾,銾,gǒng,gong,3,ㄍㄨㄥ
䧏,䧏,䧏,䧏,䧏,,
郔,郔,郔,yán,yan,2,ㄧㄢ
駼,駼,駼,tú,tu,2,ㄊㄨ
濅,濅,濅,jìn,jin,4,ㄐㄧㄣ
耦,耦,耦,ǒu,ou,3,ㄡ
奱,奱,奱,lián,lian,2,ㄌㄧㄢ
扏,扏,扏,qíu,qiu,2,ㄑㄧㄡ
淩,淩,凌,líng,ling,2,ㄌㄧㄥ
閍,閍,閍,bēng,beng,1,ㄅㄥ
㱴,㱴,㱴,zì,zi,4,ㄗ
嬖,嬖,嬖,bì,bi,4,ㄅㄧ
熀,熀,熀,huǎng,huang,3,ㄏㄨㄤ
賂,賂,赂,lù,lu,4,ㄌㄨ
䌉,䌉,䌉,䌉,䌉,,
璍,璍,璍,璍,璍,,
㒈,㒈,㒈,hàn,han,4,ㄏㄢ
柑,柑,柑,gān,gan,1,ㄍㄢ
欭,欭,欭,yì,yi,4,ㄧ
踘,踘,踘,jú,ju,2,ㄐㄩ
狌,狌,狌,shēng,sheng,1,ㄕㄥ
蜠,蜠,蜠,jǔn,jun,3,ㄐㄩㄣ
漻,漻,漻,liáo,liao,2,ㄌㄧㄠ
㶛,㶛,㶛,yú,yu,2,ㄩ
廌,廌,廌,zhì,zhi,4,ㄓ
䚛,䚛,䚛,hú,hu,2,ㄏㄨ
鈹,鈹,铍,pī,pi,1,ㄆㄧ
龋,齲,龋,qǔ,qu,3,ㄑㄩ
䂊,䂊,䂊,yù,yu,4,ㄩ
韥,韥,韥,dú,du,2,ㄉㄨ
蔚,蔚,蔚,wèi,wei,4,ㄨㄟ
俛,俛,俛,fǔ,fu,3,ㄈㄨ
䫴,䫴,䫴,jìn,jin,4,ㄐㄧㄣ
㖨,㖨,㖨,lù,lu,4,ㄌㄨ
峷,峷,峷,shēn,shen,1,ㄕㄣ
觺,觺,觺,yí,yi,2,ㄧ
梈,梈,梈,pēng,peng,1,ㄆㄥ
䭔,䭔,䭔,䭔,䭔,,
䗿,䗿,䗿,níng,ning,2,ㄋㄧㄥ
纄,纄,纄,péng,peng,2,ㄆㄥ
鵁,鵁,䴔,jiāo,jiao,1,ㄐㄧㄠ
㨄,㨄,㨄,zhào,zhao,4,ㄓㄠ
竸,竸,竸,jìng,jing,4,ㄐㄧㄥ
䂿,䂿,䂿,tà,ta,4,ㄊㄚ
㫰,㫰,㫰,lǎng,lang,3,ㄌㄤ
棝,棝,棝,gù,gu,4,ㄍㄨ
䉋,䉋,䉋,mèi,mei,4,ㄇㄟ
㐫,㐫,㐫,xiōng,xiong,1,ㄒㄩㄥ
櫉,櫉,櫉,chú,chu,2,ㄔㄨ
駾,駾,駾,tùi,tui,4,ㄊㄨㄟ
栟,栟,栟,bīng,bing,1,ㄅㄧㄥ
㙬,㙬,㙬,yín,yin,2,ㄧㄣ
厑,厑,厑,厑,厑,,
孰,孰,孰,shú,shu,2,ㄕㄨ
笟,笟,笟,gū,gu,1,ㄍㄨ
㒽,㒽,㒽,㒽,㒽,,
䊍,䊍,䊍,lí,li,2,ㄌㄧ
䇦,䇦,䇦,yǎng,yang,3,ㄧㄤ
厈,厈,厈,hǎn,han,3,ㄏㄢ
吰,吰,吰,hóng,hong,2,ㄏㄨㄥ
陸,陸,陆,lù,lu,4,ㄌㄨ
杮,杮,杮,fèi,fei,4,ㄈㄟ
漇,漇,漇,xǐ,xi,3,ㄒㄧ
鞈,鞈,鞈,jiá,jia,2,ㄐㄧㄚ
孻,孻,孻,lái,lai,2,ㄌㄞ
瑌,瑌,瑌,ruǎn,ruan,3,ㄖㄨㄢ
蝳,蝳,蝳,dú,du,2,ㄉㄨ
箶,箶,箶,hú,hu,2,ㄏㄨ
䑘,䑘,䑘,chá,cha,2,ㄔㄚ
䢞,䢞,䢞,nù,nu,4,ㄋㄨ
庒,庒,庒,庒,庒,,
紀,紀,纪,jì,ji,4,ㄐㄧ
㡹,㡹,㡹,cì,ci,4,ㄘ
襍,襍,襍,zá,za,2,ㄗㄚ
饯,餞,饯,jiàn,jian,4,ㄐㄧㄢ
軡,軡,軡,fǎn,fan,3,ㄈㄢ
蕆,蕆,蒇,chǎn,chan,3,ㄔㄢ
熪,熪,熪,yí,yi,2,ㄧ
蚌,蚌,蚌,bàng,bang,4,ㄅㄤ
鲥,鰣,鲥,shí,shi,2,ㄕ
精,精,精,jīng,jing,1,ㄐㄧㄥ
鑬,鑬,鑬,jiàn,jian,4,ㄐㄧㄢ
儠,儠,儠,liè,lie,4,ㄌㄧㄝ
䎕,䎕,䎕,䎕,䎕,,
珩,珩,珩,héng,heng,2,ㄏㄥ
冺,冺,冺,mǐn,min,3,ㄇㄧㄣ
睬,睬,睬,cǎi,cai,3,ㄘㄞ
犯,犯,犯,fàn,fan,4,ㄈㄢ
㥳,㥳,㥳,yuán,yuan,2,ㄩㄢ
瓊,瓊,琼,qióng,qiong,2,ㄑㄩㄥ
䡣,䡣,䡣,䡣,䡣,,
乲,乲,乲,乲,乲,,
陷,陷,陷,xiàn,xian,4,ㄒㄧㄢ
诐,詖,诐,bì,bi,4,ㄅㄧ
䆘,䆘,䆘,cuán,cuan,2,ㄘㄨㄢ
斪,斪,斪,qú,qu,2,ㄑㄩ
䭫,䭫,䭫,qǐ,qi,3,ㄑㄧ
聍,聹,聍,níng,ning,2,ㄋㄧㄥ
羫,羫,羫,qiāng,qiang,1,ㄑㄧㄤ
棺,棺,棺,guān,guan,1,ㄍㄨㄢ
䍵,䍵,䍵,䍵,䍵,,
銆,銆,銆,mò,mo,4,ㄇㄛ
奛,奛,奛,xiǎng,xiang,3,ㄒㄧㄤ
洭,洭,洭,kuāng,kuang,1,ㄎㄨㄤ
炰,炰,炰,páo,pao,2,ㄆㄠ
鴆,鴆,鸩,zhèn,zhen,4,ㄓㄣ
仐,仐,仐,sǎn,san,3,ㄙㄢ
鑇,鑇,鑇,jī,ji,1,ㄐㄧ
嫬,嫬,嫬,zhē,zhe,1,ㄓㄜ
肆,肆,肆,sì,si,4,ㄙ
愫,愫,愫,sù,su,4,ㄙㄨ
摚,摚,摚,táng,tang,2,ㄊㄤ
舍,捨,舍,shè,she,4,ㄕㄜ
㿝,㿝,㿝,㿝,㿝,,
㝚,㝚,㝚,㝚,㝚,,
㔄,㔄,㔄,sù,su,4,ㄙㄨ
蘵,蘵,蘵,zhí,zhi,2,ㄓ
䡫,䡫,䡫,péng,peng,2,ㄆㄥ
䩼,䩼,䩼,féng,feng,2,ㄈㄥ
鬭,鬭,鬭,dòu,dou,4,ㄉㄡ
熡,熡,熡,lóu,lou,2,ㄌㄡ
㺁,㺁,㺁,nǎo,nao,3,ㄋㄠ
竃,竃,竃,zào,zao,4,ㄗㄠ
旡,旡,旡,jì,ji,4,ㄐㄧ
聏,聏,聏,ér,er,2,ㄦ
繁,繁,繁,fán,fan,2,ㄈㄢ
䁱,䁱,䁱,ào,ao,4,ㄠ
箪,簞,箪,dān,dan,1,ㄉㄢ
乏,乏,乏,fá,fa,2,ㄈㄚ
愢,愢,愢,sāi,sai,1,ㄙㄞ
䙎,䙎,䙎,xié,xie,2,ㄒㄧㄝ
㸜,㸜,㸜,kòng,kong,4,ㄎㄨㄥ
傴,傴,伛,yǔ,yu,3,ㄩ
㲁,㲁,㲁,㲁,㲁,,
斟,斟,斟,zhēn,zhen,1,ㄓㄣ
秌,秌,秌,qīu,qiu,1,ㄑㄧㄡ
陙,陙,陙,chún,chun,2,ㄔㄨㄣ
䜆,䜆,䜆,mò,mo,4,ㄇㄛ
䑲,䑲,䑲,chè,che,4,ㄔㄜ
䓔,䓔,䓔,䓔,䓔,,
焛,焛,焛,lìn,lin,4,ㄌㄧㄣ
擩,擩,擩,rǔ,ru,3,ㄖㄨ
㺄,㺄,㺄,yǔ,yu,3,ㄩ
誼,誼,谊,yì,yi,4,ㄧ
繕,繕,缮,shàn,shan,4,ㄕㄢ
杬,杬,杬,yuán,yuan,2,ㄩㄢ
貒,貒,貒,tuān,tuan,1,ㄊㄨㄢ
詼,詼,诙,hūi,hui,1,ㄏㄨㄟ
蚼,蚼,蚼,gǒu,gou,3,ㄍㄡ
戢,戢,戢,jí,ji,2,ㄐㄧ
硪,硪,硪,é,e,2,ㄜ
噧,噧,噧,hùi,hui,4,ㄏㄨㄟ
磰,磰,磰,shàn,shan,4,ㄕㄢ
眤,眤,眤,yí,yi,2,ㄧ
牝,牝,牝,pìn,pin,4,ㄆㄧㄣ
鼱,鼱,鼱,jīng,jing,1,ㄐㄧㄥ
㱈,㱈,㱈,jìn,jin,4,ㄐㄧㄣ
㤝,㤝,㤝,㤝,㤝,,
祅,祅,祅,yāo,yao,1,ㄧㄠ
柠,檸,柠,níng,ning,2,ㄋㄧㄥ
禀,稟,禀,bǐng,bing,3,ㄅㄧㄥ
䋏,䋏,䋏,zuò,zuo,4,ㄗㄨㄛ
㗕,㗕,㗕,gòu,gou,4,ㄍㄡ
䱙,䱙,䱙,䱙,䱙,,
睂,睂,睂,méi,mei,2,ㄇㄟ
蟛,蟛,蟛,péng,peng,2,ㄆㄥ
踽,踽,踽,jǔ,ju,3,ㄐㄩ
鵂,鵂,鸺,xīu,xiu,1,ㄒㄧㄡ
濎,濎,濎,dǐng,ding,3,ㄉㄧㄥ
罄,罄,罄,qìng,qing,4,ㄑㄧㄥ
鼩,鼩,鼩,qú,qu,2,ㄑㄩ
辫,辮,辫,biàn,bian,4,ㄅㄧㄢ
㟛,㟛,㟛,zàn,zan,4,ㄗㄢ
氀,氀,氀,lv́,lu,2,ㄌㄨ
蝒,蝒,蝒,mián,mian,2,ㄇㄧㄢ
録,録,録,lù,lu,4,ㄌㄨ
䍪,䍪,䍪,kùi,kui,4,ㄎㄨㄟ
埠,埠,埠,bù,bu,4,ㄅㄨ
魣,魣,魣,xù,xu,4,ㄒㄩ
僱,僱,僱,gù,gu,4,ㄍㄨ
揵,揵,揵,qián,qian,2,ㄑㄧㄢ
塕,塕,塕,wěng,weng,3,ㄨㄥ
锤,錘,锤,chúi,chui,2,ㄔㄨㄟ
㹎,㹎,㹎,léi,lei,2,ㄌㄟ
䦉,䦉,䦉,䦉,䦉,,
儺,儺,傩,nuó,nuo,2,ㄋㄨㄛ
蹽,蹽,蹽,liāo,liao,1,ㄌㄧㄠ
熹,熹,熹,xī,xi,1,ㄒㄧ
抧,抧,抧,zhǐ,zhi,3,ㄓ
钚,鈈,钚,bù,bu,4,ㄅㄨ
綱,綱,纲,gāng,gang,1,ㄍㄤ
抁,抁,抁,yǎn,yan,3,ㄧㄢ
鲆,鮃,鲆,píng,ping,2,ㄆㄧㄥ
咊,咊,咊,hé,he,2,ㄏㄜ
鉬,鉬,钼,mù,mu,4,ㄇㄨ
欁,欁,欁,nóng,nong,2,ㄋㄨㄥ
俪,儷,俪,lì,li,4,ㄌㄧ
樜,樜,樜,shù,shu,4,ㄕㄨ
象,象,象,xiàng,xiang,4,ㄒㄧㄤ
鉖,鉖,鉖,tóng,tong,2,ㄊㄨㄥ
䢣,䢣,䢣,yáo,yao,2,ㄧㄠ
砆,砆,砆,fū,fu,1,ㄈㄨ
夌,夌,夌,líng,ling,2,ㄌㄧㄥ
爽,爽,爽,shuǎng,shuang,3,ㄕㄨㄤ
㼠,㼠,㼠,tuó,tuo,2,ㄊㄨㄛ
庌,庌,庌,yǎ,ya,3,ㄧㄚ
疉,疉,疉,dié,die,2,ㄉㄧㄝ
㮂,㮂,㮂,jú,ju,2,ㄐㄩ
候,候,候,hòu,hou,4,ㄏㄡ
溋,溋,溋,溋,溋,,
䅆,䅆,䅆,zì,zi,4,ㄗ
坒,坒,坒,bì,bi,4,ㄅㄧ
砞,砞,砞,mò,mo,4,ㄇㄛ
鱃,鱃,鱃,qīu,qiu,1,ㄑㄧㄡ
餖,餖,饾,dòu,dou,4,ㄉㄡ
㪎,㪎,㪎,shǎn,shan,3,ㄕㄢ
鉨,鉨,鉨,nǐ,ni,3,ㄋㄧ
㗑,㗑,㗑,bài,bai,4,ㄅㄞ
颗,顆,颗,kē,ke,1,ㄎㄜ
䍊,䍊,䍊,jué,jue,2,ㄐㄩㄝ
䬳,䬳,䬳,bǎn,ban,3,ㄅㄢ
鸟,鳥,鸟,niǎo,niao,3,ㄋㄧㄠ
菭,菭,菭,tái,tai,2,ㄊㄞ
䎈,䎈,䎈,yì,yi,4,ㄧ
歴,歴,歴,lì,li,4,ㄌㄧ
楾,楾,楾,楾,楾,,
㶾,㶾,㶾,㶾,㶾,,
梸,梸,梸,lí,li,2,ㄌㄧ
喡,喡,喡,wěi,wei,3,ㄨㄟ
鼬,鼬,鼬,yòu,you,4,ㄧㄡ
㖅,㖅,㖅,xù,xu,4,ㄒㄩ
隡,隡,隡,隡,隡,,
仩,仩,仩,仩,仩,,
庆,慶,庆,qìng,qing,4,ㄑㄧㄥ
畺,畺,畺,jiāng,jiang,1,ㄐㄧㄤ
淙,淙,淙,cóng,cong,2,ㄘㄨㄥ
嚬,嚬,嚬,pín,pin,2,ㄆㄧㄣ
䤩,䤩,䤩,chá,cha,2,ㄔㄚ
矩,矩,矩,jǔ,ju,3,ㄐㄩ
櫕,櫕,櫕,cuán,cuan,2,ㄘㄨㄢ
峴,峴,岘,xiàn,xian,4,ㄒㄧㄢ
碇,碇,碇,dìng,ding,4,ㄉㄧㄥ
㙎,㙎,㙎,㙎,㙎,,
纝,纝,纝,léi,lei,2,ㄌㄟ
哧,哧,哧,chī,chi,1,ㄔ
倈,倈,倈,lái,lai,2,ㄌㄞ
裟,裟,裟,shā,sha,1,ㄕㄚ
飰,飰,飰,fàn,fan,4,ㄈㄢ
䶶,䶶,䶶,䶶,䶶,,
䁡,䁡,䁡,䁡,䁡,,
䢖,䢖,䢖,lv̀,lu,4,ㄌㄨ
梀,梀,梀,cù,cu,4,ㄘㄨ
契,契,契,qì,qi,4,ㄑㄧ
㜆,㜆,㜆,mì,mi,4,ㄇㄧ
䗻,䗻,䗻,jié,jie,2,ㄐㄧㄝ
䋎,䋎,䋎,zhàn,zhan,4,ㄓㄢ
琞,琞,琞,shèng,sheng,4,ㄕㄥ
殟,殟,殟,wēn,wen,1,ㄨㄣ
硷,鹼,硷,jiǎn,jian,3,ㄐㄧㄢ
岭,嶺,岭,líng,ling,2,ㄌㄧㄥ
瘜,瘜,瘜,xí,xi,2,ㄒㄧ
䞣,䞣,䞣,chě,che,3,ㄔㄜ
闇,闇,闇,àn,an,4,ㄢ
㫬,㫬,㫬,㫬,㫬,,
烗,烗,烗,kài,kai,4,ㄎㄞ
䟐,䟐,䟐,lì,li,4,ㄌㄧ
宽,寬,宽,kuān,kuan,1,ㄎㄨㄢ
謓,謓,謓,chēn,chen,1,ㄔㄣ
䴮,䴮,䴮,shàn,shan,4,ㄕㄢ
㬽,㬽,㬽,㬽,㬽,,
䳠,䳠,䳠,chúi,chui,2,ㄔㄨㄟ
橨,橨,橨,fén,fen,2,ㄈㄣ
簕,簕,簕,lè,le,4,ㄌㄜ
鞝,鞝,鞝,zhǎng,zhang,3,ㄓㄤ
砡,砡,砡,yù,yu,4,ㄩ
僦,僦,僦,jìu,jiu,4,ㄐㄧㄡ
枉,枉,枉,wǎng,wang,3,ㄨㄤ
䞓,䞓,䞓,chēng,cheng,1,ㄔㄥ
䦝,䦝,䦝,䦝,䦝,,
渋,渋,渋,渋,渋,,
逴,逴,逴,chuò,chuo,4,ㄔㄨㄛ
謇,謇,謇,jiǎn,jian,3,ㄐㄧㄢ
俀,俀,俀,tǔi,tui,3,ㄊㄨㄟ
鲾,鰏,鲾,bì,bi,4,ㄅㄧ
眈,眈,眈,dān,dan,1,ㄉㄢ
父,父,父,fù,fu,4,ㄈㄨ
䘧,䘧,䘧,䘧,䘧,,
檗,檗,檗,bò,bo,4,ㄅㄛ
䡋,䡋,䡋,qí,qi,2,ㄑㄧ
錣,錣,錣,zhuó,zhuo,2,ㄓㄨㄛ
䐸,䐸,䐸,guó,guo,2,ㄍㄨㄛ
䑆,䑆,䑆,yǎng,yang,3,ㄧㄤ
䘣,䘣,䘣,zǐ,zi,3,ㄗ
䐶,䐶,䐶,jǐn,jin,3,ㄐㄧㄣ
櫴,櫴,櫴,lài,lai,4,ㄌㄞ
盼,盼,盼,pàn,pan,4,ㄆㄢ
鞍,鞍,鞍,ān,an,1,ㄢ
䕛,䕛,䕛,jiá,jia,2,ㄐㄧㄚ
垌,垌,垌,dòng,dong,4,ㄉㄨㄥ
罅,罅,罅,xià,xia,4,ㄒㄧㄚ
絍,絍,絍,rén,ren,2,ㄖㄣ
饻,餏,饻,yī,yi,1,ㄧ
敼,敼,敼,xǐ,xi,3,ㄒㄧ
㩓,㩓,㩓,hǔi,hui,3,ㄏㄨㄟ
䏞,䏞,䏞,mò,mo,4,ㄇㄛ
順,順,顺,shùn,shun,4,ㄕㄨㄣ
是,是,是,shì,shi,4,ㄕ
琒,琒,琒,琒,琒,,
彑,彑,彑,jì,ji,4,ㄐㄧ
鶹,鶹,鹠,líu,liu,2,ㄌㄧㄡ
泋,泋,泋,hùi,hui,4,ㄏㄨㄟ
佈,佈,佈,bù,bu,4,ㄅㄨ
䪹,䪹,䪹,péi,pei,2,ㄆㄟ
腻,膩,腻,nì,ni,4,ㄋㄧ
搰,搰,搰,hú,hu,2,ㄏㄨ
瘠,瘠,瘠,jí,ji,2,ㄐㄧ
㜻,㜻,㜻,liàn,lian,4,ㄌㄧㄢ
㶇,㶇,㶇,héng,heng,2,ㄏㄥ
僙,僙,僙,guāng,guang,1,ㄍㄨㄤ
㺙,㺙,㺙,㺙,㺙,,
魪,魪,魪,jiè,jie,4,ㄐㄧㄝ
粹,粹,粹,cùi,cui,4,ㄘㄨㄟ
葴,葴,葴,zhēn,zhen,1,ㄓㄣ
鱉,鱉,鳖,biē,bie,1,ㄅㄧㄝ
樺,樺,桦,huà,hua,4,ㄏㄨㄚ
㔤,㔤,㔤,shěn,shen,3,ㄕㄣ
㠈,㠈,㠈,rùn,run,4,ㄖㄨㄣ
涫,涫,涫,guàn,guan,4,ㄍㄨㄢ
瀑,瀑,瀑,pù,pu,4,ㄆㄨ
軰,軰,軰,bèi,bei,4,ㄅㄟ
詚,詚,詚,dá,da,2,ㄉㄚ
劘,劘,劘,mó,mo,2,ㄇㄛ
寫,寫,写,xiě,xie,3,ㄒㄧㄝ
䞽,䞽,䞽,suǒ,suo,3,ㄙㄨㄛ
场,場,场,cháng,chang,2,ㄔㄤ
䩯,䩯,䩯,jí,ji,2,ㄐㄧ
愥,愥,愥,愥,愥,,
唪,唪,唪,fěng,feng,3,ㄈㄥ
镔,鑌,镔,bīn,bin,1,ㄅㄧㄣ
㗲,㗲,㗲,huò,huo,4,ㄏㄨㄛ
烣,烣,烣,hūi,hui,1,ㄏㄨㄟ
駯,駯,駯,駯,駯,,
䑭,䑭,䑭,dì,di,4,ㄉㄧ
䉮,䉮,䉮,lìn,lin,4,ㄌㄧㄣ
籹,籹,籹,nǔ,nu,3,ㄋㄨ
㾁,㾁,㾁,shù,shu,4,ㄕㄨ
㑅,㑅,㑅,zuò,zuo,4,ㄗㄨㄛ
證,證,证,zhèng,zheng,4,ㄓㄥ
齡,齡,龄,líng,ling,2,ㄌㄧㄥ
糅,糅,糅,rǒu,rou,3,ㄖㄡ
㛐,㛐,㛐,sǒu,sou,3,ㄙㄡ
韝,韝,鞴,gōu,gou,1,ㄍㄡ
蛠,蛠,蛠,lì,li,4,ㄌㄧ
铸,鑄,铸,zhù,zhu,4,ㄓㄨ
㦫,㦫,㦫,㦫,㦫,,
盍,盍,盍,hé,he,2,ㄏㄜ
㴲,㴲,㴲,㴲,㴲,,
㚤,㚤,㚤,yì,yi,4,ㄧ
䢩,䢩,䢩,yù,yu,4,ㄩ
眬,矓,眬,lóng,long,2,ㄌㄨㄥ
粡,粡,粡,tóng,tong,2,ㄊㄨㄥ
綃,綃,绡,xiāo,xiao,1,ㄒㄧㄠ
砿,砿,砿,砿,砿,,
褟,褟,褟,dá,da,2,ㄉㄚ
帅,帥,帅,shuài,shuai,4,ㄕㄨㄞ
矃,矃,矃,nǐng,ning,3,ㄋㄧㄥ
条,條,条,tiáo,tiao,2,ㄊㄧㄠ
㟴,㟴,㟴,kuài,kuai,4,ㄎㄨㄞ
狦,狦,狦,shān,shan,1,ㄕㄢ
汆,汆,汆,cuān,cuan,1,ㄘㄨㄢ
紐,紐,纽,nǐu,niu,3,ㄋㄧㄡ
嘀,嘀,嘀,dí,di,2,ㄉㄧ
羵,羵,羵,fěn,fen,3,ㄈㄣ
稫,稫,稫,bī,bi,1,ㄅㄧ
斸,斸,斸,zhǔ,zhu,3,ㄓㄨ
䠈,䠈,䠈,tú,tu,2,ㄊㄨ
紹,紹,绍,shào,shao,4,ㄕㄠ
喥,喥,喥,dù,du,4,ㄉㄨ
茉,茉,茉,mò,mo,4,ㄇㄛ
褙,褙,褙,bèi,bei,4,ㄅㄟ
㾋,㾋,㾋,xìu,xiu,4,ㄒㄧㄡ
籊,籊,籊,tì,ti,4,ㄊㄧ
系,係,系,xì,xi,4,ㄒㄧ
㫔,㫔,㫔,gèn,gen,4,ㄍㄣ
䦠,䦠,䦠,shǐ,shi,3,ㄕ
蚀,蝕,蚀,shí,shi,2,ㄕ
迬,迬,迬,wǎng,wang,3,ㄨㄤ
鱊,鱊,鱊,jué,jue,2,ㄐㄩㄝ
賫,賫,赍,jī,ji,1,ㄐㄧ
滺,滺,滺,yóu,you,2,ㄧㄡ
傓,傓,傓,shàn,shan,4,ㄕㄢ
字,字,字,zì,zi,4,ㄗ
毑,毑,毑,zuǒ,zuo,3,ㄗㄨㄛ
㶗,㶗,㶗,fàn,fan,4,ㄈㄢ
㠶,㠶,㠶,fán,fan,2,ㄈㄢ
託,託,託,tuō,tuo,1,ㄊㄨㄛ
頫,頫,頫,fǔ,fu,3,ㄈㄨ
籅,籅,籅,yú,yu,2,ㄩ
䶭,䶭,䶭,䶭,䶭,,
遮,遮,遮,zhē,zhe,1,ㄓㄜ
䅍,䅍,䅍,dòng,dong,4,ㄉㄨㄥ
襶,襶,襶,dài,dai,4,ㄉㄞ
呆,呆,呆,dāi,dai,1,ㄉㄞ
平,平,平,píng,ping,2,ㄆㄧㄥ
蝖,蝖,蝖,xuān,xuan,1,ㄒㄩㄢ
齂,齂,齂,xì,xi,4,ㄒㄧ
踿,踿,踿,zú,zu,2,ㄗㄨ
圓,圓,圆,yuán,yuan,2,ㄩㄢ
厒,厒,厒,hé,he,2,ㄏㄜ
迟,遲,迟,chí,chi,2,ㄔ
骎,駸,骎,qīn,qin,1,ㄑㄧㄣ
侤,侤,侤,侤,侤,,
賸,賸,賸,shèng,sheng,4,ㄕㄥ
䉱,䉱,䉱,䉱,䉱,,
薕,薕,薕,lián,lian,2,ㄌㄧㄢ
鯬,鯬,鯬,lí,li,2,ㄌㄧ
浫,浫,浫,hǎn,han,3,ㄏㄢ
怸,怸,怸,xī,xi,1,ㄒㄧ
挖,挖,挖,wā,wa,1,ㄨㄚ
㱎,㱎,㱎,㱎,㱎,,
崄,嶮,崄,xiǎn,xian,3,ㄒㄧㄢ
掷,擲,掷,zhí,zhi,2,ㄓ
磮,磮,磮,磮,磮,,
闼,闥,闼,tà,ta,4,ㄊㄚ
嫙,嫙,嫙,xuán,xuan,2,ㄒㄩㄢ
蜗,蝸,蜗,guā,gua,1,ㄍㄨㄚ
紭,紭,紭,hóng,hong,2,ㄏㄨㄥ
蛌,蛌,蛌,gǔ,gu,3,ㄍㄨ
蟬,蟬,蝉,chán,chan,2,ㄔㄢ
誶,誶,谇,sùi,sui,4,ㄙㄨㄟ
䴒,䴒,䴒,líng,ling,2,ㄌㄧㄥ
诤,諍,诤,zhēng,zheng,1,ㄓㄥ
䡾,䡾,䡾,nèi,nei,4,ㄋㄟ
荱,荱,荱,wěi,wei,3,ㄨㄟ
蕴,蘊,蕴,yùn,yun,4,ㄩㄣ
羭,羭,羭,yú,yu,2,ㄩ
蕀,蕀,蕀,jí,ji,2,ㄐㄧ
債,債,债,zhài,zhai,4,ㄓㄞ
捤,捤,捤,捤,捤,,
澮,澮,浍,kuài,kuai,4,ㄎㄨㄞ
閗,閗,閗,dòu,dou,4,ㄉㄡ
䫝,䫝,䫝,fǔ,fu,3,ㄈㄨ
様,様,様,yàng,yang,4,ㄧㄤ
艬,艬,艬,chán,chan,2,ㄔㄢ
鞊,鞊,鞊,jí,ji,2,ㄐㄧ
嶞,嶞,嶞,duò,duo,4,ㄉㄨㄛ
恴,恴,恴,dé,de,2,ㄉㄜ
燀,燀,燀,chǎn,chan,3,ㄔㄢ
䩮,䩮,䩮,lù,lu,4,ㄌㄨ
殼,殼,壳,ké,ke,2,ㄎㄜ
䤭,䤭,䤭,kuàn,kuan,4,ㄎㄨㄢ
㻖,㻖,㻖,dài,dai,4,ㄉㄞ
礸,礸,礸,zǎn,zan,3,ㄗㄢ
限,限,限,xiàn,xian,4,ㄒㄧㄢ
䅀,䅀,䅀,liè,lie,4,ㄌㄧㄝ
焜,焜,焜,kūn,kun,1,ㄎㄨㄣ
餗,餗,餗,sù,su,4,ㄙㄨ
睗,睗,睗,shì,shi,4,ㄕ
巼,巼,巼,巼,巼,,
派,派,派,pài,pai,4,ㄆㄞ
㓽,㓽,㓽,chóng,chong,2,ㄔㄨㄥ
癏,癏,癏,guān,guan,1,ㄍㄨㄢ
霶,霶,霶,páng,pang,2,ㄆㄤ
揷,揷,揷,chā,cha,1,ㄔㄚ
刨,刨,刨,bào,bao,4,ㄅㄠ
媥,媥,媥,piān,pian,1,ㄆㄧㄢ
㳴,㳴,㳴,mì,mi,4,ㄇㄧ
垙,垙,垙,guāng,guang,1,ㄍㄨㄤ
扎,紮,扎,zhā,zha,1,ㄓㄚ
艮,艮,艮,gèn,gen,4,ㄍㄣ
薄,薄,薄,bó,bo,2,ㄅㄛ
乫,乫,乫,jiā,jia,1,ㄐㄧㄚ
曜,曜,曜,yào,yao,4,ㄧㄠ
阾,阾,阾,lǐng,ling,3,ㄌㄧㄥ
蜙,蜙,蜙,sōng,song,1,ㄙㄨㄥ
匜,匜,匜,yí,yi,2,ㄧ
勚,勩,勚,yì,yi,4,ㄧ
體,體,体,tǐ,ti,3,ㄊㄧ
䰄,䰄,䰄,shì,shi,4,ㄕ
抻,抻,抻,shèn,shen,4,ㄕㄣ
瞪,瞪,瞪,dèng,deng,4,ㄉㄥ
礄,礄,硚,qiáo,qiao,2,ㄑㄧㄠ
喷,噴,喷,pēn,pen,1,ㄆㄣ
錸,錸,铼,lái,lai,2,ㄌㄞ
蜯,蜯,蜯,bàng,bang,4,ㄅㄤ
窍,竅,窍,qiào,qiao,4,ㄑㄧㄠ
䔐,䔐,䔐,䔐,䔐,,
㼼,㼼,㼼,piáo,piao,2,ㄆㄧㄠ
揣,揣,揣,chuǎi,chuai,3,ㄔㄨㄞ
轶,軼,轶,yì,yi,4,ㄧ
繽,繽,缤,bīn,bin,1,ㄅㄧㄣ
㢨,㢨,㢨,hàn,han,4,ㄏㄢ
䗎,䗎,䗎,䗎,䗎,,
閩,閩,闽,mǐn,min,3,ㄇㄧㄣ
痤,痤,痤,cuó,cuo,2,ㄘㄨㄛ
葡,葡,葡,pú,pu,2,ㄆㄨ
堏,堏,堏,堏,堏,,
飅,飅,飅,líu,liu,2,ㄌㄧㄡ
邟,邟,邟,kàng,kang,4,ㄎㄤ
綮,綮,綮,qǐ,qi,3,ㄑㄧ
䐉,䐉,䐉,zì,zi,4,ㄗ
螦,螦,螦,螦,螦,,
訏,訏,訏,xū,xu,1,ㄒㄩ
縲,縲,缧,léi,lei,2,ㄌㄟ
柟,柟,柟,nán,nan,2,ㄋㄢ
株,株,株,zhū,zhu,1,ㄓㄨ
喚,喚,唤,huàn,huan,4,ㄏㄨㄢ
㠢,㠢,㠢,huà,hua,4,ㄏㄨㄚ
鄦,鄦,鄦,xǔ,xu,3,ㄒㄩ
舻,艫,舻,lǔ,lu,3,ㄌㄨ
澈,澈,澈,chè,che,4,ㄔㄜ
㳁,㳁,㳁,zè,ze,4,ㄗㄜ
推,推,推,tūi,tui,1,ㄊㄨㄟ
鏯,鏯,鏯,鏯,鏯,,
䞚,䞚,䞚,qí,qi,2,ㄑㄧ
㮙,㮙,㮙,è,e,4,ㄜ
湠,湠,湠,tàn,tan,4,ㄊㄢ
獺,獺,獭,tǎ,ta,3,ㄊㄚ
蚟,蚟,蚟,wáng,wang,2,ㄨㄤ
芽,芽,芽,yá,ya,2,ㄧㄚ
峅,峅,峅,峅,峅,,
袈,袈,袈,jiā,jia,1,ㄐㄧㄚ
愻,愻,愻,sùn,sun,4,ㄙㄨㄣ
䖆,䖆,䖆,niàng,niang,4,ㄋㄧㄤ
露,露,露,lù,lu,4,ㄌㄨ
値,値,値,zhí,zhi,2,ㄓ
痔,痔,痔,zhì,zhi,4,ㄓ
鋮,鋮,鋮,chéng,cheng,2,ㄔㄥ
簝,簝,簝,liáo,liao,2,ㄌㄧㄠ
湧,湧,涌,yǒng,yong,3,ㄩㄥ
鑕,鑕,锧,zhì,zhi,4,ㄓ
跔,跔,跔,jū,ju,1,ㄐㄩ
㭧,㭧,㭧,㭧,㭧,,
叾,叾,叾,叾,叾,,
勆,勆,勆,láng,lang,2,ㄌㄤ
菳,菳,菳,jīn,jin,1,ㄐㄧㄣ
檒,檒,檒,fēng,feng,1,ㄈㄥ
䥩,䥩,䥩,wéi,wei,2,ㄨㄟ
䶫,䶫,䶫,kǎn,kan,3,ㄎㄢ
繖,繖,繖,sǎn,san,3,ㄙㄢ
彷,彷,彷,páng,pang,2,ㄆㄤ
蒤,蒤,蒤,tú,tu,2,ㄊㄨ
鏨,鏨,錾,zàn,zan,4,ㄗㄢ
阒,闃,阒,qù,qu,4,ㄑㄩ
䕢,䕢,䕢,zhǎ,zha,3,ㄓㄚ
㡬,㡬,㡬,㡬,㡬,,
亘,亙,亘,gèn,gen,4,ㄍㄣ
堾,堾,堾,chuǎn,chuan,3,ㄔㄨㄢ
㮅,㮅,㮅,㮅,㮅,,
埈,埈,埈,xùn,xun,4,ㄒㄩㄣ
㒟,㒟,㒟,niǎo,niao,3,ㄋㄧㄠ
䳶,䳶,䳶,䳶,䳶,,
雠,讎,雠,chóu,chou,2,ㄔㄡ
龦,龦,龦,龦,龦,,
觓,觓,觓,jīu,jiu,1,ㄐㄧㄡ
祯,禎,祯,zhēn,zhen,1,ㄓㄣ
脿,脿,脿,biāo,biao,1,ㄅㄧㄠ
饨,飩,饨,tún,tun,2,ㄊㄨㄣ
蘇,蘇,苏,sū,su,1,ㄙㄨ
俏,俏,俏,qiào,qiao,4,ㄑㄧㄠ
㘬,㘬,㘬,ào,ao,4,ㄠ
应,應,应,yìng,ying,4,ㄧㄥ
禹,禹,禹,yǔ,yu,3,ㄩ
柅,柅,柅,nǐ,ni,3,ㄋㄧ
磥,磥,磥,lěi,lei,3,ㄌㄟ
暜,暜,暜,jìn,jin,4,ㄐㄧㄣ
溇,漊,溇,lǔ,lu,3,ㄌㄨ
少,少,少,shǎo,shao,3,ㄕㄠ
竿,竿,竿,gān,gan,1,ㄍㄢ
嘁,嘁,嘁,qī,qi,1,ㄑㄧ
㴮,㴮,㴮,xiè,xie,4,ㄒㄧㄝ
賶,賶,賶,càng,cang,4,ㄘㄤ
竳,竳,竳,dēng,deng,1,ㄉㄥ
㞍,㞍,㞍,㞍,㞍,,
汚,汚,汚,wū,wu,1,ㄨ
䵥,䵥,䵥,shè,she,4,ㄕㄜ
䐑,䐑,䐑,zhé,zhe,2,ㄓㄜ
傅,傅,傅,fù,fu,4,ㄈㄨ
餿,餿,馊,sōu,sou,1,ㄙㄡ
䎹,䎹,䎹,wén,wen,2,ㄨㄣ
桁,桁,桁,héng,heng,2,ㄏㄥ
緖,緖,緖,xù,xu,4,ㄒㄩ
㨣,㨣,㨣,㨣,㨣,,
漢,漢,汉,hàn,han,4,ㄏㄢ
䤎,䤎,䤎,jú,ju,2,ㄐㄩ
珧,珧,珧,yáo,yao,2,ㄧㄠ
恞,恞,恞,yí,yi,2,ㄧ
詄,詄,詄,dié,die,2,ㄉㄧㄝ
痋,痋,痋,chóng,chong,2,ㄔㄨㄥ
䇑,䇑,䇑,bà,ba,4,ㄅㄚ
簸,簸,簸,bò,bo,4,ㄅㄛ
鳣,鱣,鳣,zhān,zhan,1,ㄓㄢ
仞,仞,仞,rèn,ren,4,ㄖㄣ
襮,襮,襮,bó,bo,2,ㄅㄛ
㽗,㽗,㽗,㽗,㽗,,
䝥,䝥,䝥,háo,hao,2,ㄏㄠ
楆,楆,楆,yāo,yao,1,ㄧㄠ
䤹,䤹,䤹,䤹,䤹,,
馭,馭,驭,yù,yu,4,ㄩ
㝖,㝖,㝖,yí,yi,2,ㄧ
礫,礫,砾,lì,li,4,ㄌㄧ
啊,啊,啊,a,a,5,ㄚ
堭,堭,堭,huáng,huang,2,ㄏㄨㄤ
莟,莟,莟,hàn,han,4,ㄏㄢ
撐,撐,撑,chēng,cheng,1,ㄔㄥ
驢,驢,驴,lv́,lu,2,ㄌㄨ
㖟,㖟,㖟,shòu,shou,4,ㄕㄡ
㽜,㽜,㽜,wǎn,wan,3,ㄨㄢ
鸶,鷥,鸶,sī,si,1,ㄙ
竐,竐,竐,chù,chu,4,ㄔㄨ
瑺,瑺,瑺,cháng,chang,2,ㄔㄤ
贌,贌,贌,贌,贌,,
吊,吊,吊,diào,diao,4,ㄉㄧㄠ
㕃,㕃,㕃,㕃,㕃,,
鮚,鮚,鲒,jié,jie,2,ㄐㄧㄝ
恋,戀,恋,liàn,lian,4,ㄌㄧㄢ
稺,稺,稺,zhì,zhi,4,ㄓ
腚,腚,腚,dìng,ding,4,ㄉㄧㄥ
躕,躕,蹰,chú,chu,2,ㄔㄨ
㙑,㙑,㙑,yǔ,yu,3,ㄩ
癚,癚,癚,dàn,dan,4,ㄉㄢ
㵂,㵂,㵂,chuǎng,chuang,3,ㄔㄨㄤ
䞈,䞈,䞈,gǔi,gui,3,ㄍㄨㄟ
鰜,鰜,鳒,jiān,jian,1,ㄐㄧㄢ
䍐,䍐,䍐,hǎn,han,3,ㄏㄢ
繾,繾,缱,qiǎn,qian,3,ㄑㄧㄢ
虧,虧,亏,kūi,kui,1,ㄎㄨㄟ
皰,皰,疱,pào,pao,4,ㄆㄠ
遣,遣,遣,qiǎn,qian,3,ㄑㄧㄢ
饥,飢,饥,jī,ji,1,ㄐㄧ
䕶,䕶,䕶,hù,hu,4,ㄏㄨ
㧎,㧎,㧎,yá,ya,2,ㄧㄚ
鵵,鵵,鵵,tù,tu,4,ㄊㄨ
箕,箕,箕,jī,ji,1,ㄐㄧ
窭,窶,窭,jù,ju,4,ㄐㄩ
㠫,㠫,㠫,㠫,㠫,,
崐,崐,崐,kūn,kun,1,ㄎㄨㄣ
驋,驋,驋,bō,bo,1,ㄅㄛ
篠,篠,篠,xiǎo,xiao,3,ㄒㄧㄠ
镡,鐔,镡,tán,tan,2,ㄊㄢ
寲,寲,寲,yí,yi,2,ㄧ
浺,浺,浺,chōng,chong,1,ㄔㄨㄥ
星,星,星,xīng,xing,1,ㄒㄧㄥ
俷,俷,俷,fèi,fei,4,ㄈㄟ
轪,軑,轪,dì,di,4,ㄉㄧ
霰,霰,霰,xiàn,xian,4,ㄒㄧㄢ
範,範,范,fàn,fan,4,ㄈㄢ
涹,涹,涹,wō,wo,1,ㄨㄛ
廙,廙,廙,yì,yi,4,ㄧ
梜,梜,梜,jiá,jia,2,ㄐㄧㄚ
捡,撿,捡,jiǎn,jian,3,ㄐㄧㄢ
㾜,㾜,㾜,qiè,qie,4,ㄑㄧㄝ
禲,禲,禲,lì,li,4,ㄌㄧ
㵛,㵛,㵛,㵛,㵛,,
烁,爍,烁,shuò,shuo,4,ㄕㄨㄛ
腩,腩,腩,nǎn,nan,3,ㄋㄢ
灃,灃,沣,fēng,feng,1,ㄈㄥ
痚,痚,痚,xiāo,xiao,1,ㄒㄧㄠ
痄,痄,痄,zhà,zha,4,ㄓㄚ
镍,鎳,镍,niè,nie,4,ㄋㄧㄝ
链,鏈,链,liàn,lian,4,ㄌㄧㄢ
蝯,蝯,蝯,yuán,yuan,2,ㄩㄢ
嵻,嵻,嵻,嵻,嵻,,
觨,觨,觨,hùn,hun,4,ㄏㄨㄣ
淃,淃,淃,juàn,juan,4,ㄐㄩㄢ
爵,爵,爵,jué,jue,2,ㄐㄩㄝ
翀,翀,翀,chōng,chong,1,ㄔㄨㄥ
囫,囫,囫,hú,hu,2,ㄏㄨ
桢,楨,桢,zhēn,zhen,1,ㄓㄣ
䞅,䞅,䞅,yí,yi,2,ㄧ
蹼,蹼,蹼,pú,pu,2,ㄆㄨ
跚,跚,跚,shān,shan,1,ㄕㄢ
褉,褉,褉,xiē,xie,1,ㄒㄧㄝ
悺,悺,悺,guàn,guan,4,ㄍㄨㄢ
詸,詸,詸,mí,mi,2,ㄇㄧ
㷻,㷻,㷻,wú,wu,2,ㄨ
挂,掛,挂,guà,gua,4,ㄍㄨㄚ
㭖,㭖,㭖,㭖,㭖,,
朎,朎,朎,líng,ling,2,ㄌㄧㄥ
煉,煉,炼,liàn,lian,4,ㄌㄧㄢ
髈,髈,髈,páng,pang,2,ㄆㄤ
颓,頹,颓,túi,tui,2,ㄊㄨㄟ
霖,霖,霖,lín,lin,2,ㄌㄧㄣ
䗪,䗪,䗪,zhè,zhe,4,ㄓㄜ
誤,誤,误,wù,wu,4,ㄨ
䳋,䳋,䳋,tóng,tong,2,ㄊㄨㄥ
捵,捵,捵,chěn,chen,3,ㄔㄣ
䤯,䤯,䤯,xíng,xing,2,ㄒㄧㄥ
搹,搹,搹,è,e,4,ㄜ
粰,粰,粰,fú,fu,2,ㄈㄨ
鿓,鿓,鿓,鿓,鿓,,
署,署,署,shǔ,shu,3,ㄕㄨ
虅,虅,虅,虅,虅,,
盏,盞,盏,zhǎn,zhan,3,ㄓㄢ
姖,姖,姖,jù,ju,4,ㄐㄩ
棷,棷,棷,zōu,zou,1,ㄗㄡ
閳,閳,閳,chǎn,chan,3,ㄔㄢ
㓪,㓪,㓪,lǎng,lang,3,ㄌㄤ
髪,髪,髪,fà,fa,4,ㄈㄚ
㹱,㹱,㹱,hú,hu,2,ㄏㄨ
走,走,走,zǒu,zou,3,ㄗㄡ
蹯,蹯,蹯,fán,fan,2,ㄈㄢ
礩,礩,礩,zhì,zhi,4,ㄓ
訌,訌,讧,hóng,hong,2,ㄏㄨㄥ
䟪,䟪,䟪,fěng,feng,3,ㄈㄥ
臑,臑,臑,rú,ru,2,ㄖㄨ
佑,佑,佑,yòu,you,4,ㄧㄡ
謵,謵,謵,xí,xi,2,ㄒㄧ
㜳,㜳,㜳,huái,huai,2,ㄏㄨㄞ
趡,趡,趡,cǔi,cui,3,ㄘㄨㄟ
攝,攝,摄,shè,she,4,ㄕㄜ
舀,舀,舀,yǎo,yao,3,ㄧㄠ
肘,肘,肘,zhǒu,zhou,3,ㄓㄡ
渦,渦,涡,wō,wo,1,ㄨㄛ
恙,恙,恙,yàng,yang,4,ㄧㄤ
萳,萳,萳,nán,nan,2,ㄋㄢ
绗,絎,绗,hèng,heng,4,ㄏㄥ
衚,衚,衚,hú,hu,2,ㄏㄨ
驍,驍,骁,xiāo,xiao,1,ㄒㄧㄠ
俰,俰,俰,hè,he,4,ㄏㄜ
㭒,㭒,㭒,sì,si,4,ㄙ
隮,隮,隮,jī,ji,1,ㄐㄧ
誈,誈,誈,wú,wu,2,ㄨ
軆,軆,軆,tǐ,ti,3,ㄊㄧ
㛕,㛕,㛕,yì,yi,4,ㄧ
雼,雼,雼,dàng,dang,4,ㄉㄤ
帻,幘,帻,zé,ze,2,ㄗㄜ
賲,賲,賲,bǎo,bao,3,ㄅㄠ
㦤,㦤,㦤,yì,yi,4,ㄧ
䬱,䬱,䬱,bèn,ben,4,ㄅㄣ
幹,幹,干,gàn,gan,4,ㄍㄢ
䫙,䫙,䫙,sǎng,sang,3,ㄙㄤ
娘,娘,娘,niáng,niang,2,ㄋㄧㄤ
㫋,㫋,㫋,㫋,㫋,,
偠,偠,偠,yǎo,yao,3,ㄧㄠ
驽,駑,驽,nú,nu,2,ㄋㄨ
颦,顰,颦,pín,pin,2,ㄆㄧㄣ
㞔,㞔,㞔,yí,yi,2,ㄧ
䒗,䒗,䒗,qì,qi,4,ㄑㄧ
朅,朅,朅,qiè,qie,4,ㄑㄧㄝ
墒,墒,墒,shāng,shang,1,ㄕㄤ
哻,哻,哻,hàn,han,4,ㄏㄢ
啍,啍,啍,tūn,tun,1,ㄊㄨㄣ
塥,塥,塥,gé,ge,2,ㄍㄜ
序,序,序,xù,xu,4,ㄒㄩ
䈩,䈩,䈩,䈩,䈩,,
寀,寀,寀,cài,cai,4,ㄘㄞ
酇,酇,酇,zàn,zan,4,ㄗㄢ
窽,窽,窽,窽,窽,,
岖,嶇,岖,qū,qu,1,ㄑㄩ
陼,陼,陼,zhǔ,zhu,3,ㄓㄨ
呻,呻,呻,shēn,shen,1,ㄕㄣ
滧,滧,滧,滧,滧,,
䣊,䣊,䣊,dǎng,dang,3,ㄉㄤ
䖏,䖏,䖏,chǔ,chu,3,ㄔㄨ
颢,顥,颢,hào,hao,4,ㄏㄠ
黛,黛,黛,dài,dai,4,ㄉㄞ
蠠,蠠,蠠,mì,mi,4,ㄇㄧ
竵,竵,竵,huāi,huai,1,ㄏㄨㄞ
陦,陦,陦,陦,陦,,
无,無,无,wú,wu,2,ㄨ
臰,臰,臰,chòu,chou,4,ㄔㄡ
淳,淳,淳,chún,chun,2,ㄔㄨㄣ
賞,賞,赏,shǎng,shang,3,ㄕㄤ
檯,檯,台,tái,tai,2,ㄊㄞ
験,験,験,yǎn,yan,3,ㄧㄢ
劖,劖,劖,chán,chan,2,ㄔㄢ
喧,喧,喧,xuān,xuan,1,ㄒㄩㄢ
強,強,强,qiáng,qiang,2,ㄑㄧㄤ
糽,糽,糽,zhěng,zheng,3,ㄓㄥ
嚻,嚻,嚻,xiāo,xiao,1,ㄒㄧㄠ
酆,酆,酆,fēng,feng,1,ㄈㄥ
燯,燯,燯,líng,ling,2,ㄌㄧㄥ
䈱,䈱,䈱,䈱,䈱,,
呀,呀,呀,yā,ya,1,ㄧㄚ
䛳,䛳,䛳,jiǎn,jian,3,ㄐㄧㄢ
䅠,䅠,䅠,tí,ti,2,ㄊㄧ
谿,谿,谿,xī,xi,1,ㄒㄧ
鯣,鯣,鯣,yì,yi,4,ㄧ
䝜,䝜,䝜,䝜,䝜,,
䝈,䝈,䝈,è,e,4,ㄜ
羉,羉,羉,luán,luan,2,ㄌㄨㄢ
悐,悐,悐,tì,ti,4,ㄊㄧ
㭄,㭄,㭄,xìn,xin,4,ㄒㄧㄣ
㦣,㦣,㦣,wèi,wei,4,ㄨㄟ
呣,呣,呣,呣,呣,,
䝑,䝑,䝑,䝑,䝑,,
勞,勞,劳,láo,lao,2,ㄌㄠ
菖,菖,菖,chāng,chang,1,ㄔㄤ
闠,闠,阓,hùi,hui,4,ㄏㄨㄟ
㻪,㻪,㻪,sùi,sui,4,ㄙㄨㄟ
㶩,㶩,㶩,㶩,㶩,,
䃞,䃞,䃞,shú,shu,2,ㄕㄨ
檄,檄,檄,xí,xi,2,ㄒㄧ
璄,璄,璄,yǐng,ying,3,ㄧㄥ
齜,齜,龇,zī,zi,1,ㄗ
嘕,嘕,嘕,xiān,xian,1,ㄒㄧㄢ
鬞,鬞,鬞,nóng,nong,2,ㄋㄨㄥ
癞,癩,癞,lài,lai,4,ㄌㄞ
惇,惇,惇,dūn,dun,1,ㄉㄨㄣ
荎,荎,荎,chí,chi,2,ㄔ
飱,飱,飱,sūn,sun,1,ㄙㄨㄣ
謋,謋,謋,huò,huo,4,ㄏㄨㄛ
䫵,䫵,䫵,mián,mian,2,ㄇㄧㄢ
坉,坉,坉,tún,tun,2,ㄊㄨㄣ
諈,諈,諈,zhùi,zhui,4,ㄓㄨㄟ
悋,悋,悋,lìn,lin,4,ㄌㄧㄣ
衞,衞,衞,wèi,wei,4,ㄨㄟ
嬋,嬋,婵,chán,chan,2,ㄔㄢ
鑝,鑝,鑝,péng,peng,2,ㄆㄥ
銶,銶,銶,qíu,qiu,2,ㄑㄧㄡ
㵈,㵈,㵈,㵈,㵈,,
拾,拾,拾,shí,shi,2,ㄕ
忌,忌,忌,jì,ji,4,ㄐㄧ
砮,砮,砮,nǔ,nu,3,ㄋㄨ
袒,袒,袒,tǎn,tan,3,ㄊㄢ
悱,悱,悱,fěi,fei,3,ㄈㄟ
鳮,鳮,鳮,jī,ji,1,ㄐㄧ
艝,艝,艝,艝,艝,,
㥃,㥃,㥃,mèn,men,4,ㄇㄣ
报,報,报,bào,bao,4,ㄅㄠ
䰽,䰽,䰽,bèi,bei,4,ㄅㄟ
媃,媃,媃,róu,rou,2,ㄖㄡ
䶅,䶅,䶅,hé,he,2,ㄏㄜ
隻,隻,只,zhī,zhi,1,ㄓ
吇,吇,吇,zǐ,zi,3,ㄗ
䞇,䞇,䞇,dié,die,2,ㄉㄧㄝ
儋,儋,儋,dān,dan,1,ㄉㄢ
蘀,蘀,萚,tuò,tuo,4,ㄊㄨㄛ
骻,骻,骻,kuà,kua,4,ㄎㄨㄚ
赚,賺,赚,zhuàn,zhuan,4,ㄓㄨㄢ
顏,顏,颜,yán,yan,2,ㄧㄢ
鮷,鮷,鮷,tí,ti,2,ㄊㄧ
鍆,鍆,钔,mén,men,2,ㄇㄣ
妹,妹,妹,mèi,mei,4,ㄇㄟ
佟,佟,佟,tóng,tong,2,ㄊㄨㄥ
諍,諍,诤,zhēng,zheng,1,ㄓㄥ
㵢,㵢,㵢,léi,lei,2,ㄌㄟ
䓍,䓍,䓍,hǎn,han,3,ㄏㄢ
熶,熶,熶,cuàn,cuan,4,ㄘㄨㄢ
㓬,㓬,㓬,㓬,㓬,,
凙,凙,凙,duó,duo,2,ㄉㄨㄛ
惈,惈,惈,guǒ,guo,3,ㄍㄨㄛ
盶,盶,盶,ruǎn,ruan,3,ㄖㄨㄢ
傯,傯,偬,zǒng,zong,3,ㄗㄨㄥ
簋,簋,簋,gǔi,gui,3,ㄍㄨㄟ
懑,懣,懑,mèn,men,4,ㄇㄣ
臎,臎,臎,cùi,cui,4,ㄘㄨㄟ
䡉,䡉,䡉,kǎng,kang,3,ㄎㄤ
崧,崧,崧,sōng,song,1,ㄙㄨㄥ
䉭,䉭,䉭,liè,lie,4,ㄌㄧㄝ
縑,縑,缣,jiān,jian,1,ㄐㄧㄢ
譩,譩,譩,yī,yi,1,ㄧ
奦,奦,奦,wù,wu,4,ㄨ
鵆,鵆,鵆,鵆,鵆,,
囄,囄,囄,lí,li,2,ㄌㄧ
欝,欝,欝,yù,yu,4,ㄩ
轀,轀,辒,wēn,wen,1,ㄨㄣ
内,內,内,nèi,nei,4,ㄋㄟ
给,給,给,gěi,gei,3,ㄍㄟ
杤,杤,杤,杤,杤,,
圢,圢,圢,tīng,ting,1,ㄊㄧㄥ
遁,遁,遁,dùn,dun,4,ㄉㄨㄣ
䖖,䖖,䖖,xiá,xia,2,ㄒㄧㄚ
驴,驢,驴,lv́,lu,2,ㄌㄨ
徝,徝,徝,zhì,zhi,4,ㄓ
盳,盳,盳,máng,mang,2,ㄇㄤ
納,納,纳,nà,na,4,ㄋㄚ
䒘,䒘,䒘,䒘,䒘,,
隝,隝,隝,dǎo,dao,3,ㄉㄠ
靃,靃,靃,huò,huo,4,ㄏㄨㄛ
䚇,䚇,䚇,shěng,sheng,3,ㄕㄥ
廍,廍,廍,pǒu,pou,3,ㄆㄡ
畂,畂,畂,lìu,liu,4,ㄌㄧㄡ
癋,癋,癋,hè,he,4,ㄏㄜ
笳,笳,笳,jiā,jia,1,ㄐㄧㄚ
暥,暥,暥,yàn,yan,4,ㄧㄢ
勒,勒,勒,lè,le,4,ㄌㄜ
䶽,䶽,䶽,䶽,䶽,,
趼,趼,趼,jiǎn,jian,3,ㄐㄧㄢ
闋,闋,阕,què,que,4,ㄑㄩㄝ
猨,猨,猨,yuán,yuan,2,ㄩㄢ
㑭,㑭,㑭,㑭,㑭,,
嚆,嚆,嚆,hāo,hao,1,ㄏㄠ
䛮,䛮,䛮,jìu,jiu,4,ㄐㄧㄡ
宒,宒,宒,zhūn,zhun,1,ㄓㄨㄣ
迯,迯,迯,táo,tao,2,ㄊㄠ
堗,堗,堗,tū,tu,1,ㄊㄨ
鈷,鈷,钴,gǔ,gu,3,ㄍㄨ
䃹,䃹,䃹,làn,lan,4,ㄌㄢ
伐,伐,伐,fá,fa,2,ㄈㄚ
奠,奠,奠,diàn,dian,4,ㄉㄧㄢ
烆,烆,烆,xíng,xing,2,ㄒㄧㄥ
㜭,㜭,㜭,㜭,㜭,,
髧,髧,髧,dàn,dan,4,ㄉㄢ
袥,袥,袥,袥,袥,,
穅,穅,穅,kāng,kang,1,ㄎㄤ
䀘,䀘,䀘,xí,xi,2,ㄒㄧ
英,英,英,yīng,ying,1,ㄧㄥ
䱶,䱶,䱶,láng,lang,2,ㄌㄤ
䕼,䕼,䕼,nán,nan,2,ㄋㄢ
咹,咹,咹,è,e,4,ㄜ
鮀,鮀,鮀,tuó,tuo,2,ㄊㄨㄛ
䁾,䁾,䁾,miè,mie,4,ㄇㄧㄝ
㴘,㴘,㴘,mào,mao,4,ㄇㄠ
刌,刌,刌,cǔn,cun,3,ㄘㄨㄣ
暆,暆,暆,yí,yi,2,ㄧ
柆,柆,柆,lā,la,1,ㄌㄚ
凡,凡,凡,fán,fan,2,ㄈㄢ
鶼,鶼,鹣,jiān,jian,1,ㄐㄧㄢ
燗,燗,燗,làn,lan,4,ㄌㄢ
磪,磪,磪,cūi,cui,1,ㄘㄨㄟ
䂮,䂮,䂮,lvè,lue,4,
跏,跏,跏,jiā,jia,1,ㄐㄧㄚ
輘,輘,輘,líng,ling,2,ㄌㄧㄥ
㶪,㶪,㶪,㶪,㶪,,
栛,栛,栛,lì,li,4,ㄌㄧ
䧬,䧬,䧬,䧬,䧬,,
间,間,间,jiān,jian,1,ㄐㄧㄢ
侺,侺,侺,shèn,shen,4,ㄕㄣ
䱳,䱳,䱳,䱳,䱳,,
㞜,㞜,㞜,㞜,㞜,,
憭,憭,憭,liǎo,liao,3,ㄌㄧㄠ
綾,綾,绫,líng,ling,2,ㄌㄧㄥ
鵣,鵣,鵣,lài,lai,4,ㄌㄞ
䜝,䜝,䜝,tuǎn,tuan,3,ㄊㄨㄢ
坼,坼,坼,chè,che,4,ㄔㄜ
䯏,䯏,䯏,huó,huo,2,ㄏㄨㄛ
竘,竘,竘,jǔ,ju,3,ㄐㄩ
胭,胭,胭,yān,yan,1,ㄧㄢ
疄,疄,疄,lín,lin,2,ㄌㄧㄣ
䕒,䕒,䕒,䕒,䕒,,
㽨,㽨,㽨,cuó,cuo,2,ㄘㄨㄛ
㳛,㳛,㳛,yú,yu,2,ㄩ
惥,惥,惥,yǒng,yong,3,ㄩㄥ
楰,楰,楰,yú,yu,2,ㄩ
䡧,䡧,䡧,wǔ,wu,3,ㄨ
㩸,㩸,㩸,dié,die,2,ㄉㄧㄝ
伎,伎,伎,jì,ji,4,ㄐㄧ
羔,羔,羔,gāo,gao,1,ㄍㄠ
摦,摦,摦,huà,hua,4,ㄏㄨㄚ
岔,岔,岔,chà,cha,4,ㄔㄚ
幋,幋,幋,pán,pan,2,ㄆㄢ
㛊,㛊,㛊,duǒ,duo,3,ㄉㄨㄛ
㠐,㠐,㠐,jiào,jiao,4,ㄐㄧㄠ
狚,狚,狚,dàn,dan,4,ㄉㄢ
唑,唑,唑,zuò,zuo,4,ㄗㄨㄛ
襜,襜,襜,chān,chan,1,ㄔㄢ
䌑,䌑,䌑,䌑,䌑,,
栀,梔,栀,zhī,zhi,1,ㄓ
䑳,䑳,䑳,lún,lun,2,ㄌㄨㄣ
赏,賞,赏,shǎng,shang,3,ㄕㄤ
䑇,䑇,䑇,zhì,zhi,4,ㄓ
㻕,㻕,㻕,jué,jue,2,ㄐㄩㄝ
絣,絣,絣,bīng,bing,1,ㄅㄧㄥ
荺,荺,荺,yún,yun,2,ㄩㄣ
褯,褯,褯,jiè,jie,4,ㄐㄧㄝ
䜢,䜢,䜢,xiǎn,xian,3,ㄒㄧㄢ
匐,匐,匐,fú,fu,2,ㄈㄨ
澵,澵,澵,zhēn,zhen,1,ㄓㄣ
佮,佮,佮,gé,ge,2,ㄍㄜ
㑜,㑜,㑜,yì,yi,4,ㄧ
泳,泳,泳,yǒng,yong,3,ㄩㄥ
擔,擔,担,dān,dan,1,ㄉㄢ
牞,牞,牞,jīu,jiu,1,ㄐㄧㄡ
臸,臸,臸,zhì,zhi,4,ㄓ
廱,廱,廱,yōng,yong,1,ㄩㄥ
灖,灖,灖,mǐ,mi,3,ㄇㄧ
贼,賊,贼,zéi,zei,2,ㄗㄟ
鐟,鐟,鐟,tì,ti,4,ㄊㄧ
餠,餠,餠,bǐng,bing,3,ㄅㄧㄥ
髃,髃,髃,yú,yu,2,ㄩ
䦼,䦼,䦼,jué,jue,2,ㄐㄩㄝ
噗,噗,噗,pū,pu,1,ㄆㄨ
膳,膳,膳,shàn,shan,4,ㄕㄢ
堢,堢,堢,bǎo,bao,3,ㄅㄠ
薓,薓,薓,shēn,shen,1,ㄕㄣ
錫,錫,钖,xí,xi,2,ㄒㄧ
醙,醙,醙,sōu,sou,1,ㄙㄡ
饇,饇,饇,yù,yu,4,ㄩ
皃,皃,皃,mào,mao,4,ㄇㄠ
船,船,船,chuán,chuan,2,ㄔㄨㄢ
屡,屢,屡,lǔ,lu,3,ㄌㄨ
煳,糊,煳,hú,hu,2,ㄏㄨ
䭬,䭬,䭬,qǐ,qi,3,ㄑㄧ
弋,弋,弋,yì,yi,4,ㄧ
䚗,䚗,䚗,䚗,䚗,,
䡆,䡆,䡆,róng,rong,2,ㄖㄨㄥ
䬼,䬼,䬼,yuàn,yuan,4,ㄩㄢ
妬,妬,妬,dù,du,4,ㄉㄨ
鎏,鎏,鎏,líu,liu,2,ㄌㄧㄡ
疮,瘡,疮,chuāng,chuang,1,ㄔㄨㄤ
逘,逘,逘,yǐ,yi,3,ㄧ
珸,珸,珸,wú,wu,2,ㄨ
拙,拙,拙,zhuó,zhuo,2,ㄓㄨㄛ
䦙,䦙,䦙,sì,si,4,ㄙ
㰉,㰉,㰉,㰉,㰉,,
荅,荅,荅,dā,da,1,ㄉㄚ
䲦,䲦,䲦,chá,cha,2,ㄔㄚ
丝,絲,丝,sī,si,1,ㄙ
礶,礶,礶,guàn,guan,4,ㄍㄨㄢ
䈔,䈔,䈔,䈔,䈔,,
欽,欽,钦,qīn,qin,1,ㄑㄧㄣ
㗡,㗡,㗡,㗡,㗡,,
後,後,后,hòu,hou,4,ㄏㄡ
㪡,㪡,㪡,kě,ke,3,ㄎㄜ
䓥,䓥,䓥,là,la,4,ㄌㄚ
䵾,䵾,䵾,fú,fu,2,ㄈㄨ
财,財,财,cái,cai,2,ㄘㄞ
釰,釰,釰,rì,ri,4,ㄖ
鎰,鎰,镒,yì,yi,4,ㄧ
银,銀,银,yín,yin,2,ㄧㄣ
缸,缸,缸,gāng,gang,1,ㄍㄤ
笃,篤,笃,dǔ,du,3,ㄉㄨ
廩,廩,廪,lǐn,lin,3,ㄌㄧㄣ
㞳,㞳,㞳,dǒu,dou,3,ㄉㄡ
選,選,选,xuǎn,xuan,3,ㄒㄩㄢ
珵,珵,珵,chéng,cheng,2,ㄔㄥ
桸,桸,桸,xī,xi,1,ㄒㄧ
䧰,䧰,䧰,hùn,hun,4,ㄏㄨㄣ
䭘,䭘,䭘,yàn,yan,4,ㄧㄢ
㖶,㖶,㖶,yè,ye,4,ㄧㄝ
䥿,䥿,䥿,䥿,䥿,,
貣,貣,貣,tè,te,4,ㄊㄜ
浩,浩,浩,hào,hao,4,ㄏㄠ
钒,釩,钒,fán,fan,2,ㄈㄢ
䶼,䶼,䶼,䶼,䶼,,
葻,葻,葻,lán,lan,2,ㄌㄢ
淢,淢,淢,yù,yu,4,ㄩ
㩅,㩅,㩅,㩅,㩅,,
晊,晊,晊,zhǐ,zhi,3,ㄓ
巓,巓,巓,diān,dian,1,ㄉㄧㄢ
䒊,䒊,䒊,䒊,䒊,,
硓,硓,硓,硓,硓,,
踛,踛,踛,lù,lu,4,ㄌㄨ
賓,賓,宾,bīn,bin,1,ㄅㄧㄣ
䁦,䁦,䁦,qù,qu,4,ㄑㄩ
同,同,同,tóng,tong,2,ㄊㄨㄥ
姁,姁,姁,xǔ,xu,3,ㄒㄩ
嚐,嚐,尝,cháng,chang,2,ㄔㄤ
㯦,㯦,㯦,qí,qi,2,ㄑㄧ
頕,頕,頕,dān,dan,1,ㄉㄢ
嫪,嫪,嫪,lào,lao,4,ㄌㄠ
殻,殻,殻,què,que,4,ㄑㄩㄝ
炣,炣,炣,kě,ke,3,ㄎㄜ
厫,厫,厫,áo,ao,2,ㄠ
凥,凥,凥,jū,ju,1,ㄐㄩ
䇶,䇶,䇶,jué,jue,2,ㄐㄩㄝ
転,転,転,zhuǎn,zhuan,3,ㄓㄨㄢ
峖,峖,峖,ān,an,1,ㄢ
吩,吩,吩,fēn,fen,1,ㄈㄣ
紬,紬,䌷,chóu,chou,2,ㄔㄡ
钨,鎢,钨,wù,wu,4,ㄨ
徙,徙,徙,xǐ,xi,3,ㄒㄧ
轗,轗,轗,kǎn,kan,3,ㄎㄢ
遹,遹,遹,yù,yu,4,ㄩ
晇,晇,晇,xū,xu,1,ㄒㄩ
逷,逷,逷,tì,ti,4,ㄊㄧ
峐,峐,峐,gāi,gai,1,ㄍㄞ
埵,埵,埵,duǒ,duo,3,ㄉㄨㄛ
抵,抵,抵,dǐ,di,3,ㄉㄧ
䞖,䞖,䞖,shǔ,shu,3,ㄕㄨ
傦,傦,傦,傦,傦,,
碖,碖,碖,lùn,lun,4,ㄌㄨㄣ
㣃,㣃,㣃,yǔ,yu,3,ㄩ
滭,滭,滭,bì,bi,4,ㄅㄧ
蓑,蓑,蓑,suō,suo,1,ㄙㄨㄛ
渃,渃,渃,rè,re,4,ㄖㄜ
宴,宴,宴,yàn,yan,4,ㄧㄢ
孥,孥,孥,nú,nu,2,ㄋㄨ
氄,氄,氄,rǒng,rong,3,ㄖㄨㄥ
豆,豆,豆,dòu,dou,4,ㄉㄡ
左,左,左,zuǒ,zuo,3,ㄗㄨㄛ
唘,唘,唘,qǐ,qi,3,ㄑㄧ
咄,咄,咄,duō,duo,1,ㄉㄨㄛ
襄,襄,襄,xiāng,xiang,1,ㄒㄧㄤ
咖,咖,咖,kā,ka,1,ㄎㄚ
䟥,䟥,䟥,máng,mang,2,ㄇㄤ
茗,茗,茗,míng,ming,2,ㄇㄧㄥ
囨,囨,囨,piān,pian,1,ㄆㄧㄢ
薁,薁,薁,yù,yu,4,ㄩ
閥,閥,阀,fá,fa,2,ㄈㄚ
垬,垬,垬,hóng,hong,2,ㄏㄨㄥ
㜕,㜕,㜕,lián,lian,2,ㄌㄧㄢ
拑,拑,拑,qián,qian,2,ㄑㄧㄢ
清,清,清,qīng,qing,1,ㄑㄧㄥ
耱,耱,耱,mò,mo,4,ㄇㄛ
舱,艙,舱,cāng,cang,1,ㄘㄤ
㳕,㳕,㳕,lán,lan,2,ㄌㄢ
臦,臦,臦,guàng,guang,4,ㄍㄨㄤ
麏,麏,麏,jūn,jun,1,ㄐㄩㄣ
䄄,䄄,䄄,䄄,䄄,,
庻,庻,庻,shù,shu,4,ㄕㄨ
㰅,㰅,㰅,dí,di,2,ㄉㄧ
塼,塼,塼,zhuān,zhuan,1,ㄓㄨㄢ
屇,屇,屇,tián,tian,2,ㄊㄧㄢ
皴,皴,皴,cūn,cun,1,ㄘㄨㄣ
音,音,音,yīn,yin,1,ㄧㄣ
馂,餕,馂,jùn,jun,4,ㄐㄩㄣ
缓,緩,缓,huǎn,huan,3,ㄏㄨㄢ
柁,柁,柁,duò,duo,4,ㄉㄨㄛ
䜑,䜑,䜑,qià,qia,4,ㄑㄧㄚ
敗,敗,败,bài,bai,4,ㄅㄞ
伟,偉,伟,wěi,wei,3,ㄨㄟ
蚠,蚠,蚠,fén,fen,2,ㄈㄣ
縀,縀,縀,xiá,xia,2,ㄒㄧㄚ
钑,鈒,钑,jí,ji,2,ㄐㄧ
䣽,䣽,䣽,tǐ,ti,3,ㄊㄧ
哹,哹,哹,fóu,fou,2,ㄈㄡ
僼,僼,僼,fēng,feng,1,ㄈㄥ
黶,黶,黡,yǎn,yan,3,ㄧㄢ
輭,輭,輭,ruǎn,ruan,3,ㄖㄨㄢ
鹋,鶓,鹋,miáo,miao,2,ㄇㄧㄠ
牀,牀,牀,chuáng,chuang,2,ㄔㄨㄤ
駟,駟,驷,sì,si,4,ㄙ
态,態,态,tài,tai,4,ㄊㄞ
禚,禚,禚,zhuó,zhuo,2,ㄓㄨㄛ
耪,耪,耪,pǎng,pang,3,ㄆㄤ
堿,堿,碱,jiǎn,jian,3,ㄐㄧㄢ
肯,肯,肯,kěn,ken,3,ㄎㄣ
㞙,㞙,㞙,niào,niao,4,ㄋㄧㄠ
触,觸,触,hóng,hong,2,ㄏㄨㄥ
燦,燦,灿,càn,can,4,ㄘㄢ
替,替,替,tì,ti,4,ㄊㄧ
㬎,㬎,㬎,xiǎn,xian,3,ㄒㄧㄢ
狕,狕,狕,ǎo,ao,3,ㄠ
喢,喢,喢,shà,sha,4,ㄕㄚ
嵃,嵃,嵃,yǎn,yan,3,ㄧㄢ
騌,騌,骔,zōng,zong,1,ㄗㄨㄥ
蝢,蝢,蝢,xié,xie,2,ㄒㄧㄝ
愶,愶,愶,xié,xie,2,ㄒㄧㄝ
肭,肭,肭,nà,na,4,ㄋㄚ
辽,遼,辽,liáo,liao,2,ㄌㄧㄠ
鼸,鼸,鼸,xiǎn,xian,3,ㄒㄧㄢ
峺,峺,峺,gěng,geng,3,ㄍㄥ
逩,逩,逩,bèn,ben,4,ㄅㄣ
毇,毇,毇,hǔi,hui,3,ㄏㄨㄟ
䎻,䎻,䎻,zhǒu,zhou,3,ㄓㄡ
營,營,营,yíng,ying,2,ㄧㄥ
䇻,䇻,䇻,hùi,hui,4,ㄏㄨㄟ
鰙,鰙,鰙,ruò,ruo,4,ㄖㄨㄛ
淟,淟,淟,tiǎn,tian,3,ㄊㄧㄢ
䘤,䘤,䘤,shù,shu,4,ㄕㄨ
騆,騆,騆,zhōu,zhou,1,ㄓㄡ
甼,甼,甼,tǐng,ting,3,ㄊㄧㄥ
髹,髹,髹,xīu,xiu,1,ㄒㄧㄡ
姓,姓,姓,xìng,xing,4,ㄒㄧㄥ
嫘,嫘,嫘,léi,lei,2,ㄌㄟ
棎,棎,棎,chán,chan,2,ㄔㄢ
騲,騲,騲,cǎo,cao,3,ㄘㄠ
乌,烏,乌,wū,wu,1,ㄨ
饩,餼,饩,xì,xi,4,ㄒㄧ
㬍,㬍,㬍,bó,bo,2,ㄅㄛ
鿦,鿦,鿦,鿦,鿦,,
濭,濭,濭,ài,ai,4,ㄞ
鑢,鑢,鑢,lv̀,lu,4,ㄌㄨ
䵄,䵄,䵄,bí,bi,2,ㄅㄧ
䇖,䇖,䇖,yǔn,yun,3,ㄩㄣ
潀,潀,潀,cóng,cong,2,ㄘㄨㄥ
臫,臫,臫,jiǎo,jiao,3,ㄐㄧㄠ
笙,笙,笙,shēng,sheng,1,ㄕㄥ
嗮,嗮,嗮,sài,sai,4,ㄙㄞ
鸆,鸆,鸆,yú,yu,2,ㄩ
掱,掱,掱,shǒu,shou,3,ㄕㄡ
澬,澬,澬,zī,zi,1,ㄗ
䳼,䳼,䳼,䳼,䳼,,
酻,酻,酻,zùi,zui,4,ㄗㄨㄟ
婪,婪,婪,lán,lan,2,ㄌㄢ
菓,菓,菓,guǒ,guo,3,ㄍㄨㄛ
現,現,现,xiàn,xian,4,ㄒㄧㄢ
餣,餣,餣,yè,ye,4,ㄧㄝ
㮕,㮕,㮕,ér,er,2,ㄦ
䤑,䤑,䤑,wàng,wang,4,ㄨㄤ
涢,溳,涢,yún,yun,2,ㄩㄣ
慬,慬,慬,jǐn,jin,3,ㄐㄧㄣ
郪,郪,郪,qī,qi,1,ㄑㄧ
魟,魟,魟,gōng,gong,1,ㄍㄨㄥ
屉,屜,屉,tì,ti,4,ㄊㄧ
鈣,鈣,钙,gài,gai,4,ㄍㄞ
坑,坑,坑,kēng,keng,1,ㄎㄥ
冱,冱,冱,hù,hu,4,ㄏㄨ
酛,酛,酛,酛,酛,,
㦉,㦉,㦉,yì,yi,4,ㄧ
䥇,䥇,䦂,shàn,shan,4,ㄕㄢ
閺,閺,閺,wén,wen,2,ㄨㄣ
胮,胮,胮,páng,pang,2,ㄆㄤ
䂍,䂍,䂍,bó,bo,2,ㄅㄛ
䪋,䪋,䪋,wèi,wei,4,ㄨㄟ
䝾,䝾,䝾,fù,fu,4,ㄈㄨ
僰,僰,僰,bó,bo,2,ㄅㄛ
路,路,路,lù,lu,4,ㄌㄨ
蘽,蘽,蘽,lěi,lei,3,ㄌㄟ
䬢,䬢,䬢,䬢,䬢,,
騣,騣,騣,zōng,zong,1,ㄗㄨㄥ
癑,癑,癑,nóng,nong,2,ㄋㄨㄥ
舴,舴,舴,zé,ze,2,ㄗㄜ
噣,噣,噣,zhòu,zhou,4,ㄓㄡ
㐸,㐸,㐸,qiàn,qian,4,ㄑㄧㄢ
䵉,䵉,䵉,tóu,tou,2,ㄊㄡ
絰,絰,绖,dié,die,2,ㄉㄧㄝ
䧪,䧪,䧪,chè,che,4,ㄔㄜ
袷,袷,袷,jiá,jia,2,ㄐㄧㄚ
髨,髨,髨,kūn,kun,1,ㄎㄨㄣ
槇,槇,槇,diān,dian,1,ㄉㄧㄢ
媆,媆,媆,ruǎn,ruan,3,ㄖㄨㄢ
傹,傹,傹,jìng,jing,4,ㄐㄧㄥ
巽,巽,巽,xùn,xun,4,ㄒㄩㄣ
愅,愅,愅,gé,ge,2,ㄍㄜ
鯘,鯘,鯘,něi,nei,3,ㄋㄟ
噌,噌,噌,chēng,cheng,1,ㄔㄥ
吅,吅,吅,xuān,xuan,1,ㄒㄩㄢ
鼊,鼊,鼊,bì,bi,4,ㄅㄧ
梯,梯,梯,tī,ti,1,ㄊㄧ
寿,壽,寿,shòu,shou,4,ㄕㄡ
鋵,鋵,鋵,tū,tu,1,ㄊㄨ
鵏,鵏,鵏,bū,bu,1,ㄅㄨ
为,為,为,wèi,wei,4,ㄨㄟ
桚,桚,桚,zǎn,zan,3,ㄗㄢ
湕,湕,湕,jiǎn,jian,3,ㄐㄧㄢ
遚,遚,遚,chù,chu,4,ㄔㄨ
鉪,鉪,鉪,dì,di,4,ㄉㄧ
隥,隥,隥,dèng,deng,4,ㄉㄥ
莾,莾,莾,mǎng,mang,3,ㄇㄤ
嘵,嘵,哓,xiāo,xiao,1,ㄒㄧㄠ
熯,熯,熯,hàn,han,4,ㄏㄢ
哿,哿,哿,gě,ge,3,ㄍㄜ
猫,貓,猫,māo,mao,1,ㄇㄠ
㿶,㿶,㿶,㿶,㿶,,
䏗,䏗,䏗,gài,gai,4,ㄍㄞ
腠,腠,腠,còu,cou,4,ㄘㄡ
傃,傃,傃,sù,su,4,ㄙㄨ
㢗,㢗,㢗,qiào,qiao,4,ㄑㄧㄠ
嶨,嶨,峃,xué,xue,2,ㄒㄩㄝ
祍,祍,祍,祍,祍,,
諒,諒,谅,liàng,liang,4,ㄌㄧㄤ
贅,贅,赘,zhùi,zhui,4,ㄓㄨㄟ
伻,伻,伻,bēng,beng,1,ㄅㄥ
醢,醢,醢,hǎi,hai,3,ㄏㄞ
繺,繺,繺,shǎi,shai,3,ㄕㄞ
囁,囁,嗫,niè,nie,4,ㄋㄧㄝ
礆,礆,礆,xiǎn,xian,3,ㄒㄧㄢ
鏟,鏟,铲,chǎn,chan,3,ㄔㄢ
讏,讏,讏,wèi,wei,4,ㄨㄟ
悫,慤,悫,què,que,4,ㄑㄩㄝ
瓌,瓌,瓌,gūi,gui,1,ㄍㄨㄟ
逹,逹,逹,dá,da,2,ㄉㄚ
竕,竕,竕,竕,竕,,
茽,茽,茽,zhòng,zhong,4,ㄓㄨㄥ
䙞,䙞,䙞,䙞,䙞,,
䨤,䨤,䨤,dí,di,2,ㄉㄧ
饹,餎,饹,le,le,5,ㄌㄜ
艺,藝,艺,yì,yi,4,ㄧ
䲱,䲱,䲱,fǎng,fang,3,ㄈㄤ
䣎,䣎,䣎,䣎,䣎,,
齯,齯,齯,ní,ni,2,ㄋㄧ
鞂,鞂,鞂,jiá,jia,2,ㄐㄧㄚ
崊,崊,崊,崊,崊,,
濻,濻,濻,wěi,wei,3,ㄨㄟ
洹,洹,洹,huán,huan,2,ㄏㄨㄢ
盞,盞,盏,zhǎn,zhan,3,ㄓㄢ
躜,躦,躜,zuān,zuan,1,ㄗㄨㄢ
邮,郵,邮,yóu,you,2,ㄧㄡ
䧸,䧸,䧸,䧸,䧸,,
开,開,开,kāi,kai,1,ㄎㄞ
鍁,鍁,锨,xiān,xian,1,ㄒㄧㄢ
䣜,䣜,䣜,cuó,cuo,2,ㄘㄨㄛ
囆,囆,囆,chài,chai,4,ㄔㄞ
赲,赲,赲,lì,li,4,ㄌㄧ
洊,洊,洊,jiàn,jian,4,ㄐㄧㄢ
㳷,㳷,㳷,wěn,wen,3,ㄨㄣ
㼋,㼋,㼋,gǔ,gu,3,ㄍㄨ
㓖,㓖,㓖,bì,bi,4,ㄅㄧ
彈,彈,弹,dàn,dan,4,ㄉㄢ
䈞,䈞,䈞,dǔ,du,3,ㄉㄨ
憡,憡,憡,cè,ce,4,ㄘㄜ
㖪,㖪,㖪,guó,guo,2,ㄍㄨㄛ
䯋,䯋,䯋,bó,bo,2,ㄅㄛ
澠,澠,渑,miǎn,mian,3,ㄇㄧㄢ
咮,咮,咮,zhòu,zhou,4,ㄓㄡ
禋,禋,禋,yīn,yin,1,ㄧㄣ
锐,銳,锐,rùi,rui,4,ㄖㄨㄟ
祝,祝,祝,zhù,zhu,4,ㄓㄨ
虜,虜,虏,lǔ,lu,3,ㄌㄨ
晱,晱,晱,shǎn,shan,3,ㄕㄢ
鎾,鎾,鎾,鎾,鎾,,
墯,墯,墯,duò,duo,4,ㄉㄨㄛ
鍶,鍶,锶,sī,si,1,ㄙ
峄,嶧,峄,yì,yi,4,ㄧ
㘥,㘥,㘥,yóu,you,2,ㄧㄡ
畳,畳,畳,dié,die,2,ㄉㄧㄝ
腣,腣,腣,dì,di,4,ㄉㄧ
褭,褭,褭,niǎo,niao,3,ㄋㄧㄠ
䎏,䎏,䎏,àn,an,4,ㄢ
戛,戛,戛,jiá,jia,2,ㄐㄧㄚ
礗,礗,礗,pīn,pin,1,ㄆㄧㄣ
䖺,䖺,䖺,tiáo,tiao,2,ㄊㄧㄠ
腮,腮,腮,sāi,sai,1,ㄙㄞ
瘘,瘻,瘘,lv́,lu,2,ㄌㄨ
欉,欉,欉,còng,cong,4,ㄘㄨㄥ
圵,圵,圵,dàng,dang,4,ㄉㄤ
㽩,㽩,㽩,càn,can,4,ㄘㄢ
檺,檺,檺,gǎo,gao,3,ㄍㄠ
㞭,㞭,㞭,dài,dai,4,ㄉㄞ
位,位,位,wèi,wei,4,ㄨㄟ
䍆,䍆,䍆,zhù,zhu,4,ㄓㄨ
嘺,嘺,嘺,qiáo,qiao,2,ㄑㄧㄠ
鋗,鋗,鋗,xuān,xuan,1,ㄒㄩㄢ
馰,馰,馰,dì,di,4,ㄉㄧ
邆,邆,邆,téng,teng,2,ㄊㄥ
䞊,䞊,䞊,xùn,xun,4,ㄒㄩㄣ
舘,舘,舘,guǎn,guan,3,ㄍㄨㄢ
㕫,㕫,㕫,fǎng,fang,3,ㄈㄤ
憏,憏,憏,chì,chi,4,ㄔ
訅,訅,訅,qíu,qiu,2,ㄑㄧㄡ
㛪,㛪,㛪,yàn,yan,4,ㄧㄢ
䍌,䍌,䍌,bù,bu,4,ㄅㄨ
粶,粶,粶,lù,lu,4,ㄌㄨ
梁,梁,梁,liáng,liang,2,ㄌㄧㄤ
䮙,䮙,䮙,yù,yu,4,ㄩ
瞴,瞴,瞴,móu,mou,2,ㄇㄡ
酑,酑,酑,yǔ,yu,3,ㄩ
彘,彘,彘,zhì,zhi,4,ㄓ
柚,柚,柚,yòu,you,4,ㄧㄡ
粯,粯,粯,xiàn,xian,4,ㄒㄧㄢ
䨷,䨷,䨷,xiàn,xian,4,ㄒㄧㄢ
㝢,㝢,㝢,yǔ,yu,3,ㄩ
㵑,㵑,㵑,hè,he,4,ㄏㄜ
㺩,㺩,㺩,jìu,jiu,4,ㄐㄧㄡ
䣭,䣭,䣭,tài,tai,4,ㄊㄞ
瘑,瘑,瘑,guā,gua,1,ㄍㄨㄚ
恡,恡,恡,lìn,lin,4,ㄌㄧㄣ
沩,溈,沩,wéi,wei,2,ㄨㄟ
黌,黌,黉,héng,heng,2,ㄏㄥ
䨃,䨃,䨃,䨃,䨃,,
磕,磕,磕,kē,ke,1,ㄎㄜ
徿,徿,徿,lòng,long,4,ㄌㄨㄥ
韱,韱,韱,xiān,xian,1,ㄒㄧㄢ
遷,遷,迁,qiān,qian,1,ㄑㄧㄢ
潢,潢,潢,huáng,huang,2,ㄏㄨㄤ
髢,髢,髢,tì,ti,4,ㄊㄧ
佶,佶,佶,jí,ji,2,ㄐㄧ
趽,趽,趽,fàng,fang,4,ㄈㄤ
酷,酷,酷,kù,ku,4,ㄎㄨ
䢝,䢝,䢝,yà,ya,4,ㄧㄚ
泟,泟,泟,chēng,cheng,1,ㄔㄥ
厚,厚,厚,hòu,hou,4,ㄏㄡ
㜓,㜓,㜓,dá,da,2,ㄉㄚ
髣,髣,髣,fǎng,fang,3,ㄈㄤ
谅,諒,谅,liàng,liang,4,ㄌㄧㄤ
痘,痘,痘,dòu,dou,4,ㄉㄡ
䕻,䕻,䕻,gé,ge,2,ㄍㄜ
絷,縶,絷,zhí,zhi,2,ㄓ
蹬,蹬,蹬,dèng,deng,4,ㄉㄥ
䛤,䛤,䛤,cù,cu,4,ㄘㄨ
楧,楧,楧,yīng,ying,1,ㄧㄥ
䣴,䣴,䣴,xù,xu,4,ㄒㄩ
鿹,鿹,鿹,鿹,鿹,,
执,執,执,zhí,zhi,2,ㄓ
饞,饞,馋,chán,chan,2,ㄔㄢ
鴞,鴞,鸮,xiāo,xiao,1,ㄒㄧㄠ
繌,繌,繌,繌,繌,,
㰪,㰪,㰪,wá,wa,2,ㄨㄚ
滄,滄,沧,cāng,cang,1,ㄘㄤ
儌,儌,儌,jiǎo,jiao,3,ㄐㄧㄠ
凼,氹,凼,dàng,dang,4,ㄉㄤ
勮,勮,勮,jù,ju,4,ㄐㄩ
闰,閏,闰,rùn,run,4,ㄖㄨㄣ
录,錄,录,lù,lu,4,ㄌㄨ
㻺,㻺,㻺,lì,li,4,ㄌㄧ
䝽,䝽,䝽,ài,ai,4,ㄞ
媓,媓,媓,huáng,huang,2,ㄏㄨㄤ
埔,埔,埔,pǔ,pu,3,ㄆㄨ
鵙,鵙,鵙,jú,ju,2,ㄐㄩ
俺,俺,俺,ǎn,an,3,ㄢ
䎤,䎤,䎤,chú,chu,2,ㄔㄨ
俌,俌,俌,fǔ,fu,3,ㄈㄨ
寒,寒,寒,hán,han,2,ㄏㄢ
刵,刵,刵,èr,er,4,ㄦ
厁,厁,厁,厁,厁,,
稊,稊,稊,tí,ti,2,ㄊㄧ
榑,榑,榑,fù,fu,4,ㄈㄨ
稖,稖,稖,bàng,bang,4,ㄅㄤ
䗱,䗱,䗱,pú,pu,2,ㄆㄨ
蕊,蕊,蕊,rǔi,rui,3,ㄖㄨㄟ
坢,坢,坢,pǎn,pan,3,ㄆㄢ
妫,媯,妫,gūi,gui,1,ㄍㄨㄟ
䐡,䐡,䐡,qí,qi,2,ㄑㄧ
鲢,鰱,鲢,lián,lian,2,ㄌㄧㄢ
蘃,蘃,蘃,rǔi,rui,3,ㄖㄨㄟ
诺,諾,诺,nuò,nuo,4,ㄋㄨㄛ
憾,憾,憾,hàn,han,4,ㄏㄢ
唢,嗩,唢,suǒ,suo,3,ㄙㄨㄛ
蛀,蛀,蛀,zhù,zhu,4,ㄓㄨ
蝃,蝃,蝃,dì,di,4,ㄉㄧ
瑳,瑳,瑳,cuǒ,cuo,3,ㄘㄨㄛ
鍙,鍙,鍙,hòng,hong,4,ㄏㄨㄥ
悟,悟,悟,wù,wu,4,ㄨ
䑥,䑥,䑥,è,e,4,ㄜ
椟,櫝,椟,dú,du,2,ㄉㄨ
瓄,瓄,瓄,dú,du,2,ㄉㄨ
栗,栗,栗,lì,li,4,ㄌㄧ
㾚,㾚,㾚,㾚,㾚,,
郳,郳,郳,ní,ni,2,ㄋㄧ
㮟,㮟,㮟,jí,ji,2,ㄐㄧ
䎶,䎶,䎶,èr,er,4,ㄦ
虉,虉,虉,yì,yi,4,ㄧ
伽,伽,伽,qié,qie,2,ㄑㄧㄝ
䖐,䖐,䖐,jìn,jin,4,ㄐㄧㄣ
垡,垡,垡,fá,fa,2,ㄈㄚ
瓙,瓙,瓙,dào,dao,4,ㄉㄠ
棞,棞,棞,hún,hun,2,ㄏㄨㄣ
䠟,䠟,䠟,dié,die,2,ㄉㄧㄝ
螲,螲,螲,zhì,zhi,4,ㄓ
譐,譐,譐,zǔn,zun,3,ㄗㄨㄣ
澞,澞,澞,yú,yu,2,ㄩ
欃,欃,欃,chán,chan,2,ㄔㄢ
顉,顉,顉,qīn,qin,1,ㄑㄧㄣ
肬,肬,肬,yóu,you,2,ㄧㄡ
䣡,䣡,䣡,tí,ti,2,ㄊㄧ
邏,邏,逻,luó,luo,2,ㄌㄨㄛ
蔜,蔜,蔜,áo,ao,2,ㄠ
噻,噻,噻,sai,sai,5,ㄙㄞ
鞇,鞇,鞇,yīn,yin,1,ㄧㄣ
鷚,鷚,鹨,liáo,liao,2,ㄌㄧㄠ
魘,魘,魇,yǎn,yan,3,ㄧㄢ
㥱,㥱,㥱,fěi,fei,3,ㄈㄟ
錬,錬,錬,liàn,lian,4,ㄌㄧㄢ
虳,虳,虳,dì,di,4,ㄉㄧ
嵗,嵗,嵗,sùi,sui,4,ㄙㄨㄟ
䍅,䍅,䍅,líng,ling,2,ㄌㄧㄥ
欯,欯,欯,xí,xi,2,ㄒㄧ
㢆,㢆,㢆,chán,chan,2,ㄔㄢ
茌,茌,茌,chí,chi,2,ㄔ
跾,跾,跾,shú,shu,2,ㄕㄨ
炴,炴,炴,yǎng,yang,3,ㄧㄤ
龚,龔,龚,gōng,gong,1,ㄍㄨㄥ
暫,暫,暂,zàn,zan,4,ㄗㄢ
阕,闋,阕,què,que,4,ㄑㄩㄝ
嗄,嗄,嗄,á,a,2,ㄚ
椔,椔,椔,zī,zi,1,ㄗ
䓃,䓃,䓃,yì,yi,4,ㄧ
荤,葷,荤,hūn,hun,1,ㄏㄨㄣ
鍩,鍩,锘,tiǎn,tian,3,ㄊㄧㄢ
蟄,蟄,蛰,zhé,zhe,2,ㄓㄜ
倓,倓,倓,tán,tan,2,ㄊㄢ
䉴,䉴,䉴,ráng,rang,2,ㄖㄤ
㚉,㚉,㚉,gǔ,gu,3,ㄍㄨ
吀,吀,吀,miē,mie,1,ㄇㄧㄝ
嫭,嫭,嫭,hù,hu,4,ㄏㄨ
㚊,㚊,㚊,㚊,㚊,,
耞,耞,耞,jiā,jia,1,ㄐㄧㄚ
㺺,㺺,㺺,mào,mao,4,ㄇㄠ
䁗,䁗,䁗,kǎi,kai,3,ㄎㄞ
慕,慕,慕,mù,mu,4,ㄇㄨ
虏,虜,虏,lǔ,lu,3,ㄌㄨ
兇,兇,兇,xiōng,xiong,1,ㄒㄩㄥ
巻,巻,巻,juàn,juan,4,ㄐㄩㄢ
顼,頊,顼,xù,xu,4,ㄒㄩ
咇,咇,咇,bì,bi,4,ㄅㄧ
蛏,蟶,蛏,chēng,cheng,1,ㄔㄥ
哊,哊,哊,yù,yu,4,ㄩ
縒,縒,縒,cuǒ,cuo,3,ㄘㄨㄛ
淘,淘,淘,táo,tao,2,ㄊㄠ
襱,襱,襱,lóng,long,2,ㄌㄨㄥ
䴔,鵁,䴔,jiāo,jiao,1,ㄐㄧㄠ
嘹,嘹,嘹,liáo,liao,2,ㄌㄧㄠ
嚾,嚾,嚾,huān,huan,1,ㄏㄨㄢ
佭,佭,佭,xiáng,xiang,2,ㄒㄧㄤ
仦,仦,仦,chào,chao,4,ㄔㄠ
霵,霵,霵,jí,ji,2,ㄐㄧ
㵷,㵷,㵷,biàn,bian,4,ㄅㄧㄢ
䩪,䩪,䩪,guǎn,guan,3,ㄍㄨㄢ
㺢,㺢,㺢,㺢,㺢,,
㚋,㚋,㚋,㚋,㚋,,
䰚,䰚,䰚,wén,wen,2,ㄨㄣ
瀼,瀼,瀼,ráng,rang,2,ㄖㄤ
閸,閸,閸,kǔn,kun,3,ㄎㄨㄣ
㪫,㪫,㪫,rùi,rui,4,ㄖㄨㄟ
絇,絇,絇,jù,ju,4,ㄐㄩ
䠒,䠒,䠒,hú,hu,2,ㄏㄨ
趧,趧,趧,tí,ti,2,ㄊㄧ
趘,趘,趘,xí,xi,2,ㄒㄧ
薝,薝,薝,zhán,zhan,2,ㄓㄢ
擛,擛,擛,yè,ye,4,ㄧㄝ
毈,毈,毈,duàn,duan,4,ㄉㄨㄢ
聤,聤,聤,tíng,ting,2,ㄊㄧㄥ
鼲,鼲,鼲,hún,hun,2,ㄏㄨㄣ
詧,詧,詧,chá,cha,2,ㄔㄚ
㔊,㔊,㔊,dǎn,dan,3,ㄉㄢ
瞬,瞬,瞬,shùn,shun,4,ㄕㄨㄣ
爖,爖,爖,lóng,long,2,ㄌㄨㄥ
㳨,㳨,㳨,jiǎn,jian,3,ㄐㄧㄢ
縫,縫,缝,féng,feng,2,ㄈㄥ
忋,忋,忋,gǎi,gai,3,ㄍㄞ
㕛,㕛,㕛,xù,xu,4,ㄒㄩ
丳,丳,丳,chǎn,chan,3,ㄔㄢ
厺,厺,厺,qù,qu,4,ㄑㄩ
峡,峽,峡,xiá,xia,2,ㄒㄧㄚ
溰,溰,溰,yī,yi,1,ㄧ
鐢,鐢,鐢,鐢,鐢,,
闦,闦,闦,wén,wen,2,ㄨㄣ
續,續,续,xù,xu,4,ㄒㄩ
鳓,鰳,鳓,lè,le,4,ㄌㄜ
櫳,櫳,栊,lóng,long,2,ㄌㄨㄥ
珌,珌,珌,bì,bi,4,ㄅㄧ
觍,覥,觍,tiǎn,tian,3,ㄊㄧㄢ
沵,濔,沵,mǐ,mi,3,ㄇㄧ
馟,馟,馟,tú,tu,2,ㄊㄨ
䄬,䄬,䄬,yí,yi,2,ㄧ
於,於,于,yú,yu,2,ㄩ
涿,涿,涿,zhuō,zhuo,1,ㄓㄨㄛ
嵷,嵷,嵷,sǒng,song,3,ㄙㄨㄥ
紼,紼,绋,fú,fu,2,ㄈㄨ
棹,棹,棹,zhuō,zhuo,1,ㄓㄨㄛ
忛,忛,忛,fán,fan,2,ㄈㄢ
飆,飆,飙,biāo,biao,1,ㄅㄧㄠ
柵,柵,栅,zhà,zha,4,ㄓㄚ
豼,豼,豼,pí,pi,2,ㄆㄧ
豢,豢,豢,huàn,huan,4,ㄏㄨㄢ
㫙,㫙,㫙,fú,fu,2,ㄈㄨ
朒,朒,朒,nv̀,nu,4,ㄋㄨ
羇,羇,羇,jī,ji,1,ㄐㄧ
旗,旗,旗,qí,qi,2,ㄑㄧ
蠻,蠻,蛮,mán,man,2,ㄇㄢ
卟,卟,卟,bǔ,bu,3,ㄅㄨ
㑮,㑮,㑮,hún,hun,2,ㄏㄨㄣ
㜥,㜥,㜥,mái,mai,2,ㄇㄞ
崾,崾,崾,yǎo,yao,3,ㄧㄠ
朰,朰,朰,朰,朰,,
日,日,日,rì,ri,4,ㄖ
蚎,蚎,蚎,yuè,yue,4,ㄩㄝ
龹,龹,龹,龹,龹,,
宲,宲,宲,bǎo,bao,3,ㄅㄠ
腒,腒,腒,jū,ju,1,ㄐㄩ
憋,憋,憋,biē,bie,1,ㄅㄧㄝ
魗,魗,魗,chǒu,chou,3,ㄔㄡ
瑂,瑂,瑂,méi,mei,2,ㄇㄟ
俞,俞,俞,yú,yu,2,ㄩ
䥋,䥋,䥋,䥋,䥋,,
嬬,嬬,嬬,xū,xu,1,ㄒㄩ
頿,頿,頿,zī,zi,1,ㄗ
柎,柎,柎,fū,fu,1,ㄈㄨ
岍,岍,岍,qiān,qian,1,ㄑㄧㄢ
缠,纏,缠,chán,chan,2,ㄔㄢ
㨅,㨅,㨅,nèi,nei,4,ㄋㄟ
㤶,㤶,㤶,páng,pang,2,ㄆㄤ
呠,呠,呠,pēn,pen,1,ㄆㄣ
惾,惾,惾,zōng,zong,1,ㄗㄨㄥ
坤,坤,坤,kūn,kun,1,ㄎㄨㄣ
纱,紗,纱,shā,sha,1,ㄕㄚ
韶,韶,韶,sháo,shao,2,ㄕㄠ
匞,匞,匞,jiàng,jiang,4,ㄐㄧㄤ
琳,琳,琳,lín,lin,2,ㄌㄧㄣ
楠,楠,楠,nán,nan,2,ㄋㄢ
㒵,㒵,㒵,mào,mao,4,ㄇㄠ
彋,彋,彋,hóng,hong,2,ㄏㄨㄥ
没,沒,没,méi,mei,2,ㄇㄟ
顷,頃,顷,qǐng,qing,3,ㄑㄧㄥ
䪺,䪺,䪺,gé,ge,2,ㄍㄜ
洆,洆,洆,chéng,cheng,2,ㄔㄥ
䢋,䢋,䢋,jì,ji,4,ㄐㄧ
喴,喴,喴,wēi,wei,1,ㄨㄟ
㯳,㯳,㯳,qíng,qing,2,ㄑㄧㄥ
殙,殙,殙,hūn,hun,1,ㄏㄨㄣ
㾤,㾤,㾤,㾤,㾤,,
㯊,㯊,㯊,hén,hen,2,ㄏㄣ
虰,虰,虰,chéng,cheng,2,ㄔㄥ
探,探,探,tàn,tan,4,ㄊㄢ
䟔,䟔,䟔,fù,fu,4,ㄈㄨ
玮,瑋,玮,wěi,wei,3,ㄨㄟ
㢓,㢓,㢓,yǎo,yao,3,ㄧㄠ
詓,詓,詓,qǔ,qu,3,ㄑㄩ
嫏,嫏,嫏,láng,lang,2,ㄌㄤ
岬,岬,岬,jiǎ,jia,3,ㄐㄧㄚ
覒,覒,覒,máo,mao,2,ㄇㄠ
琀,琀,琀,hán,han,2,ㄏㄢ
䀌,䀌,䀌,䀌,䀌,,
㿃,㿃,㿃,dài,dai,4,ㄉㄞ
㵶,㵶,㵶,㵶,㵶,,
嫌,嫌,嫌,xián,xian,2,ㄒㄧㄢ
㭸,㭸,㭸,tú,tu,2,ㄊㄨ
阌,閿,阌,wén,wen,2,ㄨㄣ
杕,杕,杕,dì,di,4,ㄉㄧ
羪,羪,羪,羪,羪,,
紧,緊,紧,jǐn,jin,3,ㄐㄧㄣ
藂,藂,藂,còng,cong,4,ㄘㄨㄥ
魿,魿,魿,líng,ling,2,ㄌㄧㄥ
啦,啦,啦,la,la,5,ㄌㄚ
爔,爔,爔,xī,xi,1,ㄒㄧ
瓧,瓧,瓧,瓧,瓧,,
曼,曼,曼,màn,man,4,ㄇㄢ
慞,慞,慞,zhāng,zhang,1,ㄓㄤ
鹐,鵮,鹐,qiān,qian,1,ㄑㄧㄢ
亣,亣,亣,tà,ta,4,ㄊㄚ
鿟,鿟,鿟,鿟,鿟,,
盌,盌,盌,wǎn,wan,3,ㄨㄢ
瑣,瑣,琐,suǒ,suo,3,ㄙㄨㄛ
膬,膬,膬,cùi,cui,4,ㄘㄨㄟ
琣,琣,琣,pěi,pei,3,ㄆㄟ
醥,醥,醥,piǎo,piao,3,ㄆㄧㄠ
鞃,鞃,鞃,hóng,hong,2,ㄏㄨㄥ
樠,樠,樠,mén,men,2,ㄇㄣ
昽,曨,昽,lóng,long,2,ㄌㄨㄥ
橜,橜,橜,jué,jue,2,ㄐㄩㄝ
継,継,継,jì,ji,4,ㄐㄧ
㧟,擓,㧟,kuǎi,kuai,3,ㄎㄨㄞ
蘓,蘓,蘓,sū,su,1,ㄙㄨ
䦗,䦗,䦗,xù,xu,4,ㄒㄩ
裓,裓,裓,gé,ge,2,ㄍㄜ
洖,洖,洖,wú,wu,2,ㄨ
瞹,瞹,瞹,ài,ai,4,ㄞ
耑,耑,耑,zhuān,zhuan,1,ㄓㄨㄢ
湃,湃,湃,pài,pai,4,ㄆㄞ
貪,貪,贪,tān,tan,1,ㄊㄢ
耽,耽,耽,dān,dan,1,ㄉㄢ
佹,佹,佹,gǔi,gui,3,ㄍㄨㄟ
䙥,䙥,䙥,líng,ling,2,ㄌㄧㄥ
䞶,䞶,䞶,dì,di,4,ㄉㄧ
搻,搻,搻,nuò,nuo,4,ㄋㄨㄛ
瘹,瘹,瘹,diào,diao,4,ㄉㄧㄠ
硊,硊,硊,wěi,wei,3,ㄨㄟ
谶,讖,谶,chèn,chen,4,ㄔㄣ
䓫,䓫,䓫,jì,ji,4,ㄐㄧ
朌,朌,朌,bān,ban,1,ㄅㄢ
蝉,蟬,蝉,chán,chan,2,ㄔㄢ
㨯,㨯,㨯,huò,huo,4,ㄏㄨㄛ
摷,摷,摷,jiǎo,jiao,3,ㄐㄧㄠ
鶬,鶬,鸧,cāng,cang,1,ㄘㄤ
鈶,鈶,鈶,yí,yi,2,ㄧ
螈,螈,螈,yuán,yuan,2,ㄩㄢ
糃,糃,糃,táng,tang,2,ㄊㄤ
鶇,鶇,鸫,dōng,dong,1,ㄉㄨㄥ
蚦,蚦,蚦,rán,ran,2,ㄖㄢ
钺,鉞,钺,yuè,yue,4,ㄩㄝ
銖,銖,铢,zhū,zhu,1,ㄓㄨ
盺,盺,盺,xīn,xin,1,ㄒㄧㄣ
㙦,㙦,㙦,㙦,㙦,,
痏,痏,痏,wěi,wei,3,ㄨㄟ
絩,絩,絩,tiào,tiao,4,ㄊㄧㄠ
䙽,䙽,䙽,xì,xi,4,ㄒㄧ
挤,擠,挤,jǐ,ji,3,ㄐㄧ
羨,羨,羡,xiàn,xian,4,ㄒㄧㄢ
攈,攈,攈,jùn,jun,4,ㄐㄩㄣ
儾,儾,儾,nàng,nang,4,ㄋㄤ
禮,禮,礼,lǐ,li,3,ㄌㄧ
鵖,鵖,鵖,bì,bi,4,ㄅㄧ
㸐,㸐,㸐,rán,ran,2,ㄖㄢ
竪,竪,竖,shù,shu,4,ㄕㄨ
雲,雲,云,yún,yun,2,ㄩㄣ
瘚,瘚,瘚,jué,jue,2,ㄐㄩㄝ
眊,眊,眊,mào,mao,4,ㄇㄠ
宫,宮,宫,gōng,gong,1,ㄍㄨㄥ
飈,飈,飈,biǎo,biao,3,ㄅㄧㄠ
匂,匂,匂,匂,匂,,
㕑,㕑,㕑,chú,chu,2,ㄔㄨ
逍,逍,逍,xiāo,xiao,1,ㄒㄧㄠ
㸄,㸄,㸄,jì,ji,4,ㄐㄧ
䶷,䶷,䶷,䶷,䶷,,
㕰,㕰,㕰,hè,he,4,ㄏㄜ
鲓,鮳,鲓,kǎo,kao,3,ㄎㄠ
亗,亗,亗,sùi,sui,4,ㄙㄨㄟ
嶣,嶣,嶣,qiáo,qiao,2,ㄑㄧㄠ
徸,徸,徸,chōng,chong,1,ㄔㄨㄥ
朁,朁,朁,cǎn,can,3,ㄘㄢ
腛,腛,腛,wū,wu,1,ㄨ
籑,籑,籑,zhuàn,zhuan,4,ㄓㄨㄢ
䶘,䶘,䶘,lì,li,4,ㄌㄧ
瀭,瀭,瀭,瀭,瀭,,
㳣,㳣,㳣,㳣,㳣,,
龖,龖,龖,tà,ta,4,ㄊㄚ
翱,翱,翱,áo,ao,2,ㄠ
癿,癿,癿,qié,qie,2,ㄑㄧㄝ
溱,溱,溱,zhēn,zhen,1,ㄓㄣ
褢,褢,褢,huái,huai,2,ㄏㄨㄞ
鰡,鰡,鰡,líu,liu,2,ㄌㄧㄡ
惛,惛,惛,hūn,hun,1,ㄏㄨㄣ
酔,酔,酔,zùi,zui,4,ㄗㄨㄟ
俟,俟,俟,sì,si,4,ㄙ
腄,腄,腄,chúi,chui,2,ㄔㄨㄟ
宐,宐,宐,yí,yi,2,ㄧ
䇲,䇲,䇲,cè,ce,4,ㄘㄜ
迠,迠,迠,chè,che,4,ㄔㄜ
基,基,基,jī,ji,1,ㄐㄧ
馾,馾,馾,dàn,dan,4,ㄉㄢ
䲪,䲪,䲪,xì,xi,4,ㄒㄧ
賻,賻,赙,fù,fu,4,ㄈㄨ
襎,襎,襎,fán,fan,2,ㄈㄢ
顺,順,顺,shùn,shun,4,ㄕㄨㄣ
迖,迖,迖,dá,da,2,ㄉㄚ
篹,篹,篹,zhuàn,zhuan,4,ㄓㄨㄢ
錵,錵,錵,huā,hua,1,ㄏㄨㄚ
嘽,嘽,啴,tān,tan,1,ㄊㄢ
㕼,㕼,㕼,㕼,㕼,,
嶢,嶢,峣,yáo,yao,2,ㄧㄠ
蝫,蝫,蝫,zhū,zhu,1,ㄓㄨ
逈,逈,逈,jiǒng,jiong,3,ㄐㄩㄥ
㞞,㞞,㞞,㞞,㞞,,
䌁,䌁,䌁,䌁,䌁,,
冕,冕,冕,miǎn,mian,3,ㄇㄧㄢ
䆪,䆪,䆪,䆪,䆪,,
斈,斈,斈,xué,xue,2,ㄒㄩㄝ
鼍,鼉,鼍,tuó,tuo,2,ㄊㄨㄛ
帎,帎,帎,dàn,dan,4,ㄉㄢ
蒺,蒺,蒺,jí,ji,2,ㄐㄧ
郖,郖,郖,dōu,dou,1,ㄉㄡ
䧇,䧇,䧇,nǐ,ni,3,ㄋㄧ
䨳,䨳,䨳,xì,xi,4,ㄒㄧ
犲,犲,犲,cái,cai,2,ㄘㄞ
稏,稏,稏,yà,ya,4,ㄧㄚ
邂,邂,邂,xiè,xie,4,ㄒㄧㄝ
侜,侜,侜,zhōu,zhou,1,ㄓㄡ
暞,暞,暞,jiǎo,jiao,3,ㄐㄧㄠ
螄,螄,蛳,sī,si,1,ㄙ
挳,挳,挳,kēng,keng,1,ㄎㄥ
锜,錡,锜,qí,qi,2,ㄑㄧ
璅,璅,璅,suǒ,suo,3,ㄙㄨㄛ
絤,絤,絤,xiàn,xian,4,ㄒㄧㄢ
鎐,鎐,鎐,zú,zu,2,ㄗㄨ
飨,饗,飨,xiǎng,xiang,3,ㄒㄧㄤ
苀,苀,苀,háng,hang,2,ㄏㄤ
塮,塮,塮,xiè,xie,4,ㄒㄧㄝ
考,考,考,kǎo,kao,3,ㄎㄠ
剱,剱,剱,jiàn,jian,4,ㄐㄧㄢ
尃,尃,尃,fū,fu,1,ㄈㄨ
睜,睜,睁,zhēng,zheng,1,ㄓㄥ
菏,菏,菏,hé,he,2,ㄏㄜ
衿,衿,衿,jīn,jin,1,ㄐㄧㄣ
陀,陀,陀,tuó,tuo,2,ㄊㄨㄛ
骸,骸,骸,hái,hai,2,ㄏㄞ
䛥,䛥,䛥,xì,xi,4,ㄒㄧ
峲,峲,峲,lǐ,li,3,ㄌㄧ
渕,渕,渕,yuān,yuan,1,ㄩㄢ
䑴,䑴,䑴,qí,qi,2,ㄑㄧ
車,車,车,chē,che,1,ㄔㄜ
䯦,䯦,䯦,mà,ma,4,ㄇㄚ
䁮,䁮,䁮,qián,qian,2,ㄑㄧㄢ
㬘,㬘,㬘,sù,su,4,ㄙㄨ
䣯,䣯,䣯,tiǎn,tian,3,ㄊㄧㄢ
焏,焏,焏,jí,ji,2,ㄐㄧ
㤣,㤣,㤣,㤣,㤣,,
㻗,㻗,㻗,bèi,bei,4,ㄅㄟ
芈,羋,芈,miē,mie,1,ㄇㄧㄝ
㢲,㢲,㢲,xùn,xun,4,ㄒㄩㄣ
倹,倹,倹,jiǎn,jian,3,ㄐㄧㄢ
㰚,㰚,㰚,lí,li,2,ㄌㄧ
䅓,䅓,䅓,jǔ,ju,3,ㄐㄩ
梇,梇,梇,lòng,long,4,ㄌㄨㄥ
刈,刈,刈,yì,yi,4,ㄧ
预,預,预,yù,yu,4,ㄩ
駓,駓,駓,pī,pi,1,ㄆㄧ
坙,坙,坙,jīng,jing,1,ㄐㄧㄥ
姽,姽,姽,gǔi,gui,3,ㄍㄨㄟ
暿,暿,暿,xǐ,xi,3,ㄒㄧ
䲐,䲐,䲐,lǔ,lu,3,ㄌㄨ
聣,聣,聣,聣,聣,,
曋,曋,曋,qǐn,qin,3,ㄑㄧㄣ
㦀,㦀,㦀,féng,feng,2,ㄈㄥ
銍,銍,铚,zhì,zhi,4,ㄓ
猹,猹,猹,zhā,zha,1,ㄓㄚ
旟,旟,旟,yú,yu,2,ㄩ
䯸,䯸,䯸,cì,ci,4,ㄘ
躒,躒,跞,lì,li,4,ㄌㄧ
攜,攜,携,xié,xie,2,ㄒㄧㄝ
鈜,鈜,鈜,hóng,hong,2,ㄏㄨㄥ
㭓,㭓,㭓,biàn,bian,4,ㄅㄧㄢ
臆,臆,臆,yì,yi,4,ㄧ
途,途,途,tú,tu,2,ㄊㄨ
漝,漝,漝,xí,xi,2,ㄒㄧ
熁,熁,熁,xié,xie,2,ㄒㄧㄝ
銷,銷,销,xiāo,xiao,1,ㄒㄧㄠ
媀,媀,媀,yú,yu,2,ㄩ
楘,楘,楘,mù,mu,4,ㄇㄨ
货,貨,货,huò,huo,4,ㄏㄨㄛ
迥,迥,迥,jiǒng,jiong,3,ㄐㄩㄥ
堑,塹,堑,qiàn,qian,4,ㄑㄧㄢ
醎,醎,醎,mián,mian,2,ㄇㄧㄢ
晥,晥,晥,hàn,han,4,ㄏㄢ
閪,閪,閪,閪,閪,,
㘸,㘸,㘸,zàng,zang,4,ㄗㄤ
㾟,㾟,㾟,bù,bu,4,ㄅㄨ
㔿,㔿,㔿,zòu,zou,4,ㄗㄡ
汫,汫,汫,qìng,qing,4,ㄑㄧㄥ
禃,禃,禃,zhí,zhi,2,ㄓ
绅,紳,绅,shēn,shen,1,ㄕㄣ
㓰,㓰,㓰,huà,hua,4,ㄏㄨㄚ
匮,匱,匮,gùi,gui,4,ㄍㄨㄟ
亟,亟,亟,jí,ji,2,ㄐㄧ
輿,輿,舆,yú,yu,2,ㄩ
檌,檌,檌,zùi,zui,4,ㄗㄨㄟ
琛,琛,琛,chēn,chen,1,ㄔㄣ
䄐,䄐,䄐,quàn,quan,4,ㄑㄩㄢ
燁,燁,烨,yè,ye,4,ㄧㄝ
㲯,㲯,㲯,rán,ran,2,ㄖㄢ
捓,捓,捓,yé,ye,2,ㄧㄝ
骥,驥,骥,jì,ji,4,ㄐㄧ
臶,臶,臶,jiàn,jian,4,ㄐㄧㄢ
码,碼,码,mǎ,ma,3,ㄇㄚ
牼,牼,牼,kēng,keng,1,ㄎㄥ
㳵,㳵,㳵,jì,ji,4,ㄐㄧ
䇯,䇯,䇯,róng,rong,2,ㄖㄨㄥ
然,然,然,rán,ran,2,ㄖㄢ
拧,擰,拧,níng,ning,2,ㄋㄧㄥ
鞉,鞉,鞉,táo,tao,2,ㄊㄠ
偀,偀,偀,yīng,ying,1,ㄧㄥ
潗,潗,潗,jí,ji,2,ㄐㄧ
縈,縈,萦,yíng,ying,2,ㄧㄥ
岺,岺,岺,líng,ling,2,ㄌㄧㄥ
菁,菁,菁,jīng,jing,1,ㄐㄧㄥ
瘵,瘵,瘵,zhài,zhai,4,ㄓㄞ
䣿,䣿,䣿,䣿,䣿,,
贙,贙,贙,xuàn,xuan,4,ㄒㄩㄢ
羚,羚,羚,líng,ling,2,ㄌㄧㄥ
糲,糲,粝,lì,li,4,ㄌㄧ
鴱,鴱,鴱,ài,ai,4,ㄞ
㼁,㼁,㼁,㼁,㼁,,
伱,伱,伱,nǐ,ni,3,ㄋㄧ
歰,歰,歰,sè,se,4,ㄙㄜ
灄,灄,滠,shè,she,4,ㄕㄜ
脰,脰,脰,dòu,dou,4,ㄉㄡ
焰,焰,焰,yàn,yan,4,ㄧㄢ
䱌,䱌,䱌,yí,yi,2,ㄧ
闗,闗,闗,guān,guan,1,ㄍㄨㄢ
俸,俸,俸,fèng,feng,4,ㄈㄥ
纛,纛,纛,dào,dao,4,ㄉㄠ
饍,饍,饍,shàn,shan,4,ㄕㄢ
泝,泝,泝,sù,su,4,ㄙㄨ
㚚,㚚,㚚,㚚,㚚,,
珞,珞,珞,luò,luo,4,ㄌㄨㄛ
錮,錮,锢,gù,gu,4,ㄍㄨ
儏,儏,儏,儏,儏,,
㸑,㸑,㸑,cuàn,cuan,4,ㄘㄨㄢ
洐,洐,洐,xíng,xing,2,ㄒㄧㄥ
㛟,㛟,㛟,㛟,㛟,,
㭉,㭉,㭉,huá,hua,2,ㄏㄨㄚ
眡,眡,眡,dī,di,1,ㄉㄧ
䴢,䴢,䴢,mí,mi,2,ㄇㄧ
弮,弮,弮,quān,quan,1,ㄑㄩㄢ
塈,塈,塈,jì,ji,4,ㄐㄧ
炑,炑,炑,mù,mu,4,ㄇㄨ
事,事,事,shì,shi,4,ㄕ
祘,祘,祘,suàn,suan,4,ㄙㄨㄢ
㢣,㢣,㢣,jìng,jing,4,ㄐㄧㄥ
艈,艈,艈,艈,艈,,
畸,畸,畸,jī,ji,1,ㄐㄧ
葶,葶,葶,tíng,ting,2,ㄊㄧㄥ
駇,駇,駇,駇,駇,,
肋,肋,肋,lèi,lei,4,ㄌㄟ
睫,睫,睫,jié,jie,2,ㄐㄧㄝ
烲,烲,烲,chè,che,4,ㄔㄜ
蠟,蠟,蜡,là,la,4,ㄌㄚ
寺,寺,寺,sì,si,4,ㄙ
劽,劽,劽,liè,lie,4,ㄌㄧㄝ
询,詢,询,xún,xun,2,ㄒㄩㄣ
欞,欞,棂,líng,ling,2,ㄌㄧㄥ
㗨,㗨,㗨,ǎi,ai,3,ㄞ
惲,惲,恽,yùn,yun,4,ㄩㄣ
焂,焂,焂,shú,shu,2,ㄕㄨ
薴,薴,薴,néng,neng,2,ㄋㄥ
稱,稱,称,chēng,cheng,1,ㄔㄥ
崚,崚,崚,léng,leng,2,ㄌㄥ
抿,抿,抿,mǐn,min,3,ㄇㄧㄣ
卩,卩,卩,jié,jie,2,ㄐㄧㄝ
㬟,㬟,㬟,㬟,㬟,,
梍,梍,梍,zào,zao,4,ㄗㄠ
搝,搝,搝,qǐu,qiu,3,ㄑㄧㄡ
銽,銽,銽,guā,gua,1,ㄍㄨㄚ
崷,崷,崷,qíu,qiu,2,ㄑㄧㄡ
櫁,櫁,櫁,mì,mi,4,ㄇㄧ
溂,溂,溂,溂,溂,,
腇,腇,腇,něi,nei,3,ㄋㄟ
鄒,鄒,邹,zōu,zou,1,ㄗㄡ
㠞,㠞,㠞,㠞,㠞,,
狢,狢,狢,hé,he,2,ㄏㄜ
鳷,鳷,鳷,zhī,zhi,1,ㄓ
儎,儎,儎,zài,zai,4,ㄗㄞ
詢,詢,询,xún,xun,2,ㄒㄩㄣ
宨,宨,宨,tiǎo,tiao,3,ㄊㄧㄠ
佞,佞,佞,nìng,ning,4,ㄋㄧㄥ
什,什,什,shí,shi,2,ㄕ
䙭,䙭,䙭,䙭,䙭,,
忟,忟,忟,mín,min,2,ㄇㄧㄣ
䴐,䴐,䴐,bǎo,bao,3,ㄅㄠ
䥦,䥦,䥦,䥦,䥦,,
䋇,䋇,䋇,䋇,䋇,,
筓,筓,筓,jī,ji,1,ㄐㄧ
铫,銚,铫,yáo,yao,2,ㄧㄠ
鯪,鯪,鲮,líng,ling,2,ㄌㄧㄥ
䖫,䖫,䖫,bàng,bang,4,ㄅㄤ
㵠,㵠,㵠,㵠,㵠,,
吟,吟,吟,yín,yin,2,ㄧㄣ
幪,幪,幪,méng,meng,2,ㄇㄥ
縠,縠,縠,hú,hu,2,ㄏㄨ
嬅,嬅,嬅,huá,hua,2,ㄏㄨㄚ
䁙,䁙,䁙,yǎn,yan,3,ㄧㄢ
茭,茭,茭,jiāo,jiao,1,ㄐㄧㄠ
竷,竷,竷,kàn,kan,4,ㄎㄢ
㒖,㒖,㒖,ǒu,ou,3,ㄡ
櫖,櫖,櫖,lv́,lu,2,ㄌㄨ
券,券,券,quàn,quan,4,ㄑㄩㄢ
斠,斠,斠,jiào,jiao,4,ㄐㄧㄠ
橊,橊,橊,líu,liu,2,ㄌㄧㄡ
雘,雘,雘,huò,huo,4,ㄏㄨㄛ
㝁,㝁,㝁,xún,xun,2,ㄒㄩㄣ
䱯,䱯,䱯,mú,mu,2,ㄇㄨ
䯰,䯰,䯰,jiè,jie,4,ㄐㄧㄝ
弌,弌,弌,yī,yi,1,ㄧ
㿸,㿸,㿸,wǎn,wan,3,ㄨㄢ
訷,訷,訷,shēn,shen,1,ㄕㄣ
孴,孴,孴,nǐ,ni,3,ㄋㄧ
㛀,㛀,㛀,㛀,㛀,,
䇍,䇍,䇍,chuò,chuo,4,ㄔㄨㄛ
联,聯,联,lián,lian,2,ㄌㄧㄢ
檵,檵,檵,jì,ji,4,ㄐㄧ
䄑,䄑,䄑,huó,huo,2,ㄏㄨㄛ
菲,菲,菲,fēi,fei,1,ㄈㄟ
嗂,嗂,嗂,yáo,yao,2,ㄧㄠ
醈,醈,醈,tán,tan,2,ㄊㄢ
喸,喸,喸,喸,喸,,
陘,陘,陉,xíng,xing,2,ㄒㄧㄥ
㘐,㘐,㘐,pào,pao,4,ㄆㄠ
僗,僗,僗,láo,lao,2,ㄌㄠ
䉅,䉅,䉅,zhì,zhi,4,ㄓ
懄,懄,懄,qín,qin,2,ㄑㄧㄣ
䴋,䴋,䴋,xuán,xuan,2,ㄒㄩㄢ
蘥,蘥,蘥,yuè,yue,4,ㄩㄝ
趶,趶,趶,kù,ku,4,ㄎㄨ
犈,犈,犈,quán,quan,2,ㄑㄩㄢ
䏶,䏶,䏶,bì,bi,4,ㄅㄧ
㶶,㶶,㶶,nóng,nong,2,ㄋㄨㄥ
妛,妛,妛,妛,妛,,
娋,娋,娋,shào,shao,4,ㄕㄠ
庶,庶,庶,shù,shu,4,ㄕㄨ
蹶,蹶,蹶,jué,jue,2,ㄐㄩㄝ
伖,伖,伖,tǎng,tang,3,ㄊㄤ
䯄,䯄,䯄,䯄,䯄,,
櫆,櫆,櫆,kúi,kui,2,ㄎㄨㄟ
䆋,䆋,䆋,qīu,qiu,1,ㄑㄧㄡ
眱,眱,眱,yí,yi,2,ㄧ
櫿,櫿,櫿,yíng,ying,2,ㄧㄥ
晉,晉,晋,jìn,jin,4,ㄐㄧㄣ
菥,菥,菥,xī,xi,1,ㄒㄧ
幚,幚,幚,bāng,bang,1,ㄅㄤ
巧,巧,巧,qiǎo,qiao,3,ㄑㄧㄠ
䋦,䋦,䋦,fán,fan,2,ㄈㄢ
䛄,䛄,䛄,yuǎn,yuan,3,ㄩㄢ
溘,溘,溘,kè,ke,4,ㄎㄜ
鞽,鞽,鞒,qiáo,qiao,2,ㄑㄧㄠ
碐,碐,碐,líng,ling,2,ㄌㄧㄥ
妳,妳,妳,nǎi,nai,3,ㄋㄞ
㻟,㻟,㻟,súi,sui,2,ㄙㄨㄟ
棥,棥,棥,fán,fan,2,ㄈㄢ
㰷,㰷,㰷,zì,zi,4,ㄗ
绵,綿,绵,mián,mian,2,ㄇㄧㄢ
磧,磧,碛,qì,qi,4,ㄑㄧ
籛,籛,籛,jiān,jian,1,ㄐㄧㄢ
瓘,瓘,瓘,guàn,guan,4,ㄍㄨㄢ
蘊,蘊,蕴,yùn,yun,4,ㄩㄣ
獦,獦,獦,gé,ge,2,ㄍㄜ
絆,絆,绊,bàn,ban,4,ㄅㄢ
䲩,䲩,䲩,䲩,䲩,,
埩,埩,埩,zhēng,zheng,1,ㄓㄥ
跷,蹺,跷,qiāo,qiao,1,ㄑㄧㄠ
譮,譮,譮,huà,hua,4,ㄏㄨㄚ
虦,虦,虦,zhàn,zhan,4,ㄓㄢ
炩,炩,炩,lìng,ling,4,ㄌㄧㄥ
钧,鈞,钧,jūn,jun,1,ㄐㄩㄣ
鉓,鉓,鉓,chì,chi,4,ㄔ
匝,匝,匝,zā,za,1,ㄗㄚ
䑔,䑔,䑔,fèi,fei,4,ㄈㄟ
鼵,鼵,鼵,tú,tu,2,ㄊㄨ
鰸,鰸,鰸,qū,qu,1,ㄑㄩ
縖,縖,縖,xiá,xia,2,ㄒㄧㄚ
離,離,离,lí,li,2,ㄌㄧ
㮭,㮭,㮭,xián,xian,2,ㄒㄧㄢ
䳣,䳣,䳣,yuán,yuan,2,ㄩㄢ
晾,晾,晾,liàng,liang,4,ㄌㄧㄤ
窴,窴,窴,tián,tian,2,ㄊㄧㄢ
䃈,䃈,䃈,䃈,䃈,,
魫,魫,魫,shěn,shen,3,ㄕㄣ
哴,哴,哴,liàng,liang,4,ㄌㄧㄤ
孎,孎,孎,zhǔ,zhu,3,ㄓㄨ
劲,勁,劲,jìng,jing,4,ㄐㄧㄥ
䣾,䣾,䣾,mì,mi,4,ㄇㄧ
芫,芫,芫,yuán,yuan,2,ㄩㄢ
虤,虤,虤,yán,yan,2,ㄧㄢ
忿,忿,忿,fèn,fen,4,ㄈㄣ
㻙,㻙,㻙,㻙,㻙,,
蜭,蜭,蜭,hàn,han,4,ㄏㄢ
䅊,䅊,䅊,dù,du,4,ㄉㄨ
癜,癜,癜,diàn,dian,4,ㄉㄧㄢ
僟,僟,僟,jī,ji,1,ㄐㄧ
鰮,鰮,鳁,wēn,wen,1,ㄨㄣ
聎,聎,聎,tiāo,tiao,1,ㄊㄧㄠ
轄,轄,辖,xiá,xia,2,ㄒㄧㄚ
㘉,㘉,㘉,zhì,zhi,4,ㄓ
筑,築,筑,zhú,zhu,2,ㄓㄨ
䊛,䊛,䊛,sǎ,sa,3,ㄙㄚ
鹟,鶲,鹟,wēng,weng,1,ㄨㄥ
䰅,䰅,䰅,䰅,䰅,,
抨,抨,抨,pēng,peng,1,ㄆㄥ
艄,艄,艄,shāo,shao,1,ㄕㄠ
乶,乶,乶,fǔ,fu,3,ㄈㄨ
絲,絲,丝,sī,si,1,ㄙ
诋,詆,诋,dǐ,di,3,ㄉㄧ
䤲,䤲,䤲,chì,chi,4,ㄔ
㓄,㓄,㓄,zhèn,zhen,4,ㄓㄣ
棦,棦,棦,chēng,cheng,1,ㄔㄥ
鄺,鄺,邝,kuàng,kuang,4,ㄎㄨㄤ
穤,穤,穤,nuò,nuo,4,ㄋㄨㄛ
㢴,㢴,㢴,㢴,㢴,,
瀈,瀈,瀈,hūi,hui,1,ㄏㄨㄟ
鱤,鱤,鳡,gǎn,gan,3,ㄍㄢ
呤,呤,呤,líng,ling,2,ㄌㄧㄥ
䤨,䤨,䤨,pì,pi,4,ㄆㄧ
鸷,鷙,鸷,zhì,zhi,4,ㄓ
邠,邠,邠,bīn,bin,1,ㄅㄧㄣ
畭,畭,畭,yú,yu,2,ㄩ
羽,羽,羽,yǔ,yu,3,ㄩ
駎,駎,駎,zhòu,zhou,4,ㄓㄡ
鏜,鏜,镗,tāng,tang,1,ㄊㄤ
枣,棗,枣,zǎo,zao,3,ㄗㄠ
唶,唶,唶,jiè,jie,4,ㄐㄧㄝ
褸,褸,褛,lǔ,lu,3,ㄌㄨ
䓷,䓷,䓷,xìng,xing,4,ㄒㄧㄥ
炈,炈,炈,yì,yi,4,ㄧ
裷,裷,裷,yuān,yuan,1,ㄩㄢ
赀,貲,赀,zī,zi,1,ㄗ
滚,滾,滚,gǔn,gun,3,ㄍㄨㄣ
奊,奊,奊,xié,xie,2,ㄒㄧㄝ
㯪,㯪,㯪,líng,ling,2,ㄌㄧㄥ
撡,撡,撡,cāo,cao,1,ㄘㄠ
狃,狃,狃,nǐu,niu,3,ㄋㄧㄡ
鉅,钜,鉅,jù,ju,4,ㄐㄩ
鸏,鸏,鹲,méng,meng,2,ㄇㄥ
鱵,鱵,鱵,zhēn,zhen,1,ㄓㄣ
㟈,㟈,㟈,qíu,qiu,2,ㄑㄧㄡ
䙏,䙏,䙏,bó,bo,2,ㄅㄛ
锭,錠,锭,dìng,ding,4,ㄉㄧㄥ
椄,椄,椄,jiē,jie,1,ㄐㄧㄝ
謾,謾,谩,mán,man,2,ㄇㄢ
崆,崆,崆,kōng,kong,1,ㄎㄨㄥ
棾,棾,棾,qióng,qiong,2,ㄑㄩㄥ
昧,昧,昧,mèi,mei,4,ㄇㄟ
䫎,䫎,䫎,䫎,䫎,,
躹,躹,躹,jú,ju,2,ㄐㄩ
隿,隿,隿,yì,yi,4,ㄧ
对,對,对,dùi,dui,4,ㄉㄨㄟ
鼳,鼳,鼳,jú,ju,2,ㄐㄩ
踲,踲,踲,dùn,dun,4,ㄉㄨㄣ
憂,憂,忧,yōu,you,1,ㄧㄡ
阰,阰,阰,pí,pi,2,ㄆㄧ
䀑,䀑,䀑,nà,na,4,ㄋㄚ
䰈,䰈,䰈,chǎ,cha,3,ㄔㄚ
䮸,䮸,䮸,hú,hu,2,ㄏㄨ
殤,殤,殇,shāng,shang,1,ㄕㄤ
遟,遟,遟,chí,chi,2,ㄔ
伮,伮,伮,nú,nu,2,ㄋㄨ
䦍,䦍,䦍,wù,wu,4,ㄨ
蹖,蹖,蹖,chōng,chong,1,ㄔㄨㄥ
䘐,䘐,䘐,nv̀,nu,4,ㄋㄨ
謰,謰,謰,lián,lian,2,ㄌㄧㄢ
搞,搞,搞,gǎo,gao,3,ㄍㄠ
疲,疲,疲,pí,pi,2,ㄆㄧ
滂,滂,滂,pāng,pang,1,ㄆㄤ
釠,釠,釠,luàn,luan,4,ㄌㄨㄢ
樆,樆,樆,lí,li,2,ㄌㄧ
燽,燽,燽,chóu,chou,2,ㄔㄡ
爰,爰,爰,yuán,yuan,2,ㄩㄢ
謗,謗,谤,bàng,bang,4,ㄅㄤ
奫,奫,奫,yūn,yun,1,ㄩㄣ
㑨,㑨,㑨,yǔ,yu,3,ㄩ
垎,垎,垎,kè,ke,4,ㄎㄜ
満,満,満,mǎn,man,3,ㄇㄢ
㽧,㽧,㽧,㽧,㽧,,
枀,枀,枀,sōng,song,1,ㄙㄨㄥ
獡,獡,獡,shuò,shuo,4,ㄕㄨㄛ
坆,坆,坆,fén,fen,2,ㄈㄣ
狙,狙,狙,jū,ju,1,ㄐㄩ
缗,緡,缗,mín,min,2,ㄇㄧㄣ
䪫,䪫,䪫,䪫,䪫,,
肂,肂,肂,sì,si,4,ㄙ
輕,輕,轻,qīng,qing,1,ㄑㄧㄥ
傘,傘,伞,sǎn,san,3,ㄙㄢ
㑊,㑊,㑊,yì,yi,4,ㄧ
駦,駦,駦,téng,teng,2,ㄊㄥ
㹪,㹪,㹪,㹪,㹪,,
驺,騶,驺,zōu,zou,1,ㄗㄡ
肪,肪,肪,fáng,fang,2,ㄈㄤ
䇄,䇄,䇄,䇄,䇄,,
揗,揗,揗,shǔn,shun,3,ㄕㄨㄣ
洪,洪,洪,hóng,hong,2,ㄏㄨㄥ
魜,魜,魜,rén,ren,2,ㄖㄣ
枙,枙,枙,ě,e,3,ㄜ
䆳,䆳,䆳,qióng,qiong,2,ㄑㄩㄥ
毄,毄,毄,jī,ji,1,ㄐㄧ
索,索,索,suǒ,suo,3,ㄙㄨㄛ
畟,畟,畟,cè,ce,4,ㄘㄜ
㬤,㬤,㬤,㬤,㬤,,
婤,婤,婤,zhōu,zhou,1,ㄓㄡ
䫽,䫽,䫽,䫽,䫽,,
踬,躓,踬,zhì,zhi,4,ㄓ
滟,灧,滟,yàn,yan,4,ㄧㄢ
䱘,䱘,䱘,lí,li,2,ㄌㄧ
輊,輊,轾,zhì,zhi,4,ㄓ
赑,贔,赑,bì,bi,4,ㄅㄧ
初,初,初,chū,chu,1,ㄔㄨ
秜,秜,秜,ní,ni,2,ㄋㄧ
硩,硩,硩,chè,che,4,ㄔㄜ
蛅,蛅,蛅,rán,ran,2,ㄖㄢ
叄,叄,叄,cān,can,1,ㄘㄢ
隑,隑,隑,gāi,gai,1,ㄍㄞ
輈,輈,辀,zhōu,zhou,1,ㄓㄡ
脯,脯,脯,fǔ,fu,3,ㄈㄨ
嵡,嵡,嵡,wēng,weng,1,ㄨㄥ
鯭,鯭,鯭,měng,meng,3,ㄇㄥ
蠫,蠫,蠫,lì,li,4,ㄌㄧ
医,醫,医,yì,yi,4,ㄧ
薽,薽,薽,zhēn,zhen,1,ㄓㄣ
鹭,鷺,鹭,lù,lu,4,ㄌㄨ
慘,慘,惨,cǎn,can,3,ㄘㄢ
㘄,㘄,㘄,㘄,㘄,,
䍡,䍡,䍡,liào,liao,4,ㄌㄧㄠ
篸,篸,篸,sēn,sen,1,ㄙㄣ
瑬,瑬,瑬,líu,liu,2,ㄌㄧㄡ
䜂,䜂,䜂,䜂,䜂,,
暙,暙,暙,chūn,chun,1,ㄔㄨㄣ
伛,傴,伛,yǔ,yu,3,ㄩ
沍,沍,沍,hù,hu,4,ㄏㄨ
葲,葲,葲,quán,quan,2,ㄑㄩㄢ
掜,掜,掜,yǐ,yi,3,ㄧ
灼,灼,灼,zhuó,zhuo,2,ㄓㄨㄛ
娄,婁,娄,lóu,lou,2,ㄌㄡ
荭,葒,荭,hóng,hong,2,ㄏㄨㄥ
种,種,种,zhǒng,zhong,3,ㄓㄨㄥ
膮,膮,膮,xiāo,xiao,1,ㄒㄧㄠ
篤,篤,笃,dǔ,du,3,ㄉㄨ
煢,煢,茕,qióng,qiong,2,ㄑㄩㄥ
佨,佨,佨,佨,佨,,
穈,穈,穈,mén,men,2,ㄇㄣ
蛙,蛙,蛙,wā,wa,1,ㄨㄚ
缙,縉,缙,jìn,jin,4,ㄐㄧㄣ
屰,屰,屰,nì,ni,4,ㄋㄧ
綯,綯,绹,táo,tao,2,ㄊㄠ
誷,誷,誷,wǎng,wang,3,ㄨㄤ
扅,扅,扅,yí,yi,2,ㄧ
鞋,鞋,鞋,xié,xie,2,ㄒㄧㄝ
鏀,鏀,鏀,lǔ,lu,3,ㄌㄨ
妜,妜,妜,yuè,yue,4,ㄩㄝ
䝎,䝎,䝎,䝎,䝎,,
宾,賓,宾,bīn,bin,1,ㄅㄧㄣ
凯,凱,凯,kǎi,kai,3,ㄎㄞ
焊,焊,焊,hàn,han,4,ㄏㄢ
碂,碂,碂,zòng,zong,4,ㄗㄨㄥ
㾎,㾎,㾎,㾎,㾎,,
蘔,蘔,蘔,jiōng,jiong,1,ㄐㄩㄥ
晧,晧,晧,hào,hao,4,ㄏㄠ
叇,靆,叇,dài,dai,4,ㄉㄞ
蕩,蕩,荡,dàng,dang,4,ㄉㄤ
槥,槥,槥,hùi,hui,4,ㄏㄨㄟ
际,際,际,jì,ji,4,ㄐㄧ
䗤,䗤,䗤,yóng,yong,2,ㄩㄥ
鋟,鋟,锓,qiān,qian,1,ㄑㄧㄢ
捚,捚,捚,zhāi,zhai,1,ㄓㄞ
屫,屫,屫,jué,jue,2,ㄐㄩㄝ
鈩,鈩,鈩,鈩,鈩,,
督,督,督,dū,du,1,ㄉㄨ
潲,潲,潲,shào,shao,4,ㄕㄠ
嫺,嫺,嫺,xián,xian,2,ㄒㄧㄢ
扻,扻,扻,zì,zi,4,ㄗ
䅺,䅺,䅺,miǎo,miao,3,ㄇㄧㄠ
䫇,䫇,䫇,rán,ran,2,ㄖㄢ
緍,緍,緍,mín,min,2,ㄇㄧㄣ
藁,槁,藁,gǎo,gao,3,ㄍㄠ
祻,祻,祻,gù,gu,4,ㄍㄨ
極,極,极,jí,ji,2,ㄐㄧ
濼,濼,泺,luò,luo,4,ㄌㄨㄛ
謳,謳,讴,ōu,ou,1,ㄡ
䤥,䤥,䤥,gǔi,gui,3,ㄍㄨㄟ
看,看,看,kàn,kan,4,ㄎㄢ
仆,僕,仆,pū,pu,1,ㄆㄨ
咩,咩,咩,miē,mie,1,ㄇㄧㄝ
晖,暉,晖,hūi,hui,1,ㄏㄨㄟ
踣,踣,踣,bó,bo,2,ㄅㄛ
个,個,个,gè,ge,4,ㄍㄜ
倴,倴,倴,bèn,ben,4,ㄅㄣ
于,於,于,yú,yu,2,ㄩ
揃,揃,揃,jiān,jian,1,ㄐㄧㄢ
焎,焎,焎,xiè,xie,4,ㄒㄧㄝ
蔣,蔣,蒋,jiǎng,jiang,3,ㄐㄧㄤ
嵧,嵧,嵧,líu,liu,2,ㄌㄧㄡ
䀓,䀓,䀓,huàn,huan,4,ㄏㄨㄢ
鿜,鿜,鿜,鿜,鿜,,
晕,暈,晕,yūn,yun,1,ㄩㄣ
㡟,㡟,㡟,㡟,㡟,,
毅,毅,毅,yì,yi,4,ㄧ
哤,哤,哤,máng,mang,2,ㄇㄤ
碎,碎,碎,sùi,sui,4,ㄙㄨㄟ
玎,玎,玎,dīng,ding,1,ㄉㄧㄥ
厳,厳,厳,yán,yan,2,ㄧㄢ
堠,堠,堠,hòu,hou,4,ㄏㄡ
愊,愊,愊,bì,bi,4,ㄅㄧ
婵,嬋,婵,chán,chan,2,ㄔㄢ
椘,椘,椘,chǔ,chu,3,ㄔㄨ
獯,獯,獯,xūn,xun,1,ㄒㄩㄣ
㹙,㹙,㹙,yíng,ying,2,ㄧㄥ
狂,狂,狂,kuáng,kuang,2,ㄎㄨㄤ
貀,貀,貀,nà,na,4,ㄋㄚ
陻,陻,陻,yīn,yin,1,ㄧㄣ
澾,澾,㳠,tà,ta,4,ㄊㄚ
猭,猭,猭,yuán,yuan,2,ㄩㄢ
鼠,鼠,鼠,shǔ,shu,3,ㄕㄨ
珎,珎,珎,zhēn,zhen,1,ㄓㄣ
韚,韚,韚,gé,ge,2,ㄍㄜ
驏,驏,骣,chǎn,chan,3,ㄔㄢ
喗,喗,喗,yǔn,yun,3,ㄩㄣ
蠂,蠂,蠂,shè,she,4,ㄕㄜ
䊕,䊕,䊕,䊕,䊕,,
骙,騤,骙,kúi,kui,2,ㄎㄨㄟ
埅,埅,埅,fáng,fang,2,ㄈㄤ
賧,賧,赕,tàn,tan,4,ㄊㄢ
抭,抭,抭,yǎo,yao,3,ㄧㄠ
厷,厷,厷,gōng,gong,1,ㄍㄨㄥ
桇,桇,桇,rú,ru,2,ㄖㄨ
闍,闍,阇,dū,du,1,ㄉㄨ
老,老,老,lǎo,lao,3,ㄌㄠ
㑇,㑳,㑇,zhòu,zhou,4,ㄓㄡ
䨼,䨼,䨼,hù,hu,4,ㄏㄨ
桥,橋,桥,qiáo,qiao,2,ㄑㄧㄠ
䍴,䍴,䍴,duò,duo,4,ㄉㄨㄛ
解,解,解,jiě,jie,3,ㄐㄧㄝ
髊,髊,髊,cī,ci,1,ㄘ
浧,浧,浧,yǐng,ying,3,ㄧㄥ
飒,颯,飒,sà,sa,4,ㄙㄚ
䰫,䰫,䰫,cháo,chao,2,ㄔㄠ
㥥,㥥,㥥,yú,yu,2,ㄩ
孫,孫,孙,sūn,sun,1,ㄙㄨㄣ
㘰,㘰,㘰,㘰,㘰,,
懋,懋,懋,mào,mao,4,ㄇㄠ
亊,亊,亊,shì,shi,4,ㄕ
泸,濾,泸,lú,lu,2,ㄌㄨ
荴,荴,荴,fū,fu,1,ㄈㄨ
煖,煖,煖,nuǎn,nuan,3,ㄋㄨㄢ
㚒,㚒,㚒,shǎn,shan,3,ㄕㄢ
崽,崽,崽,zǎi,zai,3,ㄗㄞ
䍏,䍏,䍏,䍏,䍏,,
劄,劄,札,zhá,zha,2,ㄓㄚ
敜,敜,敜,niè,nie,4,ㄋㄧㄝ
顡,顡,顡,yì,yi,4,ㄧ
馜,馜,馜,nǐ,ni,3,ㄋㄧ
旸,暘,旸,yáng,yang,2,ㄧㄤ
钁,钁,䦆,jué,jue,2,ㄐㄩㄝ
這,這,这,zhè,zhe,4,ㄓㄜ
㯷,㯷,㯷,pú,pu,2,ㄆㄨ
黜,黜,黜,chù,chu,4,ㄔㄨ
誡,誡,诫,jiè,jie,4,ㄐㄧㄝ
徖,徖,徖,cóng,cong,2,ㄘㄨㄥ
儓,儓,儓,tái,tai,2,ㄊㄞ
撏,撏,挦,xún,xun,2,ㄒㄩㄣ
䗸,䗸,䗸,䗸,䗸,,
辣,辣,辣,là,la,4,ㄌㄚ
矡,矡,矡,jué,jue,2,ㄐㄩㄝ
蝞,蝞,蝞,mèi,mei,4,ㄇㄟ
圀,圀,圀,guó,guo,2,ㄍㄨㄛ
䶯,䶯,䶯,䶯,䶯,,
辏,輳,辏,còu,cou,4,ㄘㄡ
茖,茖,茖,gé,ge,2,ㄍㄜ
䕘,䕘,䕘,líng,ling,2,ㄌㄧㄥ
姳,姳,姳,mǐng,ming,3,ㄇㄧㄥ
真,真,真,zhēn,zhen,1,ㄓㄣ
播,播,播,bō,bo,1,ㄅㄛ
敌,敵,敌,dí,di,2,ㄉㄧ
䊽,䊽,䊽,guài,guai,4,ㄍㄨㄞ
讴,謳,讴,ōu,ou,1,ㄡ
㭥,㭥,㭥,㭥,㭥,,
䝱,䝱,䝱,䝱,䝱,,
瑽,瑽,瑽,cōng,cong,1,ㄘㄨㄥ
㷛,㷛,㷛,㷛,㷛,,
焅,焅,焅,kù,ku,4,ㄎㄨ
㔸,㔸,㔸,㔸,㔸,,
㗗,㗗,㗗,bǎi,bai,3,ㄅㄞ
㞎,㞎,㞎,bǎ,ba,3,ㄅㄚ
嵢,嵢,嵢,cāng,cang,1,ㄘㄤ
呩,呩,呩,shì,shi,4,ㄕ
攲,攲,攲,qī,qi,1,ㄑㄧ
䮖,䮖,䮖,䮖,䮖,,
拹,拹,拹,xié,xie,2,ㄒㄧㄝ
狎,狎,狎,xiá,xia,2,ㄒㄧㄚ
㵆,㵆,㵆,hào,hao,4,ㄏㄠ
瓟,瓟,瓟,báo,bao,2,ㄅㄠ
嫻,嫻,娴,xián,xian,2,ㄒㄧㄢ
珖,珖,珖,guāng,guang,1,ㄍㄨㄤ
暤,暤,暤,hào,hao,4,ㄏㄠ
穑,穡,穑,sè,se,4,ㄙㄜ
䄝,䄝,䄝,chǔn,chun,3,ㄔㄨㄣ
胂,胂,胂,shēn,shen,1,ㄕㄣ
䍬,䍬,䍬,䍬,䍬,,
㑵,㑵,㑵,hàn,han,4,ㄏㄢ
鴥,鴥,鴥,yù,yu,4,ㄩ
厭,厭,厌,yàn,yan,4,ㄧㄢ
顳,顳,颞,niè,nie,4,ㄋㄧㄝ
㾌,㾌,㾌,xuǎn,xuan,3,ㄒㄩㄢ
瑪,瑪,玛,mǎ,ma,3,ㄇㄚ
誂,誂,誂,tiǎo,tiao,3,ㄊㄧㄠ
讀,讀,读,dú,du,2,ㄉㄨ
阏,閼,阏,è,e,4,ㄜ
核,核,核,hé,he,2,ㄏㄜ
繄,繄,繄,yī,yi,1,ㄧ
錥,錥,錥,yù,yu,4,ㄩ
䐳,䐳,䐳,yú,yu,2,ㄩ
雤,雤,雤,xué,xue,2,ㄒㄩㄝ
䫔,䫔,䫔,qì,qi,4,ㄑㄧ
㽎,㽎,㽎,dǎn,dan,3,ㄉㄢ
瞺,瞺,瞺,hùi,hui,4,ㄏㄨㄟ
䒿,䒿,䒿,䒿,䒿,,
湟,湟,湟,huáng,huang,2,ㄏㄨㄤ
莫,莫,莫,mò,mo,4,ㄇㄛ
蔄,蔄,蔄,màn,man,4,ㄇㄢ
吵,吵,吵,chǎo,chao,3,ㄔㄠ
䌇,䌇,䌇,hùi,hui,4,ㄏㄨㄟ
䮇,䮇,䮇,yù,yu,4,ㄩ
莓,莓,莓,méi,mei,2,ㄇㄟ
㥟,㥟,㥟,xié,xie,2,ㄒㄧㄝ
哄,哄,哄,hōng,hong,1,ㄏㄨㄥ
鄓,鄓,鄓,jú,ju,2,ㄐㄩ
㥉,㥉,㥉,chè,che,4,ㄔㄜ
䣘,䣘,䣘,táng,tang,2,ㄊㄤ
武,武,武,wǔ,wu,3,ㄨ
綨,綨,綨,qí,qi,2,ㄑㄧ
浈,湞,浈,chéng,cheng,2,ㄔㄥ
竚,竚,竚,zhù,zhu,4,ㄓㄨ
倬,倬,倬,zhuō,zhuo,1,ㄓㄨㄛ
硃,硃,朱,zhū,zhu,1,ㄓㄨ
峥,崢,峥,zhēng,zheng,1,ㄓㄥ
嫠,嫠,嫠,lí,li,2,ㄌㄧ
陃,陃,陃,bǐng,bing,3,ㄅㄧㄥ
腧,腧,腧,yú,yu,2,ㄩ
倏,倏,倏,shū,shu,1,ㄕㄨ
㾗,㾗,㾗,lǎng,lang,3,ㄌㄤ
氽,氽,氽,tǔn,tun,3,ㄊㄨㄣ
䰉,䰉,䰉,pán,pan,2,ㄆㄢ
箳,箳,箳,píng,ping,2,ㄆㄧㄥ
屆,屆,届,jiè,jie,4,ㄐㄧㄝ
䬺,䬺,䬺,yàng,yang,4,ㄧㄤ
㦼,㦼,㦼,shuàng,shuang,4,ㄕㄨㄤ
窤,窤,窤,窤,窤,,
䵨,䵨,䵨,máng,mang,2,ㄇㄤ
扗,扗,扗,zài,zai,4,ㄗㄞ
䔭,䔭,䔭,nìng,ning,4,ㄋㄧㄥ
裪,裪,裪,táo,tao,2,ㄊㄠ
餷,餷,馇,chā,cha,1,ㄔㄚ
筩,筩,筩,tǒng,tong,3,ㄊㄨㄥ
矱,矱,矱,huò,huo,4,ㄏㄨㄛ
漁,漁,渔,yú,yu,2,ㄩ
㷭,㷭,㷭,㷭,㷭,,
騕,騕,騕,yǎo,yao,3,ㄧㄠ
㱍,㱍,㱍,luán,luan,2,ㄌㄨㄢ
轮,輪,轮,lún,lun,2,ㄌㄨㄣ
兂,兂,兂,zān,zan,1,ㄗㄢ
䭜,䭜,䭜,䭜,䭜,,
漨,漨,漨,féng,feng,2,ㄈㄥ
䌓,䌓,䌓,fán,fan,2,ㄈㄢ
氅,氅,氅,chǎng,chang,3,ㄔㄤ
肛,肛,肛,gāng,gang,1,ㄍㄤ
缱,繾,缱,qiǎn,qian,3,ㄑㄧㄢ
毓,毓,毓,yù,yu,4,ㄩ
葦,葦,苇,wěi,wei,3,ㄨㄟ
䩢,䩢,䩢,dá,da,2,ㄉㄚ
䡅,䡅,䡅,mǐn,min,3,ㄇㄧㄣ
转,轉,转,zhuǎn,zhuan,3,ㄓㄨㄢ
碵,碵,碵,碵,碵,,
塋,塋,茔,yíng,ying,2,ㄧㄥ
蛬,蛬,蛬,gǒng,gong,3,ㄍㄨㄥ
缂,緙,缂,kè,ke,4,ㄎㄜ
㝊,㝊,㝊,shǒu,shou,3,ㄕㄡ
踅,踅,踅,chì,chi,4,ㄔ
乔,喬,乔,qiáo,qiao,2,ㄑㄧㄠ
臉,臉,脸,liǎn,lian,3,ㄌㄧㄢ
栣,栣,栣,rěn,ren,3,ㄖㄣ
䛂,䛂,䛂,chí,chi,2,ㄔ
駳,駳,駳,dàn,dan,4,ㄉㄢ
苒,苒,苒,rǎn,ran,3,ㄖㄢ
㙩,㙩,㙩,liáo,liao,2,ㄌㄧㄠ
䖘,䖘,䖘,tú,tu,2,ㄊㄨ
㳸,㳸,㳸,㳸,㳸,,
扂,扂,扂,diàn,dian,4,ㄉㄧㄢ
挒,挒,挒,liè,lie,4,ㄌㄧㄝ
䤳,䤳,䤳,yè,ye,4,ㄧㄝ
豧,豧,豧,fū,fu,1,ㄈㄨ
䔟,䔟,䔟,chí,chi,2,ㄔ
溆,漵,溆,xù,xu,4,ㄒㄩ
忙,忙,忙,máng,mang,2,ㄇㄤ
矅,矅,矅,yào,yao,4,ㄧㄠ
暧,曖,暧,ài,ai,4,ㄞ
歔,歔,歔,xū,xu,1,ㄒㄩ
韎,韎,韎,mèi,mei,4,ㄇㄟ
艠,艠,艠,艠,艠,,
鰃,鰃,鳂,wēi,wei,1,ㄨㄟ
黫,黫,黫,yīn,yin,1,ㄧㄣ
屹,屹,屹,yì,yi,4,ㄧ
傲,傲,傲,ào,ao,4,ㄠ
懐,懐,懐,huái,huai,2,ㄏㄨㄞ
缏,緶,缏,biàn,bian,4,ㄅㄧㄢ
拶,拶,拶,zǎn,zan,3,ㄗㄢ
聁,聁,聁,聁,聁,,
㾧,㾧,㾧,kè,ke,4,ㄎㄜ
蘂,蘂,蘂,rǔi,rui,3,ㄖㄨㄟ
鬾,鬾,鬾,jì,ji,4,ㄐㄧ
灗,灗,灗,shàn,shan,4,ㄕㄢ
㿟,㿟,㿟,bái,bai,2,ㄅㄞ
䣻,䣻,䣻,䣻,䣻,,
克,剋,克,kè,ke,4,ㄎㄜ
㛙,㛙,㛙,qiè,qie,4,ㄑㄧㄝ
窧,窧,窧,窧,窧,,
丵,丵,丵,zhuǒ,zhuo,3,ㄓㄨㄛ
勡,勡,勡,piào,piao,4,ㄆㄧㄠ
細,細,细,xì,xi,4,ㄒㄧ
綍,綍,綍,fú,fu,2,ㄈㄨ
舧,舧,舧,fán,fan,2,ㄈㄢ
曾,曾,曾,céng,ceng,2,ㄘㄥ
钂,钂,镋,tǎng,tang,3,ㄊㄤ
力,力,力,lì,li,4,ㄌㄧ
繹,繹,绎,yì,yi,4,ㄧ
绠,綆,绠,gěng,geng,3,ㄍㄥ
㔘,㔘,㔘,chù,chu,4,ㄔㄨ
䀼,䀼,䀼,rèn,ren,4,ㄖㄣ
贺,賀,贺,hè,he,4,ㄏㄜ
枅,枅,枅,jī,ji,1,ㄐㄧ
䮿,䮿,䮿,jiǎn,jian,3,ㄐㄧㄢ
诠,詮,诠,quán,quan,2,ㄑㄩㄢ
悴,悴,悴,cùi,cui,4,ㄘㄨㄟ
㝘,㝘,㝘,yóng,yong,2,ㄩㄥ
忠,忠,忠,zhōng,zhong,1,ㄓㄨㄥ
攳,攳,攳,xín,xin,2,ㄒㄧㄣ
愮,愮,愮,yáo,yao,2,ㄧㄠ
聟,聟,聟,xù,xu,4,ㄒㄩ
䵶,䵶,䵶,qú,qu,2,ㄑㄩ
麉,麉,麉,jiān,jian,1,ㄐㄧㄢ
蒃,蒃,蒃,zhuàn,zhuan,4,ㄓㄨㄢ
䪬,䪬,䪬,bó,bo,2,ㄅㄛ
鹦,鸚,鹦,yīng,ying,1,ㄧㄥ
嵭,嵭,嵭,bēng,beng,1,ㄅㄥ
輆,輆,輆,kǎi,kai,3,ㄎㄞ
盎,盎,盎,àng,ang,4,ㄤ
㞆,㞆,㞆,jǐ,ji,3,ㄐㄧ
臍,臍,脐,qí,qi,2,ㄑㄧ
摗,摗,摗,摗,摗,,
撹,撹,撹,jiǎo,jiao,3,ㄐㄧㄠ
戉,戉,戉,yuè,yue,4,ㄩㄝ
蜊,蜊,蜊,lí,li,2,ㄌㄧ
㢡,㢡,㢡,jiǎng,jiang,3,ㄐㄧㄤ
旋,鏇,旋,xuán,xuan,2,ㄒㄩㄢ
钝,鈍,钝,dùn,dun,4,ㄉㄨㄣ
䒇,䒇,䒇,fù,fu,4,ㄈㄨ
哜,嚌,哜,jì,ji,4,ㄐㄧ
儷,儷,俪,lì,li,4,ㄌㄧ
忘,忘,忘,wàng,wang,4,ㄨㄤ
䫖,䫖,䫖,chěn,chen,3,ㄔㄣ
臔,臔,臔,xiàn,xian,4,ㄒㄧㄢ
骄,驕,骄,jiāo,jiao,1,ㄐㄧㄠ
擫,擫,擫,yè,ye,4,ㄧㄝ
䓙,䓙,䓙,䓙,䓙,,
墜,墜,坠,zhùi,zhui,4,ㄓㄨㄟ
㾹,㾹,㾹,chái,chai,2,ㄔㄞ
寸,寸,寸,cùn,cun,4,ㄘㄨㄣ
㖄,㖄,㖄,㖄,㖄,,
䓰,䓰,䓰,䓰,䓰,,
畉,畉,畉,fú,fu,2,ㄈㄨ
串,串,串,chuàn,chuan,4,ㄔㄨㄢ
焩,焩,焩,pīng,ping,1,ㄆㄧㄥ
䂌,䂌,䂌,䂌,䂌,,
爐,爐,炉,lú,lu,2,ㄌㄨ
㚠,㚠,㚠,㚠,㚠,,
潑,潑,泼,pō,po,1,ㄆㄛ
蘹,蘹,蘹,huài,huai,4,ㄏㄨㄞ
栧,栧,栧,yì,yi,4,ㄧ
樗,樗,樗,chū,chu,1,ㄔㄨ
䲁,䲁,䲁,wèi,wei,4,ㄨㄟ
䂆,䂆,䂆,xù,xu,4,ㄒㄩ
瓷,瓷,瓷,cí,ci,2,ㄘ
䪵,䪵,䪵,yǎ,ya,3,ㄧㄚ
璦,璦,瑷,ài,ai,4,ㄞ
鑶,鑶,鑶,cáng,cang,2,ㄘㄤ
㽒,㽒,㽒,㽒,㽒,,
諟,諟,諟,shì,shi,4,ㄕ
陛,陛,陛,bì,bi,4,ㄅㄧ
砠,砠,砠,qū,qu,1,ㄑㄩ
䛢,䛢,䛢,䛢,䛢,,
笒,笒,笒,cén,cen,2,ㄘㄣ
錧,錧,錧,guǎn,guan,3,ㄍㄨㄢ
斍,斍,斍,jué,jue,2,ㄐㄩㄝ
篯,篯,篯,jiān,jian,1,ㄐㄧㄢ
瞝,瞝,瞝,chī,chi,1,ㄔ
䧗,䧗,䧗,bì,bi,4,ㄅㄧ
踴,踴,踊,yǒng,yong,3,ㄩㄥ
梙,梙,梙,huàn,huan,4,ㄏㄨㄢ
䪪,䪪,䪪,䪪,䪪,,
㪭,㪭,㪭,lú,lu,2,ㄌㄨ
棩,棩,棩,yuān,yuan,1,ㄩㄢ
䪔,䪔,䪔,bǔ,bu,3,ㄅㄨ
櫥,櫥,橱,chú,chu,2,ㄔㄨ
䋝,䋝,䋝,䋝,䋝,,
碝,碝,碝,ruǎn,ruan,3,ㄖㄨㄢ
駝,駝,驼,tuó,tuo,2,ㄊㄨㄛ
㻁,㻁,㻁,㻁,㻁,,
折,摺,折,zhé,zhe,2,ㄓㄜ
往,往,往,wǎng,wang,3,ㄨㄤ
㼝,㼝,㼝,fàn,fan,4,ㄈㄢ
䭁,䭁,䭁,zhì,zhi,4,ㄓ
闹,鬧,闹,nào,nao,4,ㄋㄠ
嘴,嘴,嘴,zǔi,zui,3,ㄗㄨㄟ
珙,珙,珙,gǒng,gong,3,ㄍㄨㄥ
蟫,蟫,蟫,yín,yin,2,ㄧㄣ
軵,軵,軵,rǒng,rong,3,ㄖㄨㄥ
铷,銣,铷,rǔ,ru,3,ㄖㄨ
袴,袴,袴,kù,ku,4,ㄎㄨ
噒,噒,噒,lián,lian,2,ㄌㄧㄢ
囡,囡,囡,nān,nan,1,ㄋㄢ
穐,穐,穐,qīu,qiu,1,ㄑㄧㄡ
㥔,㥔,㥔,yú,yu,2,ㄩ
器,器,器,qì,qi,4,ㄑㄧ
堚,堚,堚,hún,hun,2,ㄏㄨㄣ
鵀,鵀,鵀,rèn,ren,4,ㄖㄣ
胧,朧,胧,lóng,long,2,ㄌㄨㄥ
呡,呡,呡,wěn,wen,3,ㄨㄣ
玾,玾,玾,jiǎ,jia,3,ㄐㄧㄚ
鉐,鉐,鉐,shí,shi,2,ㄕ
帴,帴,帴,shā,sha,1,ㄕㄚ
䛞,䛞,䛞,hǎn,han,3,ㄏㄢ
䲶,䲶,䲶,䲶,䲶,,
蜰,蜰,蜰,féi,fei,2,ㄈㄟ
䰪,䰪,䰪,mèi,mei,4,ㄇㄟ
匓,匓,匓,jìu,jiu,4,ㄐㄧㄡ
堄,堄,堄,nì,ni,4,ㄋㄧ
胔,胔,胔,zì,zi,4,ㄗ
癱,癱,瘫,tān,tan,1,ㄊㄢ
烔,烔,烔,tóng,tong,2,ㄊㄨㄥ
馡,馡,馡,fēi,fei,1,ㄈㄟ
簄,簄,簄,hù,hu,4,ㄏㄨ
寇,寇,寇,kòu,kou,4,ㄎㄡ
哐,哐,哐,kuāng,kuang,1,ㄎㄨㄤ
移,移,移,yí,yi,2,ㄧ
譟,譟,譟,zào,zao,4,ㄗㄠ
樑,樑,樑,liáng,liang,2,ㄌㄧㄤ
旯,旯,旯,xù,xu,4,ㄒㄩ
乻,乻,乻,乻,乻,,
懀,懀,懀,wài,wai,4,ㄨㄞ
翰,翰,翰,hàn,han,4,ㄏㄢ
炥,炥,炥,fú,fu,2,ㄈㄨ
㢢,㢢,㢢,㢢,㢢,,
槛,檻,槛,jiàn,jian,4,ㄐㄧㄢ
輶,輶,輶,yóu,you,2,ㄧㄡ
鵩,鵩,鵩,fú,fu,2,ㄈㄨ
㸙,㸙,㸙,㸙,㸙,,
躣,躣,躣,qú,qu,2,ㄑㄩ
瀍,瀍,瀍,chán,chan,2,ㄔㄢ
卮,卮,卮,zhī,zhi,1,ㄓ
兏,兏,兏,cháng,chang,2,ㄔㄤ
孋,孋,孋,lí,li,2,ㄌㄧ
鍰,鍰,锾,huán,huan,2,ㄏㄨㄢ
簿,簿,簿,bù,bu,4,ㄅㄨ
萧,蕭,萧,xiāo,xiao,1,ㄒㄧㄠ
學,學,学,xué,xue,2,ㄒㄩㄝ
惺,惺,惺,xīng,xing,1,ㄒㄧㄥ
飞,飛,飞,fēi,fei,1,ㄈㄟ
逺,逺,逺,yuǎn,yuan,3,ㄩㄢ
利,利,利,lì,li,4,ㄌㄧ
藺,藺,蔺,lìn,lin,4,ㄌㄧㄣ
糉,糉,糉,zòng,zong,4,ㄗㄨㄥ
㵀,㵀,㵀,cuàn,cuan,4,ㄘㄨㄢ
傉,傉,傉,rù,ru,4,ㄖㄨ
㝔,㝔,㝔,yào,yao,4,ㄧㄠ
壪,壪,塆,壪,壪,,
鐼,鐼,鐼,fén,fen,2,ㄈㄣ
緢,緢,緢,miáo,miao,2,ㄇㄧㄠ
笔,筆,笔,bǐ,bi,3,ㄅㄧ
智,智,智,zhì,zhi,4,ㄓ
䃟,䃟,䃟,䃟,䃟,,
鮏,鮏,鮏,xīng,xing,1,ㄒㄧㄥ
䳺,䳺,䳺,yàn,yan,4,ㄧㄢ
泒,泒,泒,gū,gu,1,ㄍㄨ
璝,璝,璝,gūi,gui,1,ㄍㄨㄟ
庳,庳,庳,bēi,bei,1,ㄅㄟ
磋,磋,磋,cuō,cuo,1,ㄘㄨㄛ
確,確,确,què,que,4,ㄑㄩㄝ
鴂,鴂,鴂,juè,jue,4,ㄐㄩㄝ
㠔,㠔,㠔,bài,bai,4,ㄅㄞ
筧,筧,笕,jiǎn,jian,3,ㄐㄧㄢ
䢏,䢏,䢏,䢏,䢏,,
猠,猠,猠,猠,猠,,
痥,痥,痥,duó,duo,2,ㄉㄨㄛ
麶,麶,麶,麶,麶,,
䙮,䙮,䙮,guàn,guan,4,ㄍㄨㄢ
俬,俬,俬,俬,俬,,
敏,敏,敏,mǐn,min,3,ㄇㄧㄣ
妒,妒,妒,dù,du,4,ㄉㄨ
隧,隧,隧,sùi,sui,4,ㄙㄨㄟ
熷,熷,熷,zēng,zeng,1,ㄗㄥ
髿,髿,髿,shā,sha,1,ㄕㄚ
藨,藨,藨,biāo,biao,1,ㄅㄧㄠ
孙,孫,孙,sūn,sun,1,ㄙㄨㄣ
籯,籯,籯,yíng,ying,2,ㄧㄥ
滤,濾,滤,lv̀,lu,4,ㄌㄨ
䘴,䘴,䘴,䘴,䘴,,
䩈,䩈,䩈,hùi,hui,4,ㄏㄨㄟ
甑,甑,甑,zèng,zeng,4,ㄗㄥ
醤,醤,醤,jiàng,jiang,4,ㄐㄧㄤ
䐱,䐱,䐱,䐱,䐱,,
炯,炯,炯,jiǒng,jiong,3,ㄐㄩㄥ
铤,鋌,铤,tǐng,ting,3,ㄊㄧㄥ
蛊,蠱,蛊,gǔ,gu,3,ㄍㄨ
懡,懡,懡,mǒ,mo,3,ㄇㄛ
琍,琍,琍,lì,li,4,ㄌㄧ
剜,剜,剜,wān,wan,1,ㄨㄢ
魸,魸,魸,魸,魸,,
惻,惻,恻,cè,ce,4,ㄘㄜ
晈,晈,晈,jiǎo,jiao,3,ㄐㄧㄠ
廯,廯,廯,xiān,xian,1,ㄒㄧㄢ
壒,壒,壒,ài,ai,4,ㄞ
烫,燙,烫,tàng,tang,4,ㄊㄤ
嬡,嬡,嫒,ài,ai,4,ㄞ
汪,汪,汪,wāng,wang,1,ㄨㄤ
瞛,瞛,瞛,cōng,cong,1,ㄘㄨㄥ
僘,僘,僘,chǎng,chang,3,ㄔㄤ
汾,汾,汾,fén,fen,2,ㄈㄣ
賟,賟,賟,tiǎn,tian,3,ㄊㄧㄢ
炎,炎,炎,yán,yan,2,ㄧㄢ
螮,螮,螮,dì,di,4,ㄉㄧ
滌,滌,涤,dí,di,2,ㄉㄧ
绪,緒,绪,xù,xu,4,ㄒㄩ
仁,仁,仁,rén,ren,2,ㄖㄣ
劑,劑,剂,jì,ji,4,ㄐㄧ
釺,釺,钎,qiān,qian,1,ㄑㄧㄢ
㹃,㹃,㹃,bì,bi,4,ㄅㄧ
䴙,鷿,䴙,pì,pi,4,ㄆㄧ
襠,襠,裆,dāng,dang,1,ㄉㄤ
獩,獩,獩,hùi,hui,4,ㄏㄨㄟ
㕕,㕕,㕕,huàn,huan,4,ㄏㄨㄢ
鳂,鰃,鳂,wēi,wei,1,ㄨㄟ
頇,頇,顸,hān,han,1,ㄏㄢ
埆,埆,埆,què,que,4,ㄑㄩㄝ
龳,龳,龳,龳,龳,,
痀,痀,痀,qú,qu,2,ㄑㄩ
姥,姥,姥,mǔ,mu,3,ㄇㄨ
灜,灜,灜,灜,灜,,
皣,皣,皣,yè,ye,4,ㄧㄝ
糿,糿,糿,yòu,you,4,ㄧㄡ
捅,捅,捅,tǒng,tong,3,ㄊㄨㄥ
㚧,㚧,㚧,yǎn,yan,3,ㄧㄢ
䍸,䍸,䍸,bó,bo,2,ㄅㄛ
寖,寖,寖,jìn,jin,4,ㄐㄧㄣ
擞,擻,擞,sǒu,sou,3,ㄙㄡ
㷗,㷗,㷗,jiǒng,jiong,3,ㄐㄩㄥ
䟶,䟶,䟶,cuò,cuo,4,ㄘㄨㄛ
厬,厬,厬,gǔi,gui,3,ㄍㄨㄟ
苭,苭,苭,yǎo,yao,3,ㄧㄠ
況,況,况,kuàng,kuang,4,ㄎㄨㄤ
搔,搔,搔,sāo,sao,1,ㄙㄠ
绥,綏,绥,sūi,sui,1,ㄙㄨㄟ
奖,奬,奖,jiǎng,jiang,3,ㄐㄧㄤ
䩣,䩣,䩣,duǒ,duo,3,ㄉㄨㄛ
缾,缾,缾,píng,ping,2,ㄆㄧㄥ
㖒,㖒,㖒,tí,ti,2,ㄊㄧ
尗,尗,尗,shú,shu,2,ㄕㄨ
削,削,削,xuē,xue,1,ㄒㄩㄝ
庺,庺,庺,sōng,song,1,ㄙㄨㄥ
殲,殲,歼,jiān,jian,1,ㄐㄧㄢ
蔐,蔐,蔐,dí,di,2,ㄉㄧ
鶍,鶍,鶍,鶍,鶍,,
岐,岐,岐,qí,qi,2,ㄑㄧ
旎,旎,旎,nǐ,ni,3,ㄋㄧ
㣭,㣭,㣭,㣭,㣭,,
䤉,䤉,䤉,mì,mi,4,ㄇㄧ
㯲,㯲,㯲,jìn,jin,4,ㄐㄧㄣ
鯗,鯗,鲞,xiǎng,xiang,3,ㄒㄧㄤ
嚍,嚍,嚍,jìn,jin,4,ㄐㄧㄣ
犂,犂,犂,lí,li,2,ㄌㄧ
娒,娒,娒,wǔ,wu,3,ㄨ
霕,霕,霕,tún,tun,2,ㄊㄨㄣ
剆,剆,剆,gēn,gen,1,ㄍㄣ
巸,巸,巸,yí,yi,2,ㄧ
㷘,㷘,㷘,tái,tai,2,ㄊㄞ
䪂,䪂,䪂,gé,ge,2,ㄍㄜ
咡,咡,咡,èr,er,4,ㄦ
偪,偪,偪,bī,bi,1,ㄅㄧ
㧾,㧾,㧾,㧾,㧾,,
㩝,㩝,㩝,háo,hao,2,ㄏㄠ
惞,惞,惞,xīn,xin,1,ㄒㄧㄣ
挺,挺,挺,tǐng,ting,3,ㄊㄧㄥ
麕,麕,麕,jūn,jun,1,ㄐㄩㄣ
䌢,䌢,䌢,líng,ling,2,ㄌㄧㄥ
薼,薼,薼,chén,chen,2,ㄔㄣ
娅,婭,娅,yà,ya,4,ㄧㄚ
滫,滫,滫,sǒu,sou,3,ㄙㄡ
漞,漞,漞,mì,mi,4,ㄇㄧ
妴,妴,妴,yuǎn,yuan,3,ㄩㄢ
紵,紵,纻,zhù,zhu,4,ㄓㄨ
賕,賕,赇,qíu,qiu,2,ㄑㄧㄡ
㾊,㾊,㾊,jí,ji,2,ㄐㄧ
憨,憨,憨,hān,han,1,ㄏㄢ
鳜,鱖,鳜,jué,jue,2,ㄐㄩㄝ
砟,砟,砟,zhà,zha,4,ㄓㄚ
獶,獶,獶,náo,nao,2,ㄋㄠ
䇁,䇁,䇁,䇁,䇁,,
㔰,㔰,㔰,héng,heng,2,ㄏㄥ
䶴,䶴,䶴,䶴,䶴,,
䰵,䰵,䰵,䰵,䰵,,
搚,搚,搚,xié,xie,2,ㄒㄧㄝ
萑,萑,萑,huán,huan,2,ㄏㄨㄢ
蘗,蘗,蘗,bò,bo,4,ㄅㄛ
蠢,蠢,蠢,chǔn,chun,3,ㄔㄨㄣ
㩹,㩹,㩹,dié,die,2,ㄉㄧㄝ
刅,刅,刅,chuāng,chuang,1,ㄔㄨㄤ
竾,竾,竾,chí,chi,2,ㄔ
豎,豎,竖,shù,shu,4,ㄕㄨ
襭,襭,襭,xié,xie,2,ㄒㄧㄝ
槦,槦,槦,yóng,yong,2,ㄩㄥ
橣,橣,橣,nǐng,ning,3,ㄋㄧㄥ
驹,駒,驹,jū,ju,1,ㄐㄩ
孲,孲,孲,yā,ya,1,ㄧㄚ
䘟,䘟,䘟,䘟,䘟,,
垈,垈,垈,垈,垈,,
敧,敧,敧,qǐ,qi,3,ㄑㄧ
㱩,㱩,㱩,dú,du,2,ㄉㄨ
鯕,鯕,鲯,qí,qi,2,ㄑㄧ
匎,匎,匎,àn,an,4,ㄢ
從,從,从,cóng,cong,2,ㄘㄨㄥ
滪,澦,滪,yù,yu,4,ㄩ
滩,灘,滩,tān,tan,1,ㄊㄢ
鯱,鯱,鯱,鯱,鯱,,
掗,掗,挜,yà,ya,4,ㄧㄚ
呕,嘔,呕,ōu,ou,1,ㄡ
䓜,䓜,䓜,䓜,䓜,,
橧,橧,橧,zēng,zeng,1,ㄗㄥ
訜,訜,訜,fēn,fen,1,ㄈㄣ
囐,囐,囐,zá,za,2,ㄗㄚ
䊠,䊠,䊠,xì,xi,4,ㄒㄧ
尡,尡,尡,尡,尡,,
欬,欬,欬,kài,kai,4,ㄎㄞ
岘,峴,岘,xiàn,xian,4,ㄒㄧㄢ
㲎,㲎,㲎,lóu,lou,2,ㄌㄡ
㧘,㧘,㧘,cùi,cui,4,ㄘㄨㄟ
螌,螌,螌,bān,ban,1,ㄅㄢ
襽,襽,襽,襽,襽,,
穖,穖,穖,jǐ,ji,3,ㄐㄧ
䎮,䎮,䎮,tì,ti,4,ㄊㄧ
䲇,䲇,䲇,䲇,䲇,,
劎,劎,劎,jiàn,jian,4,ㄐㄧㄢ
㨶,㨶,㨶,chóu,chou,2,ㄔㄡ
拮,拮,拮,jié,jie,2,ㄐㄧㄝ
沢,沢,沢,zé,ze,2,ㄗㄜ
䀖,䀖,䀖,䀖,䀖,,
惘,惘,惘,wǎng,wang,3,ㄨㄤ
䜽,䜽,䜽,yú,yu,2,ㄩ
鼚,鼚,鼚,chāng,chang,1,ㄔㄤ
桃,桃,桃,táo,tao,2,ㄊㄠ
璴,璴,璴,璴,璴,,
濏,濏,濏,濏,濏,,
赦,赦,赦,shè,she,4,ㄕㄜ
抳,抳,抳,nǐ,ni,3,ㄋㄧ
䗇,䗇,䗇,jú,ju,2,ㄐㄩ
赕,賧,赕,tàn,tan,4,ㄊㄢ
屌,屌,屌,diǎo,diao,3,ㄉㄧㄠ
贏,贏,赢,yíng,ying,2,ㄧㄥ
爄,爄,爄,lì,li,4,ㄌㄧ
糧,糧,粮,liáng,liang,2,ㄌㄧㄤ
覝,覝,覝,lián,lian,2,ㄌㄧㄢ
鑸,鑸,鑸,lěi,lei,3,ㄌㄟ
则,則,则,zé,ze,2,ㄗㄜ
拓,拓,拓,tuò,tuo,4,ㄊㄨㄛ
关,關,关,guān,guan,1,ㄍㄨㄢ
鳚,鳚,鳚,wèi,wei,4,ㄨㄟ
剓,剓,剓,lí,li,2,ㄌㄧ
㡓,㡓,㡓,㡓,㡓,,
琡,琡,琡,chù,chu,4,ㄔㄨ
莞,莞,莞,guān,guan,1,ㄍㄨㄢ
鷁,鷁,鹢,nì,ni,4,ㄋㄧ
㐢,㐢,㐢,㐢,㐢,,
爏,爏,爏,lì,li,4,ㄌㄧ
菡,菡,菡,hàn,han,4,ㄏㄢ
蝻,蝻,蝻,nǎn,nan,3,ㄋㄢ
庙,廟,庙,miào,miao,4,ㄇㄧㄠ
媪,媼,媪,ǎo,ao,3,ㄠ
佫,佫,佫,hè,he,4,ㄏㄜ
媌,媌,媌,máo,mao,2,ㄇㄠ
䉚,䉚,䉚,méng,meng,2,ㄇㄥ
䄴,䄴,䄴,䄴,䄴,,
夸,誇,夸,kuā,kua,1,ㄎㄨㄚ
谴,譴,谴,qiǎn,qian,3,ㄑㄧㄢ
㞱,㞱,㞱,㞱,㞱,,
䦶,䦛,䦶,zhèng,zheng,4,ㄓㄥ
㣯,㣯,㣯,xiè,xie,4,ㄒㄧㄝ
䱍,䱍,䱍,gèng,geng,4,ㄍㄥ
䵼,䵼,䵼,䵼,䵼,,
蜻,蜻,蜻,qīng,qing,1,ㄑㄧㄥ
饟,饟,饟,xiǎng,xiang,3,ㄒㄧㄤ
擵,擵,擵,mó,mo,2,ㄇㄛ
鉭,鉭,钽,dàn,dan,4,ㄉㄢ
鵳,鵳,鵳,jiān,jian,1,ㄐㄧㄢ
䡘,䡘,䡘,tián,tian,2,ㄊㄧㄢ
黭,黭,黭,yān,yan,1,ㄧㄢ
釐,釐,釐,lí,li,2,ㄌㄧ
鬟,鬟,鬟,huán,huan,2,ㄏㄨㄢ
㨛,㨛,㨛,shǎn,shan,3,ㄕㄢ
绽,綻,绽,zhàn,zhan,4,ㄓㄢ
䖭,䖭,䖭,juàn,juan,4,ㄐㄩㄢ
硇,硇,硇,náo,nao,2,ㄋㄠ
徕,徠,徕,lái,lai,2,ㄌㄞ
脅,脅,胁,xié,xie,2,ㄒㄧㄝ
闥,闥,闼,tà,ta,4,ㄊㄚ
鏵,鏵,铧,huá,hua,2,ㄏㄨㄚ
㲷,㲷,㲷,dàn,dan,4,ㄉㄢ
鉒,鉒,鉒,zhù,zhu,4,ㄓㄨ
䉧,䉧,䉧,líu,liu,2,ㄌㄧㄡ
䑉,䑉,䑉,yíng,ying,2,ㄧㄥ
䪘,䪘,䪘,wěi,wei,3,ㄨㄟ
䌭,䌭,䌭,䌭,䌭,,
娥,娥,娥,é,e,2,ㄜ
院,院,院,yuàn,yuan,4,ㄩㄢ
萻,萻,萻,ān,an,1,ㄢ
龙,龍,龙,lóng,long,2,ㄌㄨㄥ
㣦,㣦,㣦,㣦,㣦,,
銞,銞,銞,jūn,jun,1,ㄐㄩㄣ
跫,跫,跫,qióng,qiong,2,ㄑㄩㄥ
蹒,蹣,蹒,mán,man,2,ㄇㄢ
䎲,䎲,䎲,zhé,zhe,2,ㄓㄜ
䏏,䏏,䏏,䏏,䏏,,
劒,劒,劒,jiàn,jian,4,ㄐㄧㄢ
珢,珢,珢,kèn,ken,4,ㄎㄣ
癸,癸,癸,gǔi,gui,3,ㄍㄨㄟ
摀,摀,摀,wǔ,wu,3,ㄨ
㙼,㙼,㙼,lěi,lei,3,ㄌㄟ
㹏,㹏,㹏,jǐn,jin,3,ㄐㄧㄣ
䚦,䚦,䚦,zhì,zhi,4,ㄓ
㞼,㞼,㞼,chéng,cheng,2,ㄔㄥ
啓,啓,启,qǐ,qi,3,ㄑㄧ
㵯,㵯,㵯,féng,feng,2,ㄈㄥ
蚝,蠔,蚝,cì,ci,4,ㄘ
呗,唄,呗,bài,bai,4,ㄅㄞ
渆,渆,渆,yuān,yuan,1,ㄩㄢ
茫,茫,茫,máng,mang,2,ㄇㄤ
蠚,蠚,蠚,hè,he,4,ㄏㄜ
踰,踰,踰,yú,yu,2,ㄩ
墍,墍,墍,xì,xi,4,ㄒㄧ
幃,幃,帏,wéi,wei,2,ㄨㄟ
譹,譹,譹,háo,hao,2,ㄏㄠ
吴,吳,吴,wú,wu,2,ㄨ
爌,爌,爌,kuàng,kuang,4,ㄎㄨㄤ
騨,騨,騨,tuó,tuo,2,ㄊㄨㄛ
迚,迚,迚,迚,迚,,
齮,齮,齮,yǐ,yi,3,ㄧ
鞴,韝,鞴,bèi,bei,4,ㄅㄟ
㸛,㸛,㸛,sháo,shao,2,ㄕㄠ
䘂,䘂,䘂,䘂,䘂,,
揊,揊,揊,pì,pi,4,ㄆㄧ
狺,狺,狺,yín,yin,2,ㄧㄣ
挽,挽,挽,wǎn,wan,3,ㄨㄢ
㙏,㙏,㙏,fù,fu,4,ㄈㄨ
炲,炲,炲,tái,tai,2,ㄊㄞ
蛳,螄,蛳,sī,si,1,ㄙ
槢,槢,槢,xí,xi,2,ㄒㄧ
㬀,㬀,㬀,㬀,㬀,,
憛,憛,憛,tán,tan,2,ㄊㄢ
驜,驜,驜,yè,ye,4,ㄧㄝ
䁫,䁫,䁫,hú,hu,2,ㄏㄨ
酐,酐,酐,hàng,hang,4,ㄏㄤ
鉲,鉲,鉲,kǎ,ka,3,ㄎㄚ
旙,旙,旙,fān,fan,1,ㄈㄢ
靱,靱,靱,rèn,ren,4,ㄖㄣ
䊱,䊱,䊱,䊱,䊱,,
崔,崔,崔,cūi,cui,1,ㄘㄨㄟ
㫪,㫪,㫪,㫪,㫪,,
褻,褻,亵,xiè,xie,4,ㄒㄧㄝ
鿭,鿭,鿭,鿭,鿭,,
㟟,㟟,㟟,xiàng,xiang,4,ㄒㄧㄤ
情,情,情,qíng,qing,2,ㄑㄧㄥ
謂,謂,谓,wèi,wei,4,ㄨㄟ
䎪,䎪,䎪,nè,ne,4,ㄋㄜ
届,屆,届,jiè,jie,4,ㄐㄧㄝ
䟀,䟀,䟀,䟀,䟀,,
涊,涊,涊,niǎn,nian,3,ㄋㄧㄢ
膏,膏,膏,gāo,gao,1,ㄍㄠ
梮,梮,梮,jú,ju,2,ㄐㄩ
㲃,㲃,㲃,jìu,jiu,4,ㄐㄧㄡ
垾,垾,垾,hàn,han,4,ㄏㄢ
毮,毮,毮,毮,毮,,
盩,盩,盩,zhōu,zhou,1,ㄓㄡ
䢶,䢶,䢶,䢶,䢶,,
庢,庢,庢,zhì,zhi,4,ㄓ
粅,粅,粅,wù,wu,4,ㄨ
僐,僐,僐,shàn,shan,4,ㄕㄢ
墟,墟,墟,xū,xu,1,ㄒㄩ
钐,釤,钐,shàn,shan,4,ㄕㄢ
箲,箲,箲,xiǎn,xian,3,ㄒㄧㄢ
钌,釕,钌,diǎo,diao,3,ㄉㄧㄠ
貓,貓,猫,māo,mao,1,ㄇㄠ
鶣,鶣,鶣,piān,pian,1,ㄆㄧㄢ
膭,膭,膭,gūi,gui,1,ㄍㄨㄟ
翧,翧,翧,xuān,xuan,1,ㄒㄩㄢ
褼,褼,褼,xiān,xian,1,ㄒㄧㄢ
緘,緘,缄,jiān,jian,1,ㄐㄧㄢ
勣,勣,勣,jī,ji,1,ㄐㄧ
鿞,鿞,鿞,鿞,鿞,,
䀯,䀯,䀯,bǔ,bu,3,ㄅㄨ
庈,庈,庈,qín,qin,2,ㄑㄧㄣ
㭽,㭽,㭽,dǐ,di,3,ㄉㄧ
挴,挴,挴,měi,mei,3,ㄇㄟ
鶻,鶻,鹘,gú,gu,2,ㄍㄨ
㽖,㽖,㽖,nán,nan,2,ㄋㄢ
伴,伴,伴,bàn,ban,4,ㄅㄢ
苄,苄,苄,biàn,bian,4,ㄅㄧㄢ
庭,庭,庭,tíng,ting,2,ㄊㄧㄥ
肻,肻,肻,kěn,ken,3,ㄎㄣ
踙,踙,踙,jū,ju,1,ㄐㄩ
傐,傐,傐,hào,hao,4,ㄏㄠ
㧮,㧮,㧮,㧮,㧮,,
叐,叐,叐,bá,ba,2,ㄅㄚ
蓟,薊,蓟,jì,ji,4,ㄐㄧ
敂,敂,敂,kòu,kou,4,ㄎㄡ
蓼,蓼,蓼,liǎo,liao,3,ㄌㄧㄠ
魆,魆,魆,xù,xu,4,ㄒㄩ
奋,奮,奋,fèn,fen,4,ㄈㄣ
仇,仇,仇,chóu,chou,2,ㄔㄡ
剝,剝,剥,bō,bo,1,ㄅㄛ
儝,儝,儝,qióng,qiong,2,ㄑㄩㄥ
鸄,鸄,鸄,jí,ji,2,ㄐㄧ
籔,籔,籔,sǒu,sou,3,ㄙㄡ
葭,葭,葭,jiā,jia,1,ㄐㄧㄚ
綠,綠,绿,lv̀,lu,4,ㄌㄨ
嵑,嵑,嵑,jué,jue,2,ㄐㄩㄝ
荚,莢,荚,jiá,jia,2,ㄐㄧㄚ
秭,秭,秭,zǐ,zi,3,ㄗ
豇,豇,豇,jiāng,jiang,1,ㄐㄧㄤ
悿,悿,悿,tiǎn,tian,3,ㄊㄧㄢ
庹,庹,庹,tuǒ,tuo,3,ㄊㄨㄛ
磌,磌,磌,zhēn,zhen,1,ㄓㄣ
铮,錚,铮,zhēng,zheng,1,ㄓㄥ
躦,躦,躜,zuān,zuan,1,ㄗㄨㄢ
栈,棧,栈,zhàn,zhan,4,ㄓㄢ
涭,涭,涭,shòu,shou,4,ㄕㄡ
蹈,蹈,蹈,dǎo,dao,3,ㄉㄠ
䚆,䚆,䚆,ǒu,ou,3,ㄡ
鉆,鉆,鉆,chān,chan,1,ㄔㄢ
踾,踾,踾,fú,fu,2,ㄈㄨ
綟,綟,綟,lì,li,4,ㄌㄧ
橡,橡,橡,xiàng,xiang,4,ㄒㄧㄤ
蛔,蛔,蛔,húi,hui,2,ㄏㄨㄟ
煿,煿,煿,bó,bo,2,ㄅㄛ
绰,綽,绰,chuò,chuo,4,ㄔㄨㄛ
䬋,䬋,䬋,léng,leng,2,ㄌㄥ
仂,仂,仂,lè,le,4,ㄌㄜ
乖,乖,乖,guāi,guai,1,ㄍㄨㄞ
苼,苼,苼,shēng,sheng,1,ㄕㄥ
徜,徜,徜,cháng,chang,2,ㄔㄤ
䟵,䟵,䟵,qíu,qiu,2,ㄑㄧㄡ
褠,褠,褠,gōu,gou,1,ㄍㄡ
踀,踀,踀,chù,chu,4,ㄔㄨ
㷸,㷸,㷸,dié,die,2,ㄉㄧㄝ
鐛,鐛,鐛,yìng,ying,4,ㄧㄥ
磱,磱,磱,láo,lao,2,ㄌㄠ
懊,懊,懊,ào,ao,4,ㄠ
䞿,䞿,䞿,䞿,䞿,,
垦,墾,垦,kěn,ken,3,ㄎㄣ
跰,跰,跰,bèng,beng,4,ㄅㄥ
㰟,㰟,㰟,jì,ji,4,ㄐㄧ
㛤,㛤,㛤,㛤,㛤,,
妸,妸,妸,ē,e,1,ㄜ
俓,俓,俓,jìng,jing,4,ㄐㄧㄥ
稍,稍,稍,shāo,shao,1,ㄕㄠ
袺,袺,袺,jié,jie,2,ㄐㄧㄝ
㯐,㯐,㯐,fǎng,fang,3,ㄈㄤ
糶,糶,粜,tiào,tiao,4,ㄊㄧㄠ
弥,彌,弥,mí,mi,2,ㄇㄧ
蕸,蕸,蕸,xiá,xia,2,ㄒㄧㄚ
繋,繋,繋,xì,xi,4,ㄒㄧ
檊,檊,檊,gàn,gan,4,ㄍㄢ
㴆,㴆,㴆,jìn,jin,4,ㄐㄧㄣ
櫽,櫽,櫽,yǐn,yin,3,ㄧㄣ
潫,潫,潫,wān,wan,1,ㄨㄢ
玊,玊,玊,sù,su,4,ㄙㄨ
㸂,㸂,㸂,㸂,㸂,,
挚,摯,挚,zhì,zhi,4,ㄓ
釉,釉,釉,yòu,you,4,ㄧㄡ
築,築,筑,zhú,zhu,2,ㄓㄨ
酯,酯,酯,zhǐ,zhi,3,ㄓ
奓,奓,奓,shē,she,1,ㄕㄜ
㻈,㻈,㻈,㻈,㻈,,
峘,峘,峘,hū,hu,1,ㄏㄨ
窞,窞,窞,dàn,dan,4,ㄉㄢ
䇫,䇫,䇫,䇫,䇫,,
虷,虷,虷,gān,gan,1,ㄍㄢ
䐨,䐨,䐨,gǔ,gu,3,ㄍㄨ
㹽,㹽,㹽,chǎn,chan,3,ㄔㄢ
彽,彽,彽,chí,chi,2,ㄔ
䁉,䁉,䁉,qì,qi,4,ㄑㄧ
鐍,鐍,鐍,jué,jue,2,ㄐㄩㄝ
堒,堒,堒,堒,堒,,
㲫,㲫,㲫,pú,pu,2,ㄆㄨ
竜,竜,竜,lóng,long,2,ㄌㄨㄥ
斐,斐,斐,fěi,fei,3,ㄈㄟ
焹,焹,焹,焹,焹,,
謈,謈,謈,bó,bo,2,ㄅㄛ
䇆,䇆,䇆,䇆,䇆,,
箆,箆,箆,bì,bi,4,ㄅㄧ
翖,翖,翖,xì,xi,4,ㄒㄧ
瑼,瑼,瑼,zhuān,zhuan,1,ㄓㄨㄢ
朣,朣,朣,tóng,tong,2,ㄊㄨㄥ
䗫,䗫,䗫,má,ma,2,ㄇㄚ
䝢,䝢,䝢,màn,man,4,ㄇㄢ
覎,覎,觃,yàn,yan,4,ㄧㄢ
珹,珹,珹,chéng,cheng,2,ㄔㄥ
狼,狼,狼,láng,lang,2,ㄌㄤ
沙,沙,沙,shā,sha,1,ㄕㄚ
蕽,蕽,蕽,nóng,nong,2,ㄋㄨㄥ
酰,酰,酰,xiān,xian,1,ㄒㄧㄢ
㜂,㜂,㜂,㜂,㜂,,
螞,螞,蚂,mǎ,ma,3,ㄇㄚ
篧,篧,篧,zhuó,zhuo,2,ㄓㄨㄛ
广,廣,广,guǎng,guang,3,ㄍㄨㄤ
伧,傖,伧,cāng,cang,1,ㄘㄤ
䥚,䥚,䥚,䥚,䥚,,
刺,刺,刺,cì,ci,4,ㄘ
㣀,㣀,㣀,zhèn,zhen,4,ㄓㄣ
詏,詏,詏,ào,ao,4,ㄠ
㵋,㵋,㵋,mì,mi,4,ㄇㄧ
胒,胒,胒,nì,ni,4,ㄋㄧ
㔮,㔮,㔮,nuó,nuo,2,ㄋㄨㄛ
珏,玨,珏,jué,jue,2,ㄐㄩㄝ
虬,虯,虬,qíu,qiu,2,ㄑㄧㄡ
䒧,䒧,䒧,qù,qu,4,ㄑㄩ
憃,憃,憃,chōng,chong,1,ㄔㄨㄥ
㩢,㩢,㩢,mí,mi,2,ㄇㄧ
澣,澣,澣,huǎn,huan,3,ㄏㄨㄢ
逫,逫,逫,jué,jue,2,ㄐㄩㄝ
卤,鹵,卤,lǔ,lu,3,ㄌㄨ
遌,遌,遌,è,e,4,ㄜ
㟕,㟕,㟕,㟕,㟕,,
过,過,过,guò,guo,4,ㄍㄨㄛ
䵔,䵔,䵔,dǒng,dong,3,ㄉㄨㄥ
歫,歫,歫,jù,ju,4,ㄐㄩ
遘,遘,遘,gòu,gou,4,ㄍㄡ
鄣,鄣,鄣,zhāng,zhang,1,ㄓㄤ
儑,儑,儑,àn,an,4,ㄢ
舳,舳,舳,zhú,zhu,2,ㄓㄨ
㕯,㕯,㕯,nèi,nei,4,ㄋㄟ
㸺,㸺,㸺,㸺,㸺,,
瀐,瀐,瀐,jiān,jian,1,ㄐㄧㄢ
䤧,䤧,䤧,hùi,hui,4,ㄏㄨㄟ
爘,爘,爘,爘,爘,,
懁,懁,懁,huán,huan,2,ㄏㄨㄢ
眅,眅,眅,pān,pan,1,ㄆㄢ
㤇,㤇,㤇,ǎo,ao,3,ㄠ
装,裝,装,zhuāng,zhuang,1,ㄓㄨㄤ
瑋,瑋,玮,wěi,wei,3,ㄨㄟ
劷,劷,劷,yáng,yang,2,ㄧㄤ
悡,悡,悡,lí,li,2,ㄌㄧ
彄,彄,彄,kōu,kou,1,ㄎㄡ
溭,溭,溭,zé,ze,2,ㄗㄜ
揘,揘,揘,héng,heng,2,ㄏㄥ
㡄,㡄,㡄,sǔn,sun,3,ㄙㄨㄣ
㗰,㗰,㗰,chù,chu,4,ㄔㄨ
犔,犔,犔,xì,xi,4,ㄒㄧ
繯,繯,缳,huán,huan,2,ㄏㄨㄢ
檏,檏,檏,pǔ,pu,3,ㄆㄨ
櫭,櫭,櫭,jié,jie,2,ㄐㄧㄝ
羯,羯,羯,jié,jie,2,ㄐㄧㄝ
鴋,鴋,鴋,fāng,fang,1,ㄈㄤ
丑,醜,丑,chǒu,chou,3,ㄔㄡ
郈,郈,郈,hòu,hou,4,ㄏㄡ
菈,菈,菈,lā,la,1,ㄌㄚ
䃆,䃆,䃆,䃆,䃆,,
㥙,㥙,㥙,㥙,㥙,,
䊣,䊣,䊣,huáng,huang,2,ㄏㄨㄤ
亅,亅,亅,jué,jue,2,ㄐㄩㄝ
刀,刀,刀,dāo,dao,1,ㄉㄠ
讜,讜,谠,dǎng,dang,3,ㄉㄤ
㚛,㚛,㚛,xì,xi,4,ㄒㄧ
寅,寅,寅,yín,yin,2,ㄧㄣ
睭,睭,睭,zhǒu,zhou,3,ㄓㄡ
雀,雀,雀,què,que,4,ㄑㄩㄝ
赥,赥,赥,xì,xi,4,ㄒㄧ
需,需,需,xū,xu,1,ㄒㄩ
虋,虋,虋,mén,men,2,ㄇㄣ
鮰,鮰,鮰,húi,hui,2,ㄏㄨㄟ
㺷,㺷,㺷,xù,xu,4,ㄒㄩ
㿆,㿆,㿆,㿆,㿆,,
碻,碻,碻,què,que,4,ㄑㄩㄝ
檓,檓,檓,hǔi,hui,3,ㄏㄨㄟ
歨,歨,歨,bù,bu,4,ㄅㄨ
鯾,鯾,鯾,biān,bian,1,ㄅㄧㄢ
驅,驅,驱,qū,qu,1,ㄑㄩ
軅,軅,軅,軅,軅,,
䘇,䘇,䘇,wén,wen,2,ㄨㄣ
辿,辿,辿,chān,chan,1,ㄔㄢ
䖒,䖒,䖒,䖒,䖒,,
䁰,䁰,䁰,jiǎng,jiang,3,ㄐㄧㄤ
铴,鐋,铴,tàng,tang,4,ㄊㄤ
䙦,䙦,䙦,méng,meng,2,ㄇㄥ
鶾,鶾,鶾,hàn,han,4,ㄏㄢ
㭍,㭍,㭍,㭍,㭍,,
幞,襆,幞,fú,fu,2,ㄈㄨ
䘌,䘌,䘌,nì,ni,4,ㄋㄧ
篅,篅,篅,chúi,chui,2,ㄔㄨㄟ
蠔,蠔,蚝,háo,hao,2,ㄏㄠ
鸸,鴯,鸸,ér,er,2,ㄦ
孑,孑,孑,jié,jie,2,ㄐㄧㄝ
驉,驉,驉,xū,xu,1,ㄒㄩ
魱,魱,魱,hú,hu,2,ㄏㄨ
檃,檃,檃,yǐn,yin,3,ㄧㄣ
訥,訥,讷,nè,ne,4,ㄋㄜ
樹,樹,树,shù,shu,4,ㄕㄨ
䢂,䢂,䢂,䢂,䢂,,
薗,薗,薗,yuán,yuan,2,ㄩㄢ
熧,熧,熧,zōng,zong,1,ㄗㄨㄥ
袢,袢,袢,pàn,pan,4,ㄆㄢ
靥,靨,靥,yè,ye,4,ㄧㄝ
㪻,㪻,㪻,juàn,juan,4,ㄐㄩㄢ
纸,紙,纸,zhǐ,zhi,3,ㄓ
凅,凅,凅,gù,gu,4,ㄍㄨ
釅,釅,酽,yàn,yan,4,ㄧㄢ
㝶,㝶,㝶,ài,ai,4,ㄞ
䗆,䗆,䗆,guǎn,guan,3,ㄍㄨㄢ
积,積,积,jī,ji,1,ㄐㄧ
㣐,㣐,㣐,biàn,bian,4,ㄅㄧㄢ
鴮,鴮,鴮,wū,wu,1,ㄨ
䌫,䌫,䌫,lǎn,lan,3,ㄌㄢ
荆,荊,荆,jīng,jing,1,ㄐㄧㄥ
鏙,鏙,鏙,cūi,cui,1,ㄘㄨㄟ
䰊,䰊,䰊,bó,bo,2,ㄅㄛ
桗,桗,桗,duò,duo,4,ㄉㄨㄛ
曽,曽,曽,cēng,ceng,1,ㄘㄥ
簶,簶,簶,lù,lu,4,ㄌㄨ
増,増,増,zēng,zeng,1,ㄗㄥ
蒡,蒡,蒡,bàng,bang,4,ㄅㄤ
皬,皬,皬,hè,he,4,ㄏㄜ
赇,賕,赇,qíu,qiu,2,ㄑㄧㄡ
辢,辢,辢,là,la,4,ㄌㄚ
袋,袋,袋,dài,dai,4,ㄉㄞ
鿾,鿾,鿾,鿾,鿾,,
諤,諤,谔,è,e,4,ㄜ
廠,廠,厂,chǎng,chang,3,ㄔㄤ
鋦,鋦,锔,jū,ju,1,ㄐㄩ
䶍,䶍,䶍,dì,di,4,ㄉㄧ
丷,丷,丷,丷,丷,,
黋,黋,黋,kuǎng,kuang,3,ㄎㄨㄤ
缊,縕,缊,yūn,yun,1,ㄩㄣ
齨,齨,齨,jìu,jiu,4,ㄐㄧㄡ
岲,岲,岲,kuàng,kuang,4,ㄎㄨㄤ
阐,闡,阐,chǎn,chan,3,ㄔㄢ
賣,賣,卖,mài,mai,4,ㄇㄞ
袎,袎,袎,yào,yao,4,ㄧㄠ
絭,絭,絭,quàn,quan,4,ㄑㄩㄢ
㥤,㥤,㥤,㥤,㥤,,
䒼,䒼,䒼,䒼,䒼,,
諬,諬,諬,qǐ,qi,3,ㄑㄧ
売,売,売,mài,mai,4,ㄇㄞ
蔂,蔂,蔂,luó,luo,2,ㄌㄨㄛ
粄,粄,粄,bǎn,ban,3,ㄅㄢ
㮷,㮷,㮷,㮷,㮷,,
鈪,鈪,鈪,鈪,鈪,,
謸,謸,謸,áo,ao,2,ㄠ
群,群,群,qún,qun,2,ㄑㄩㄣ
㜏,㜏,㜏,yún,yun,2,ㄩㄣ
闾,閭,闾,lv́,lu,2,ㄌㄨ
㗴,㗴,㗴,yán,yan,2,ㄧㄢ
䂔,䂔,䂔,xìng,xing,4,ㄒㄧㄥ
詊,詊,詊,pàn,pan,4,ㄆㄢ
彳,彳,彳,chì,chi,4,ㄔ
鄝,鄝,鄝,liǎo,liao,3,ㄌㄧㄠ
竇,竇,窦,dòu,dou,4,ㄉㄡ
綫,綫,线,xiàn,xian,4,ㄒㄧㄢ
龷,龷,龷,龷,龷,,
揔,揔,揔,zǒng,zong,3,ㄗㄨㄥ
膄,膄,膄,sòu,sou,4,ㄙㄡ
狻,狻,狻,suān,suan,1,ㄙㄨㄢ
㽳,㽳,㽳,hàn,han,4,ㄏㄢ
䋥,䋥,䋥,lí,li,2,ㄌㄧ
袍,袍,袍,páo,pao,2,ㄆㄠ
乍,乍,乍,zhà,zha,4,ㄓㄚ
覀,覀,覀,xī,xi,1,ㄒㄧ
祛,祛,祛,qū,qu,1,ㄑㄩ
酴,酴,酴,tú,tu,2,ㄊㄨ
醴,醴,醴,lǐ,li,3,ㄌㄧ
㹍,㹍,㹍,dí,di,2,ㄉㄧ
釹,釹,钕,nǔ,nu,3,ㄋㄨ
鱷,鱷,鳄,è,e,4,ㄜ
璘,璘,璘,lín,lin,2,ㄌㄧㄣ
榷,榷,榷,què,que,4,ㄑㄩㄝ
破,破,破,pò,po,4,ㄆㄛ
䆢,䆢,䆢,jué,jue,2,ㄐㄩㄝ
埪,埪,埪,kōng,kong,1,ㄎㄨㄥ
玔,玔,玔,chuàn,chuan,4,ㄔㄨㄢ
雳,靂,雳,lì,li,4,ㄌㄧ
跄,蹌,跄,qiāng,qiang,1,ㄑㄧㄤ
㥶,㥶,㥶,sè,se,4,ㄙㄜ
蝈,蟈,蝈,guō,guo,1,ㄍㄨㄛ
㓲,㓲,㓲,piàn,pian,4,ㄆㄧㄢ
䱕,䱕,䱕,móu,mou,2,ㄇㄡ
霠,霠,霠,yīn,yin,1,ㄧㄣ
䴳,䴳,䴳,hè,he,4,ㄏㄜ
䃡,䃡,䃡,cén,cen,2,ㄘㄣ
䄁,䄁,䄁,yì,yi,4,ㄧ
敩,敩,敩,xiào,xiao,4,ㄒㄧㄠ
䍔,䍔,䍔,hóng,hong,2,ㄏㄨㄥ
㾱,㾱,㾱,bèi,bei,4,ㄅㄟ
天,天,天,tiān,tian,1,ㄊㄧㄢ
骿,骿,骿,pián,pian,2,ㄆㄧㄢ
協,協,协,xié,xie,2,ㄒㄧㄝ
和,和,和,hé,he,2,ㄏㄜ
荼,荼,荼,tú,tu,2,ㄊㄨ
圱,圱,圱,qiān,qian,1,ㄑㄧㄢ
驼,駝,驼,tuó,tuo,2,ㄊㄨㄛ
䲄,䲄,䲄,mín,min,2,ㄇㄧㄣ
鈧,鈧,钪,kàng,kang,4,ㄎㄤ
孮,孮,孮,cóng,cong,2,ㄘㄨㄥ
䫢,䫢,䫢,䫢,䫢,,
锂,鋰,锂,lǐ,li,3,ㄌㄧ
㼯,㼯,㼯,dòng,dong,4,ㄉㄨㄥ
筈,筈,筈,guā,gua,1,ㄍㄨㄚ
䖛,䖛,䖛,suǒ,suo,3,ㄙㄨㄛ
邈,邈,邈,miǎo,miao,3,ㄇㄧㄠ
毒,毒,毒,dú,du,2,ㄉㄨ
塖,塖,塖,chéng,cheng,2,ㄔㄥ
㫿,㫿,㫿,㫿,㫿,,
䕦,䕦,䕦,yíng,ying,2,ㄧㄥ
阖,闔,阖,gé,ge,2,ㄍㄜ
鞯,韉,鞯,jiān,jian,1,ㄐㄧㄢ
軦,軦,軦,huàng,huang,4,ㄏㄨㄤ
鵨,鵨,鵨,shū,shu,1,ㄕㄨ
踍,踍,踍,qiāo,qiao,1,ㄑㄧㄠ
䢈,䢈,䢈,chén,chen,2,ㄔㄣ
朔,朔,朔,shuò,shuo,4,ㄕㄨㄛ
畋,畋,畋,tián,tian,2,ㄊㄧㄢ
銢,銢,銢,pǐ,pi,3,ㄆㄧ
悓,悓,悓,qiàn,qian,4,ㄑㄧㄢ
芅,芅,芅,yì,yi,4,ㄧ
噏,噏,噏,xī,xi,1,ㄒㄧ
膟,膟,膟,lv̀,lu,4,ㄌㄨ
沚,沚,沚,zhǐ,zhi,3,ㄓ
戽,戽,戽,hù,hu,4,ㄏㄨ
謲,謲,謲,cān,can,1,ㄘㄢ
顐,顐,顐,hún,hun,2,ㄏㄨㄣ
揽,攬,揽,lǎn,lan,3,ㄌㄢ
雜,雜,杂,zá,za,2,ㄗㄚ
䥷,䥷,䥷,zhá,zha,2,ㄓㄚ
爑,爑,爑,jué,jue,2,ㄐㄩㄝ
婹,婹,婹,yǎo,yao,3,ㄧㄠ
埒,埒,埒,lèi,lei,4,ㄌㄟ
沠,沠,沠,líu,liu,2,ㄌㄧㄡ
䶝,䶝,䶝,qià,qia,4,ㄑㄧㄚ
堊,堊,垩,è,e,4,ㄜ
钊,釗,钊,zhāo,zhao,1,ㄓㄠ
憚,憚,惮,dàn,dan,4,ㄉㄢ
痿,痿,痿,wěi,wei,3,ㄨㄟ
罣,罣,罣,guà,gua,4,ㄍㄨㄚ
醪,醪,醪,láo,lao,2,ㄌㄠ
罞,罞,罞,máo,mao,2,ㄇㄠ
峂,峂,峂,tóng,tong,2,ㄊㄨㄥ
棂,欞,棂,líng,ling,2,ㄌㄧㄥ
南,南,南,nán,nan,2,ㄋㄢ
鸲,鴝,鸲,qú,qu,2,ㄑㄩ
岮,岮,岮,tuó,tuo,2,ㄊㄨㄛ
㿧,㿧,㿧,chóu,chou,2,ㄔㄡ
痽,痽,痽,dūi,dui,1,ㄉㄨㄟ
锎,鐦,锎,kāi,kai,1,ㄎㄞ
嗺,嗺,嗺,cūi,cui,1,ㄘㄨㄟ
窩,窩,窝,wō,wo,1,ㄨㄛ
溞,溞,溞,sāo,sao,1,ㄙㄠ
宩,宩,宩,shǐ,shi,3,ㄕ
蓦,驀,蓦,mò,mo,4,ㄇㄛ
竉,竉,竉,lǒng,long,3,ㄌㄨㄥ
䦳,䦳,䦳,hàng,hang,4,ㄏㄤ
橳,橳,橳,橳,橳,,
饌,饌,馔,zhuàn,zhuan,4,ㄓㄨㄢ
殈,殈,殈,xù,xu,4,ㄒㄩ
茡,茡,茡,zì,zi,4,ㄗ
輠,輠,輠,guǒ,guo,3,ㄍㄨㄛ
祚,祚,祚,zuò,zuo,4,ㄗㄨㄛ
㑺,㑺,㑺,jùn,jun,4,ㄐㄩㄣ
㯟,㯟,㯟,lù,lu,4,ㄌㄨ
撙,撙,撙,zǔn,zun,3,ㄗㄨㄣ
㱆,㱆,㱆,㱆,㱆,,
茿,茿,茿,zhú,zhu,2,ㄓㄨ
㘖,㘖,㘖,yán,yan,2,ㄧㄢ
㢧,㢧,㢧,juàn,juan,4,ㄐㄩㄢ
埋,埋,埋,mái,mai,2,ㄇㄞ
囃,囃,囃,cà,ca,4,ㄘㄚ
浸,浸,浸,jìn,jin,4,ㄐㄧㄣ
䕚,䕚,䕚,kùi,kui,4,ㄎㄨㄟ
髌,髕,髌,bìn,bin,4,ㄅㄧㄣ
㝳,㝳,㝳,㝳,㝳,,
㡏,㡏,㡏,tóu,tou,2,ㄊㄡ
譣,譣,譣,qiān,qian,1,ㄑㄧㄢ
吏,吏,吏,lì,li,4,ㄌㄧ
嶗,嶗,崂,láo,lao,2,ㄌㄠ
鍒,鍒,鍒,róu,rou,2,ㄖㄡ
䇽,䇽,䇽,zhì,zhi,4,ㄓ
蝪,蝪,蝪,tāng,tang,1,ㄊㄤ
䇨,䇨,䇨,gòng,gong,4,ㄍㄨㄥ
沘,沘,沘,bǐ,bi,3,ㄅㄧ
㘹,㘹,㘹,cí,ci,2,ㄘ
泱,泱,泱,yāng,yang,1,ㄧㄤ
龵,龵,龵,龵,龵,,
糕,糕,糕,gāo,gao,1,ㄍㄠ
鳀,鯷,鳀,shì,shi,4,ㄕ
腖,腖,胨,dòng,dong,4,ㄉㄨㄥ
眾,眾,众,zhòng,zhong,4,ㄓㄨㄥ
善,善,善,shàn,shan,4,ㄕㄢ
黄,黃,黄,huáng,huang,2,ㄏㄨㄤ
梡,梡,梡,hún,hun,2,ㄏㄨㄣ
䯔,䯔,䯔,cén,cen,2,ㄘㄣ
㔧,㔧,㔧,lv̀,lu,4,ㄌㄨ
䐛,䐛,䐛,䐛,䐛,,
涪,涪,涪,fú,fu,2,ㄈㄨ
䠬,䠬,䠬,dèng,deng,4,ㄉㄥ
㮯,㮯,㮯,huá,hua,2,ㄏㄨㄚ
涚,涚,涚,shùi,shui,4,ㄕㄨㄟ
庘,庘,庘,yā,ya,1,ㄧㄚ
妃,妃,妃,fēi,fei,1,ㄈㄟ
髅,髏,髅,lóu,lou,2,ㄌㄡ
徊,徊,徊,huái,huai,2,ㄏㄨㄞ
櫧,櫧,槠,zhū,zhu,1,ㄓㄨ
騗,騗,騗,piàn,pian,4,ㄆㄧㄢ
㒏,㒏,㒏,㒏,㒏,,
靠,靠,靠,kào,kao,4,ㄎㄠ
娶,娶,娶,qǔ,qu,3,ㄑㄩ
䎿,䎿,䎿,qíu,qiu,2,ㄑㄧㄡ
㑡,㑡,㑡,㑡,㑡,,
鳪,鳪,鳪,bǔ,bu,3,ㄅㄨ
妩,嫵,妩,wǔ,wu,3,ㄨ
薭,薭,薭,薭,薭,,
鱔,鱔,鳝,shàn,shan,4,ㄕㄢ
䘨,䘨,䘨,jiǎo,jiao,3,ㄐㄧㄠ
驤,驤,骧,xiāng,xiang,1,ㄒㄧㄤ
錦,錦,锦,jǐn,jin,3,ㄐㄧㄣ
䵂,䵂,䵂,zhí,zhi,2,ㄓ
㞪,㞪,㞪,náo,nao,2,ㄋㄠ
弘,弘,弘,hóng,hong,2,ㄏㄨㄥ
爋,爋,爋,xùn,xun,4,ㄒㄩㄣ
疪,疪,疪,bì,bi,4,ㄅㄧ
衠,衠,衠,zhūn,zhun,1,ㄓㄨㄣ
琰,琰,琰,yǎn,yan,3,ㄧㄢ
偟,偟,偟,huáng,huang,2,ㄏㄨㄤ
黑,黑,黑,hēi,hei,1,ㄏㄟ
䰭,䰭,䰭,nòu,nou,4,ㄋㄡ
䚋,䚋,䚋,yùn,yun,4,ㄩㄣ
䑣,䑣,䑣,䑣,䑣,,
䮧,䮧,䮧,hán,han,2,ㄏㄢ
䭄,䭄,䭄,shì,shi,4,ㄕ
挅,挅,挅,duǒ,duo,3,ㄉㄨㄛ
匳,匳,匳,lián,lian,2,ㄌㄧㄢ
㳉,㳉,㳉,㳉,㳉,,
吣,唚,吣,qìn,qin,4,ㄑㄧㄣ
懕,懕,懕,yān,yan,1,ㄧㄢ
摙,摙,摙,liǎn,lian,3,ㄌㄧㄢ
靋,靋,靋,lì,li,4,ㄌㄧ
㢅,㢅,㢅,lòng,long,4,ㄌㄨㄥ
貦,貦,貦,wàn,wan,4,ㄨㄢ
㷓,㷓,㷓,zǒng,zong,3,ㄗㄨㄥ
㭏,㭏,㭏,wěi,wei,3,ㄨㄟ
嗜,嗜,嗜,shì,shi,4,ㄕ
滲,滲,渗,shèn,shen,4,ㄕㄣ
凨,凨,凨,fēng,feng,1,ㄈㄥ
䑍,䑍,䑍,yàn,yan,4,ㄧㄢ
跟,跟,跟,gēn,gen,1,ㄍㄣ
聡,聡,聡,cōng,cong,1,ㄘㄨㄥ
憥,憥,憥,láo,lao,2,ㄌㄠ
緊,緊,紧,jǐn,jin,3,ㄐㄧㄣ
觏,覯,觏,gòu,gou,4,ㄍㄡ
閼,閼,阏,è,e,4,ㄜ
舫,舫,舫,fǎng,fang,3,ㄈㄤ
颷,颷,颷,bī,bi,1,ㄅㄧ
作,作,作,zuò,zuo,4,ㄗㄨㄛ
忂,忂,忂,qú,qu,2,ㄑㄩ
赱,赱,赱,zǒu,zou,3,ㄗㄡ
㤠,㤠,㤠,liè,lie,4,ㄌㄧㄝ
豮,豶,豮,fén,fen,2,ㄈㄣ
酅,酅,酅,xī,xi,1,ㄒㄧ
鑜,鑜,鑜,shàng,shang,4,ㄕㄤ
犚,犚,犚,wèi,wei,4,ㄨㄟ
硈,硈,硈,jiá,jia,2,ㄐㄧㄚ
鯨,鯨,鲸,jīng,jing,1,ㄐㄧㄥ
汑,汑,汑,tuō,tuo,1,ㄊㄨㄛ
㤓,㤓,㤓,bèn,ben,4,ㄅㄣ
劭,劭,劭,shào,shao,4,ㄕㄠ
握,握,握,wò,wo,4,ㄨㄛ
琹,琹,琹,qín,qin,2,ㄑㄧㄣ
電,電,电,diàn,dian,4,ㄉㄧㄢ
虃,虃,虃,jiān,jian,1,ㄐㄧㄢ
蓂,蓂,蓂,míng,ming,2,ㄇㄧㄥ
圈,圈,圈,quān,quan,1,ㄑㄩㄢ
厹,厹,厹,qíu,qiu,2,ㄑㄧㄡ
輪,輪,轮,lún,lun,2,ㄌㄨㄣ
貸,貸,贷,dài,dai,4,ㄉㄞ
衡,衡,衡,héng,heng,2,ㄏㄥ
臋,臋,臋,tún,tun,2,ㄊㄨㄣ
詒,詒,诒,yí,yi,2,ㄧ
魙,魙,魙,zhǎn,zhan,3,ㄓㄢ
磵,磵,磵,jiàn,jian,4,ㄐㄧㄢ
兼,兼,兼,jiān,jian,1,ㄐㄧㄢ
窝,窩,窝,wō,wo,1,ㄨㄛ
臯,臯,臯,gāo,gao,1,ㄍㄠ
䳦,䳦,䳦,䳦,䳦,,
䩘,䩘,䩘,dì,di,4,ㄉㄧ
絫,絫,絫,lěi,lei,3,ㄌㄟ
吢,吢,吢,qìn,qin,4,ㄑㄧㄣ
㙭,㙭,㙭,㙭,㙭,,
氓,氓,氓,máng,mang,2,ㄇㄤ
窦,竇,窦,dòu,dou,4,ㄉㄡ
穠,穠,秾,nóng,nong,2,ㄋㄨㄥ
昫,昫,昫,xǔ,xu,3,ㄒㄩ
諚,諚,諚,pián,pian,2,ㄆㄧㄢ
桖,桖,桖,xuè,xue,4,ㄒㄩㄝ
軗,軗,軗,shū,shu,1,ㄕㄨ
揍,揍,揍,zòu,zou,4,ㄗㄡ
莱,萊,莱,lái,lai,2,ㄌㄞ
懿,懿,懿,yì,yi,4,ㄧ
媫,媫,媫,媫,媫,,
狈,狽,狈,bèi,bei,4,ㄅㄟ
局,局,局,jú,ju,2,ㄐㄩ
䙆,䙆,䙆,gùi,gui,4,ㄍㄨㄟ
襾,襾,襾,yà,ya,4,ㄧㄚ
䈢,䈢,䈢,sǎi,sai,3,ㄙㄞ
㜿,㜿,㜿,xù,xu,4,ㄒㄩ
䵝,䵝,䵝,yà,ya,4,ㄧㄚ
譤,譤,譤,jī,ji,1,ㄐㄧ
襋,襋,襋,jí,ji,2,ㄐㄧ
齫,齫,齫,kǔn,kun,3,ㄎㄨㄣ
洗,洗,洗,xǐ,xi,3,ㄒㄧ
䳈,䳈,䳈,bǎo,bao,3,ㄅㄠ
㑚,㑚,㑚,nuó,nuo,2,ㄋㄨㄛ
嘲,嘲,嘲,cháo,chao,2,ㄔㄠ
䏔,䏔,䏔,nǐu,niu,3,ㄋㄧㄡ
㑔,㑔,㑔,xǔ,xu,3,ㄒㄩ
揻,揻,揻,揻,揻,,
㓜,㓜,㓜,yòu,you,4,ㄧㄡ
盦,盦,盦,ān,an,1,ㄢ
健,健,健,jiàn,jian,4,ㄐㄧㄢ
匌,匌,匌,gé,ge,2,ㄍㄜ
徎,徎,徎,chěng,cheng,3,ㄔㄥ
攢,攢,攒,zǎn,zan,3,ㄗㄢ
孢,孢,孢,bāo,bao,1,ㄅㄠ
軝,軝,軝,qí,qi,2,ㄑㄧ
坠,墜,坠,zhùi,zhui,4,ㄓㄨㄟ
抙,抙,抙,póu,pou,2,ㄆㄡ
奕,奕,奕,yì,yi,4,ㄧ
㯓,㯓,㯓,tà,ta,4,ㄊㄚ
䈳,䈳,䈳,tà,ta,4,ㄊㄚ
粀,粀,粀,粀,粀,,
瀖,瀖,瀖,huò,huo,4,ㄏㄨㄛ
胃,胃,胃,wèi,wei,4,ㄨㄟ
贰,貳,贰,èr,er,4,ㄦ
耿,耿,耿,gěng,geng,3,ㄍㄥ
铏,鉶,铏,xíng,xing,2,ㄒㄧㄥ
㿛,㿛,㿛,lí,li,2,ㄌㄧ
溮,溮,浉,shī,shi,1,ㄕ
吸,吸,吸,xī,xi,1,ㄒㄧ
舂,舂,舂,chōng,chong,1,ㄔㄨㄥ
鬔,鬔,鬔,péng,peng,2,ㄆㄥ
瀀,瀀,瀀,yōu,you,1,ㄧㄡ
疙,疙,疙,gē,ge,1,ㄍㄜ
吕,呂,吕,lǔ,lu,3,ㄌㄨ
鮔,鮔,鮔,jù,ju,4,ㄐㄩ
疳,疳,疳,gān,gan,1,ㄍㄢ
繠,繠,繠,rǔi,rui,3,ㄖㄨㄟ
铭,銘,铭,míng,ming,2,ㄇㄧㄥ
饮,飲,饮,yǐn,yin,3,ㄧㄣ
疟,瘧,疟,nvè,nue,4,
碏,碏,碏,què,que,4,ㄑㄩㄝ
䮻,䮻,䮻,chì,chi,4,ㄔ
汀,汀,汀,tīng,ting,1,ㄊㄧㄥ
㴀,㴀,㴀,fàn,fan,4,ㄈㄢ
紶,紶,紶,qǔ,qu,3,ㄑㄩ
䒂,䒂,䒂,jiǎng,jiang,3,ㄐㄧㄤ
喇,喇,喇,lǎ,la,3,ㄌㄚ
蟢,蟢,蟢,xǐ,xi,3,ㄒㄧ
僊,僊,僊,xiān,xian,1,ㄒㄧㄢ
㜡,㜡,㜡,㜡,㜡,,
㴥,㴥,㴥,qiào,qiao,4,ㄑㄧㄠ
䯬,䯬,䯬,duǒ,duo,3,ㄉㄨㄛ
䐀,䐀,䐀,jì,ji,4,ㄐㄧ
憖,憖,慭,yìn,yin,4,ㄧㄣ
㷊,㷊,㷊,fén,fen,2,ㄈㄣ
䤖,䤖,䤖,bào,bao,4,ㄅㄠ
斦,斦,斦,yín,yin,2,ㄧㄣ
狧,狧,狧,tà,ta,4,ㄊㄚ
䘉,䘉,䘉,cán,can,2,ㄘㄢ
玳,玳,玳,dài,dai,4,ㄉㄞ
愆,愆,愆,qiān,qian,1,ㄑㄧㄢ
垑,垑,垑,chǐ,chi,3,ㄔ
儬,儬,儬,chèn,chen,4,ㄔㄣ
樨,樨,樨,xī,xi,1,ㄒㄧ
螊,螊,螊,lián,lian,2,ㄌㄧㄢ
圄,圄,圄,yǔ,yu,3,ㄩ
筺,筺,筺,筺,筺,,
林,林,林,lín,lin,2,ㄌㄧㄣ
蝺,蝺,蝺,jǔ,ju,3,ㄐㄩ
詴,詴,詴,wēi,wei,1,ㄨㄟ
㜙,㜙,㜙,lù,lu,4,ㄌㄨ
袱,袱,袱,fú,fu,2,ㄈㄨ
究,究,究,jīu,jiu,1,ㄐㄧㄡ
厦,廈,厦,shà,sha,4,ㄕㄚ
䓩,䓩,䓩,䓩,䓩,,
奴,奴,奴,nú,nu,2,ㄋㄨ
儸,儸,儸,luó,luo,2,ㄌㄨㄛ
䅐,䅐,䅐,jiǎn,jian,3,ㄐㄧㄢ
庎,庎,庎,jiè,jie,4,ㄐㄧㄝ
㚇,㚇,㚇,㚇,㚇,,
鑦,鑦,鑦,鑦,鑦,,
蟑,蟑,蟑,zhāng,zhang,1,ㄓㄤ
儅,儅,儅,dāng,dang,1,ㄉㄤ
糵,糵,糵,niè,nie,4,ㄋㄧㄝ
嗪,嗪,嗪,qín,qin,2,ㄑㄧㄣ
靾,靾,靾,yì,yi,4,ㄧ
㪸,㪸,㪸,㪸,㪸,,
咂,咂,咂,zā,za,1,ㄗㄚ
螅,螅,螅,xī,xi,1,ㄒㄧ
㶍,㶍,㶍,xiǎn,xian,3,ㄒㄧㄢ
肴,肴,肴,yáo,yao,2,ㄧㄠ
厕,廁,厕,cè,ce,4,ㄘㄜ
缿,缿,缿,hòu,hou,4,ㄏㄡ
㔟,㔟,㔟,㔟,㔟,,
反,反,反,fǎn,fan,3,ㄈㄢ
婭,婭,娅,yà,ya,4,ㄧㄚ
趣,趣,趣,qù,qu,4,ㄑㄩ
㤱,㤱,㤱,fù,fu,4,ㄈㄨ
哸,哸,哸,sūi,sui,1,ㄙㄨㄟ
唙,唙,唙,dí,di,2,ㄉㄧ
㩂,㩂,㩂,㩂,㩂,,
搟,搟,搟,xiǎn,xian,3,ㄒㄧㄢ
㒘,㒘,㒘,㒘,㒘,,
竈,竈,灶,zào,zao,4,ㄗㄠ
案,案,案,àn,an,4,ㄢ
誉,譽,誉,yù,yu,4,ㄩ
鎒,鎒,鎒,nòu,nou,4,ㄋㄡ
萅,萅,萅,chūn,chun,1,ㄔㄨㄣ
丧,喪,丧,sāng,sang,1,ㄙㄤ
幊,幊,幊,gōng,gong,1,ㄍㄨㄥ
趻,趻,趻,chěn,chen,3,ㄔㄣ
憍,憍,憍,jiāo,jiao,1,ㄐㄧㄠ
岏,岏,岏,yuán,yuan,2,ㄩㄢ
曐,曐,曐,xīng,xing,1,ㄒㄧㄥ
輟,輟,辍,chuò,chuo,4,ㄔㄨㄛ
鮟,鮟,鮟,àn,an,4,ㄢ
㱒,㱒,㱒,㱒,㱒,,
璤,璤,璤,璤,璤,,
趜,趜,趜,jú,ju,2,ㄐㄩ
䄔,䄔,䄔,jǔ,ju,3,ㄐㄩ
瓐,瓐,瓐,lú,lu,2,ㄌㄨ
䘮,䘮,䘮,sà,sa,4,ㄙㄚ
樿,樿,樿,zhǎn,zhan,3,ㄓㄢ
酀,酀,酀,yān,yan,1,ㄧㄢ
饅,饅,馒,mán,man,2,ㄇㄢ
雅,雅,雅,yǎ,ya,3,ㄧㄚ
䧐,䧐,䧐,䧐,䧐,,
麗,麗,丽,lì,li,4,ㄌㄧ
馆,館,馆,guǎn,guan,3,ㄍㄨㄢ
䳊,䳊,䳊,bá,ba,2,ㄅㄚ
蓄,蓄,蓄,xù,xu,4,ㄒㄩ
瓓,瓓,瓓,làn,lan,4,ㄌㄢ
䧎,䧎,䧎,xuàn,xuan,4,ㄒㄩㄢ
薩,薩,萨,sà,sa,4,ㄙㄚ
薥,薥,薥,shǔ,shu,3,ㄕㄨ
昞,昞,昞,bǐng,bing,3,ㄅㄧㄥ
笵,笵,笵,fàn,fan,4,ㄈㄢ
㣄,㣄,㣄,qú,qu,2,ㄑㄩ
豋,豋,豋,dēng,deng,1,ㄉㄥ
耆,耆,耆,qí,qi,2,ㄑㄧ
掝,掝,掝,huò,huo,4,ㄏㄨㄛ
埶,埶,埶,yì,yi,4,ㄧ
㑫,㑫,㑫,㑫,㑫,,
瓕,瓕,瓕,mí,mi,2,ㄇㄧ
䘸,䘸,䘸,yì,yi,4,ㄧ
惪,惪,惪,dé,de,2,ㄉㄜ
繪,繪,绘,hùi,hui,4,ㄏㄨㄟ
敆,敆,敆,hé,he,2,ㄏㄜ
蕞,蕞,蕞,zùi,zui,4,ㄗㄨㄟ
䲬,䲬,䲬,qí,qi,2,ㄑㄧ
欻,欻,欻,xū,xu,1,ㄒㄩ
㝆,㝆,㝆,㝆,㝆,,
蝭,蝭,蝭,tí,ti,2,ㄊㄧ
蹸,蹸,蹸,lìn,lin,4,ㄌㄧㄣ
㼄,㼄,㼄,㼄,㼄,,
㟤,㟤,㟤,lù,lu,4,ㄌㄨ
鑍,鑍,鑍,yīng,ying,1,ㄧㄥ
䓶,䓶,䓶,lài,lai,4,ㄌㄞ
厽,厽,厽,lěi,lei,3,ㄌㄟ
煀,煀,煀,煀,煀,,
䀵,䀵,䀵,shùn,shun,4,ㄕㄨㄣ
奩,奩,奁,lián,lian,2,ㄌㄧㄢ
刪,刪,删,shān,shan,1,ㄕㄢ
塤,塤,埙,xūn,xun,1,ㄒㄩㄣ
陟,陟,陟,zhì,zhi,4,ㄓ
䉽,䉽,䉽,bǎn,ban,3,ㄅㄢ
塝,塝,塝,bàng,bang,4,ㄅㄤ
舋,舋,舋,xìn,xin,4,ㄒㄧㄣ
籣,籣,籣,lán,lan,2,ㄌㄢ
䜷,䜷,䜷,䜷,䜷,,
䙯,䙯,䙯,cù,cu,4,ㄘㄨ
誳,誳,誳,qū,qu,1,ㄑㄩ
葹,葹,葹,shī,shi,1,ㄕ
蟝,蟝,蟝,qú,qu,2,ㄑㄩ
擖,擖,擖,gě,ge,3,ㄍㄜ
鲃,鲃,鲃,bā,ba,1,ㄅㄚ
閘,閘,闸,zhá,zha,2,ㄓㄚ
㡤,㡤,㡤,㡤,㡤,,
鳶,鳶,鸢,yuān,yuan,1,ㄩㄢ
湑,湑,湑,xǔ,xu,3,ㄒㄩ
救,救,救,jìu,jiu,4,ㄐㄧㄡ
幕,幕,幕,mù,mu,4,ㄇㄨ
祿,祿,禄,lù,lu,4,ㄌㄨ
寋,寋,寋,jiǎn,jian,3,ㄐㄧㄢ
狫,狫,狫,lǎo,lao,3,ㄌㄠ
醌,醌,醌,kūn,kun,1,ㄎㄨㄣ
鮠,鮠,鮠,wéi,wei,2,ㄨㄟ
湮,湮,湮,yīn,yin,1,ㄧㄣ
貔,貔,貔,pí,pi,2,ㄆㄧ
甅,甅,甅,甅,甅,,
㕨,㕨,㕨,fàn,fan,4,ㄈㄢ
䢛,䢛,䢛,jiǒng,jiong,3,ㄐㄩㄥ
蚕,蠶,蚕,cán,can,2,ㄘㄢ
㚦,㚦,㚦,yí,yi,2,ㄧ
泿,泿,泿,yín,yin,2,ㄧㄣ
哫,哫,哫,zú,zu,2,ㄗㄨ
稷,稷,稷,jì,ji,4,ㄐㄧ
莒,莒,莒,jǔ,ju,3,ㄐㄩ
㰘,㰘,㰘,yí,yi,2,ㄧ
䆥,䆥,䆥,䆥,䆥,,
岵,岵,岵,hù,hu,4,ㄏㄨ
豂,豂,豂,liáo,liao,2,ㄌㄧㄠ
鎃,鎃,鎃,pài,pai,4,ㄆㄞ
靶,靶,靶,bǎ,ba,3,ㄅㄚ
㙷,㙷,㙷,zhí,zhi,2,ㄓ
䄲,䄲,䄲,chúi,chui,2,ㄔㄨㄟ
听,聽,听,tīng,ting,1,ㄊㄧㄥ
忚,忚,忚,xī,xi,1,ㄒㄧ
䳔,䳔,䳔,jìu,jiu,4,ㄐㄧㄡ
鰑,鰑,鰑,yáng,yang,2,ㄧㄤ
禣,禣,禣,禣,禣,,
鲁,魯,鲁,lǔ,lu,3,ㄌㄨ
䆺,䆺,䆺,䆺,䆺,,
鯎,鯎,鯎,鯎,鯎,,
䩇,䩇,䩇,䩇,䩇,,
䓛,䓛,䓛,fǔ,fu,3,ㄈㄨ
诖,詿,诖,guà,gua,4,ㄍㄨㄚ
堲,堲,堲,jí,ji,2,ㄐㄧ
䒪,䒪,䒪,biàn,bian,4,ㄅㄧㄢ
党,黨,党,dǎng,dang,3,ㄉㄤ
御,禦,御,yù,yu,4,ㄩ
暱,暱,暱,nì,ni,4,ㄋㄧ
糳,糳,糳,zuò,zuo,4,ㄗㄨㄛ
丂,丂,丂,kǎo,kao,3,ㄎㄠ
溃,潰,溃,kùi,kui,4,ㄎㄨㄟ
睆,睆,睆,huǎn,huan,3,ㄏㄨㄢ
颡,顙,颡,sǎng,sang,3,ㄙㄤ
㮓,㮓,㮓,gèn,gen,4,ㄍㄣ
楲,楲,楲,wēi,wei,1,ㄨㄟ
紸,紸,紸,zhù,zhu,4,ㄓㄨ
醦,醦,醦,shǎn,shan,3,ㄕㄢ
鯅,鯅,鯅,tíng,ting,2,ㄊㄧㄥ
敚,敚,敚,duó,duo,2,ㄉㄨㄛ
濺,濺,溅,jiàn,jian,4,ㄐㄧㄢ
傻,傻,傻,shǎ,sha,3,ㄕㄚ
蚉,蚉,蚉,wén,wen,2,ㄨㄣ
蝧,蝧,蝧,yīng,ying,1,ㄧㄥ
辌,輬,辌,liáng,liang,2,ㄌㄧㄤ
藣,藣,藣,bēi,bei,1,ㄅㄟ
諪,諪,諪,tíng,ting,2,ㄊㄧㄥ
蚷,蚷,蚷,jù,ju,4,ㄐㄩ
䀎,䀎,䀎,miǎn,mian,3,ㄇㄧㄢ
菊,菊,菊,jú,ju,2,ㄐㄩ
啜,啜,啜,chuò,chuo,4,ㄔㄨㄛ
陮,陮,陮,dǔi,dui,3,ㄉㄨㄟ
鄅,鄅,鄅,yǔ,yu,3,ㄩ
㧂,㧂,㧂,tián,tian,2,ㄊㄧㄢ
珅,珅,珅,shēn,shen,1,ㄕㄣ
鲄,魺,鲄,hé,he,2,ㄏㄜ
鮂,鮂,鮂,qíu,qiu,2,ㄑㄧㄡ
䠋,䠋,䠋,bǐ,bi,3,ㄅㄧ
让,讓,让,ràng,rang,4,ㄖㄤ
纅,纅,纅,lì,li,4,ㄌㄧ
荹,荹,荹,bù,bu,4,ㄅㄨ
㓉,㓉,㓉,huàn,huan,4,ㄏㄨㄢ
唒,唒,唒,qíu,qiu,2,ㄑㄧㄡ
厓,厓,厓,yá,ya,2,ㄧㄚ
徔,徔,徔,徔,徔,,
卅,卅,卅,sà,sa,4,ㄙㄚ
䱡,䱡,䱡,jú,ju,2,ㄐㄩ
嫇,嫇,嫇,míng,ming,2,ㄇㄧㄥ
藘,藘,藘,lv́,lu,2,ㄌㄨ
快,快,快,kuài,kuai,4,ㄎㄨㄞ
沃,沃,沃,wò,wo,4,ㄨㄛ
哏,哏,哏,hěn,hen,3,ㄏㄣ
䨟,䨟,䨟,䨟,䨟,,
刂,刂,刂,dāo,dao,1,ㄉㄠ
餬,餬,餬,hú,hu,2,ㄏㄨ
挘,挘,挘,挘,挘,,
櫎,櫎,櫎,guàng,guang,4,ㄍㄨㄤ
㪋,㪋,㪋,hàn,han,4,ㄏㄢ
篶,篶,篶,yān,yan,1,ㄧㄢ
㣷,㣷,㣷,nìng,ning,4,ㄋㄧㄥ
霣,霣,霣,yǔn,yun,3,ㄩㄣ
倲,倲,倲,dōng,dong,1,ㄉㄨㄥ
釋,釋,释,shì,shi,4,ㄕ
鄿,鄿,鄿,qí,qi,2,ㄑㄧ
諱,諱,讳,hùi,hui,4,ㄏㄨㄟ
澷,澷,澷,màn,man,4,ㄇㄢ
㕉,㕉,㕉,kè,ke,4,ㄎㄜ
櫗,櫗,櫗,miè,mie,4,ㄇㄧㄝ
苮,苮,苮,xiān,xian,1,ㄒㄧㄢ
鞀,鞀,鼗,táo,tao,2,ㄊㄠ
譝,譝,譝,shéng,sheng,2,ㄕㄥ
蛚,蛚,蛚,liè,lie,4,ㄌㄧㄝ
恣,恣,恣,zì,zi,4,ㄗ
铀,鈾,铀,yóu,you,2,ㄧㄡ
必,必,必,bì,bi,4,ㄅㄧ
摃,摃,摃,káng,kang,2,ㄎㄤ
鑖,鑖,鑖,miè,mie,4,ㄇㄧㄝ
懦,懦,懦,nuò,nuo,4,ㄋㄨㄛ
唠,嘮,唠,láo,lao,2,ㄌㄠ
骋,騁,骋,chěng,cheng,3,ㄔㄥ
䟹,䟹,䟹,liè,lie,4,ㄌㄧㄝ
㫻,㫻,㫻,kùn,kun,4,ㄎㄨㄣ
熲,熲,颎,jiǒng,jiong,3,ㄐㄩㄥ
兘,兘,兘,shǐ,shi,3,ㄕ
苚,苚,苚,yòng,yong,4,ㄩㄥ
痁,痁,痁,diàn,dian,4,ㄉㄧㄢ
䟸,䟸,䟸,kúi,kui,2,ㄎㄨㄟ
㪴,㪴,㪴,jiá,jia,2,ㄐㄧㄚ
楗,楗,楗,jiàn,jian,4,ㄐㄧㄢ
殱,殱,殱,殱,殱,,
洓,洓,洓,suǒ,suo,3,ㄙㄨㄛ
䩾,䩾,䩾,zhè,zhe,4,ㄓㄜ
䰆,䰆,䰆,róu,rou,2,ㄖㄡ
煗,煗,煗,nuǎn,nuan,3,ㄋㄨㄢ
㿓,㿓,㿓,jiá,jia,2,ㄐㄧㄚ
蔖,蔖,蔖,cuó,cuo,2,ㄘㄨㄛ
㞦,㞦,㞦,jǐ,ji,3,ㄐㄧ
臮,臮,臮,jì,ji,4,ㄐㄧ
㨏,㨏,㨏,㨏,㨏,,
箢,箢,箢,yuān,yuan,1,ㄩㄢ
蟾,蟾,蟾,chán,chan,2,ㄔㄢ
獫,獫,猃,xiǎn,xian,3,ㄒㄧㄢ
硼,硼,硼,péng,peng,2,ㄆㄥ
牍,牘,牍,dú,du,2,ㄉㄨ
員,員,员,yuán,yuan,2,ㄩㄢ
琯,琯,琯,guǎn,guan,3,ㄍㄨㄢ
奪,奪,夺,duó,duo,2,ㄉㄨㄛ
掽,掽,掽,pèng,peng,4,ㄆㄥ
馗,馗,馗,kúi,kui,2,ㄎㄨㄟ
䟳,䟳,䟳,䟳,䟳,,
㹷,㹷,㹷,shǐ,shi,3,ㄕ
擨,擨,擨,yé,ye,2,ㄧㄝ
蹦,蹦,蹦,bèng,beng,4,ㄅㄥ
譎,譎,谲,jué,jue,2,ㄐㄩㄝ
㭯,㭯,㭯,dié,die,2,ㄉㄧㄝ
䧙,䧙,䧙,líng,ling,2,ㄌㄧㄥ
籦,籦,籦,zhōng,zhong,1,ㄓㄨㄥ
䉸,䉸,䉸,biàn,bian,4,ㄅㄧㄢ
龧,龧,龧,龧,龧,,
茯,茯,茯,fú,fu,2,ㄈㄨ
凰,凰,凰,huáng,huang,2,ㄏㄨㄤ
玴,玴,玴,yì,yi,4,ㄧ
鎳,鎳,镍,niè,nie,4,ㄋㄧㄝ
塺,塺,塺,méi,mei,2,ㄇㄟ
碀,碀,碀,céng,ceng,2,ㄘㄥ
䩖,䩖,䩖,䩖,䩖,,
綡,綡,綡,liáng,liang,2,ㄌㄧㄤ
苂,苂,苂,yín,yin,2,ㄧㄣ
陚,陚,陚,fù,fu,4,ㄈㄨ
䌿,䌿,䌿,fú,fu,2,ㄈㄨ
跽,跽,跽,jì,ji,4,ㄐㄧ
勷,勷,勷,ráng,rang,2,ㄖㄤ
曆,曆,历,lì,li,4,ㄌㄧ
擒,擒,擒,qín,qin,2,ㄑㄧㄣ
辖,轄,辖,xiá,xia,2,ㄒㄧㄚ
杝,杝,杝,yí,yi,2,ㄧ
璋,璋,璋,zhāng,zhang,1,ㄓㄤ
㤕,㤕,㤕,chù,chu,4,ㄔㄨ
喭,喭,喭,yàn,yan,4,ㄧㄢ
瓰,瓰,瓰,瓰,瓰,,
粔,粔,粔,jù,ju,4,ㄐㄩ
莎,莎,莎,shā,sha,1,ㄕㄚ
㓋,㓋,㓋,gòng,gong,4,ㄍㄨㄥ
䈇,䈇,䈇,zhào,zhao,4,ㄓㄠ
郵,郵,邮,yóu,you,2,ㄧㄡ
䄣,䄣,䄣,䄣,䄣,,
薖,薖,薖,kē,ke,1,ㄎㄜ
䑽,䑽,䑽,dá,da,2,ㄉㄚ
㽷,㽷,㽷,shùi,shui,4,ㄕㄨㄟ
惷,惷,惷,chǔn,chun,3,ㄔㄨㄣ
毆,毆,殴,ōu,ou,1,ㄡ
幑,幑,幑,hūi,hui,1,ㄏㄨㄟ
毡,氈,毡,zhān,zhan,1,ㄓㄢ
㱝,㱝,㱝,㱝,㱝,,
㶚,㶚,㶚,bà,ba,4,ㄅㄚ
賵,賵,赗,fèng,feng,4,ㄈㄥ
䋗,䋗,䋗,䋗,䋗,,
鯚,鯚,鯚,jì,ji,4,ㄐㄧ
细,細,细,xì,xi,4,ㄒㄧ
鑌,鑌,镔,bīn,bin,1,ㄅㄧㄣ
㭭,㭭,㭭,fèi,fei,4,ㄈㄟ
儙,儙,儙,qiàn,qian,4,ㄑㄧㄢ
导,導,导,dǎo,dao,3,ㄉㄠ
䣬,䣬,䣬,zǎi,zai,3,ㄗㄞ
颂,頌,颂,sòng,song,4,ㄙㄨㄥ
娺,娺,娺,zhūi,zhui,1,ㄓㄨㄟ
飑,颮,飑,biāo,biao,1,ㄅㄧㄠ
粥,粥,粥,zhōu,zhou,1,ㄓㄡ
啙,啙,啙,zǐ,zi,3,ㄗ
笯,笯,笯,nú,nu,2,ㄋㄨ
亯,亯,亯,xiǎng,xiang,3,ㄒㄧㄤ
䮁,䮁,䮁,pián,pian,2,ㄆㄧㄢ
椋,椋,椋,liáng,liang,2,ㄌㄧㄤ
㜍,㜍,㜍,táng,tang,2,ㄊㄤ
鈑,鈑,钣,bǎn,ban,3,ㄅㄢ
䢒,䢒,䢒,䢒,䢒,,
䒬,䒬,䒬,mò,mo,4,ㄇㄛ
萊,萊,莱,lái,lai,2,ㄌㄞ
浾,浾,浾,chēng,cheng,1,ㄔㄥ
筦,筦,筦,guǎn,guan,3,ㄍㄨㄢ
輯,輯,辑,jí,ji,2,ㄐㄧ
赿,赿,赿,chí,chi,2,ㄔ
焪,焪,焪,qiōng,qiong,1,ㄑㄩㄥ
唣,唕,唣,zào,zao,4,ㄗㄠ
崠,崠,岽,dōng,dong,1,ㄉㄨㄥ
禵,禵,禵,tí,ti,2,ㄊㄧ
䟏,䟏,䟏,lì,li,4,ㄌㄧ
鬫,鬫,鬫,hǎn,han,3,ㄏㄢ
矔,矔,矔,guàn,guan,4,ㄍㄨㄢ
䲠,鰆,䲠,䲠,䲠,,
奈,奈,奈,nài,nai,4,ㄋㄞ
㻾,㻾,㻾,㻾,㻾,,
琊,琊,琊,yé,ye,2,ㄧㄝ
暛,暛,暛,suǒ,suo,3,ㄙㄨㄛ
偶,偶,偶,ǒu,ou,3,ㄡ
销,銷,销,xiāo,xiao,1,ㄒㄧㄠ
閿,閿,阌,wén,wen,2,ㄨㄣ
谤,謗,谤,bàng,bang,4,ㄅㄤ
脬,脬,脬,pāo,pao,1,ㄆㄠ
裩,裩,裩,gūn,gun,1,ㄍㄨㄣ
淄,淄,淄,zī,zi,1,ㄗ
图,圖,图,tú,tu,2,ㄊㄨ
垷,垷,垷,xiàn,xian,4,ㄒㄧㄢ
芩,芩,芩,qín,qin,2,ㄑㄧㄣ
億,億,亿,yì,yi,4,ㄧ
侵,侵,侵,qīn,qin,1,ㄑㄧㄣ
泽,澤,泽,zé,ze,2,ㄗㄜ
禗,禗,禗,sī,si,1,ㄙ
䩅,䩅,䩅,zhǎn,zhan,3,ㄓㄢ
眮,眮,眮,dòng,dong,4,ㄉㄨㄥ
䧴,䧴,䧴,䧴,䧴,,
赍,賫,赍,jī,ji,1,ㄐㄧ
鏥,鏥,鏥,xìu,xiu,4,ㄒㄧㄡ
䡁,䡁,䡁,lǒng,long,3,ㄌㄨㄥ
片,片,片,piàn,pian,4,ㄆㄧㄢ
褆,褆,褆,tí,ti,2,ㄊㄧ
覽,覽,览,lǎn,lan,3,ㄌㄢ
艘,艘,艘,sāo,sao,1,ㄙㄠ
㥂,㥂,㥂,tè,te,4,ㄊㄜ
㶯,㶯,㶯,lìu,liu,4,ㄌㄧㄡ
䆤,䆤,䆤,䆤,䆤,,
佪,佪,佪,húi,hui,2,ㄏㄨㄟ
溹,溹,溹,sù,su,4,ㄙㄨ
葔,葔,葔,hóu,hou,2,ㄏㄡ
謤,謤,謤,biāo,biao,1,ㄅㄧㄠ
吝,吝,吝,lìn,lin,4,ㄌㄧㄣ
㰑,㰑,㰑,㰑,㰑,,
彤,彤,彤,tóng,tong,2,ㄊㄨㄥ
糏,糏,糏,xiè,xie,4,ㄒㄧㄝ
䄿,䄿,䄿,yì,yi,4,ㄧ
騩,騩,騩,kùi,kui,4,ㄎㄨㄟ
鳠,鱯,鳠,huò,huo,4,ㄏㄨㄛ
鎜,鎜,鎜,pán,pan,2,ㄆㄢ
蠺,蠺,蠺,cán,can,2,ㄘㄢ
㓹,㓹,㓹,rùi,rui,4,ㄖㄨㄟ
邎,邎,邎,yáo,yao,2,ㄧㄠ
㦄,㦄,㦄,má,ma,2,ㄇㄚ
芴,芴,芴,wù,wu,4,ㄨ
逋,逋,逋,bū,bu,1,ㄅㄨ
篏,篏,篏,qiàn,qian,4,ㄑㄧㄢ
鋾,鋾,鋾,táo,tao,2,ㄊㄠ
罍,罍,罍,léi,lei,2,ㄌㄟ
翨,翨,翨,shì,shi,4,ㄕ
䨸,䨸,䨸,yǐn,yin,3,ㄧㄣ
宜,宜,宜,yí,yi,2,ㄧ
吜,吜,吜,chǒu,chou,3,ㄔㄡ
楶,楶,楶,jié,jie,2,ㄐㄧㄝ
胾,胾,胾,zì,zi,4,ㄗ
洠,洠,洠,móu,mou,2,ㄇㄡ
阱,阱,阱,jǐng,jing,3,ㄐㄧㄥ
卻,卻,却,què,que,4,ㄑㄩㄝ
䏤,䏤,䏤,sì,si,4,ㄙ
绑,綁,绑,bǎng,bang,3,ㄅㄤ
晔,曄,晔,yē,ye,1,ㄧㄝ
锬,錟,锬,tán,tan,2,ㄊㄢ
苧,苧,苎,zhù,zhu,4,ㄓㄨ
偘,偘,偘,kǎn,kan,3,ㄎㄢ
鱯,鱯,鳠,huò,huo,4,ㄏㄨㄛ
蠷,蠷,蠷,qú,qu,2,ㄑㄩ
虢,虢,虢,guó,guo,2,ㄍㄨㄛ
覴,覴,覴,dēng,deng,1,ㄉㄥ
苦,苦,苦,kǔ,ku,3,ㄎㄨ
㪳,㪳,㪳,㪳,㪳,,
绎,繹,绎,yì,yi,4,ㄧ
靺,靺,靺,mò,mo,4,ㄇㄛ
䬘,䬘,䬘,䬘,䬘,,
猼,猼,猼,bó,bo,2,ㄅㄛ
躯,軀,躯,qū,qu,1,ㄑㄩ
㶏,㶏,㶏,㶏,㶏,,
澴,澴,澴,huán,huan,2,ㄏㄨㄢ
䑝,䑝,䑝,jiǎ,jia,3,ㄐㄧㄚ
掑,掑,掑,qí,qi,2,ㄑㄧ
䋱,䋱,䋱,lái,lai,2,ㄌㄞ
刱,刱,刱,chuàng,chuang,4,ㄔㄨㄤ
㑛,㑛,㑛,sù,su,4,ㄙㄨ
逨,逨,逨,lái,lai,2,ㄌㄞ
彨,彨,彨,chī,chi,1,ㄔ
跉,跉,跉,líng,ling,2,ㄌㄧㄥ
緱,緱,缑,gōu,gou,1,ㄍㄡ
䯠,䯠,䯠,ǎo,ao,3,ㄠ
檈,檈,檈,xuán,xuan,2,ㄒㄩㄢ
園,園,园,yuán,yuan,2,ㄩㄢ
備,備,备,bèi,bei,4,ㄅㄟ
悵,悵,怅,chàng,chang,4,ㄔㄤ
汹,洶,汹,xiōng,xiong,1,ㄒㄩㄥ
奥,奧,奥,ào,ao,4,ㄠ
祇,祇,祇,qí,qi,2,ㄑㄧ
瘮,瘮,瘆,shèn,shen,4,ㄕㄣ
喹,喹,喹,kúi,kui,2,ㄎㄨㄟ
搌,搌,搌,zhǎn,zhan,3,ㄓㄢ
圳,圳,圳,zhèn,zhen,4,ㄓㄣ
靉,靉,叆,ài,ai,4,ㄞ
簆,簆,簆,kòu,kou,4,ㄎㄡ
枈,枈,枈,bì,bi,4,ㄅㄧ
䔒,䔒,䔒,bèi,bei,4,ㄅㄟ
饗,饗,飨,xiǎng,xiang,3,ㄒㄧㄤ
㼺,㼺,㼺,táng,tang,2,ㄊㄤ
㥓,㥓,㥓,qǐ,qi,3,ㄑㄧ
㤖,㤖,㤖,zhù,zhu,4,ㄓㄨ
㢥,㢥,㢥,dòng,dong,4,ㄉㄨㄥ
軞,軞,軞,máo,mao,2,ㄇㄠ
姪,姪,姪,zhí,zhi,2,ㄓ
鈚,鈚,鈚,pí,pi,2,ㄆㄧ
旼,旼,旼,mín,min,2,ㄇㄧㄣ
俢,俢,俢,xīu,xiu,1,ㄒㄧㄡ
浓,濃,浓,nóng,nong,2,ㄋㄨㄥ
䥝,䥝,䥝,áo,ao,2,ㄠ
庚,庚,庚,gēng,geng,1,ㄍㄥ
眀,眀,眀,míng,ming,2,ㄇㄧㄥ
缟,縞,缟,gǎo,gao,3,ㄍㄠ
咤,吒,咤,zhà,zha,4,ㄓㄚ
黵,黵,黵,dǎn,dan,3,ㄉㄢ
凳,凳,凳,dèng,deng,4,ㄉㄥ
㧿,㧿,㧿,㧿,㧿,,
玬,玬,玬,dǎn,dan,3,ㄉㄢ
㩤,㩤,㩤,㩤,㩤,,
閖,閖,閖,閖,閖,,
刣,刣,刣,zhōng,zhong,1,ㄓㄨㄥ
鰼,鰼,鳛,xí,xi,2,ㄒㄧ
㱛,㱛,㱛,chuǎn,chuan,3,ㄔㄨㄢ
啧,嘖,啧,zé,ze,2,ㄗㄜ
豊,豊,豊,lǐ,li,3,ㄌㄧ
膥,膥,膥,chūn,chun,1,ㄔㄨㄣ
榣,榣,榣,yáo,yao,2,ㄧㄠ
补,補,补,bǔ,bu,3,ㄅㄨ
遞,遞,递,dì,di,4,ㄉㄧ
遆,遆,遆,tí,ti,2,ㄊㄧ
螱,螱,螱,wèi,wei,4,ㄨㄟ
妨,妨,妨,fáng,fang,2,ㄈㄤ
焆,焆,焆,jué,jue,2,ㄐㄩㄝ
爢,爢,爢,mí,mi,2,ㄇㄧ
浰,浰,浰,liàn,lian,4,ㄌㄧㄢ
澳,澳,澳,ào,ao,4,ㄠ
韍,韍,韨,fú,fu,2,ㄈㄨ
娈,孌,娈,luán,luan,2,ㄌㄨㄢ
犗,犗,犗,jiè,jie,4,ㄐㄧㄝ
鱥,鱥,鱥,gùi,gui,4,ㄍㄨㄟ
毙,斃,毙,bì,bi,4,ㄅㄧ
㟃,㟃,㟃,㟃,㟃,,
鵴,鵴,鵴,jú,ju,2,ㄐㄩ
块,塊,块,kuài,kuai,4,ㄎㄨㄞ
箫,簫,箫,xiāo,xiao,1,ㄒㄧㄠ
諆,諆,諆,qī,qi,1,ㄑㄧ
速,速,速,sù,su,4,ㄙㄨ
檾,檾,苘,qǐng,qing,3,ㄑㄧㄥ
㖋,㖋,㖋,㖋,㖋,,
戤,戤,戤,gài,gai,4,ㄍㄞ
民,民,民,mín,min,2,ㄇㄧㄣ
訰,訰,訰,tún,tun,2,ㄊㄨㄣ
侟,侟,侟,jiàn,jian,4,ㄐㄧㄢ
覧,覧,覧,lǎn,lan,3,ㄌㄢ
蓛,蓛,蓛,cè,ce,4,ㄘㄜ
奲,奲,奲,duǒ,duo,3,ㄉㄨㄛ
琸,琸,琸,zhuó,zhuo,2,ㄓㄨㄛ
禕,禕,祎,yī,yi,1,ㄧ
刢,刢,刢,líng,ling,2,ㄌㄧㄥ
㲟,㲟,㲟,yǐng,ying,3,ㄧㄥ
䉶,䉶,䉶,䉶,䉶,,
糔,糔,糔,xǐu,xiu,3,ㄒㄧㄡ
至,至,至,zhì,zhi,4,ㄓ
䤋,䤋,䤋,guó,guo,2,ㄍㄨㄛ
腰,腰,腰,yāo,yao,1,ㄧㄠ
㦎,㦎,㦎,huà,hua,4,ㄏㄨㄚ
慣,慣,惯,guàn,guan,4,ㄍㄨㄢ
騢,騢,騢,xiá,xia,2,ㄒㄧㄚ
騬,騬,騬,chéng,cheng,2,ㄔㄥ
䩴,䩴,䩴,hú,hu,2,ㄏㄨ
獄,獄,狱,yù,yu,4,ㄩ
㼟,㼟,㼟,bái,bai,2,ㄅㄞ
禅,禪,禅,shàn,shan,4,ㄕㄢ
䏖,䏖,䏖,zhèn,zhen,4,ㄓㄣ
衘,衘,衘,xián,xian,2,ㄒㄧㄢ
譔,譔,譔,zhuàn,zhuan,4,ㄓㄨㄢ
䀬,䀬,䀬,quán,quan,2,ㄑㄩㄢ
㗦,㗦,㗦,láo,lao,2,ㄌㄠ
笈,笈,笈,jí,ji,2,ㄐㄧ
醳,醳,醳,yì,yi,4,ㄧ
筷,筷,筷,kuài,kuai,4,ㄎㄨㄞ
弁,弁,弁,biàn,bian,4,ㄅㄧㄢ
呙,咼,呙,kuāi,kuai,1,ㄎㄨㄞ
川,川,川,chuān,chuan,1,ㄔㄨㄢ
騐,騐,騐,yàn,yan,4,ㄧㄢ
啴,嘽,啴,tān,tan,1,ㄊㄢ
旜,旜,旜,zhān,zhan,1,ㄓㄢ
䙌,䙡,䙌,hùi,hui,4,ㄏㄨㄟ
㲗,㲗,㲗,㲗,㲗,,
筱,筱,筱,xiǎo,xiao,3,ㄒㄧㄠ
嫁,嫁,嫁,jià,jia,4,ㄐㄧㄚ
禡,禡,禡,mà,ma,4,ㄇㄚ
䡼,䡼,䡼,líng,ling,2,ㄌㄧㄥ
恾,恾,恾,máng,mang,2,ㄇㄤ
䬑,䬑,䬑,wèi,wei,4,ㄨㄟ
毞,毞,毞,pú,pu,2,ㄆㄨ
㯇,㯇,㯇,bì,bi,4,ㄅㄧ
咴,噅,咴,hūi,hui,1,ㄏㄨㄟ
畼,畼,畼,chàng,chang,4,ㄔㄤ
䣣,䣣,䣣,dǎng,dang,3,ㄉㄤ
揹,揹,揹,bēi,bei,1,ㄅㄟ
贄,贄,贽,zhì,zhi,4,ㄓ
橖,橖,橖,táng,tang,2,ㄊㄤ
笧,笧,笧,cè,ce,4,ㄘㄜ
㙝,㙝,㙝,xié,xie,2,ㄒㄧㄝ
蔹,蘞,蔹,liàn,lian,4,ㄌㄧㄢ
悻,悻,悻,xìng,xing,4,ㄒㄧㄥ
骫,骫,骫,wěi,wei,3,ㄨㄟ
聚,聚,聚,jù,ju,4,ㄐㄩ
䱽,䱽,䱽,䱽,䱽,,
娲,媧,娲,wā,wa,1,ㄨㄚ
憬,憬,憬,jǐng,jing,3,ㄐㄧㄥ
㓼,㓼,㓼,chì,chi,4,ㄔ
驛,驛,驿,yì,yi,4,ㄧ
葝,葝,葝,jìng,jing,4,ㄐㄧㄥ
狊,狊,狊,jú,ju,2,ㄐㄩ
帺,帺,帺,qí,qi,2,ㄑㄧ
侱,侱,侱,chěng,cheng,3,ㄔㄥ
棓,棓,棓,pǒu,pou,3,ㄆㄡ
侏,侏,侏,zhū,zhu,1,ㄓㄨ
緛,緛,緛,ruǎn,ruan,3,ㄖㄨㄢ
嚭,嚭,嚭,pǐ,pi,3,ㄆㄧ
才,纔,才,cái,cai,2,ㄘㄞ
㫐,㫐,㫐,yǎo,yao,3,ㄧㄠ
煸,煸,煸,biān,bian,1,ㄅㄧㄢ
䇴,䇴,䇴,䇴,䇴,,
併,併,併,bìng,bing,4,ㄅㄧㄥ
偽,偽,伪,wěi,wei,3,ㄨㄟ
闸,閘,闸,zhá,zha,2,ㄓㄚ
锱,錙,锱,zī,zi,1,ㄗ
魵,魵,魵,fén,fen,2,ㄈㄣ
蚴,蚴,蚴,yǒu,you,3,ㄧㄡ
坄,坄,坄,tóu,tou,2,ㄊㄡ
撦,撦,撦,chě,che,3,ㄔㄜ
頃,頃,顷,qǐng,qing,3,ㄑㄧㄥ
澧,澧,澧,lǐ,li,3,ㄌㄧ
䘢,䘢,䘢,zhǔ,zhu,3,ㄓㄨ
衧,衧,衧,yú,yu,2,ㄩ
䚥,䚥,䚥,nuò,nuo,4,ㄋㄨㄛ
异,異,异,yì,yi,4,ㄧ
儣,儣,儣,kuàng,kuang,4,ㄎㄨㄤ
㗊,㗊,㗊,jí,ji,2,ㄐㄧ
忀,忀,忀,xiāng,xiang,1,ㄒㄧㄤ
羿,羿,羿,yì,yi,4,ㄧ
譚,譚,谭,tán,tan,2,ㄊㄢ
鵱,鵱,鵱,lù,lu,4,ㄌㄨ
䙄,䙄,䙄,qì,qi,4,ㄑㄧ
誎,誎,誎,sù,su,4,ㄙㄨ
㠙,㠙,㠙,háo,hao,2,ㄏㄠ
酬,酬,酬,chóu,chou,2,ㄔㄡ
憁,憁,憁,cōng,cong,1,ㄘㄨㄥ
遅,遅,遅,chí,chi,2,ㄔ
汢,汢,汢,汢,汢,,
遼,遼,辽,liáo,liao,2,ㄌㄧㄠ
㼞,㼞,㼞,pèng,peng,4,ㄆㄥ
䴂,䴂,䴂,hàng,hang,4,ㄏㄤ
袅,裊,袅,niǎo,niao,3,ㄋㄧㄠ
暷,暷,暷,chuán,chuan,2,ㄔㄨㄢ
完,完,完,wán,wan,2,ㄨㄢ
桛,桛,桛,桛,桛,,
䰐,䰐,䰐,lán,lan,2,ㄌㄢ
蚁,蟻,蚁,yǐ,yi,3,ㄧ
乑,乑,乑,zhòng,zhong,4,ㄓㄨㄥ
貑,貑,貑,jiā,jia,1,ㄐㄧㄚ
䚊,䚊,䚊,䚊,䚊,,
䨒,䨒,䨒,yù,yu,4,ㄩ
姉,姉,姉,zǐ,zi,3,ㄗ
㚃,㚃,㚃,yún,yun,2,ㄩㄣ
魋,魋,魋,túi,tui,2,ㄊㄨㄟ
偫,偫,偫,zhì,zhi,4,ㄓ
䅡,䅡,䅡,xǔ,xu,3,ㄒㄩ
幅,幅,幅,fú,fu,2,ㄈㄨ
跛,跛,跛,bǒ,bo,3,ㄅㄛ
阩,阩,阩,shēng,sheng,1,ㄕㄥ
楈,楈,楈,xū,xu,1,ㄒㄩ
賩,賩,賩,cóng,cong,2,ㄘㄨㄥ
乽,乽,乽,乽,乽,,
潤,潤,润,rùn,run,4,ㄖㄨㄣ
鵡,鵡,鹉,wǔ,wu,3,ㄨ
㸅,㸅,㸅,jié,jie,2,ㄐㄧㄝ
䘵,䘵,䘵,lù,lu,4,ㄌㄨ
惝,惝,惝,chǎng,chang,3,ㄔㄤ
䗥,䗥,䗥,䗥,䗥,,
鑮,鑮,鑮,bó,bo,2,ㄅㄛ
靯,靯,靯,dù,du,4,ㄉㄨ
䰥,䰥,䰥,huò,huo,4,ㄏㄨㄛ
噿,噿,噿,zǔi,zui,3,ㄗㄨㄟ
㗪,㗪,㗪,㗪,㗪,,
嫋,嫋,袅,niǎo,niao,3,ㄋㄧㄠ
蒼,蒼,苍,cāng,cang,1,ㄘㄤ
鄬,鄬,鄬,wéi,wei,2,ㄨㄟ
硧,硧,硧,yǒng,yong,3,ㄩㄥ
婫,婫,婫,kūn,kun,1,ㄎㄨㄣ
㻘,㻘,㻘,㻘,㻘,,
穵,穵,穵,wā,wa,1,ㄨㄚ
齇,齇,齄,zhā,zha,1,ㄓㄚ
縭,縭,缡,lí,li,2,ㄌㄧ
羲,羲,羲,xī,xi,1,ㄒㄧ
蛪,蛪,蛪,qiè,qie,4,ㄑㄧㄝ
宱,宱,宱,zhà,zha,4,ㄓㄚ
蔢,蔢,蔢,pó,po,2,ㄆㄛ
恖,恖,恖,恖,恖,,
榶,榶,榶,táng,tang,2,ㄊㄤ
䕂,䕂,䕂,䕂,䕂,,
廓,廓,廓,kuò,kuo,4,ㄎㄨㄛ
隠,隠,隠,yǐn,yin,3,ㄧㄣ
箼,箼,箼,wū,wu,1,ㄨ
阄,鬮,阄,jīu,jiu,1,ㄐㄧㄡ
㭹,㭹,㭹,xián,xian,2,ㄒㄧㄢ
䜳,䜳,䜳,䜳,䜳,,
瓭,瓭,瓭,dǎn,dan,3,ㄉㄢ
稡,稡,稡,zú,zu,2,ㄗㄨ
普,普,普,pǔ,pu,3,ㄆㄨ
㟶,㟶,㟶,yuán,yuan,2,ㄩㄢ
央,央,央,yāng,yang,1,ㄧㄤ
斲,斲,斲,zhuó,zhuo,2,ㄓㄨㄛ
䈶,䈶,䈶,róng,rong,2,ㄖㄨㄥ
罰,罰,罚,fá,fa,2,ㄈㄚ
哘,哘,哘,哘,哘,,
㴡,㴡,㴡,㴡,㴡,,
淫,淫,淫,yín,yin,2,ㄧㄣ
诶,誒,诶,āi,ai,1,ㄞ
㻆,㻆,㻆,㻆,㻆,,
钖,錫,钖,xí,xi,2,ㄒㄧ
粇,粇,粇,kāng,kang,1,ㄎㄤ
憠,憠,憠,jué,jue,2,ㄐㄩㄝ
錩,錩,锠,chāng,chang,1,ㄔㄤ
摱,摱,摱,mán,man,2,ㄇㄢ
䰌,䰌,䰌,zǒng,zong,3,ㄗㄨㄥ
欓,欓,欓,dǎng,dang,3,ㄉㄤ
䌖,䌖,䌖,jié,jie,2,ㄐㄧㄝ
數,數,数,shù,shu,4,ㄕㄨ
忞,忞,忞,mín,min,2,ㄇㄧㄣ
韬,韜,韬,tāo,tao,1,ㄊㄠ
靳,靳,靳,jìn,jin,4,ㄐㄧㄣ
㙗,㙗,㙗,kuài,kuai,4,ㄎㄨㄞ
侫,侫,侫,nìng,ning,4,ㄋㄧㄥ
聓,聓,聓,聓,聓,,
耷,耷,耷,dā,da,1,ㄉㄚ
挡,擋,挡,dǎng,dang,3,ㄉㄤ
柾,柾,柾,jìu,jiu,4,ㄐㄧㄡ
䡠,䡠,䡠,䡠,䡠,,
嘶,嘶,嘶,sī,si,1,ㄙ
祵,祵,祵,kǔn,kun,3,ㄎㄨㄣ
軇,軇,軇,dào,dao,4,ㄉㄠ
镐,鎬,镐,hào,hao,4,ㄏㄠ
痣,痣,痣,zhì,zhi,4,ㄓ
處,處,处,chù,chu,4,ㄔㄨ
䲖,䲖,䲖,chóu,chou,2,ㄔㄡ
獗,獗,獗,jué,jue,2,ㄐㄩㄝ
羹,羹,羹,gēng,geng,1,ㄍㄥ
畝,畝,亩,mǔ,mu,3,ㄇㄨ
郮,郮,郮,郮,郮,,
洢,洢,洢,yī,yi,1,ㄧ
霸,霸,霸,bà,ba,4,ㄅㄚ
溠,溠,溠,zhà,zha,4,ㄓㄚ
䬗,䬗,䬗,yáng,yang,2,ㄧㄤ
谰,讕,谰,lán,lan,2,ㄌㄢ
慵,慵,慵,yōng,yong,1,ㄩㄥ
畻,畻,畻,shéng,sheng,2,ㄕㄥ
悖,悖,悖,bèi,bei,4,ㄅㄟ
餙,餙,餙,shì,shi,4,ㄕ
疭,疭,疭,zòng,zong,4,ㄗㄨㄥ
燜,燜,焖,mèn,men,4,ㄇㄣ
鈴,鈴,铃,líng,ling,2,ㄌㄧㄥ
䧺,䧺,䧺,xióng,xiong,2,ㄒㄩㄥ
緌,緌,緌,rúi,rui,2,ㄖㄨㄟ
婛,婛,婛,jīng,jing,1,ㄐㄧㄥ
淁,淁,淁,qiè,qie,4,ㄑㄧㄝ
曤,曤,曤,huò,huo,4,ㄏㄨㄛ
勎,勎,勎,lù,lu,4,ㄌㄨ
艥,艥,艥,jiè,jie,4,ㄐㄧㄝ
輏,輏,輏,yóu,you,2,ㄧㄡ
䙑,䙑,䙑,䙑,䙑,,
鶚,鶚,鹗,è,e,4,ㄜ
駈,駈,駈,qū,qu,1,ㄑㄩ
口,口,口,kǒu,kou,3,ㄎㄡ
莠,莠,莠,yǒu,you,3,ㄧㄡ
䃥,䃥,䃥,chuáng,chuang,2,ㄔㄨㄤ
硖,硤,硖,xiá,xia,2,ㄒㄧㄚ
鏄,鏄,鏄,tuán,tuan,2,ㄊㄨㄢ
榕,榕,榕,róng,rong,2,ㄖㄨㄥ
馃,餜,馃,guǒ,guo,3,ㄍㄨㄛ
駠,駠,駠,líu,liu,2,ㄌㄧㄡ
嫿,嫿,婳,huà,hua,4,ㄏㄨㄚ
闈,闈,闱,wéi,wei,2,ㄨㄟ
姿,姿,姿,zī,zi,1,ㄗ
仫,仫,仫,mù,mu,4,ㄇㄨ
苊,苊,苊,è,e,4,ㄜ
橌,橌,橌,xiàn,xian,4,ㄒㄧㄢ
屟,屟,屟,xiè,xie,4,ㄒㄧㄝ
窵,窵,窎,diào,diao,4,ㄉㄧㄠ
龂,齗,龂,kěn,ken,3,ㄎㄣ
㮃,㮃,㮃,rúi,rui,2,ㄖㄨㄟ
䀀,䀀,䀀,fán,fan,2,ㄈㄢ
介,介,介,jiè,jie,4,ㄐㄧㄝ
䃣,䃣,䃣,hǔi,hui,3,ㄏㄨㄟ
奾,奾,奾,xiān,xian,1,ㄒㄧㄢ
臵,臵,臵,gé,ge,2,ㄍㄜ
咫,咫,咫,zhǐ,zhi,3,ㄓ
䎅,䎅,䎅,fù,fu,4,ㄈㄨ
楐,楐,楐,jiè,jie,4,ㄐㄧㄝ
亿,億,亿,yì,yi,4,ㄧ
㘘,㘘,㘘,㘘,㘘,,
欮,欮,欮,jué,jue,2,ㄐㄩㄝ
赈,賑,赈,zhèn,zhen,4,ㄓㄣ
㿢,㿢,㿢,yào,yao,4,ㄧㄠ
鈊,鈊,鈊,xīn,xin,1,ㄒㄧㄣ
赞,贊,赞,zàn,zan,4,ㄗㄢ
淶,淶,涞,lái,lai,2,ㄌㄞ
靂,靂,雳,lì,li,4,ㄌㄧ
罪,罪,罪,zùi,zui,4,ㄗㄨㄟ
熿,熿,熿,huáng,huang,2,ㄏㄨㄤ
熤,熤,熤,yì,yi,4,ㄧ
䰱,䰱,䰱,líng,ling,2,ㄌㄧㄥ
穇,穇,䅟,shān,shan,1,ㄕㄢ
寓,寓,寓,yù,yu,4,ㄩ
霉,黴,霉,méi,mei,2,ㄇㄟ
狛,狛,狛,pò,po,4,ㄆㄛ
显,顯,显,xiǎn,xian,3,ㄒㄧㄢ
㛃,㛃,㛃,jié,jie,2,ㄐㄧㄝ
甈,甈,甈,qì,qi,4,ㄑㄧ
䠽,䠽,䠽,hái,hai,2,ㄏㄞ
鉉,鉉,铉,xuàn,xuan,4,ㄒㄩㄢ
离,離,离,lí,li,2,ㄌㄧ
㬗,㬗,㬗,xiàn,xian,4,ㄒㄧㄢ
已,已,已,yǐ,yi,3,ㄧ
脼,脼,脼,liǎng,liang,3,ㄌㄧㄤ
䬷,䬷,䬷,shě,she,3,ㄕㄜ
積,積,积,jī,ji,1,ㄐㄧ
錐,錐,锥,zhūi,zhui,1,ㄓㄨㄟ
翗,翗,翗,qí,qi,2,ㄑㄧ
䭍,䭍,䭍,hú,hu,2,ㄏㄨ
珽,珽,珽,tǐng,ting,3,ㄊㄧㄥ
䤄,䤄,䤄,miǎn,mian,3,ㄇㄧㄢ
咞,咞,咞,xiàn,xian,4,ㄒㄧㄢ
峬,峬,峬,bū,bu,1,ㄅㄨ
茣,茣,茣,wú,wu,2,ㄨ
痊,痊,痊,quán,quan,2,ㄑㄩㄢ
熈,熈,熈,xī,xi,1,ㄒㄧ
絞,絞,绞,jiǎo,jiao,3,ㄐㄧㄠ
鉵,鉵,鉵,tóng,tong,2,ㄊㄨㄥ
羳,羳,羳,fán,fan,2,ㄈㄢ
療,療,疗,liáo,liao,2,ㄌㄧㄠ
㷇,㷇,㷇,guài,guai,4,ㄍㄨㄞ
䫯,䫯,䫯,䫯,䫯,,
湄,湄,湄,méi,mei,2,ㄇㄟ
鎙,鎙,鎙,shuò,shuo,4,ㄕㄨㄛ
淽,淽,淽,zhǐ,zhi,3,ㄓ
讚,讚,赞,zàn,zan,4,ㄗㄢ
鴄,鴄,鴄,pī,pi,1,ㄆㄧ
駆,駆,駆,qū,qu,1,ㄑㄩ
㥚,㥚,㥚,yú,yu,2,ㄩ
帿,帿,帿,hóu,hou,2,ㄏㄡ
彟,彠,彟,huò,huo,4,ㄏㄨㄛ
嚽,嚽,嚽,chuò,chuo,4,ㄔㄨㄛ
梲,梲,梲,zhuó,zhuo,2,ㄓㄨㄛ
螚,螚,螚,nài,nai,4,ㄋㄞ
䠳,䠳,䠳,䠳,䠳,,
伹,伹,伹,qū,qu,1,ㄑㄩ
榗,榗,榗,jiàn,jian,4,ㄐㄧㄢ
櫼,櫼,櫼,jiān,jian,1,ㄐㄧㄢ
笹,笹,笹,笹,笹,,
㒀,㒀,㒀,zhǎ,zha,3,ㄓㄚ
樊,樊,樊,fán,fan,2,ㄈㄢ
諐,諐,諐,qiān,qian,1,ㄑㄧㄢ
䯻,䯻,䯻,䯻,䯻,,
伭,伭,伭,xuán,xuan,2,ㄒㄩㄢ
輐,輐,輐,huǎn,huan,3,ㄏㄨㄢ
㷏,㷏,㷏,yǒng,yong,3,ㄩㄥ
蓆,蓆,蓆,xí,xi,2,ㄒㄧ
姮,姮,姮,héng,heng,2,ㄏㄥ
綬,綬,绶,shòu,shou,4,ㄕㄡ
觗,觗,觗,zhì,zhi,4,ㄓ
籁,籟,籁,lài,lai,4,ㄌㄞ
巛,巛,巛,chuān,chuan,1,ㄔㄨㄢ
崨,崨,崨,jié,jie,2,ㄐㄧㄝ
蛹,蛹,蛹,yǒng,yong,3,ㄩㄥ
攽,攽,攽,bān,ban,1,ㄅㄢ
㳒,㳒,㳒,biàn,bian,4,ㄅㄧㄢ
㜎,㜎,㜎,qí,qi,2,ㄑㄧ
火,火,火,huǒ,huo,3,ㄏㄨㄛ
崎,崎,崎,qí,qi,2,ㄑㄧ
蚆,蚆,蚆,pā,pa,1,ㄆㄚ
燢,燢,燢,xué,xue,2,ㄒㄩㄝ
贋,贋,赝,yàn,yan,4,ㄧㄢ
睏,睏,困,kùn,kun,4,ㄎㄨㄣ
偍,偍,偍,tí,ti,2,ㄊㄧ
秷,秷,秷,zhí,zhi,2,ㄓ
葩,葩,葩,pā,pa,1,ㄆㄚ
喜,喜,喜,xǐ,xi,3,ㄒㄧ
矨,矨,矨,yǐng,ying,3,ㄧㄥ
圽,圽,圽,mò,mo,4,ㄇㄛ
瑆,瑆,瑆,xīng,xing,1,ㄒㄧㄥ
蘌,蘌,蘌,yǔ,yu,3,ㄩ
䴜,䴜,䴜,huái,huai,2,ㄏㄨㄞ
鎔,鎔,镕,róng,rong,2,ㄖㄨㄥ
肔,肔,肔,yǐ,yi,3,ㄧ
梑,梑,梑,dí,di,2,ㄉㄧ
崵,崵,崵,yáng,yang,2,ㄧㄤ
宔,宔,宔,zhǔ,zhu,3,ㄓㄨ
袪,袪,袪,qū,qu,1,ㄑㄩ
瀝,瀝,沥,lì,li,4,ㄌㄧ
甶,甶,甶,fú,fu,2,ㄈㄨ
粦,粦,粦,lìn,lin,4,ㄌㄧㄣ
逦,邐,逦,lǐ,li,3,ㄌㄧ
喁,喁,喁,yóng,yong,2,ㄩㄥ
鸞,鸞,鸾,luán,luan,2,ㄌㄨㄢ
聺,聺,聺,聺,聺,,
厙,厙,厍,shè,she,4,ㄕㄜ
裖,裖,裖,zhěn,zhen,3,ㄓㄣ
訚,訚,訚,yín,yin,2,ㄧㄣ
軉,軉,軉,yù,yu,4,ㄩ
敖,敖,敖,áo,ao,2,ㄠ
軳,軳,軳,páo,pao,2,ㄆㄠ
楙,楙,楙,mào,mao,4,ㄇㄠ
㲂,㲂,㲂,chéng,cheng,2,ㄔㄥ
䣆,䣆,䣆,xíng,xing,2,ㄒㄧㄥ
筎,筎,筎,rú,ru,2,ㄖㄨ
䥱,䥱,䥱,xiě,xie,3,ㄒㄧㄝ
㒪,㒪,㒪,㒪,㒪,,
謱,謱,謱,lóu,lou,2,ㄌㄡ
霛,霛,霛,líng,ling,2,ㄌㄧㄥ
㒧,㒧,㒧,lì,li,4,ㄌㄧ
阝,阝,阝,fù,fu,4,ㄈㄨ
䎉,䎉,䎉,shù,shu,4,ㄕㄨ
尓,尓,尓,ěr,er,3,ㄦ
樬,樬,樬,cōng,cong,1,ㄘㄨㄥ
㔐,㔐,㔐,㔐,㔐,,
䜅,䜅,䜅,wéi,wei,2,ㄨㄟ
嫫,嫫,嫫,mó,mo,2,ㄇㄛ
慠,慠,慠,ào,ao,4,ㄠ
弊,弊,弊,bì,bi,4,ㄅㄧ
㴱,㴱,㴱,㴱,㴱,,
䡗,䡗,䡗,gǒng,gong,3,ㄍㄨㄥ
兾,兾,兾,jì,ji,4,ㄐㄧ
㜲,㜲,㜲,wěng,weng,3,ㄨㄥ
膅,膅,膅,táng,tang,2,ㄊㄤ
胲,胲,胲,hǎi,hai,3,ㄏㄞ
篂,篂,篂,xīng,xing,1,ㄒㄧㄥ
蜒,蜒,蜒,yán,yan,2,ㄧㄢ
䘞,䘞,䘞,䘞,䘞,,
茹,茹,茹,rú,ru,2,ㄖㄨ
項,項,项,xiàng,xiang,4,ㄒㄧㄤ
䚕,䚕,䚕,lì,li,4,ㄌㄧ
鎈,鎈,鎈,chuō,chuo,1,ㄔㄨㄛ
洙,洙,洙,zhū,zhu,1,ㄓㄨ
鏾,鏾,鏾,sǎn,san,3,ㄙㄢ
䦺,䦺,䦺,䦺,䦺,,
殦,殦,殦,diāo,diao,1,ㄉㄧㄠ
曄,曄,晔,yè,ye,4,ㄧㄝ
䈑,䈑,䈑,guǎ,gua,3,ㄍㄨㄚ
搶,搶,抢,qiǎng,qiang,3,ㄑㄧㄤ
険,険,険,xiǎn,xian,3,ㄒㄧㄢ
蹔,蹔,蹔,zhàn,zhan,4,ㄓㄢ
孌,孌,娈,luán,luan,2,ㄌㄨㄢ
撯,撯,撯,zhuó,zhuo,2,ㄓㄨㄛ
㾍,㾍,㾍,nái,nai,2,ㄋㄞ
獍,獍,獍,jìng,jing,4,ㄐㄧㄥ
眍,瞘,眍,ōu,ou,1,ㄡ
䯮,䯮,䯮,nái,nai,2,ㄋㄞ
合,閤,合,hé,he,2,ㄏㄜ
㢋,㢋,㢋,chǐ,chi,3,ㄔ
焵,焵,焵,gàng,gang,4,ㄍㄤ
誰,誰,谁,shúi,shui,2,ㄕㄨㄟ
鹙,鶖,鹙,qīu,qiu,1,ㄑㄧㄡ
䦱,䦱,䦱,kǔi,kui,3,ㄎㄨㄟ
洈,洈,洈,wéi,wei,2,ㄨㄟ
乴,乴,乴,xué,xue,2,ㄒㄩㄝ
氘,氘,氘,dāo,dao,1,ㄉㄠ
㦇,㦇,㦇,lù,lu,4,ㄌㄨ
祬,祬,祬,zhī,zhi,1,ㄓ
伣,伣,伣,xiàn,xian,4,ㄒㄧㄢ
頭,頭,头,tóu,tou,2,ㄊㄡ
蠱,蠱,蛊,gǔ,gu,3,ㄍㄨ
熗,熗,炝,qiàng,qiang,4,ㄑㄧㄤ
璀,璀,璀,cǔi,cui,3,ㄘㄨㄟ
㹌,㹌,㹌,chǎn,chan,3,ㄔㄢ
欣,欣,欣,xīn,xin,1,ㄒㄧㄣ
犄,犄,犄,jī,ji,1,ㄐㄧ
緳,緳,緳,xié,xie,2,ㄒㄧㄝ
廫,廫,廫,liáo,liao,2,ㄌㄧㄠ
鰞,鰞,鰞,wū,wu,1,ㄨ
湊,湊,凑,còu,cou,4,ㄘㄡ
荄,荄,荄,gāi,gai,1,ㄍㄞ
蓗,蓗,蓗,zǒng,zong,3,ㄗㄨㄥ
䊐,䊐,䊐,èn,en,4,ㄣ
晸,晸,晸,zhěn,zhen,3,ㄓㄣ
襔,襔,襔,mǎn,man,3,ㄇㄢ
鉊,鉊,鉊,zhāo,zhao,1,ㄓㄠ
稧,稧,稧,xì,xi,4,ㄒㄧ
穸,穸,穸,xì,xi,4,ㄒㄧ
跨,跨,跨,kuà,kua,4,ㄎㄨㄚ
鹓,鵷,鹓,yuān,yuan,1,ㄩㄢ
迲,迲,迲,迲,迲,,
諑,諑,诼,zhuó,zhuo,2,ㄓㄨㄛ
忕,忕,忕,shì,shi,4,ㄕ
紴,紴,紴,bèi,bei,4,ㄅㄟ
荇,荇,荇,xìng,xing,4,ㄒㄧㄥ
瑷,璦,瑷,ài,ai,4,ㄞ
鏻,鏻,鏻,lín,lin,2,ㄌㄧㄣ
㧉,㧉,㧉,gài,gai,4,ㄍㄞ
喏,喏,喏,rě,re,3,ㄖㄜ
䱋,䱋,䱋,dǎn,dan,3,ㄉㄢ
窨,窨,窨,yìn,yin,4,ㄧㄣ
瘊,瘊,瘊,hóu,hou,2,ㄏㄡ
㼑,㼑,㼑,liàn,lian,4,ㄌㄧㄢ
椇,椇,椇,jǔ,ju,3,ㄐㄩ
鼦,鼦,鼦,diāo,diao,1,ㄉㄧㄠ
锞,錁,锞,kuǎ,kua,3,ㄎㄨㄚ
䶜,䶜,䶜,gù,gu,4,ㄍㄨ
蚃,蚃,蚃,xiàng,xiang,4,ㄒㄧㄤ
㙧,㙧,㙧,㙧,㙧,,
璷,璷,璷,lú,lu,2,ㄌㄨ
吤,吤,吤,jiè,jie,4,ㄐㄧㄝ
貟,貟,贠,yuán,yuan,2,ㄩㄢ
稙,稙,稙,zhí,zhi,2,ㄓ
赬,赬,赪,chēng,cheng,1,ㄔㄥ
剴,剴,剀,kǎi,kai,3,ㄎㄞ
凌,淩,凌,líng,ling,2,ㄌㄧㄥ
翞,翞,翞,jiāng,jiang,1,ㄐㄧㄤ
潸,潸,潸,shān,shan,1,ㄕㄢ
膵,膵,膵,cùi,cui,4,ㄘㄨㄟ
㛣,㛣,㛣,㛣,㛣,,
却,卻,却,què,que,4,ㄑㄩㄝ
㼛,㼛,㼛,xíng,xing,2,ㄒㄧㄥ
郣,郣,郣,bó,bo,2,ㄅㄛ
鍗,鍗,鍗,tí,ti,2,ㄊㄧ
拦,攔,拦,lán,lan,2,ㄌㄢ
诡,詭,诡,gǔi,gui,3,ㄍㄨㄟ
撁,撁,撁,qiān,qian,1,ㄑㄧㄢ
贀,贀,贀,wèi,wei,4,ㄨㄟ
嶎,嶎,嶎,yù,yu,4,ㄩ
畤,畤,畤,zhì,zhi,4,ㄓ
鎪,鎪,锼,sōu,sou,1,ㄙㄡ
翪,翪,翪,zōng,zong,1,ㄗㄨㄥ
舾,舾,舾,xī,xi,1,ㄒㄧ
厲,厲,厉,lì,li,4,ㄌㄧ
龇,齜,龇,zī,zi,1,ㄗ
㱧,㱧,㱧,wò,wo,4,ㄨㄛ
涇,涇,泾,jīng,jing,1,ㄐㄧㄥ
䏭,䏭,䏭,䏭,䏭,,
鳖,鱉,鳖,biē,bie,1,ㄅㄧㄝ
墋,墋,墋,chěn,chen,3,ㄔㄣ
痴,癡,痴,chī,chi,1,ㄔ
挠,撓,挠,náo,nao,2,ㄋㄠ
緸,緸,緸,yīn,yin,1,ㄧㄣ
鐦,鐦,锎,kāi,kai,1,ㄎㄞ
堪,堪,堪,kān,kan,1,ㄎㄢ
兞,兞,兞,máo,mao,2,ㄇㄠ
漄,漄,漄,yá,ya,2,ㄧㄚ
跪,跪,跪,gùi,gui,4,ㄍㄨㄟ
穞,穞,穞,lǔ,lu,3,ㄌㄨ
䪒,䪒,䪒,jiào,jiao,4,ㄐㄧㄠ
盟,盟,盟,méng,meng,2,ㄇㄥ
萱,萱,萱,xuān,xuan,1,ㄒㄩㄢ
餥,餥,餥,fěi,fei,3,ㄈㄟ
㥕,㥕,㥕,lián,lian,2,ㄌㄧㄢ
㸇,㸇,㸇,㸇,㸇,,
䄜,䄜,䄜,lí,li,2,ㄌㄧ
脚,腳,脚,jiǎo,jiao,3,ㄐㄧㄠ
诒,詒,诒,yí,yi,2,ㄧ
鐿,鐿,镱,yì,yi,4,ㄧ
臝,臝,臝,luǒ,luo,3,ㄌㄨㄛ
舞,舞,舞,wǔ,wu,3,ㄨ
峧,峧,峧,jiāo,jiao,1,ㄐㄧㄠ
啭,囀,啭,zhuàn,zhuan,4,ㄓㄨㄢ
螰,螰,螰,lù,lu,4,ㄌㄨ
㣜,㣜,㣜,xíng,xing,2,ㄒㄧㄥ
郍,郍,郍,nuó,nuo,2,ㄋㄨㄛ
䶟,䶟,䶟,xiàn,xian,4,ㄒㄧㄢ
鶵,鶵,鶵,chú,chu,2,ㄔㄨ
粖,粖,粖,mò,mo,4,ㄇㄛ
芿,芿,芿,rèng,reng,4,ㄖㄥ
䦁,䦁,䦁,䦁,䦁,,
岆,岆,岆,yǎo,yao,3,ㄧㄠ
㾶,㾶,㾶,gǔ,gu,3,ㄍㄨ
媢,媢,媢,mào,mao,4,ㄇㄠ
濋,濋,濋,chǔ,chu,3,ㄔㄨ
䒑,䒑,䒑,cǎo,cao,3,ㄘㄠ
䴘,鷉,䴘,tī,ti,1,ㄊㄧ
髴,髴,髴,fú,fu,2,ㄈㄨ
寝,寢,寝,qǐn,qin,3,ㄑㄧㄣ
䆵,䆵,䆵,chéng,cheng,2,ㄔㄥ
厌,厭,厌,yàn,yan,4,ㄧㄢ
牦,犛,牦,máo,mao,2,ㄇㄠ
掸,撣,掸,dǎn,dan,3,ㄉㄢ
蟋,蟋,蟋,xī,xi,1,ㄒㄧ
酁,酁,酁,chán,chan,2,ㄔㄢ
㵖,㵖,㵖,nv̀,nu,4,ㄋㄨ
羐,羐,羐,yǒu,you,3,ㄧㄡ
麑,麑,麑,ní,ni,2,ㄋㄧ
轔,轔,辚,lín,lin,2,ㄌㄧㄣ
垚,垚,垚,yáo,yao,2,ㄧㄠ
翋,翋,翋,lā,la,1,ㄌㄚ
玗,玗,玗,yú,yu,2,ㄩ
䛏,䛏,䛏,ní,ni,2,ㄋㄧ
援,援,援,yuán,yuan,2,ㄩㄢ
鯲,鯲,鯲,鯲,鯲,,
髤,髤,髤,xīu,xiu,1,ㄒㄧㄡ
䊘,䊘,䊘,jìu,jiu,4,ㄐㄧㄡ
畯,畯,畯,jùn,jun,4,ㄐㄩㄣ
撗,撗,撗,huáng,huang,2,ㄏㄨㄤ
蚲,蚲,蚲,píng,ping,2,ㄆㄧㄥ
㾺,㾺,㾺,mà,ma,4,ㄇㄚ
隌,隌,隌,ǎn,an,3,ㄢ
䵤,䵤,䵤,jiǎn,jian,3,ㄐㄧㄢ
譭,譭,譭,hǔi,hui,3,ㄏㄨㄟ
驨,驨,驨,xī,xi,1,ㄒㄧ
㔌,㔌,㔌,zhòu,zhou,4,ㄓㄡ
鄂,鄂,鄂,è,e,4,ㄜ
搬,搬,搬,bān,ban,1,ㄅㄢ
䐻,䐻,䐻,䐻,䐻,,
䭺,䭺,䭺,áng,ang,2,ㄤ
琷,琷,琷,què,que,4,ㄑㄩㄝ
䜴,䜴,䜴,chù,chu,4,ㄔㄨ
睑,瞼,睑,jiǎn,jian,3,ㄐㄧㄢ
嚃,嚃,嚃,tà,ta,4,ㄊㄚ
㜨,㜨,㜨,ér,er,2,ㄦ
恒,恒,恒,héng,heng,2,ㄏㄥ
锢,錮,锢,gù,gu,4,ㄍㄨ
驁,驁,骜,ào,ao,4,ㄠ
鎽,鎽,鎽,鎽,鎽,,
鿽,鿽,鿽,鿽,鿽,,
郄,郤,郄,xì,xi,4,ㄒㄧ
臙,臙,臙,yān,yan,1,ㄧㄢ
琙,琙,琙,yù,yu,4,ㄩ
埤,埤,埤,pí,pi,2,ㄆㄧ
梛,梛,梛,nuó,nuo,2,ㄋㄨㄛ
嚊,嚊,嚊,xì,xi,4,ㄒㄧ
尩,尩,尩,wāng,wang,1,ㄨㄤ
䀟,䀟,䀟,fán,fan,2,ㄈㄢ
瀅,瀅,滢,yìng,ying,4,ㄧㄥ
睎,睎,睎,xī,xi,1,ㄒㄧ
凿,鑿,凿,záo,zao,2,ㄗㄠ
響,響,响,xiǎng,xiang,3,ㄒㄧㄤ
㵉,㵉,㵉,㵉,㵉,,
槬,槬,槬,huà,hua,4,ㄏㄨㄚ
秾,穠,秾,nóng,nong,2,ㄋㄨㄥ
拰,拰,拰,nǐn,nin,3,ㄋㄧㄣ
椨,椨,椨,椨,椨,,
䜮,䜮,䜮,liáo,liao,2,ㄌㄧㄠ
鐃,鐃,铙,náo,nao,2,ㄋㄠ
艇,艇,艇,tǐng,ting,3,ㄊㄧㄥ
䅙,䅙,䅙,hùn,hun,4,ㄏㄨㄣ
噠,噠,哒,dā,da,1,ㄉㄚ
軈,軈,軈,軈,軈,,
痵,痵,痵,jì,ji,4,ㄐㄧ
歐,歐,欧,ōu,ou,1,ㄡ
蜧,蜧,蜧,lì,li,4,ㄌㄧ
韙,韙,韪,wěi,wei,3,ㄨㄟ
楋,楋,楋,là,la,4,ㄌㄚ
鍘,鍘,铡,zhá,zha,2,ㄓㄚ
㮴,㮴,㮴,㮴,㮴,,
夗,夗,夗,yuàn,yuan,4,ㄩㄢ
躝,躝,躝,lán,lan,2,ㄌㄢ
籌,籌,筹,chóu,chou,2,ㄔㄡ
强,強,强,qiáng,qiang,2,ㄑㄧㄤ
桿,桿,桿,gǎn,gan,3,ㄍㄢ
滾,滾,滚,gǔn,gun,3,ㄍㄨㄣ
㬞,㬞,㬞,hè,he,4,ㄏㄜ
䒷,䒷,䒷,䒷,䒷,,
藐,藐,藐,miǎo,miao,3,ㄇㄧㄠ
惮,憚,惮,dàn,dan,4,ㄉㄢ
阽,阽,阽,diàn,dian,4,ㄉㄧㄢ
矰,矰,矰,zēng,zeng,1,ㄗㄥ
覲,覲,觐,jǐn,jin,3,ㄐㄧㄣ
㝺,㝺,㝺,lián,lian,2,ㄌㄧㄢ
豨,豨,豨,xī,xi,1,ㄒㄧ
嘤,嚶,嘤,yīng,ying,1,ㄧㄥ
䀳,䀳,䀳,ài,ai,4,ㄞ
嶜,嶜,嶜,jīn,jin,1,ㄐㄧㄣ
䞌,䞌,䞌,shé,she,2,ㄕㄜ
濹,濹,濹,濹,濹,,
讓,讓,让,ràng,rang,4,ㄖㄤ
漙,漙,漙,tuán,tuan,2,ㄊㄨㄢ
泦,泦,泦,jú,ju,2,ㄐㄩ
盘,盤,盘,pán,pan,2,ㄆㄢ
翕,翕,翕,xì,xi,4,ㄒㄧ
銧,銧,銧,guāng,guang,1,ㄍㄨㄤ
臕,臕,臕,biāo,biao,1,ㄅㄧㄠ
璗,璗,璗,dàng,dang,4,ㄉㄤ
㺬,㺬,㺬,gǒng,gong,3,ㄍㄨㄥ
牸,牸,牸,zì,zi,4,ㄗ
琻,琻,琻,琻,琻,,
潈,潈,潈,潈,潈,,
鑻,鑻,鑻,pàn,pan,4,ㄆㄢ
肩,肩,肩,jiān,jian,1,ㄐㄧㄢ
噇,噇,噇,chuáng,chuang,2,ㄔㄨㄤ
㚔,㚔,㚔,niè,nie,4,ㄋㄧㄝ
軷,軷,軷,bá,ba,2,ㄅㄚ
徨,徨,徨,huáng,huang,2,ㄏㄨㄤ
㸸,㸸,㸸,hǒu,hou,3,ㄏㄡ
盰,盰,盰,gǎn,gan,3,ㄍㄢ
鄠,鄠,鄠,hù,hu,4,ㄏㄨ
潧,潧,潧,zhēn,zhen,1,ㄓㄣ
檸,檸,柠,níng,ning,2,ㄋㄧㄥ
鳗,鰻,鳗,mán,man,2,ㄇㄢ
嬗,嬗,嬗,shàn,shan,4,ㄕㄢ
螤,螤,螤,yǔ,yu,3,ㄩ
胣,胣,胣,yǐ,yi,3,ㄧ
鎇,鎇,镅,méi,mei,2,ㄇㄟ
套,套,套,tào,tao,4,ㄊㄠ
䭎,䭎,䭎,xié,xie,2,ㄒㄧㄝ
丯,丯,丯,jiè,jie,4,ㄐㄧㄝ
雩,雩,雩,yú,yu,2,ㄩ
綋,綋,綋,hóng,hong,2,ㄏㄨㄥ
艞,艞,艞,yào,yao,4,ㄧㄠ
寕,寕,寕,níng,ning,2,ㄋㄧㄥ
亨,亨,亨,hēng,heng,1,ㄏㄥ
榧,榧,榧,fěi,fei,3,ㄈㄟ
䣉,䣉,䣉,䣉,䣉,,
塸,塸,塸,ǒu,ou,3,ㄡ
眨,眨,眨,zhǎ,zha,3,ㄓㄚ
䉊,䉊,䉊,fàn,fan,4,ㄈㄢ
鐨,鐨,镄,fèi,fei,4,ㄈㄟ
䊙,䊙,䊙,yán,yan,2,ㄧㄢ
鸀,鸀,鸀,shú,shu,2,ㄕㄨ
藅,藅,藅,fá,fa,2,ㄈㄚ
柴,柴,柴,chái,chai,2,ㄔㄞ
欲,欲,欲,yù,yu,4,ㄩ
垗,垗,垗,zhào,zhao,4,ㄓㄠ
㘪,㘪,㘪,hào,hao,4,ㄏㄠ
汓,汓,汓,qíu,qiu,2,ㄑㄧㄡ
䴛,䴛,䴛,jiǎo,jiao,3,ㄐㄧㄠ
殝,殝,殝,殝,殝,,
鞪,鞪,鞪,mù,mu,4,ㄇㄨ
䐊,䐊,䐊,dá,da,2,ㄉㄚ
膡,膡,膡,yìng,ying,4,ㄧㄥ
霟,霟,霟,hóng,hong,2,ㄏㄨㄥ
凤,鳳,凤,fèng,feng,4,ㄈㄥ
㡍,㡍,㡍,㡍,㡍,,
㹞,㹞,㹞,yín,yin,2,ㄧㄣ
兊,兊,兊,dùi,dui,4,ㄉㄨㄟ
讞,讞,谳,yàn,yan,4,ㄧㄢ
灮,灮,灮,guāng,guang,1,ㄍㄨㄤ
䔉,䔉,䔉,lì,li,4,ㄌㄧ
䠢,䠢,䠢,mèng,meng,4,ㄇㄥ
捞,撈,捞,lāo,lao,1,ㄌㄠ
鮹,鮹,鮹,xiāo,xiao,1,ㄒㄧㄠ
遶,遶,遶,rào,rao,4,ㄖㄠ
歏,歏,歏,jìn,jin,4,ㄐㄧㄣ
庋,庋,庋,gǔi,gui,3,ㄍㄨㄟ
㹮,㹮,㹮,mò,mo,4,ㄇㄛ
㿼,㿼,㿼,yán,yan,2,ㄧㄢ
䐈,䐈,䐈,zhí,zhi,2,ㄓ
訝,訝,讶,yà,ya,4,ㄧㄚ
爆,爆,爆,bào,bao,4,ㄅㄠ
悷,悷,悷,lì,li,4,ㄌㄧ
墤,墤,墤,kuài,kuai,4,ㄎㄨㄞ
門,門,门,mén,men,2,ㄇㄣ
㹗,㹗,㹗,táo,tao,2,ㄊㄠ
笑,笑,笑,xiào,xiao,4,ㄒㄧㄠ
拍,拍,拍,pāi,pai,1,ㄆㄞ
㾰,㾰,㾰,hú,hu,2,ㄏㄨ
阷,阷,阷,chēng,cheng,1,ㄔㄥ
䘱,䘱,䘱,yù,yu,4,ㄩ
觎,覦,觎,yú,yu,2,ㄩ
㡰,㡰,㡰,yǔ,yu,3,ㄩ
婷,婷,婷,tíng,ting,2,ㄊㄧㄥ
龛,龕,龛,kān,kan,1,ㄎㄢ
藃,藃,藃,xiāo,xiao,1,ㄒㄧㄠ
卭,卭,卭,qióng,qiong,2,ㄑㄩㄥ
穀,穀,谷,gǔ,gu,3,ㄍㄨ
臗,臗,臗,kuān,kuan,1,ㄎㄨㄢ
苉,苉,苉,pǐ,pi,3,ㄆㄧ
縨,縨,縨,縨,縨,,
謘,謘,謘,chí,chi,2,ㄔ
鮛,鮛,鮛,shù,shu,4,ㄕㄨ
䖹,䖹,䖹,yáng,yang,2,ㄧㄤ
怷,怷,怷,xī,xi,1,ㄒㄧ
駿,駿,骏,jùn,jun,4,ㄐㄩㄣ
嵵,嵵,嵵,嵵,嵵,,
鼎,鼎,鼎,dǐng,ding,3,ㄉㄧㄥ
覕,覕,覕,miè,mie,4,ㄇㄧㄝ
薷,薷,薷,rú,ru,2,ㄖㄨ
讻,訩,讻,xiōng,xiong,1,ㄒㄩㄥ
咼,咼,呙,wāi,wai,1,ㄨㄞ
蓭,蓭,蓭,ān,an,1,ㄢ
嘅,嘅,嘅,kǎi,kai,3,ㄎㄞ
鐺,鐺,铛,dāng,dang,1,ㄉㄤ
冀,冀,冀,jì,ji,4,ㄐㄧ
魨,魨,鲀,tún,tun,2,ㄊㄨㄣ
扬,揚,扬,yáng,yang,2,ㄧㄤ
彯,彯,彯,piāo,piao,1,ㄆㄧㄠ
煅,煆,煅,duàn,duan,4,ㄉㄨㄢ
蔏,蔏,蔏,shāng,shang,1,ㄕㄤ
袄,襖,袄,ǎo,ao,3,ㄠ
氊,氊,氊,zhān,zhan,1,ㄓㄢ
鼞,鼞,鼞,tāng,tang,1,ㄊㄤ
仔,仔,仔,zǐ,zi,3,ㄗ
䒵,䒵,䒵,hào,hao,4,ㄏㄠ
錜,錜,錜,niē,nie,1,ㄋㄧㄝ
丐,丐,丐,gài,gai,4,ㄍㄞ
萄,萄,萄,táo,tao,2,ㄊㄠ
䞆,䞆,䞆,suǒ,suo,3,ㄙㄨㄛ
㼻,㼻,㼻,cóng,cong,2,ㄘㄨㄥ
馪,馪,馪,bīn,bin,1,ㄅㄧㄣ
嵼,嵼,嵼,chǎn,chan,3,ㄔㄢ
屘,屘,屘,mǎn,man,3,ㄇㄢ
䖚,䖚,䖚,䖚,䖚,,
㥪,㥪,㥪,lóu,lou,2,ㄌㄡ
㱭,㱭,㱭,duàn,duan,4,ㄉㄨㄢ
省,省,省,shěng,sheng,3,ㄕㄥ
烒,烒,烒,shì,shi,4,ㄕ
鵥,鵥,鵥,鵥,鵥,,
䡇,䡇,䡇,yuè,yue,4,ㄩㄝ
蛸,蛸,蛸,shāo,shao,1,ㄕㄠ
壃,壃,壃,jiāng,jiang,1,ㄐㄧㄤ
府,府,府,fǔ,fu,3,ㄈㄨ
朄,朄,朄,yìn,yin,4,ㄧㄣ
苨,苨,苨,nǐ,ni,3,ㄋㄧ
肦,肦,肦,fén,fen,2,ㄈㄣ
㡗,㡗,㡗,tí,ti,2,ㄊㄧ
邑,邑,邑,yì,yi,4,ㄧ
俔,俔,俔,xiàn,xian,4,ㄒㄧㄢ
泰,泰,泰,tài,tai,4,ㄊㄞ
膐,膐,膐,lǔ,lu,3,ㄌㄨ
䓪,䓪,䓪,䓪,䓪,,
素,素,素,sù,su,4,ㄙㄨ
艦,艦,舰,jiàn,jian,4,ㄐㄧㄢ
晬,晬,晬,zùi,zui,4,ㄗㄨㄟ
㩵,㩵,㩵,è,e,4,ㄜ
䮚,䮚,䮚,lèng,leng,4,ㄌㄥ
鎣,鎣,蓥,yìng,ying,4,ㄧㄥ
鼴,鼴,鼹,yǎn,yan,3,ㄧㄢ
骷,骷,骷,kū,ku,1,ㄎㄨ
灀,灀,灀,shuàng,shuang,4,ㄕㄨㄤ
麿,麿,麿,麿,麿,,
佀,佀,佀,sì,si,4,ㄙ
陏,陏,陏,duò,duo,4,ㄉㄨㄛ
箸,箸,箸,zhù,zhu,4,ㄓㄨ
枳,枳,枳,zhī,zhi,1,ㄓ
垃,垃,垃,lā,la,1,ㄌㄚ
鞄,鞄,鞄,páo,pao,2,ㄆㄠ
囿,囿,囿,yòu,you,4,ㄧㄡ
餟,餟,餟,zhùi,zhui,4,ㄓㄨㄟ
䪚,䪚,䪚,hè,he,4,ㄏㄜ
莳,蒔,莳,shí,shi,2,ㄕ
趯,趯,趯,tì,ti,4,ㄊㄧ
孈,孈,孈,shuāi,shuai,1,ㄕㄨㄞ
憒,憒,愦,kùi,kui,4,ㄎㄨㄟ
諗,諗,谂,shěn,shen,3,ㄕㄣ
葠,葠,葠,shēn,shen,1,ㄕㄣ
猀,猀,猀,shā,sha,1,ㄕㄚ
㶨,㶨,㶨,㶨,㶨,,
㺎,㺎,㺎,róng,rong,2,ㄖㄨㄥ
砣,砣,砣,tuó,tuo,2,ㄊㄨㄛ
䚠,䚠,䚠,hùn,hun,4,ㄏㄨㄣ
肵,肵,肵,jìn,jin,4,ㄐㄧㄣ
泆,泆,泆,yī,yi,1,ㄧ
騶,騶,驺,zōu,zou,1,ㄗㄡ
莲,蓮,莲,lián,lian,2,ㄌㄧㄢ
眵,眵,眵,chī,chi,1,ㄔ
㲭,㲭,㲭,tǎn,tan,3,ㄊㄢ
靄,靄,霭,ǎi,ai,3,ㄞ
緈,緈,緈,xìng,xing,4,ㄒㄧㄥ
跜,跜,跜,ní,ni,2,ㄋㄧ
饀,饀,饀,táo,tao,2,ㄊㄠ
䔮,䔮,䔮,䔮,䔮,,
园,園,园,yuán,yuan,2,ㄩㄢ
型,型,型,xíng,xing,2,ㄒㄧㄥ
委,委,委,wěi,wei,3,ㄨㄟ
啂,啂,啂,nòu,nou,4,ㄋㄡ
渀,渀,渀,bēn,ben,1,ㄅㄣ
车,車,车,chē,che,1,ㄔㄜ
䅯,䅯,䅯,táng,tang,2,ㄊㄤ
鞱,鞱,鞱,tāo,tao,1,ㄊㄠ
橫,橫,横,héng,heng,2,ㄏㄥ
蓷,蓷,蓷,tūi,tui,1,ㄊㄨㄟ
㹳,㹳,㹳,wú,wu,2,ㄨ
䥓,䥓,䥓,䥓,䥓,,
熑,熑,熑,lián,lian,2,ㄌㄧㄢ
紛,紛,纷,fēn,fen,1,ㄈㄣ
瀋,瀋,沈,shěn,shen,3,ㄕㄣ
溨,溨,溨,cái,cai,2,ㄘㄞ
卝,卝,卝,kuàng,kuang,4,ㄎㄨㄤ
眛,眛,眛,mèi,mei,4,ㄇㄟ
㼽,㼽,㼽,shuǎng,shuang,3,ㄕㄨㄤ
㜧,㜧,㜧,yuè,yue,4,ㄩㄝ
颉,頡,颉,jié,jie,2,ㄐㄧㄝ
㕭,㕭,㕭,ào,ao,4,ㄠ
彰,彰,彰,zhāng,zhang,1,ㄓㄤ
薫,薫,薫,xūn,xun,1,ㄒㄩㄣ
蜉,蜉,蜉,fú,fu,2,ㄈㄨ
淊,淊,淊,hàn,han,4,ㄏㄢ
澑,澑,澑,lìu,liu,4,ㄌㄧㄡ
丌,丌,丌,jī,ji,1,ㄐㄧ
涜,涜,涜,dú,du,2,ㄉㄨ
杄,杄,杄,qiān,qian,1,ㄑㄧㄢ
悬,懸,悬,xuán,xuan,2,ㄒㄩㄢ
㦰,㦰,㦰,㦰,㦰,,
鶅,鶅,鶅,zī,zi,1,ㄗ
䋨,䋨,䋨,fǔ,fu,3,ㄈㄨ
畠,畠,畠,畠,畠,,
婗,婗,婗,ní,ni,2,ㄋㄧ
㼪,㼪,㼪,jiá,jia,2,ㄐㄧㄚ
燓,燓,燓,fēn,fen,1,ㄈㄣ
嗑,嗑,嗑,kè,ke,4,ㄎㄜ
隳,隳,隳,hūi,hui,1,ㄏㄨㄟ
䠹,䠹,䠹,ái,ai,2,ㄞ
詎,詎,讵,jù,ju,4,ㄐㄩ
績,績,绩,jī,ji,1,ㄐㄧ
繸,繸,繸,sùi,sui,4,ㄙㄨㄟ
䬥,䬥,䬥,yì,yi,4,ㄧ
纉,纉,纉,zuǎn,zuan,3,ㄗㄨㄢ
京,京,京,jīng,jing,1,ㄐㄧㄥ
㟆,㟆,㟆,huá,hua,2,ㄏㄨㄚ
糦,糦,糦,xī,xi,1,ㄒㄧ
孅,孅,孅,xiān,xian,1,ㄒㄧㄢ
䧿,䧿,䧿,què,que,4,ㄑㄩㄝ
驘,驘,驘,luó,luo,2,ㄌㄨㄛ
妀,妀,妀,jǐ,ji,3,ㄐㄧ
醵,醵,醵,jù,ju,4,ㄐㄩ
䵭,䵭,䵭,zhè,zhe,4,ㄓㄜ
㻸,㻸,㻸,cén,cen,2,ㄘㄣ
㱦,㱦,㱦,è,e,4,ㄜ
璠,璠,璠,fán,fan,2,ㄈㄢ
䯐,䯐,䯐,hái,hai,2,ㄏㄞ
䛩,䛩,䛩,wù,wu,4,ㄨ
滞,滯,滞,zhì,zhi,4,ㄓ
㸌,㸌,㸌,huò,huo,4,ㄏㄨㄛ
撾,撾,挝,zhuā,zhua,1,ㄓㄨㄚ
迆,迆,迆,yǐ,yi,3,ㄧ
復,復,复,fù,fu,4,ㄈㄨ
鍵,鍵,键,jiàn,jian,4,ㄐㄧㄢ
鋘,鋘,鋘,wú,wu,2,ㄨ
兣,兣,兣,lǐ,li,3,ㄌㄧ
舅,舅,舅,jìu,jiu,4,ㄐㄧㄡ
鸴,鴬,鸴,xué,xue,2,ㄒㄩㄝ
㟠,㟠,㟠,gǎng,gang,3,ㄍㄤ
耢,耮,耢,lào,lao,4,ㄌㄠ
䌣,䌣,䌣,zuǎn,zuan,3,ㄗㄨㄢ
梏,梏,梏,gù,gu,4,ㄍㄨ
縰,縰,縰,xǐ,xi,3,ㄒㄧ
賌,賌,賌,gài,gai,4,ㄍㄞ
䞥,䞥,䞥,yòu,you,4,ㄧㄡ
䶃,䶃,䶃,hán,han,2,ㄏㄢ
敱,敱,敱,ái,ai,2,ㄞ
閔,閔,闵,mǐn,min,3,ㄇㄧㄣ
拎,拎,拎,līng,ling,1,ㄌㄧㄥ
痛,痛,痛,tòng,tong,4,ㄊㄨㄥ
庉,庉,庉,dùn,dun,4,ㄉㄨㄣ
鸇,鸇,鹯,zhān,zhan,1,ㄓㄢ
忸,忸,忸,nǐu,niu,3,ㄋㄧㄡ
垵,垵,埯,ǎn,an,3,ㄢ
䃳,䃳,䃳,là,la,4,ㄌㄚ
鬋,鬋,鬋,jiān,jian,1,ㄐㄧㄢ
碢,碢,碢,tuó,tuo,2,ㄊㄨㄛ
凱,凱,凯,kǎi,kai,3,ㄎㄞ
游,遊,游,yóu,you,2,ㄧㄡ
皇,皇,皇,huáng,huang,2,ㄏㄨㄤ
㡑,㡑,㡑,qiǎo,qiao,3,ㄑㄧㄠ
澐,澐,澐,yún,yun,2,ㄩㄣ
䁊,䁊,䁊,wò,wo,4,ㄨㄛ
䰣,䰣,䰣,wǎng,wang,3,ㄨㄤ
蓍,蓍,蓍,shī,shi,1,ㄕ
鴐,鴐,鴐,jiā,jia,1,ㄐㄧㄚ
塎,塎,塎,yǒng,yong,3,ㄩㄥ
㐰,㐰,㐰,xìn,xin,4,ㄒㄧㄣ
慧,慧,慧,hùi,hui,4,ㄏㄨㄟ
姘,姘,姘,pīn,pin,1,ㄆㄧㄣ
踠,踠,踠,wǎn,wan,3,ㄨㄢ
魕,魕,魕,jǐ,ji,3,ㄐㄧ
㚖,㚖,㚖,gǎo,gao,3,ㄍㄠ
㴑,㴑,㴑,sù,su,4,ㄙㄨ
慊,慊,慊,qiàn,qian,4,ㄑㄧㄢ
萜,萜,萜,tiē,tie,1,ㄊㄧㄝ
迷,迷,迷,mí,mi,2,ㄇㄧ
萷,萷,萷,xiāo,xiao,1,ㄒㄧㄠ
㻯,㻯,㻯,tú,tu,2,ㄊㄨ
䟿,䟿,䟿,lù,lu,4,ㄌㄨ
㕖,㕖,㕖,sù,su,4,ㄙㄨ
抓,抓,抓,zhuā,zhua,1,ㄓㄨㄚ
種,種,种,zhǒng,zhong,3,ㄓㄨㄥ
姃,姃,姃,zhēng,zheng,1,ㄓㄥ
瞐,瞐,瞐,mào,mao,4,ㄇㄠ
野,野,野,yě,ye,3,ㄧㄝ
驱,驅,驱,qū,qu,1,ㄑㄩ
㬡,㬡,㬡,líng,ling,2,ㄌㄧㄥ
䌳,䌳,䌳,䌳,䌳,,
䎝,䎝,䎝,chú,chu,2,ㄔㄨ
夨,夨,夨,zè,ze,4,ㄗㄜ
槙,槙,槙,diān,dian,1,ㄉㄧㄢ
㩾,㩾,㩾,chúi,chui,2,ㄔㄨㄟ
㾯,㾯,㾯,túi,tui,2,ㄊㄨㄟ
蛄,蛄,蛄,gū,gu,1,ㄍㄨ
首,首,首,shǒu,shou,3,ㄕㄡ
閛,閛,閛,pēng,peng,1,ㄆㄥ
认,認,认,rèn,ren,4,ㄖㄣ
鷈,鷈,鷈,tī,ti,1,ㄊㄧ
疥,疥,疥,jiè,jie,4,ㄐㄧㄝ
歮,歮,歮,sè,se,4,ㄙㄜ
蜡,蠟,蜡,là,la,4,ㄌㄚ
碨,碨,碨,wēi,wei,1,ㄨㄟ
䉗,䉗,䉗,䉗,䉗,,
㕦,㕦,㕦,huà,hua,4,ㄏㄨㄚ
鋲,鋲,鋲,鋲,鋲,,
憿,憿,憿,jiāo,jiao,1,ㄐㄧㄠ
徑,徑,径,jìng,jing,4,ㄐㄧㄥ
䡳,䡳,䡳,䡳,䡳,,
禑,禑,禑,wú,wu,2,ㄨ
鑒,鑒,鉴,jiàn,jian,4,ㄐㄧㄢ
謞,謞,謞,xuè,xue,4,ㄒㄩㄝ
㪕,㪕,㪕,diào,diao,4,ㄉㄧㄠ
㤛,㤛,㤛,nín,nin,2,ㄋㄧㄣ
豃,豃,豃,hǎn,han,3,ㄏㄢ
䙻,䙻,䙻,䙻,䙻,,
尚,尚,尚,shàng,shang,4,ㄕㄤ
釡,釡,釡,fǔ,fu,3,ㄈㄨ
鄼,鄼,鄼,zàn,zan,4,ㄗㄢ
醺,醺,醺,xūn,xun,1,ㄒㄩㄣ
尧,堯,尧,yáo,yao,2,ㄧㄠ
瘖,瘖,瘖,yīn,yin,1,ㄧㄣ
䵅,䵅,䵅,áo,ao,2,ㄠ
駨,駨,駨,xún,xun,2,ㄒㄩㄣ
具,具,具,jù,ju,4,ㄐㄩ
綗,綗,綗,jiǒng,jiong,3,ㄐㄩㄥ
眺,眺,眺,tiào,tiao,4,ㄊㄧㄠ
荓,荓,荓,píng,ping,2,ㄆㄧㄥ
媞,媞,媞,tí,ti,2,ㄊㄧ
㫲,㫲,㫲,pèi,pei,4,ㄆㄟ
焒,焒,焒,焒,焒,,
㽅,㽅,㽅,㽅,㽅,,
寂,寂,寂,jì,ji,4,ㄐㄧ
㔑,㔑,㔑,chì,chi,4,ㄔ
旫,旫,旫,tiāo,tiao,1,ㄊㄧㄠ
慫,慫,怂,sǒng,song,3,ㄙㄨㄥ
㢿,㢿,㢿,㢿,㢿,,
觔,觔,觔,jīn,jin,1,ㄐㄧㄣ
韲,韲,韲,jī,ji,1,ㄐㄧ
卖,賣,卖,mài,mai,4,ㄇㄞ
悆,悆,悆,yù,yu,4,ㄩ
哪,哪,哪,nǎ,na,3,ㄋㄚ
㼔,㼔,㼔,㼔,㼔,,
臤,臤,臤,qiān,qian,1,ㄑㄧㄢ
鄁,鄁,鄁,bèi,bei,4,ㄅㄟ
䦭,䦭,䦭,䦭,䦭,,
椷,椷,椷,jiān,jian,1,ㄐㄧㄢ
韴,韴,韴,zá,za,2,ㄗㄚ
坴,坴,坴,lìu,liu,4,ㄌㄧㄡ
鷙,鷙,鸷,zhì,zhi,4,ㄓ
摮,摮,摮,áo,ao,2,ㄠ
贜,贜,贜,zāng,zang,1,ㄗㄤ
䗧,䗧,䗧,䗧,䗧,,
傰,傰,傰,péng,peng,2,ㄆㄥ
靸,靸,靸,sǎ,sa,3,ㄙㄚ
鶗,鶗,鶗,tí,ti,2,ㄊㄧ
檑,檑,檑,léi,lei,2,ㄌㄟ
铘,鋣,铘,yé,ye,2,ㄧㄝ
稪,稪,稪,fù,fu,4,ㄈㄨ
喵,喵,喵,miāo,miao,1,ㄇㄧㄠ
袾,袾,袾,zhū,zhu,1,ㄓㄨ
貊,貊,貊,mò,mo,4,ㄇㄛ
癤,癤,疖,jié,jie,2,ㄐㄧㄝ
䯲,䯲,䯲,pá,pa,2,ㄆㄚ
撑,撐,撑,chēng,cheng,1,ㄔㄥ
诵,誦,诵,sòng,song,4,ㄙㄨㄥ
䘦,䘦,䘦,ní,ni,2,ㄋㄧ
撤,撤,撤,chè,che,4,ㄔㄜ
猄,猄,猄,jīng,jing,1,ㄐㄧㄥ
㐍,㐍,㐍,㐍,㐍,,
䩃,䩃,䩃,shì,shi,4,ㄕ
鴢,鴢,鴢,yòu,you,4,ㄧㄡ
傣,傣,傣,dǎi,dai,3,ㄉㄞ
丅,丅,丅,xià,xia,4,ㄒㄧㄚ
㰇,㰇,㰇,㰇,㰇,,
㰒,㰒,㰒,shé,she,2,ㄕㄜ
㝅,㝅,㝅,gòu,gou,4,ㄍㄡ
嗫,囁,嗫,niè,nie,4,ㄋㄧㄝ
㨰,㨰,㨰,gé,ge,2,ㄍㄜ
嬝,嬝,嬝,niǎo,niao,3,ㄋㄧㄠ
泎,泎,泎,zhuó,zhuo,2,ㄓㄨㄛ
殠,殠,殠,chòu,chou,4,ㄔㄡ
孜,孜,孜,zī,zi,1,ㄗ
訑,訑,訑,yí,yi,2,ㄧ
歧,歧,歧,qí,qi,2,ㄑㄧ
潶,潶,潶,hēi,hei,1,ㄏㄟ
寔,寔,寔,shí,shi,2,ㄕ
魼,魼,魼,qū,qu,1,ㄑㄩ
轠,轠,轠,lěi,lei,3,ㄌㄟ
甞,甞,甞,cháng,chang,2,ㄔㄤ
醭,醭,醭,bú,bu,2,ㄅㄨ
㤬,㤬,㤬,hùi,hui,4,ㄏㄨㄟ
琬,琬,琬,wǎn,wan,3,ㄨㄢ
慙,慙,慙,cán,can,2,ㄘㄢ
銀,銀,银,yín,yin,2,ㄧㄣ
䴷,䴷,䴷,hún,hun,2,ㄏㄨㄣ
殫,殫,殚,dān,dan,1,ㄉㄢ
漫,漫,漫,màn,man,4,ㄇㄢ
碆,碆,碆,bō,bo,1,ㄅㄛ
發,發,发,fā,fa,1,ㄈㄚ
叔,叔,叔,shū,shu,1,ㄕㄨ
癎,癎,癎,xián,xian,2,ㄒㄧㄢ
貝,貝,贝,bèi,bei,4,ㄅㄟ
偻,僂,偻,lǔ,lu,3,ㄌㄨ
稾,稾,稾,gǎo,gao,3,ㄍㄠ
芺,芺,芺,ǎo,ao,3,ㄠ
粞,粞,粞,xī,xi,1,ㄒㄧ
椚,椚,椚,椚,椚,,
角,角,角,jiǎo,jiao,3,ㄐㄧㄠ
绸,綢,绸,chóu,chou,2,ㄔㄡ
㴧,㴧,㴧,㴧,㴧,,
顕,顕,顕,xiǎn,xian,3,ㄒㄧㄢ
㖫,㖫,㖫,líng,ling,2,ㄌㄧㄥ
䝫,䝫,䝫,zuó,zuo,2,ㄗㄨㄛ
棬,棬,桊,quān,quan,1,ㄑㄩㄢ
鍚,鍚,钖,yáng,yang,2,ㄧㄤ
鎕,鎕,鎕,táng,tang,2,ㄊㄤ
䖾,䖾,䖾,䖾,䖾,,
䱬,䱬,䱬,䱬,䱬,,
㥝,㥝,㥝,mǐ,mi,3,ㄇㄧ
廹,廹,廹,pò,po,4,ㄆㄛ
萛,萛,萛,jīu,jiu,1,ㄐㄧㄡ
䪩,䪩,䪩,yín,yin,2,ㄧㄣ
卦,卦,卦,guà,gua,4,ㄍㄨㄚ
辍,輟,辍,chuò,chuo,4,ㄔㄨㄛ
蹪,蹪,蹪,túi,tui,2,ㄊㄨㄟ
壨,壨,壨,léi,lei,2,ㄌㄟ
橐,橐,橐,tuó,tuo,2,ㄊㄨㄛ
狹,狹,狭,xiá,xia,2,ㄒㄧㄚ
孵,孵,孵,fū,fu,1,ㄈㄨ
禾,禾,禾,hé,he,2,ㄏㄜ
顖,顖,顖,xìn,xin,4,ㄒㄧㄣ
䏡,䏡,䏡,shì,shi,4,ㄕ
忩,忩,忩,cōng,cong,1,ㄘㄨㄥ
㸊,㸊,㸊,là,la,4,ㄌㄚ
瀸,瀸,瀸,jiān,jian,1,ㄐㄧㄢ
䎙,䎙,䎙,䎙,䎙,,
黡,黶,黡,yǎn,yan,3,ㄧㄢ
謚,謚,谥,shì,shi,4,ㄕ
灰,灰,灰,hūi,hui,1,ㄏㄨㄟ
诧,詫,诧,chà,cha,4,ㄔㄚ
欳,欳,欳,kuài,kuai,4,ㄎㄨㄞ
溈,溈,沩,gūi,gui,1,ㄍㄨㄟ
鶝,鶝,鶝,fú,fu,2,ㄈㄨ
瞋,瞋,瞋,chēn,chen,1,ㄔㄣ
䭏,䭏,䭏,䭏,䭏,,
鷋,鷋,鷋,tú,tu,2,ㄊㄨ
翁,翁,翁,wēng,weng,1,ㄨㄥ
㕞,㕞,㕞,㕞,㕞,,
挦,撏,挦,xún,xun,2,ㄒㄩㄣ
亱,亱,亱,yè,ye,4,ㄧㄝ
䮥,䮥,䮥,lì,li,4,ㄌㄧ
㒞,㒞,㒞,jùn,jun,4,ㄐㄩㄣ
寰,寰,寰,huán,huan,2,ㄏㄨㄢ
㴈,㴈,㴈,yìn,yin,4,ㄧㄣ
脃,脃,脃,cùi,cui,4,ㄘㄨㄟ
鱎,鱎,鱎,jiǎo,jiao,3,ㄐㄧㄠ
掕,掕,掕,lìng,ling,4,ㄌㄧㄥ
㯗,㯗,㯗,rǎn,ran,3,ㄖㄢ
榽,榽,榽,xī,xi,1,ㄒㄧ
䭳,䭳,䭳,wèi,wei,4,ㄨㄟ
鎥,鎥,鎥,tiáo,tiao,2,ㄊㄧㄠ
䱭,䱭,䱭,gèng,geng,4,ㄍㄥ
䃚,䃚,䃚,cù,cu,4,ㄘㄨ
鱿,魷,鱿,yóu,you,2,ㄧㄡ
蜄,蜄,蜄,zhèn,zhen,4,ㄓㄣ
媎,媎,媎,jiě,jie,3,ㄐㄧㄝ
攭,攭,攭,lì,li,4,ㄌㄧ
曕,曕,曕,yàn,yan,4,ㄧㄢ
栭,栭,栭,ér,er,2,ㄦ
懽,懽,懽,huān,huan,1,ㄏㄨㄢ
㐐,㐐,㐐,㐐,㐐,,
會,會,会,hùi,hui,4,ㄏㄨㄟ
韊,韊,韊,lán,lan,2,ㄌㄢ
謡,謡,謡,yáo,yao,2,ㄧㄠ
䛜,䛜,䛜,xùn,xun,4,ㄒㄩㄣ
镨,鐠,镨,pǔ,pu,3,ㄆㄨ
侘,侘,侘,chà,cha,4,ㄔㄚ
讱,訒,讱,rèn,ren,4,ㄖㄣ
爎,爎,爎,爎,爎,,
埘,塒,埘,shí,shi,2,ㄕ
鬶,鬶,鬶,gūi,gui,1,ㄍㄨㄟ
姗,姍,姗,shān,shan,1,ㄕㄢ
眲,眲,眲,èr,er,4,ㄦ
膕,膕,腘,guó,guo,2,ㄍㄨㄛ
帹,帹,帹,shà,sha,4,ㄕㄚ
䈖,䈖,䈖,䈖,䈖,,
違,違,违,wéi,wei,2,ㄨㄟ
醹,醹,醹,rú,ru,2,ㄖㄨ
岉,岉,岉,wù,wu,4,ㄨ
㰝,㰝,㰝,yǐ,yi,3,ㄧ
洑,洑,洑,fú,fu,2,ㄈㄨ
穹,穹,穹,qióng,qiong,2,ㄑㄩㄥ
貧,貧,贫,pín,pin,2,ㄆㄧㄣ
茰,茰,茰,yú,yu,2,ㄩ
繎,繎,繎,rán,ran,2,ㄖㄢ
瑓,瑓,瑓,liàn,lian,4,ㄌㄧㄢ
䝸,䝸,䝸,jì,ji,4,ㄐㄧ
栌,櫨,栌,lú,lu,2,ㄌㄨ
鿣,鿣,鿣,鿣,鿣,,
㷜,㷜,㷜,㷜,㷜,,
坖,坖,坖,jì,ji,4,ㄐㄧ
潁,潁,颍,yǐng,ying,3,ㄧㄥ
駱,駱,骆,luò,luo,4,ㄌㄨㄛ
㛉,㛉,㛉,㛉,㛉,,
貃,貃,貃,mò,mo,4,ㄇㄛ
孉,孉,孉,quán,quan,2,ㄑㄩㄢ
䐠,䐠,䐠,huǎng,huang,3,ㄏㄨㄤ
鎵,鎵,镓,jiā,jia,1,ㄐㄧㄚ
蝵,蝵,蝵,qīu,qiu,1,ㄑㄧㄡ
鯟,鯟,鯟,dōng,dong,1,ㄉㄨㄥ
㛥,㛥,㛥,tà,ta,4,ㄊㄚ
簠,簠,簠,fǔ,fu,3,ㄈㄨ
狷,狷,狷,juàn,juan,4,ㄐㄩㄢ
㩎,㩎,㩎,yè,ye,4,ㄧㄝ
颞,顳,颞,niè,nie,4,ㄋㄧㄝ
拭,拭,拭,shì,shi,4,ㄕ
茔,塋,茔,yíng,ying,2,ㄧㄥ
鈫,鈫,鈫,鈫,鈫,,
䋺,䋺,䋺,䋺,䋺,,
烻,烻,烻,shān,shan,1,ㄕㄢ
乱,亂,乱,luàn,luan,4,ㄌㄨㄢ
計,計,计,jì,ji,4,ㄐㄧ
䋭,䋭,䋭,huò,huo,4,ㄏㄨㄛ
䣀,䣀,䣀,gǔi,gui,3,ㄍㄨㄟ
禧,禧,禧,xǐ,xi,3,ㄒㄧ
桱,桱,桱,jìng,jing,4,ㄐㄧㄥ
㥠,㥠,㥠,xǔ,xu,3,ㄒㄩ
改,改,改,gǎi,gai,3,ㄍㄞ
鄋,鄋,鄋,sōu,sou,1,ㄙㄡ
镣,鐐,镣,liáo,liao,2,ㄌㄧㄠ
麇,麇,麇,jūn,jun,1,ㄐㄩㄣ
䤱,䤱,䤱,shì,shi,4,ㄕ
堎,堎,堎,lèng,leng,4,ㄌㄥ
寗,寗,寗,níng,ning,2,ㄋㄧㄥ
璁,璁,璁,cōng,cong,1,ㄘㄨㄥ
嶀,嶀,嶀,tū,tu,1,ㄊㄨ
愋,愋,愋,xuān,xuan,1,ㄒㄩㄢ
交,交,交,jiāo,jiao,1,ㄐㄧㄠ
著,著,着,zhù,zhu,4,ㄓㄨ
畿,畿,畿,jī,ji,1,ㄐㄧ
㩒,㩒,㩒,qín,qin,2,ㄑㄧㄣ
嶛,嶛,嶛,liáo,liao,2,ㄌㄧㄠ
廊,廊,廊,láng,lang,2,ㄌㄤ
錟,錟,锬,tán,tan,2,ㄊㄢ
㚀,㚀,㚀,㚀,㚀,,
㹩,㹩,㹩,㹩,㹩,,
烑,烑,烑,yáo,yao,2,ㄧㄠ
㟻,㟻,㟻,qiàn,qian,4,ㄑㄧㄢ
屽,屽,屽,hàn,han,4,ㄏㄢ
㰬,㰬,㰬,xún,xun,2,ㄒㄩㄣ
六,六,六,lìu,liu,4,ㄌㄧㄡ
瀥,瀥,瀥,hào,hao,4,ㄏㄠ
鋨,鋨,锇,tiě,tie,3,ㄊㄧㄝ
榘,榘,榘,jǔ,ju,3,ㄐㄩ
袦,袦,袦,nà,na,4,ㄋㄚ
儹,儹,儹,zǎn,zan,3,ㄗㄢ
悅,悅,悦,yuè,yue,4,ㄩㄝ
霳,霳,霳,lóng,long,2,ㄌㄨㄥ
㛵,㛵,㛵,㛵,㛵,,
竲,竲,竲,céng,ceng,2,ㄘㄥ
嶁,嶁,嵝,lǒu,lou,3,ㄌㄡ
䡱,䡱,䡱,zhuǎn,zhuan,3,ㄓㄨㄢ
譋,譋,譋,lán,lan,2,ㄌㄢ
齶,齶,腭,è,e,4,ㄜ
甹,甹,甹,píng,ping,2,ㄆㄧㄥ
鋻,鋻,鋻,jiàn,jian,4,ㄐㄧㄢ
䀜,䀜,䀜,gǔ,gu,3,ㄍㄨ
藫,藫,藫,tán,tan,2,ㄊㄢ
千,韆,千,qiān,qian,1,ㄑㄧㄢ
岓,岓,岓,qí,qi,2,ㄑㄧ
䯆,䯆,䯆,yì,yi,4,ㄧ
死,死,死,sǐ,si,3,ㄙ
奵,奵,奵,dīng,ding,1,ㄉㄧㄥ
坬,坬,坬,guà,gua,4,ㄍㄨㄚ
㙟,㙟,㙟,lǎng,lang,3,ㄌㄤ
栺,栺,栺,zhǐ,zhi,3,ㄓ
䩬,䩬,䩬,běng,beng,3,ㄅㄥ
輰,輰,輰,yáng,yang,2,ㄧㄤ
㭛,㭛,㭛,pài,pai,4,ㄆㄞ
䤐,䤐,䤐,jǐn,jin,3,ㄐㄧㄣ
䳹,䳹,䳹,kòu,kou,4,ㄎㄡ
賎,賎,賎,jiàn,jian,4,ㄐㄧㄢ
糞,糞,粪,fèn,fen,4,ㄈㄣ
䫆,䫆,䫆,chéng,cheng,2,ㄔㄥ
銇,銇,銇,lèi,lei,4,ㄌㄟ
食,食,食,shí,shi,2,ㄕ
帨,帨,帨,shùi,shui,4,ㄕㄨㄟ
裻,裻,裻,dǔ,du,3,ㄉㄨ
豞,豞,豞,hòu,hou,4,ㄏㄡ
貮,貮,貮,èr,er,4,ㄦ
徴,徴,徴,zhēng,zheng,1,ㄓㄥ
辧,辧,辧,biàn,bian,4,ㄅㄧㄢ
骂,罵,骂,mà,ma,4,ㄇㄚ
蘼,蘼,蘼,mí,mi,2,ㄇㄧ
㭵,㭵,㭵,㭵,㭵,,
蜃,蜃,蜃,shèn,shen,4,ㄕㄣ
醲,醲,醲,nóng,nong,2,ㄋㄨㄥ
紣,紣,紣,cùi,cui,4,ㄘㄨㄟ
閒,閒,闲,xián,xian,2,ㄒㄧㄢ
芖,芖,芖,zhì,zhi,4,ㄓ
媁,媁,媁,wēi,wei,1,ㄨㄟ
㙐,㙐,㙐,duǒ,duo,3,ㄉㄨㄛ
覃,覃,覃,tán,tan,2,ㄊㄢ
鯔,鯔,鲻,zī,zi,1,ㄗ
苃,苃,苃,yǒu,you,3,ㄧㄡ
㖕,㖕,㖕,bò,bo,4,ㄅㄛ
统,統,统,tǒng,tong,3,ㄊㄨㄥ
㷥,㷥,㷥,㷥,㷥,,
矸,矸,矸,gān,gan,1,ㄍㄢ
㗐,㗐,㗐,㗐,㗐,,
㧺,㧺,㧺,tà,ta,4,ㄊㄚ
踫,踫,踫,pèng,peng,4,ㄆㄥ
怹,怹,怹,tān,tan,1,ㄊㄢ
簩,簩,簩,láo,lao,2,ㄌㄠ
敶,敶,敶,zhèn,zhen,4,ㄓㄣ
僾,僾,僾,ài,ai,4,ㄞ
豉,豉,豉,chǐ,chi,3,ㄔ
膽,膽,胆,dǎn,dan,3,ㄉㄢ
釥,釥,釥,qiǎo,qiao,3,ㄑㄧㄠ
濘,濘,泞,nìng,ning,4,ㄋㄧㄥ
鿊,鿊,鿊,鿊,鿊,,
歵,歵,歵,cuò,cuo,4,ㄘㄨㄛ
齴,齴,齴,xiǎn,xian,3,ㄒㄧㄢ
栿,栿,栿,fú,fu,2,ㄈㄨ
徯,徯,徯,xī,xi,1,ㄒㄧ
侹,侹,侹,tǐng,ting,3,ㄊㄧㄥ
䙤,䙤,䙤,duǒ,duo,3,ㄉㄨㄛ
遃,遃,遃,yǎn,yan,3,ㄧㄢ
颥,顬,颥,rú,ru,2,ㄖㄨ
儮,儮,儮,lì,li,4,ㄌㄧ
栐,栐,栐,yǒng,yong,3,ㄩㄥ
炘,炘,炘,xīn,xin,1,ㄒㄧㄣ
鞷,鞷,鞷,gé,ge,2,ㄍㄜ
詪,詪,詪,hěn,hen,3,ㄏㄣ
眸,眸,眸,móu,mou,2,ㄇㄡ
茇,茇,茇,bá,ba,2,ㄅㄚ
藇,藇,藇,xù,xu,4,ㄒㄩ
剟,剟,剟,duō,duo,1,ㄉㄨㄛ
刳,刳,刳,kū,ku,1,ㄎㄨ
磔,磔,磔,zhé,zhe,2,ㄓㄜ
焴,焴,焴,yù,yu,4,ㄩ
槡,槡,槡,槡,槡,,
詞,詞,词,cí,ci,2,ㄘ
鎀,鎀,鎀,xīu,xiu,1,ㄒㄧㄡ
㞷,㞷,㞷,huáng,huang,2,ㄏㄨㄤ
䩋,䩋,䩋,mǒ,mo,3,ㄇㄛ
淪,淪,沦,lún,lun,2,ㄌㄨㄣ
䗝,䗝,䗝,cán,can,2,ㄘㄢ
辻,辻,辻,辻,辻,,
傋,傋,傋,gòu,gou,4,ㄍㄡ
巙,巙,巙,náo,nao,2,ㄋㄠ
樫,樫,樫,jiān,jian,1,ㄐㄧㄢ
媳,媳,媳,xí,xi,2,ㄒㄧ
䟕,䟕,䟕,chà,cha,4,ㄔㄚ
袞,袞,衮,gǔn,gun,3,ㄍㄨㄣ
镟,镟,碹,xuàn,xuan,4,ㄒㄩㄢ
魊,魊,魊,yù,yu,4,ㄩ
贚,贚,贚,lòng,long,4,ㄌㄨㄥ
垍,垍,垍,jì,ji,4,ㄐㄧ
㯝,㯝,㯝,lù,lu,4,ㄌㄨ
䳪,䳪,䳪,juàn,juan,4,ㄐㄩㄢ
盫,盫,盫,ān,an,1,ㄢ
㤺,㤺,㤺,huǎng,huang,3,ㄏㄨㄤ
漳,漳,漳,zhāng,zhang,1,ㄓㄤ
㷴,㷴,㷴,gé,ge,2,ㄍㄜ
䒤,䒤,䒤,rì,ri,4,ㄖ
厴,厴,厣,yǎn,yan,3,ㄧㄢ
差,差,差,chà,cha,4,ㄔㄚ
頾,頾,頾,zī,zi,1,ㄗ
嫤,嫤,嫤,jìn,jin,4,ㄐㄧㄣ
叴,叴,叴,qíu,qiu,2,ㄑㄧㄡ
怋,怋,怋,mín,min,2,ㄇㄧㄣ
輫,輫,輫,pái,pai,2,ㄆㄞ
㾪,㾪,㾪,shěng,sheng,3,ㄕㄥ
鱋,鱋,鱋,qū,qu,1,ㄑㄩ
㧡,㧡,㧡,hài,hai,4,ㄏㄞ
㘻,㘻,㘻,㘻,㘻,,
嫽,嫽,嫽,liáo,liao,2,ㄌㄧㄠ
䪯,䪯,䪯,yíng,ying,2,ㄧㄥ
拂,拂,拂,fú,fu,2,ㄈㄨ
嫗,嫗,妪,yù,yu,4,ㄩ
㒴,㒴,㒴,gǔ,gu,3,ㄍㄨ
彂,彂,彂,fā,fa,1,ㄈㄚ
鈟,鈟,鈟,shī,shi,1,ㄕ
鄔,鄔,邬,wū,wu,1,ㄨ
受,受,受,shòu,shou,4,ㄕㄡ
䘡,䘡,䘡,bǐ,bi,3,ㄅㄧ
㰹,㰹,㰹,jìn,jin,4,ㄐㄧㄣ
粒,粒,粒,lì,li,4,ㄌㄧ
㑋,㑋,㑋,jiòng,jiong,4,ㄐㄩㄥ
蜚,蜚,蜚,fēi,fei,1,ㄈㄟ
禉,禉,禉,yǒu,you,3,ㄧㄡ
嫣,嫣,嫣,yān,yan,1,ㄧㄢ
䞳,䞳,䞳,bó,bo,2,ㄅㄛ
㤽,㤽,㤽,chóu,chou,2,ㄔㄡ
㧨,㧨,㧨,qíu,qiu,2,ㄑㄧㄡ
梴,梴,梴,chān,chan,1,ㄔㄢ
㞡,㞡,㞡,zhǎn,zhan,3,ㄓㄢ
哎,哎,哎,āi,ai,1,ㄞ
屩,屩,屩,juē,jue,1,ㄐㄩㄝ
畄,畄,畄,líu,liu,2,ㄌㄧㄡ
㿊,㿊,㿊,cǎn,can,3,ㄘㄢ
䗶,䗶,䗶,là,la,4,ㄌㄚ
笁,笁,笁,zhú,zhu,2,ㄓㄨ
撉,撉,撉,dūn,dun,1,ㄉㄨㄣ
䴵,䴵,䴵,bǐng,bing,3,ㄅㄧㄥ
鎞,鎞,鎞,bì,bi,4,ㄅㄧ
白,白,白,bái,bai,2,ㄅㄞ
咣,咣,咣,guāng,guang,1,ㄍㄨㄤ
玕,玕,玕,gān,gan,1,ㄍㄢ
铬,鉻,铬,gè,ge,4,ㄍㄜ
䡕,䡕,䡕,zhěng,zheng,3,ㄓㄥ
蚯,蚯,蚯,qīu,qiu,1,ㄑㄧㄡ
丼,丼,丼,jǐng,jing,3,ㄐㄧㄥ
絴,絴,絴,xiáng,xiang,2,ㄒㄧㄤ
猿,猿,猿,yuán,yuan,2,ㄩㄢ
䖤,䖤,䖤,wǎn,wan,3,ㄨㄢ
鴌,鴌,鴌,fèng,feng,4,ㄈㄥ
瓋,瓋,瓋,zhé,zhe,2,ㄓㄜ
鍍,鍍,镀,dù,du,4,ㄉㄨ
瞨,瞨,瞨,pú,pu,2,ㄆㄨ
賅,賅,赅,gāi,gai,1,ㄍㄞ
虸,虸,虸,zǐ,zi,3,ㄗ
悹,悹,悹,guàn,guan,4,ㄍㄨㄢ
橃,橃,橃,fā,fa,1,ㄈㄚ
嗚,嗚,呜,wū,wu,1,ㄨ
撅,撅,撅,juē,jue,1,ㄐㄩㄝ
鍦,鍦,鍦,shé,she,2,ㄕㄜ
阇,闍,阇,dū,du,1,ㄉㄨ
鷥,鷥,鸶,sī,si,1,ㄙ
茳,茳,茳,jiāng,jiang,1,ㄐㄧㄤ
獵,獵,猎,liè,lie,4,ㄌㄧㄝ
参,參,参,cān,can,1,ㄘㄢ
鬓,鬢,鬓,bìn,bin,4,ㄅㄧㄣ
謽,謽,謽,jiàng,jiang,4,ㄐㄧㄤ
䝐,䝐,䝐,wéi,wei,2,ㄨㄟ
姑,姑,姑,gū,gu,1,ㄍㄨ
㘃,㘃,㘃,㘃,㘃,,
刕,刕,刕,lí,li,2,ㄌㄧ
椙,椙,椙,椙,椙,,
秖,秖,秖,zhī,zhi,1,ㄓ
鐥,鐥,䦅,shàn,shan,4,ㄕㄢ
彖,彖,彖,tuàn,tuan,4,ㄊㄨㄢ
慨,慨,慨,kǎi,kai,3,ㄎㄞ
稆,穭,稆,lǔ,lu,3,ㄌㄨ
㝌,㝌,㝌,jié,jie,2,ㄐㄧㄝ
镑,鎊,镑,bàng,bang,4,ㄅㄤ
鰱,鰱,鲢,lián,lian,2,ㄌㄧㄢ
鶄,鶄,䴖,jīng,jing,1,ㄐㄧㄥ
哺,哺,哺,bǔ,bu,3,ㄅㄨ
咠,咠,咠,qì,qi,4,ㄑㄧ
鬘,鬘,鬘,mán,man,2,ㄇㄢ
鷤,鷤,鷤,quán,quan,2,ㄑㄩㄢ
㛰,㛰,㛰,㛰,㛰,,
鷐,鷐,鷐,chén,chen,2,ㄔㄣ
唁,唁,唁,yàn,yan,4,ㄧㄢ
㣈,㣈,㣈,sì,si,4,ㄙ
庍,庍,庍,bài,bai,4,ㄅㄞ
馶,馶,馶,zhī,zhi,1,ㄓ
飋,飋,飋,sè,se,4,ㄙㄜ
鯆,鯆,鯆,fǔ,fu,3,ㄈㄨ
佚,佚,佚,yì,yi,4,ㄧ
藝,藝,艺,yì,yi,4,ㄧ
贞,貞,贞,zhēn,zhen,1,ㄓㄣ
㣽,㣽,㣽,shù,shu,4,ㄕㄨ
摸,摸,摸,mō,mo,1,ㄇㄛ
熏,熏,熏,xūn,xun,1,ㄒㄩㄣ
玹,玹,玹,xuán,xuan,2,ㄒㄩㄢ
㵤,㵤,㵤,diàn,dian,4,ㄉㄧㄢ
鉝,鉝,鉝,lì,li,4,ㄌㄧ
獉,獉,獉,zhēn,zhen,1,ㄓㄣ
谊,誼,谊,yí,yi,2,ㄧ
㒗,㒗,㒗,tái,tai,2,ㄊㄞ
绻,綣,绻,quǎn,quan,3,ㄑㄩㄢ
㡢,㡢,㡢,màn,man,4,ㄇㄢ
謕,謕,謕,tí,ti,2,ㄊㄧ
㭮,㭮,㭮,zuò,zuo,4,ㄗㄨㄛ
殜,殜,殜,yè,ye,4,ㄧㄝ
轛,轛,轛,dùi,dui,4,ㄉㄨㄟ
髙,髙,髙,gāo,gao,1,ㄍㄠ
鴰,鴰,鸹,guā,gua,1,ㄍㄨㄚ
䦪,䦪,䦪,yà,ya,4,ㄧㄚ
㘁,㘁,㘁,yì,yi,4,ㄧ
㝰,㝰,㝰,mián,mian,2,ㄇㄧㄢ
潒,潒,潒,dàng,dang,4,ㄉㄤ
挋,挋,挋,zhèn,zhen,4,ㄓㄣ
逜,逜,逜,wù,wu,4,ㄨ
䌃,䌃,䌃,shuò,shuo,4,ㄕㄨㄛ
厯,厯,厯,lì,li,4,ㄌㄧ
眽,眽,眽,mò,mo,4,ㄇㄛ
馷,馷,馷,pèi,pei,4,ㄆㄟ
蠽,蠽,蠽,jié,jie,2,ㄐㄧㄝ
由,由,由,yóu,you,2,ㄧㄡ
稢,稢,稢,yù,yu,4,ㄩ
駸,駸,骎,qīn,qin,1,ㄑㄧㄣ
寎,寎,寎,bìng,bing,4,ㄅㄧㄥ
鴁,鴁,鴁,yāo,yao,1,ㄧㄠ
聭,聭,聭,kùi,kui,4,ㄎㄨㄟ
㮦,㮦,㮦,sè,se,4,ㄙㄜ
雟,雟,雟,xī,xi,1,ㄒㄧ
融,融,融,róng,rong,2,ㄖㄨㄥ
晼,晼,晼,wǎn,wan,3,ㄨㄢ
瓍,瓍,瓍,sùi,sui,4,ㄙㄨㄟ
覞,覞,覞,yào,yao,4,ㄧㄠ
㳮,㳮,㳮,niào,niao,4,ㄋㄧㄠ
炏,炏,炏,kài,kai,4,ㄎㄞ
㘚,㘚,㘎,hǎn,han,3,ㄏㄢ
韤,韤,韤,wà,wa,4,ㄨㄚ
龎,龎,龎,páng,pang,2,ㄆㄤ
羍,羍,羍,tà,ta,4,ㄊㄚ
䮴,䮴,䮴,dèng,deng,4,ㄉㄥ
頬,頬,頬,jiá,jia,2,ㄐㄧㄚ
䱃,䱃,䱃,dǐ,di,3,ㄉㄧ
彚,彚,彚,hùi,hui,4,ㄏㄨㄟ
鑺,鑺,鑺,qú,qu,2,ㄑㄩ
轉,轉,转,zhuǎn,zhuan,3,ㄓㄨㄢ
餃,餃,饺,jiǎo,jiao,3,ㄐㄧㄠ
馈,饋,馈,kùi,kui,4,ㄎㄨㄟ
㬺,㬺,㬺,㬺,㬺,,
䰑,䰑,䰑,䰑,䰑,,
㒩,㒩,㒩,luǒ,luo,3,ㄌㄨㄛ
譏,譏,讥,jī,ji,1,ㄐㄧ
赪,赬,赪,chēng,cheng,1,ㄔㄥ
奅,奅,奅,pào,pao,4,ㄆㄠ
䠕,䠕,䠕,䠕,䠕,,
韞,韞,韫,yùn,yun,4,ㄩㄣ
鈌,鈌,鈌,jué,jue,2,ㄐㄩㄝ
㾏,㾏,㾏,jiè,jie,4,ㄐㄧㄝ
棤,棤,棤,xí,xi,2,ㄒㄧ
䰛,䰛,䰛,lì,li,4,ㄌㄧ
漠,漠,漠,mò,mo,4,ㄇㄛ
蟿,蟿,蟿,qì,qi,4,ㄑㄧ
㤫,㤫,㤫,dé,de,2,ㄉㄜ
簊,簊,簊,jī,ji,1,ㄐㄧ
䛻,䛻,䛻,yòu,you,4,ㄧㄡ
懆,懆,懆,cǎo,cao,3,ㄘㄠ
佲,佲,佲,míng,ming,2,ㄇㄧㄥ
鷘,鷘,鷘,chì,chi,4,ㄔ
刓,刓,刓,wán,wan,2,ㄨㄢ
圲,圲,圲,qiān,qian,1,ㄑㄧㄢ
㮁,㮁,㮁,yáo,yao,2,ㄧㄠ
嬇,嬇,嬇,hùi,hui,4,ㄏㄨㄟ
㕤,㕤,㕤,qíu,qiu,2,ㄑㄧㄡ
殉,殉,殉,xùn,xun,4,ㄒㄩㄣ
欌,欌,欌,欌,欌,,
櫣,櫣,櫣,lián,lian,2,ㄌㄧㄢ
入,入,入,rù,ru,4,ㄖㄨ
滛,滛,滛,yín,yin,2,ㄧㄣ
㥏,㥏,㥏,tiǎn,tian,3,ㄊㄧㄢ
嬓,嬓,嬓,jiào,jiao,4,ㄐㄧㄠ
舕,舕,舕,dàn,dan,4,ㄉㄢ
趢,趢,趢,lù,lu,4,ㄌㄨ
㯩,㯩,㯩,tì,ti,4,ㄊㄧ
䞯,䞯,䞯,fù,fu,4,ㄈㄨ
敋,敋,敋,gé,ge,2,ㄍㄜ
驠,驠,驠,yàn,yan,4,ㄧㄢ
着,著,着,zháo,zhao,2,ㄓㄠ
㕾,㕾,㕾,㕾,㕾,,
㻤,㻤,㻤,㻤,㻤,,
籥,籥,籥,yuè,yue,4,ㄩㄝ
紳,紳,绅,shēn,shen,1,ㄕㄣ
耔,耔,耔,zǐ,zi,3,ㄗ
愑,愑,愑,yǒng,yong,3,ㄩㄥ
䡓,䡓,䡓,juàn,juan,4,ㄐㄩㄢ
鉱,鉱,鉱,kuàng,kuang,4,ㄎㄨㄤ
㶣,㶣,㶣,chán,chan,2,ㄔㄢ
䴝,䴝,䴝,bù,bu,4,ㄅㄨ
鬀,鬀,鬀,tì,ti,4,ㄊㄧ
睟,睟,睟,sùi,sui,4,ㄙㄨㄟ
䵹,䵹,䵹,䵹,䵹,,
檞,檞,檞,jiě,jie,3,ㄐㄧㄝ
笘,笘,笘,shān,shan,1,ㄕㄢ
涕,涕,涕,tì,ti,4,ㄊㄧ
属,屬,属,shǔ,shu,3,ㄕㄨ
瓉,瓉,瓉,zàn,zan,4,ㄗㄢ
圦,圦,圦,圦,圦,,
䎄,䎄,䎄,tiáo,tiao,2,ㄊㄧㄠ
烤,烤,烤,kǎo,kao,3,ㄎㄠ
㥩,㥩,㥩,duǒ,duo,3,ㄉㄨㄛ
沞,沞,沞,zā,za,1,ㄗㄚ
穆,穆,穆,mù,mu,4,ㄇㄨ
観,観,観,guān,guan,1,ㄍㄨㄢ
刐,刐,刐,dǎn,dan,3,ㄉㄢ
妣,妣,妣,bǐ,bi,3,ㄅㄧ
澎,澎,澎,péng,peng,2,ㄆㄥ
閑,閑,闲,xián,xian,2,ㄒㄧㄢ
䮃,䮃,䮃,䮃,䮃,,
貂,貂,貂,diāo,diao,1,ㄉㄧㄠ
硘,硘,硘,硘,硘,,
㮫,㮫,㮫,hé,he,2,ㄏㄜ
薍,薍,薍,luàn,luan,4,ㄌㄨㄢ
鿔,鿔,鿔,鿔,鿔,,
輻,輻,辐,fú,fu,2,ㄈㄨ
阨,阨,阨,è,e,4,ㄜ
㓴,㓴,㓴,jùn,jun,4,ㄐㄩㄣ
嫾,嫾,嫾,lián,lian,2,ㄌㄧㄢ
濄,濄,濄,guō,guo,1,ㄍㄨㄛ
䕽,䕽,䕽,zhú,zhu,2,ㄓㄨ
㴒,㴒,㴒,yì,yi,4,ㄧ
䏁,䏁,䏁,zǎi,zai,3,ㄗㄞ
䓭,䓭,䓭,chà,cha,4,ㄔㄚ
涽,涽,涽,hūn,hun,1,ㄏㄨㄣ
繿,繿,繿,lán,lan,2,ㄌㄢ
䏬,䏬,䏬,móu,mou,2,ㄇㄡ
叼,叼,叼,diāo,diao,1,ㄉㄧㄠ
攣,攣,挛,luán,luan,2,ㄌㄨㄢ
曳,曳,曳,yè,ye,4,ㄧㄝ
褣,褣,褣,róng,rong,2,ㄖㄨㄥ
䙾,䙾,䙾,䙾,䙾,,
鐒,鐒,铹,láo,lao,2,ㄌㄠ
烾,烾,烾,chì,chi,4,ㄔ
趈,趈,趈,zhān,zhan,1,ㄓㄢ
箭,箭,箭,jiàn,jian,4,ㄐㄧㄢ
腋,腋,腋,yì,yi,4,ㄧ
黯,黯,黯,àn,an,4,ㄢ
㢬,㢬,㢬,hóng,hong,2,ㄏㄨㄥ
垲,塏,垲,kǎi,kai,3,ㄎㄞ
泗,泗,泗,sì,si,4,ㄙ
臽,臽,臽,xiàn,xian,4,ㄒㄧㄢ
捠,捠,捠,bāng,bang,1,ㄅㄤ
溤,溤,溤,mǎ,ma,3,ㄇㄚ
舮,舮,舮,舮,舮,,
鉸,鉸,铰,jiǎo,jiao,3,ㄐㄧㄠ
戗,戧,戗,qiāng,qiang,1,ㄑㄧㄤ
㒠,㒠,㒠,xiè,xie,4,ㄒㄧㄝ
姤,姤,姤,gòu,gou,4,ㄍㄡ
哓,嘵,哓,xiāo,xiao,1,ㄒㄧㄠ
汽,汽,汽,qì,qi,4,ㄑㄧ
屾,屾,屾,shēn,shen,1,ㄕㄣ
溢,溢,溢,yì,yi,4,ㄧ
魅,魅,魅,mèi,mei,4,ㄇㄟ
鯸,鯸,鯸,hóu,hou,2,ㄏㄡ
艏,艏,艏,shǒu,shou,3,ㄕㄡ
諜,諜,谍,dié,die,2,ㄉㄧㄝ
哨,哨,哨,shào,shao,4,ㄕㄠ
塲,塲,塲,cháng,chang,2,ㄔㄤ
网,網,网,wǎng,wang,3,ㄨㄤ
娊,娊,娊,xiàn,xian,4,ㄒㄧㄢ
驳,駁,驳,bó,bo,2,ㄅㄛ
㞾,㞾,㞾,ní,ni,2,ㄋㄧ
鼧,鼧,鼧,tuó,tuo,2,ㄊㄨㄛ
䚓,䚓,䚓,niǎn,nian,3,ㄋㄧㄢ
㕁,㕁,㕁,què,que,4,ㄑㄩㄝ
羱,羱,羱,yuán,yuan,2,ㄩㄢ
埓,埓,埓,liè,lie,4,ㄌㄧㄝ
據,據,据,jù,ju,4,ㄐㄩ
鉹,鉹,鉹,chǐ,chi,3,ㄔ
鴼,鴼,鴼,luò,luo,4,ㄌㄨㄛ
眚,眚,眚,shěng,sheng,3,ㄕㄥ
趷,趷,趷,kē,ke,1,ㄎㄜ
琾,琾,琾,jiè,jie,4,ㄐㄧㄝ
罤,罤,罤,tí,ti,2,ㄊㄧ
襰,襰,襰,lài,lai,4,ㄌㄞ
镘,鏝,镘,màn,man,4,ㄇㄢ
罽,罽,罽,jì,ji,4,ㄐㄧ
撟,撟,挢,jiǎo,jiao,3,ㄐㄧㄠ
黖,黖,黖,xì,xi,4,ㄒㄧ
瞑,瞑,瞑,míng,ming,2,ㄇㄧㄥ
鶨,鶨,鶨,dùn,dun,4,ㄉㄨㄣ
緂,緂,緂,tān,tan,1,ㄊㄢ
炬,炬,炬,jù,ju,4,ㄐㄩ
䆬,䆬,䆬,yǔn,yun,3,ㄩㄣ
㚍,㚍,㚍,guó,guo,2,ㄍㄨㄛ
䘷,䘷,䘷,䘷,䘷,,
檳,檳,槟,bīn,bin,1,ㄅㄧㄣ
㙇,㙇,㙇,chù,chu,4,ㄔㄨ
胶,膠,胶,xiáo,xiao,2,ㄒㄧㄠ
緤,緤,緤,xiè,xie,4,ㄒㄧㄝ
㮽,㮽,㮽,㮽,㮽,,
鑆,鑆,鑆,zhùi,zhui,4,ㄓㄨㄟ
啣,啣,啣,xián,xian,2,ㄒㄧㄢ
赾,赾,赾,qǐn,qin,3,ㄑㄧㄣ
闷,悶,闷,mèn,men,4,ㄇㄣ
搎,搎,搎,sūn,sun,1,ㄙㄨㄣ
紞,紞,紞,dǎn,dan,3,ㄉㄢ
暟,暟,暟,kǎi,kai,3,ㄎㄞ
汅,汅,汅,miǎn,mian,3,ㄇㄧㄢ
儯,儯,儯,téng,teng,2,ㄊㄥ
蚡,蚡,蚡,fén,fen,2,ㄈㄣ
㫮,㫮,㫮,㫮,㫮,,
擇,擇,择,zé,ze,2,ㄗㄜ
盽,盽,盽,fēng,feng,1,ㄈㄥ
嫡,嫡,嫡,dí,di,2,ㄉㄧ
濈,濈,濈,jí,ji,2,ㄐㄧ
桓,桓,桓,huán,huan,2,ㄏㄨㄢ
棁,棁,棁,zhuó,zhuo,2,ㄓㄨㄛ
侶,侶,侣,lǔ,lu,3,ㄌㄨ
足,足,足,zú,zu,2,ㄗㄨ
坞,塢,坞,wù,wu,4,ㄨ
㷁,㷁,㷁,㷁,㷁,,
蓏,蓏,蓏,luǒ,luo,3,ㄌㄨㄛ
噀,噀,噀,xùn,xun,4,ㄒㄩㄣ
賛,賛,賛,zàn,zan,4,ㄗㄢ
菕,菕,菕,lún,lun,2,ㄌㄨㄣ
䌚,䌚,䌚,sù,su,4,ㄙㄨ
榻,榻,榻,tà,ta,4,ㄊㄚ
銐,銐,銐,chì,chi,4,ㄔ
姛,姛,姛,tǒng,tong,3,ㄊㄨㄥ
餄,餄,饸,jiá,jia,2,ㄐㄧㄚ
浆,漿,浆,jiāng,jiang,1,ㄐㄧㄤ
挆,挆,挆,duǒ,duo,3,ㄉㄨㄛ
椛,椛,椛,椛,椛,,
䁷,䁷,䁷,jué,jue,2,ㄐㄩㄝ
䭰,䭰,䭰,běng,beng,3,ㄅㄥ
蟓,蟓,蟓,xiàng,xiang,4,ㄒㄧㄤ
媇,媇,媇,qīn,qin,1,ㄑㄧㄣ
瓹,瓹,瓹,juàn,juan,4,ㄐㄩㄢ
軣,軣,軣,hōng,hong,1,ㄏㄨㄥ
鉤,鉤,钩,gōu,gou,1,ㄍㄡ
掿,掿,掿,nuò,nuo,4,ㄋㄨㄛ
忉,忉,忉,dāo,dao,1,ㄉㄠ
灭,滅,灭,miè,mie,4,ㄇㄧㄝ
臣,臣,臣,chén,chen,2,ㄔㄣ
颀,頎,颀,qí,qi,2,ㄑㄧ
亼,亼,亼,jí,ji,2,ㄐㄧ
剻,剻,剻,fóu,fou,2,ㄈㄡ
层,層,层,céng,ceng,2,ㄘㄥ
勻,勻,匀,yún,yun,2,ㄩㄣ
怯,怯,怯,qiè,qie,4,ㄑㄧㄝ
堮,堮,堮,è,e,4,ㄜ
鱙,鱙,鱙,miáo,miao,2,ㄇㄧㄠ
䛽,䛽,䛽,zhǎ,zha,3,ㄓㄚ
郷,郷,郷,xiāng,xiang,1,ㄒㄧㄤ
䮘,䮘,䮘,ér,er,2,ㄦ
䴥,䴥,䴥,䴥,䴥,,
㟊,㟊,㟊,fú,fu,2,ㄈㄨ
僃,僃,僃,bèi,bei,4,ㄅㄟ
䚭,䚭,䚭,䚭,䚭,,
贆,贆,贆,biāo,biao,1,ㄅㄧㄠ
餚,餚,餚,yáo,yao,2,ㄧㄠ
幯,幯,幯,jié,jie,2,ㄐㄧㄝ
騏,騏,骐,qí,qi,2,ㄑㄧ
藹,藹,蔼,ǎi,ai,3,ㄞ
癓,癓,癓,wéi,wei,2,ㄨㄟ
鰖,鰖,鰖,tuǒ,tuo,3,ㄊㄨㄛ
橗,橗,橗,méng,meng,2,ㄇㄥ
䁻,䁻,䁻,lì,li,4,ㄌㄧ
㑿,㑿,㑿,tiáo,tiao,2,ㄊㄧㄠ
瘃,瘃,瘃,zhú,zhu,2,ㄓㄨ
葒,葒,荭,hóng,hong,2,ㄏㄨㄥ
訧,訧,訧,yóu,you,2,ㄧㄡ
倆,倆,俩,liǎ,lia,3,ㄌㄧㄚ
㵏,㵏,㵏,cǔi,cui,3,ㄘㄨㄟ
䇂,䇂,䇂,䇂,䇂,,
鶛,鶛,鶛,jiē,jie,1,ㄐㄧㄝ
㷈,㷈,㷈,è,e,4,ㄜ
酖,酖,酖,dān,dan,1,ㄉㄢ
赨,赨,赨,xióng,xiong,2,ㄒㄩㄥ
重,重,重,zhòng,zhong,4,ㄓㄨㄥ
爳,爳,爳,爳,爳,,
嬺,嬺,嬺,nì,ni,4,ㄋㄧ
塹,塹,堑,qiàn,qian,4,ㄑㄧㄢ
朚,朚,朚,huāng,huang,1,ㄏㄨㄤ
芭,芭,芭,bā,ba,1,ㄅㄚ
礠,礠,礠,cí,ci,2,ㄘ
欛,欛,欛,bà,ba,4,ㄅㄚ
菅,菅,菅,jiān,jian,1,ㄐㄧㄢ
冢,塚,冢,zhǒng,zhong,3,ㄓㄨㄥ
圜,圜,圜,yuán,yuan,2,ㄩㄢ
鈝,鈝,鈝,yín,yin,2,ㄧㄣ
撞,撞,撞,zhuàng,zhuang,4,ㄓㄨㄤ
蛴,蠐,蛴,qí,qi,2,ㄑㄧ
淚,淚,泪,lèi,lei,4,ㄌㄟ
侨,僑,侨,qiáo,qiao,2,ㄑㄧㄠ
洡,洡,洡,lěi,lei,3,ㄌㄟ
撷,擷,撷,xié,xie,2,ㄒㄧㄝ
䉡,䉡,䉡,tán,tan,2,ㄊㄢ
䰀,䰀,䰀,wǒ,wo,3,ㄨㄛ
䩦,䩦,䩦,tiáo,tiao,2,ㄊㄧㄠ
弱,弱,弱,ruò,ruo,4,ㄖㄨㄛ
柺,柺,柺,guǎi,guai,3,ㄍㄨㄞ
瑩,瑩,莹,yíng,ying,2,ㄧㄥ
馠,馠,馠,hān,han,1,ㄏㄢ
舵,舵,舵,duò,duo,4,ㄉㄨㄛ
殌,殌,殌,jué,jue,2,ㄐㄩㄝ
瀠,瀠,潆,yíng,ying,2,ㄧㄥ
塪,塪,塪,kǎn,kan,3,ㄎㄢ
圞,圞,圞,luán,luan,2,ㄌㄨㄢ
痝,痝,痝,máng,mang,2,ㄇㄤ
㔽,㔽,㔽,yào,yao,4,ㄧㄠ
䵩,䵩,䵩,lí,li,2,ㄌㄧ
劶,劶,劶,kǒu,kou,3,ㄎㄡ
薣,薣,薣,gǔ,gu,3,ㄍㄨ
陑,陑,陑,ér,er,2,ㄦ
㓕,㓕,㓕,㓕,㓕,,
篎,篎,篎,miǎo,miao,3,ㄇㄧㄠ
呢,呢,呢,ní,ni,2,ㄋㄧ
㗮,㗮,㗮,㗮,㗮,,
朿,朿,朿,cì,ci,4,ㄘ
㮺,㮺,㮺,běn,ben,3,ㄅㄣ
㰾,㰾,㰾,jiào,jiao,4,ㄐㄧㄠ
夆,夆,夆,féng,feng,2,ㄈㄥ
淸,淸,淸,qīng,qing,1,ㄑㄧㄥ
栲,栲,栲,kǎo,kao,3,ㄎㄠ
鬒,鬒,鬒,zhěn,zhen,3,ㄓㄣ
几,幾,几,jī,ji,1,ㄐㄧ
龢,龢,龢,hé,he,2,ㄏㄜ
硾,硾,硾,zhùi,zhui,4,ㄓㄨㄟ
袌,袌,袌,bào,bao,4,ㄅㄠ
陞,陞,陞,shēng,sheng,1,ㄕㄥ
沓,遝,沓,tà,ta,4,ㄊㄚ
眏,眏,眏,yāng,yang,1,ㄧㄤ
犝,犝,犝,tóng,tong,2,ㄊㄨㄥ
輑,輑,輑,yǔn,yun,3,ㄩㄣ
铦,銛,铦,xiān,xian,1,ㄒㄧㄢ
羖,羖,羖,gǔ,gu,3,ㄍㄨ
䏙,䏙,䏙,tǎn,tan,3,ㄊㄢ
䪜,䪜,䪜,chàn,chan,4,ㄔㄢ
穗,穗,穗,sùi,sui,4,ㄙㄨㄟ
䖼,䖼,䖼,jué,jue,2,ㄐㄩㄝ
掚,掚,掚,liǎng,liang,3,ㄌㄧㄤ
㳽,㳽,㳽,mǐ,mi,3,ㄇㄧ
惦,惦,惦,diàn,dian,4,ㄉㄧㄢ
㜵,㜵,㜵,niǎo,niao,3,ㄋㄧㄠ
怖,怖,怖,bù,bu,4,ㄅㄨ
鵈,鵈,鵈,鵈,鵈,,
醛,醛,醛,quán,quan,2,ㄑㄩㄢ
嗿,嗿,嗿,tǎn,tan,3,ㄊㄢ
㥈,㥈,㥈,dié,die,2,ㄉㄧㄝ
懟,懟,怼,dùi,dui,4,ㄉㄨㄟ
写,寫,写,xiě,xie,3,ㄒㄧㄝ
蛖,蛖,蛖,máng,mang,2,ㄇㄤ
岁,歲,岁,sùi,sui,4,ㄙㄨㄟ
䎆,䎆,䎆,liào,liao,4,ㄌㄧㄠ
厂,廠,厂,chǎng,chang,3,ㄔㄤ
逊,遜,逊,xùn,xun,4,ㄒㄩㄣ
䥈,䥈,䥈,mǔ,mu,3,ㄇㄨ
毭,毭,毭,dòu,dou,4,ㄉㄡ
癙,癙,癙,shǔ,shu,3,ㄕㄨ
貹,貹,貹,shèng,sheng,4,ㄕㄥ
郰,郰,郰,zōu,zou,1,ㄗㄡ
㳼,㳼,㳼,bì,bi,4,ㄅㄧ
䟊,䟊,䟊,qú,qu,2,ㄑㄩ
農,農,农,nóng,nong,2,ㄋㄨㄥ
邬,鄔,邬,wū,wu,1,ㄨ
鵧,鵧,鵧,píng,ping,2,ㄆㄧㄥ
辙,轍,辙,chè,che,4,ㄔㄜ
聀,聀,聀,zhí,zhi,2,ㄓ
鯞,鯞,鯞,zhǒu,zhou,3,ㄓㄡ
微,微,微,wēi,wei,1,ㄨㄟ
昿,昿,昿,kuàng,kuang,4,ㄎㄨㄤ
杆,杆,杆,gān,gan,1,ㄍㄢ
谦,謙,谦,qiān,qian,1,ㄑㄧㄢ
飛,飛,飞,fēi,fei,1,ㄈㄟ
豯,豯,豯,xī,xi,1,ㄒㄧ
栙,栙,栙,xiáng,xiang,2,ㄒㄧㄤ
伳,伳,伳,xiè,xie,4,ㄒㄧㄝ
洷,洷,洷,zhì,zhi,4,ㄓ
萮,萮,萮,yù,yu,4,ㄩ
沝,沝,沝,zhǔi,zhui,3,ㄓㄨㄟ
蘧,蘧,蘧,qú,qu,2,ㄑㄩ
纣,紂,纣,zhòu,zhou,4,ㄓㄡ
邘,邘,邘,yú,yu,2,ㄩ
酙,酙,酙,zhēn,zhen,1,ㄓㄣ
㼦,㼦,㼦,gǒng,gong,3,ㄍㄨㄥ
蒄,蒄,蒄,guān,guan,1,ㄍㄨㄢ
栚,栚,栚,zhèn,zhen,4,ㄓㄣ
描,描,描,miáo,miao,2,ㄇㄧㄠ
恆,恆,恆,héng,heng,2,ㄏㄥ
紉,紉,纫,rèn,ren,4,ㄖㄣ
攒,攢,攒,zǎn,zan,3,ㄗㄢ
䭴,䭴,䭴,huán,huan,2,ㄏㄨㄢ
簂,簂,簂,guó,guo,2,ㄍㄨㄛ
颌,頜,颌,hàn,han,4,ㄏㄢ
蟊,蟊,蟊,máo,mao,2,ㄇㄠ
褒,褒,褒,bāo,bao,1,ㄅㄠ
汰,汰,汰,tài,tai,4,ㄊㄞ
㰭,㰭,㰭,㰭,㰭,,
赓,賡,赓,gēng,geng,1,ㄍㄥ
怀,懷,怀,huái,huai,2,ㄏㄨㄞ
卞,卞,卞,biàn,bian,4,ㄅㄧㄢ
㖈,㖈,㖈,㖈,㖈,,
嫎,嫎,嫎,páng,pang,2,ㄆㄤ
㩍,㩍,㩍,cè,ce,4,ㄘㄜ
壣,壣,壣,lín,lin,2,ㄌㄧㄣ
㐊,㐊,㐊,㐊,㐊,,
㤤,㤤,㤤,yú,yu,2,ㄩ
嘏,嘏,嘏,gǔ,gu,3,ㄍㄨ
䣦,䣦,䣦,lèi,lei,4,ㄌㄟ
萭,萭,萭,yǔ,yu,3,ㄩ
䪢,䪢,䪢,䪢,䪢,,
㶥,㶥,㶥,㶥,㶥,,
溏,溏,溏,táng,tang,2,ㄊㄤ
䧛,䧛,䧛,bàng,bang,4,ㄅㄤ
雂,雂,雂,qín,qin,2,ㄑㄧㄣ
梨,梨,梨,lí,li,2,ㄌㄧ
煨,煨,煨,wēi,wei,1,ㄨㄟ
垤,垤,垤,dié,die,2,ㄉㄧㄝ
䁧,䁧,䁧,miáo,miao,2,ㄇㄧㄠ
㕒,㕒,㕒,wéi,wei,2,ㄨㄟ
㺼,㺼,㺼,㺼,㺼,,
䬝,䬝,䬝,héng,heng,2,ㄏㄥ
翼,翼,翼,yì,yi,4,ㄧ
儔,儔,俦,chóu,chou,2,ㄔㄡ
潱,潱,潱,潱,潱,,
鞖,鞖,鞖,sūi,sui,1,ㄙㄨㄟ
蔬,蔬,蔬,shū,shu,1,ㄕㄨ
戦,戦,戦,zhàn,zhan,4,ㄓㄢ
脊,脊,嵴,jí,ji,2,ㄐㄧ
跊,跊,跊,mèi,mei,4,ㄇㄟ
絖,絖,絖,kuàng,kuang,4,ㄎㄨㄤ
映,映,映,yìng,ying,4,ㄧㄥ
雦,雦,雦,jí,ji,2,ㄐㄧ
㼖,㼖,㼖,lì,li,4,ㄌㄧ
悸,悸,悸,jì,ji,4,ㄐㄧ
㕟,㕟,㕟,kùi,kui,4,ㄎㄨㄟ
㜄,㜄,㜄,xún,xun,2,ㄒㄩㄣ
郃,郃,郃,hé,he,2,ㄏㄜ
瀕,瀕,濒,bīn,bin,1,ㄅㄧㄣ
臃,臃,臃,yǒng,yong,3,ㄩㄥ
簐,簐,簐,niǎn,nian,3,ㄋㄧㄢ
燥,燥,燥,zào,zao,4,ㄗㄠ
蟟,蟟,蟟,liáo,liao,2,ㄌㄧㄠ
埯,垵,埯,ǎn,an,3,ㄢ
铳,銃,铳,chòng,chong,4,ㄔㄨㄥ
鈙,鈙,鈙,qín,qin,2,ㄑㄧㄣ
磦,磦,磦,biāo,biao,1,ㄅㄧㄠ
㯜,㯜,㯜,cùi,cui,4,ㄘㄨㄟ
鎆,鎆,鎆,鎆,鎆,,
鐧,鐧,锏,jiǎn,jian,3,ㄐㄧㄢ
個,個,个,gè,ge,4,ㄍㄜ
盋,盋,盋,bō,bo,1,ㄅㄛ
酶,酶,酶,méi,mei,2,ㄇㄟ
釿,釿,釿,yín,yin,2,ㄧㄣ
剡,剡,剡,yǎn,yan,3,ㄧㄢ
规,規,规,gūi,gui,1,ㄍㄨㄟ
䝺,䝺,䝺,guàn,guan,4,ㄍㄨㄢ
㥇,㥇,㥇,cán,can,2,ㄘㄢ
㼡,㼡,㼡,㼡,㼡,,
赌,賭,赌,dǔ,du,3,ㄉㄨ
礜,礜,礜,yù,yu,4,ㄩ
螉,螉,螉,wēng,weng,1,ㄨㄥ
䡶,䡶,䡶,bèi,bei,4,ㄅㄟ
骖,驂,骖,cān,can,1,ㄘㄢ
窑,窯,窑,yáo,yao,2,ㄧㄠ
䄤,䄤,䄤,lài,lai,4,ㄌㄞ
鑨,鑨,鑨,lóng,long,2,ㄌㄨㄥ
䈬,䈬,䈬,pú,pu,2,ㄆㄨ
懧,懧,懧,nuò,nuo,4,ㄋㄨㄛ
飚,飚,飚,biāo,biao,1,ㄅㄧㄠ
礤,礤,礤,cǎ,ca,3,ㄘㄚ
雈,雈,雈,huán,huan,2,ㄏㄨㄢ
㩕,㩕,㩕,㩕,㩕,,
爃,爃,爃,róng,rong,2,ㄖㄨㄥ
冘,冘,冘,yín,yin,2,ㄧㄣ
塓,塓,塓,mì,mi,4,ㄇㄧ
巊,巊,巊,yǐng,ying,3,ㄧㄥ
㠠,㠠,㠠,lú,lu,2,ㄌㄨ
傗,傗,傗,chù,chu,4,ㄔㄨ
䁃,䁃,䁃,䁃,䁃,,
䂜,䂜,䂜,bàng,bang,4,ㄅㄤ
說,說,说,shuō,shuo,1,ㄕㄨㄛ
谾,谾,谾,hōng,hong,1,ㄏㄨㄥ
䉍,䉍,䉍,jiǎn,jian,3,ㄐㄧㄢ
鎱,鎱,鎱,yuán,yuan,2,ㄩㄢ
㬠,㬠,㬠,shài,shai,4,ㄕㄞ
騞,騞,騞,huò,huo,4,ㄏㄨㄛ
挪,挪,挪,nuó,nuo,2,ㄋㄨㄛ
喒,喒,喒,zán,zan,2,ㄗㄢ
癐,癐,癐,guài,guai,4,ㄍㄨㄞ
詩,詩,诗,shī,shi,1,ㄕ
吓,嚇,吓,xià,xia,4,ㄒㄧㄚ
践,踐,践,jiàn,jian,4,ㄐㄧㄢ
輖,輖,輖,zhōu,zhou,1,ㄓㄡ
圎,圎,圎,yuán,yuan,2,ㄩㄢ
㵸,㵸,㵸,yào,yao,4,ㄧㄠ
雽,雽,雽,xíng,xing,2,ㄒㄧㄥ
戼,戼,戼,mǎo,mao,3,ㄇㄠ
葳,葳,葳,wēi,wei,1,ㄨㄟ
暖,暖,暖,nuǎn,nuan,3,ㄋㄨㄢ
殽,殽,殽,yáo,yao,2,ㄧㄠ
䅜,䅜,䅜,duò,duo,4,ㄉㄨㄛ
䑡,䑡,䑡,䑡,䑡,,
瓎,瓎,瓎,là,la,4,ㄌㄚ
酦,醱,酦,pò,po,4,ㄆㄛ
㺊,㺊,㺊,yàng,yang,4,ㄧㄤ
捑,捑,捑,zé,ze,2,ㄗㄜ
衑,衑,衑,líng,ling,2,ㄌㄧㄥ
蒬,蒬,蒬,yuān,yuan,1,ㄩㄢ
捩,捩,捩,liè,lie,4,ㄌㄧㄝ
靎,靎,靎,hè,he,4,ㄏㄜ
蔁,蔁,蔁,zhāng,zhang,1,ㄓㄤ
鷊,鷊,鹝,nì,ni,4,ㄋㄧ
篍,篍,篍,qīu,qiu,1,ㄑㄧㄡ
汕,汕,汕,shàn,shan,4,ㄕㄢ
狪,狪,狪,tōng,tong,1,ㄊㄨㄥ
絀,絀,绌,chù,chu,4,ㄔㄨ
樥,樥,樥,péng,peng,2,ㄆㄥ
硞,硞,硞,què,que,4,ㄑㄩㄝ
穷,窮,穷,qióng,qiong,2,ㄑㄩㄥ
餻,餻,餻,gāo,gao,1,ㄍㄠ
痼,痼,痼,gù,gu,4,ㄍㄨ
饭,飯,饭,fàn,fan,4,ㄈㄢ
㩦,㩦,㩦,xié,xie,2,ㄒㄧㄝ
㲒,㲒,㲒,bào,bao,4,ㄅㄠ
㘕,㘕,㘕,hǎn,han,3,ㄏㄢ
玆,玆,玆,zī,zi,1,ㄗ
洃,洃,洃,hūi,hui,1,ㄏㄨㄟ
呓,囈,呓,yì,yi,4,ㄧ
嘓,嘓,嘓,guō,guo,1,ㄍㄨㄛ
涉,涉,涉,shè,she,4,ㄕㄜ
蔇,蔇,蔇,jì,ji,4,ㄐㄧ
苹,蘋,苹,píng,ping,2,ㄆㄧㄥ
烩,燴,烩,hùi,hui,4,ㄏㄨㄟ
畲,佘,畲,yú,yu,2,ㄩ
牗,牗,牗,牗,牗,,
涎,涎,涎,xián,xian,2,ㄒㄧㄢ
隵,隵,隵,xī,xi,1,ㄒㄧ
䩙,䩙,䩙,xuàn,xuan,4,ㄒㄩㄢ
䒨,䒨,䒨,shǐ,shi,3,ㄕ
䯨,䯨,䯨,fén,fen,2,ㄈㄣ
廲,廲,廲,lí,li,2,ㄌㄧ
軋,軋,轧,yà,ya,4,ㄧㄚ
魮,魮,魮,bí,bi,2,ㄅㄧ
匿,匿,匿,nì,ni,4,ㄋㄧ
彠,彠,彟,huò,huo,4,ㄏㄨㄛ
安,安,安,ān,an,1,ㄢ
澦,澦,滪,yù,yu,4,ㄩ
鏞,鏞,镛,yōng,yong,1,ㄩㄥ
鎮,鎮,镇,zhèn,zhen,4,ㄓㄣ
禁,禁,禁,jìn,jin,4,ㄐㄧㄣ
㬩,㬩,㬩,hùi,hui,4,ㄏㄨㄟ
盹,盹,盹,dǔn,dun,3,ㄉㄨㄣ
䌱,䌱,䌱,luò,luo,4,ㄌㄨㄛ
唛,嘜,唛,mà,ma,4,ㄇㄚ
囯,囯,囯,guó,guo,2,ㄍㄨㄛ
刲,刲,刲,kūi,kui,1,ㄎㄨㄟ
箓,籙,箓,lù,lu,4,ㄌㄨ
廝,廝,厮,sī,si,1,ㄙ
纩,纊,纩,kuàng,kuang,4,ㄎㄨㄤ
翎,翎,翎,líng,ling,2,ㄌㄧㄥ
䍝,䍝,䍝,tà,ta,4,ㄊㄚ
䚅,䚅,䚅,lái,lai,2,ㄌㄞ
䦎,䦎,䦎,guǎn,guan,3,ㄍㄨㄢ
䨵,䨵,䨵,dàn,dan,4,ㄉㄢ
遬,遬,遬,sù,su,4,ㄙㄨ
屷,屷,屷,屷,屷,,
䂃,䂃,䂃,jiào,jiao,4,ㄐㄧㄠ
過,過,过,guò,guo,4,ㄍㄨㄛ
館,館,馆,guǎn,guan,3,ㄍㄨㄢ
攚,攚,攚,攚,攚,,
䙧,䙧,䙧,䙧,䙧,,
愔,愔,愔,yīn,yin,1,ㄧㄣ
璙,璙,璙,liáo,liao,2,ㄌㄧㄠ
䰲,䰲,䰲,yà,ya,4,ㄧㄚ
摠,摠,摠,zǒng,zong,3,ㄗㄨㄥ
㛝,㛝,㛝,bèi,bei,4,ㄅㄟ
漗,漗,漗,cōng,cong,1,ㄘㄨㄥ
烞,烞,烞,pò,po,4,ㄆㄛ
莙,莙,莙,jūn,jun,1,ㄐㄩㄣ
倎,倎,倎,tiān,tian,1,ㄊㄧㄢ
鐩,鐩,鐩,sùi,sui,4,ㄙㄨㄟ
砛,砛,砛,砛,砛,,
㓻,㓻,㓻,㓻,㓻,,
㧣,㧣,㧣,zhù,zhu,4,ㄓㄨ
啑,啑,啑,shà,sha,4,ㄕㄚ
劯,劯,劯,zhū,zhu,1,ㄓㄨ
愝,愝,愝,yǎn,yan,3,ㄧㄢ
罔,罔,罔,wǎng,wang,3,ㄨㄤ
䫫,䫫,䫫,lóu,lou,2,ㄌㄡ
餵,餵,餵,wèi,wei,4,ㄨㄟ
煕,煕,煕,xī,xi,1,ㄒㄧ
噑,噑,噑,háo,hao,2,ㄏㄠ
芙,芙,芙,fú,fu,2,ㄈㄨ
茼,茼,茼,tóng,tong,2,ㄊㄨㄥ
㼗,㼗,㼗,dǐng,ding,3,ㄉㄧㄥ
䢄,䢄,䢄,xǐ,xi,3,ㄒㄧ
盠,盠,盠,lǐ,li,3,ㄌㄧ
眪,眪,眪,bǐng,bing,3,ㄅㄧㄥ
㴅,㴅,㴅,㴅,㴅,,
癮,癮,瘾,yǐn,yin,3,ㄧㄣ
䐎,䐎,䐎,䐎,䐎,,
䥥,䥥,䥥,lián,lian,2,ㄌㄧㄢ
㙊,㙊,㙊,cháng,chang,2,ㄔㄤ
犾,犾,犾,yín,yin,2,ㄧㄣ
崜,崜,崜,duō,duo,1,ㄉㄨㄛ
疨,疨,疨,xiā,xia,1,ㄒㄧㄚ
䨎,䨎,䨎,hóng,hong,2,ㄏㄨㄥ
缪,繆,缪,móu,mou,2,ㄇㄡ
㶉,㶉,㶉,㶉,㶉,,
䍱,䍱,䍱,xú,xu,2,ㄒㄩ
舛,舛,舛,chuǎn,chuan,3,ㄔㄨㄢ
斶,斶,斶,chù,chu,4,ㄔㄨ
厏,厏,厏,zhǎ,zha,3,ㄓㄚ
擝,擝,擝,擝,擝,,
脫,脫,脱,tuō,tuo,1,ㄊㄨㄛ
玸,玸,玸,fú,fu,2,ㄈㄨ
晓,曉,晓,xiǎo,xiao,3,ㄒㄧㄠ
脻,脻,脻,jié,jie,2,ㄐㄧㄝ
泲,泲,泲,jǐ,ji,3,ㄐㄧ
聇,聇,聇,zhēng,zheng,1,ㄓㄥ
来,來,来,lái,lai,2,ㄌㄞ
墕,墕,墕,yàn,yan,4,ㄧㄢ
蝣,蝣,蝣,yóu,you,2,ㄧㄡ
郚,郚,郚,wú,wu,2,ㄨ
鮣,鮣,䲟,yìn,yin,4,ㄧㄣ
蛗,蛗,蛗,fù,fu,4,ㄈㄨ
婍,婍,婍,qǐ,qi,3,ㄑㄧ
䮄,䮄,䮄,xuán,xuan,2,ㄒㄩㄢ
钇,釔,钇,yǐ,yi,3,ㄧ
㧫,㧫,㧫,ér,er,2,ㄦ
㞢,㞢,㞢,㞢,㞢,,
䓀,䓀,䓀,䓀,䓀,,
瘄,瘄,瘄,cù,cu,4,ㄘㄨ
詜,詜,詜,tāo,tao,1,ㄊㄠ
䢹,䢹,䢹,jǔ,ju,3,ㄐㄩ
㝦,㝦,㝦,jùn,jun,4,ㄐㄩㄣ
㱉,㱉,㱉,yè,ye,4,ㄧㄝ
咺,咺,咺,xuǎn,xuan,3,ㄒㄩㄢ
螀,螿,螀,jiāng,jiang,1,ㄐㄧㄤ
蝑,蝑,蝑,xū,xu,1,ㄒㄩ
䶄,䶄,䶄,píng,ping,2,ㄆㄧㄥ
曩,曩,曩,nǎng,nang,3,ㄋㄤ
㕮,㕮,㕮,fǔ,fu,3,ㄈㄨ
㨑,㨑,㨑,㨑,㨑,,
䡺,䡺,䡺,wèi,wei,4,ㄨㄟ
揺,揺,揺,yáo,yao,2,ㄧㄠ
瑔,瑔,瑔,quán,quan,2,ㄑㄩㄢ
肖,肖,肖,xiào,xiao,4,ㄒㄧㄠ
涍,涍,涍,xiào,xiao,4,ㄒㄧㄠ
隅,隅,隅,yú,yu,2,ㄩ
㶁,㶁,㶁,guó,guo,2,ㄍㄨㄛ
幬,幬,帱,chóu,chou,2,ㄔㄡ
屶,屶,屶,屶,屶,,
㩃,㩃,㩃,㩃,㩃,,
餶,餶,馉,gǔ,gu,3,ㄍㄨ
锕,錒,锕,ā,a,1,ㄚ
膀,膀,膀,bǎng,bang,3,ㄅㄤ
閬,閬,阆,lǎng,lang,3,ㄌㄤ
咕,咕,咕,gū,gu,1,ㄍㄨ
䧣,䧣,䧣,䧣,䧣,,
嵆,嵆,嵆,jī,ji,1,ㄐㄧ
糑,糑,糑,nì,ni,4,ㄋㄧ
矌,矌,矌,kuàng,kuang,4,ㄎㄨㄤ
幙,幙,幙,mù,mu,4,ㄇㄨ
䓊,䓊,䓊,è,e,4,ㄜ
䤪,䤪,䤪,duǒ,duo,3,ㄉㄨㄛ
枺,枺,枺,mò,mo,4,ㄇㄛ
齰,齰,齰,cuò,cuo,4,ㄘㄨㄛ
鶕,鶕,鶕,ān,an,1,ㄢ
褖,褖,褖,tuàn,tuan,4,ㄊㄨㄢ
郻,郻,郻,qiāo,qiao,1,ㄑㄧㄠ
㫡,㫡,㫡,㫡,㫡,,
䱲,䱲,䱲,yán,yan,2,ㄧㄢ
镊,鑷,镊,niè,nie,4,ㄋㄧㄝ
㸠,㸠,㸠,tiǎo,tiao,3,ㄊㄧㄠ
劼,劼,劼,jié,jie,2,ㄐㄧㄝ
擈,擈,擈,pū,pu,1,ㄆㄨ
弃,棄,弃,qì,qi,4,ㄑㄧ
豰,豰,豰,bó,bo,2,ㄅㄛ
䀴,䀴,䀴,yǐng,ying,3,ㄧㄥ
籚,籚,籚,lú,lu,2,ㄌㄨ
汃,汃,汃,bīn,bin,1,ㄅㄧㄣ
揦,揦,揦,lá,la,2,ㄌㄚ
鹊,鵲,鹊,què,que,4,ㄑㄩㄝ
媝,媝,媝,qīu,qiu,1,ㄑㄧㄡ
彶,彶,彶,jí,ji,2,ㄐㄧ
䱾,䱾,䱾,lóu,lou,2,ㄌㄡ
䟨,䟨,䟨,mín,min,2,ㄇㄧㄣ
珦,珦,珦,xiàng,xiang,4,ㄒㄧㄤ
䮽,䮽,䮽,䮽,䮽,,
㵬,㵬,㵬,yíng,ying,2,ㄧㄥ
㞮,㞮,㞮,㞮,㞮,,
滈,滈,滈,hào,hao,4,ㄏㄠ
肏,肏,肏,cào,cao,4,ㄘㄠ
土,土,土,tǔ,tu,3,ㄊㄨ
杢,杢,杢,杢,杢,,
㦟,㦟,㦟,hài,hai,4,ㄏㄞ
伝,伝,伝,chuán,chuan,2,ㄔㄨㄢ
噄,噄,噄,chī,chi,1,ㄔ
槓,槓,槓,gàng,gang,4,ㄍㄤ
簟,簟,簟,diàn,dian,4,ㄉㄧㄢ
啾,啾,啾,jīu,jiu,1,ㄐㄧㄡ
曔,曔,曔,jìng,jing,4,ㄐㄧㄥ
挝,撾,挝,zhuā,zhua,1,ㄓㄨㄚ
㪐,㪐,㪐,lù,lu,4,ㄌㄨ
吆,吆,吆,yāo,yao,1,ㄧㄠ
竁,竁,竁,cùi,cui,4,ㄘㄨㄟ
䴈,䴈,䴈,ǎo,ao,3,ㄠ
䦫,䦫,䦫,䦫,䦫,,
辮,辮,辫,biàn,bian,4,ㄅㄧㄢ
祜,祜,祜,hù,hu,4,ㄏㄨ
勉,勉,勉,miǎn,mian,3,ㄇㄧㄢ
㕌,㕌,㕌,ài,ai,4,ㄞ
蒥,蒥,蒥,líu,liu,2,ㄌㄧㄡ
慳,慳,悭,qiān,qian,1,ㄑㄧㄢ
吁,籲,吁,xū,xu,1,ㄒㄩ
桶,桶,桶,tǒng,tong,3,ㄊㄨㄥ
梦,夢,梦,mèng,meng,4,ㄇㄥ
礓,礓,礓,jiāng,jiang,1,ㄐㄧㄤ
铙,鐃,铙,náo,nao,2,ㄋㄠ
嶙,嶙,嶙,lín,lin,2,ㄌㄧㄣ
椕,椕,椕,bīn,bin,1,ㄅㄧㄣ
舃,舃,舃,xì,xi,4,ㄒㄧ
㢄,㢄,㢄,dòu,dou,4,ㄉㄡ
䈰,䈰,䈰,䈰,䈰,,
宅,宅,宅,zhái,zhai,2,ㄓㄞ
䴏,䴏,䴏,yàn,yan,4,ㄧㄢ
㴦,㴦,㴦,guàn,guan,4,ㄍㄨㄢ
糯,糯,糯,nuò,nuo,4,ㄋㄨㄛ
萠,萠,萠,méng,meng,2,ㄇㄥ
朐,朐,朐,qú,qu,2,ㄑㄩ
準,準,准,zhǔn,zhun,3,ㄓㄨㄣ
嘊,嘊,嘊,ái,ai,2,ㄞ
蠘,蠘,蠘,jié,jie,2,ㄐㄧㄝ
窄,窄,窄,zhǎi,zhai,3,ㄓㄞ
㯽,㯽,㯽,㯽,㯽,,
㝂,㝂,㝂,zhì,zhi,4,ㄓ
鷂,鷂,鹞,yào,yao,4,ㄧㄠ
䭧,䭧,䭧,mǐ,mi,3,ㄇㄧ
妔,妔,妔,kēng,keng,1,ㄎㄥ
監,監,监,jiān,jian,1,ㄐㄧㄢ
誟,誟,誟,xiào,xiao,4,ㄒㄧㄠ
供,供,供,gōng,gong,1,ㄍㄨㄥ
獐,獐,獐,zhāng,zhang,1,ㄓㄤ
堟,堟,堟,zhuàn,zhuan,4,ㄓㄨㄢ
鿷,鿷,鿷,鿷,鿷,,
㣍,㣍,㣍,tái,tai,2,ㄊㄞ
韡,韡,韡,wěi,wei,3,ㄨㄟ
猘,猘,猘,zhì,zhi,4,ㄓ
䰞,䰞,䰞,zhǔ,zhu,3,ㄓㄨ
鱸,鱸,鲈,lú,lu,2,ㄌㄨ
婃,婃,婃,cóng,cong,2,ㄘㄨㄥ
翳,翳,翳,yì,yi,4,ㄧ
䓣,䓣,䓣,liǎng,liang,3,ㄌㄧㄤ
概,概,概,gài,gai,4,ㄍㄞ
钅,钅,钅,jīn,jin,1,ㄐㄧㄣ
狳,狳,狳,yú,yu,2,ㄩ
聼,聼,聼,tīng,ting,1,ㄊㄧㄥ
茩,茩,茩,gǒu,gou,3,ㄍㄡ
圪,圪,圪,gē,ge,1,ㄍㄜ
劮,劮,劮,yì,yi,4,ㄧ
涄,涄,涄,pīn,pin,1,ㄆㄧㄣ
洟,洟,洟,yí,yi,2,ㄧ
䴗,鶪,䴗,jú,ju,2,ㄐㄩ
廐,廐,廐,jìu,jiu,4,ㄐㄧㄡ
僮,僮,僮,tóng,tong,2,ㄊㄨㄥ
䓅,䓅,䓅,qí,qi,2,ㄑㄧ
訆,訆,訆,jiào,jiao,4,ㄐㄧㄠ
曣,曣,曣,yàn,yan,4,ㄧㄢ
㩯,㩯,㩯,bǎn,ban,3,ㄅㄢ
饱,飽,饱,bǎo,bao,3,ㄅㄠ
乞,乞,乞,qǐ,qi,3,ㄑㄧ
姯,姯,姯,guāng,guang,1,ㄍㄨㄤ
掔,掔,掔,qiān,qian,1,ㄑㄧㄢ
牪,牪,牪,yàn,yan,4,ㄧㄢ
澩,澩,泶,xué,xue,2,ㄒㄩㄝ
鿁,鿁,鿁,鿁,鿁,,
踷,踷,踷,zhě,zhe,3,ㄓㄜ
䱒,䱒,䱒,yì,yi,4,ㄧ
貅,貅,貅,xīu,xiu,1,ㄒㄧㄡ
搱,搱,搱,zhì,zhi,4,ㄓ
輙,輙,輙,zhé,zhe,2,ㄓㄜ
攰,攰,攰,gùi,gui,4,ㄍㄨㄟ
羰,羰,羰,tāng,tang,1,ㄊㄤ
跂,跂,跂,qí,qi,2,ㄑㄧ
犙,犙,犙,sān,san,1,ㄙㄢ
鸋,鸋,鸋,níng,ning,2,ㄋㄧㄥ
浛,浛,浛,hàn,han,4,ㄏㄢ
灢,灢,灢,nǎng,nang,3,ㄋㄤ
䟑,䟑,䟑,lǎ,la,3,ㄌㄚ
㟾,㟾,㟾,㟾,㟾,,
䉷,䉷,䉷,dàn,dan,4,ㄉㄢ
汁,汁,汁,zhī,zhi,1,ㄓ
秚,秚,秚,bàn,ban,4,ㄅㄢ
湙,湙,湙,yì,yi,4,ㄧ
䘠,䘠,䘠,fú,fu,2,ㄈㄨ
㘒,㘒,㘒,㘒,㘒,,
蟰,蟰,蟰,xiāo,xiao,1,ㄒㄧㄠ
圬,圬,圬,wū,wu,1,ㄨ
䆗,䆗,䆗,jiào,jiao,4,ㄐㄧㄠ
岀,岀,岀,chū,chu,1,ㄔㄨ
呭,呭,呭,yì,yi,4,ㄧ
嶏,嶏,嶏,bó,bo,2,ㄅㄛ
鎷,鎷,鎷,mǎ,ma,3,ㄇㄚ
乊,乊,乊,乊,乊,,
䵻,䵻,䵻,gǔ,gu,3,ㄍㄨ
梻,梻,梻,梻,梻,,
瘏,瘏,瘏,tú,tu,2,ㄊㄨ
勯,勯,勯,dān,dan,1,ㄉㄢ
䨯,䨯,䨯,zhèn,zhen,4,ㄓㄣ
坜,壢,坜,lì,li,4,ㄌㄧ
荛,蕘,荛,ráo,rao,2,ㄖㄠ
碅,碅,碅,jūn,jun,1,ㄐㄩㄣ
䔄,䔄,䔄,yáo,yao,2,ㄧㄠ
愱,愱,愱,jí,ji,2,ㄐㄧ
㾘,㾘,㾘,gěng,geng,3,ㄍㄥ
栮,栮,栮,ěr,er,3,ㄦ
欪,欪,欪,chù,chu,4,ㄔㄨ
匲,匲,匲,lián,lian,2,ㄌㄧㄢ
鱽,魛,鱽,dāo,dao,1,ㄉㄠ
峰,峰,峰,fēng,feng,1,ㄈㄥ
萤,螢,萤,yíng,ying,2,ㄧㄥ
鈗,鈗,鈗,yǔn,yun,3,ㄩㄣ
緦,緦,缌,sī,si,1,ㄙ
蔦,蔦,茑,niǎo,niao,3,ㄋㄧㄠ
㿵,㿵,㿵,rǎn,ran,3,ㄖㄢ
估,估,估,gū,gu,1,ㄍㄨ
崍,崍,崃,lái,lai,2,ㄌㄞ
杫,杫,杫,sì,si,4,ㄙ
軙,軙,軙,chén,chen,2,ㄔㄣ
攙,攙,搀,chān,chan,1,ㄔㄢ
髱,髱,髱,pào,pao,4,ㄆㄠ
䎭,䎭,䎭,䎭,䎭,,
屗,屗,屗,屗,屗,,
愄,愄,愄,wēi,wei,1,ㄨㄟ
㿍,㿍,㿍,jiè,jie,4,ㄐㄧㄝ
彙,彙,汇,hùi,hui,4,ㄏㄨㄟ
鱘,鱘,鲟,xún,xun,2,ㄒㄩㄣ
㛜,㛜,㛜,yóu,you,2,ㄧㄡ
邶,邶,邶,bèi,bei,4,ㄅㄟ
覈,覈,覈,hé,he,2,ㄏㄜ
擴,擴,扩,kuò,kuo,4,ㄎㄨㄛ
疷,疷,疷,qí,qi,2,ㄑㄧ
駗,駗,駗,zhēn,zhen,1,ㄓㄣ
趬,趬,趬,qiáo,qiao,2,ㄑㄧㄠ
琕,琕,琕,pín,pin,2,ㄆㄧㄣ
缰,繮,缰,jiāng,jiang,1,ㄐㄧㄤ
窼,窼,窼,zhāo,zhao,1,ㄓㄠ
偁,偁,偁,chēng,cheng,1,ㄔㄥ
鴳,鴳,鴳,yàn,yan,4,ㄧㄢ
妅,妅,妅,hóng,hong,2,ㄏㄨㄥ
瀿,瀿,瀿,fán,fan,2,ㄈㄢ
熟,熟,熟,shú,shu,2,ㄕㄨ
钍,釷,钍,tǔ,tu,3,ㄊㄨ
硦,硦,硦,lòng,long,4,ㄌㄨㄥ
䱷,䱷,䲣,yú,yu,2,ㄩ
芓,芓,芓,zǐ,zi,3,ㄗ
㣝,㣝,㣝,㣝,㣝,,
藮,藮,藮,qiáo,qiao,2,ㄑㄧㄠ
䣅,䣅,䣅,chén,chen,2,ㄔㄣ
榆,榆,榆,yú,yu,2,ㄩ
堙,堙,堙,yīn,yin,1,ㄧㄣ
樱,櫻,樱,yīng,ying,1,ㄧㄥ
迵,迵,迵,tóng,tong,2,ㄊㄨㄥ
咶,咶,咶,huài,huai,4,ㄏㄨㄞ
雫,雫,雫,nǎ,na,3,ㄋㄚ
䢬,䢬,䢬,䢬,䢬,,
掄,掄,抡,lūn,lun,1,ㄌㄨㄣ
捷,捷,捷,jié,jie,2,ㄐㄧㄝ
馥,馥,馥,fù,fu,4,ㄈㄨ
泻,瀉,泻,xiè,xie,4,ㄒㄧㄝ
㐁,㐁,㐁,tiǎn,tian,3,ㄊㄧㄢ
㑘,㑘,㑘,jiè,jie,4,ㄐㄧㄝ
韄,韄,韄,huò,huo,4,ㄏㄨㄛ
騥,騥,騥,róu,rou,2,ㄖㄡ
敪,敪,敪,duó,duo,2,ㄉㄨㄛ
魶,魶,魶,nà,na,4,ㄋㄚ
課,課,课,kè,ke,4,ㄎㄜ
豛,豛,豛,yì,yi,4,ㄧ
礋,礋,礋,zhái,zhai,2,ㄓㄞ
恰,恰,恰,qià,qia,4,ㄑㄧㄚ
繇,繇,繇,yáo,yao,2,ㄧㄠ
䵯,䵯,䵯,tuǎn,tuan,3,ㄊㄨㄢ
㝀,㝀,㝀,hào,hao,4,ㄏㄠ
騯,騯,騯,páng,pang,2,ㄆㄤ
戁,戁,戁,nǎn,nan,3,ㄋㄢ
䶨,䶨,䶨,䶨,䶨,,
䇱,䇱,䇱,nà,na,4,ㄋㄚ
瓯,甌,瓯,ōu,ou,1,ㄡ
蘣,蘣,蘣,tòng,tong,4,ㄊㄨㄥ
薡,薡,薡,dǐng,ding,3,ㄉㄧㄥ
麟,麟,麟,lín,lin,2,ㄌㄧㄣ
岧,岧,岧,tiáo,tiao,2,ㄊㄧㄠ
㵻,㵻,㵻,sòu,sou,4,ㄙㄡ
陡,陡,陡,dǒu,dou,3,ㄉㄡ
硏,硏,硏,yán,yan,2,ㄧㄢ
祲,祲,祲,jīn,jin,1,ㄐㄧㄣ
䳿,䳿,䳿,lán,lan,2,ㄌㄢ
餁,餁,餁,rèn,ren,4,ㄖㄣ
㩋,㩋,㩋,sù,su,4,ㄙㄨ
蟭,蟭,蟭,jiāo,jiao,1,ㄐㄧㄠ
鏉,鏉,鏉,shòu,shou,4,ㄕㄡ
摋,摋,摋,sà,sa,4,ㄙㄚ
寙,寙,寙,yǔ,yu,3,ㄩ
䎁,䎁,䎁,hú,hu,2,ㄏㄨ
艡,艡,艡,dāng,dang,1,ㄉㄤ
辦,辦,办,bàn,ban,4,ㄅㄢ
鵬,鵬,鹏,péng,peng,2,ㄆㄥ
釪,釪,釪,yú,yu,2,ㄩ
甜,甜,甜,tián,tian,2,ㄊㄧㄢ
䳅,䳅,䳅,zhǐ,zhi,3,ㄓ
滊,滊,滊,xì,xi,4,ㄒㄧ
怱,怱,怱,cōng,cong,1,ㄘㄨㄥ
㓩,㓩,㓩,㓩,㓩,,
嗛,嗛,嗛,xián,xian,2,ㄒㄧㄢ
斌,斌,斌,bīn,bin,1,ㄅㄧㄣ
捍,捍,捍,hàn,han,4,ㄏㄢ
板,闆,板,bǎn,ban,3,ㄅㄢ
昱,昱,昱,yù,yu,4,ㄩ
疒,疒,疒,chuáng,chuang,2,ㄔㄨㄤ
烱,烱,烱,jiǒng,jiong,3,ㄐㄩㄥ
赐,賜,赐,sì,si,4,ㄙ
兩,兩,两,liǎng,liang,3,ㄌㄧㄤ
螯,螯,螯,áo,ao,2,ㄠ
趹,趹,趹,jué,jue,2,ㄐㄩㄝ
縼,縼,縼,xuàn,xuan,4,ㄒㄩㄢ
擎,擎,擎,qíng,qing,2,ㄑㄧㄥ
幸,幸,幸,xìng,xing,4,ㄒㄧㄥ
欐,欐,欐,lǐ,li,3,ㄌㄧ
闻,聞,闻,wén,wen,2,ㄨㄣ
诬,誣,诬,wú,wu,2,ㄨ
嬎,嬎,嬎,fàn,fan,4,ㄈㄢ
䥠,䥠,䥠,䥠,䥠,,
㾢,㾢,㾢,lài,lai,4,ㄌㄞ
减,減,减,jiǎn,jian,3,ㄐㄧㄢ
瘫,癱,瘫,tān,tan,1,ㄊㄢ
㛇,㛇,㛇,㛇,㛇,,
㐈,㐈,㐈,㐈,㐈,,
裳,裳,裳,cháng,chang,2,ㄔㄤ
降,降,降,jiàng,jiang,4,ㄐㄧㄤ
嬿,嬿,嬿,yàn,yan,4,ㄧㄢ
收,收,收,shōu,shou,1,ㄕㄡ
梖,梖,梖,bèi,bei,4,ㄅㄟ
諽,諽,諽,gé,ge,2,ㄍㄜ
賱,賱,賱,yǔn,yun,3,ㄩㄣ
槿,槿,槿,jǐn,jin,3,ㄐㄧㄣ
㜫,㜫,㜫,mà,ma,4,ㄇㄚ
㺚,㺚,㺚,tǎ,ta,3,ㄊㄚ
勔,勔,勔,miǎn,mian,3,ㄇㄧㄢ
鞦,鞦,秋,qīu,qiu,1,ㄑㄧㄡ
锴,鍇,锴,kǎi,kai,3,ㄎㄞ
鹒,鶊,鹒,gēng,geng,1,ㄍㄥ
鼀,鼀,鼀,cù,cu,4,ㄘㄨ
啪,啪,啪,pā,pa,1,ㄆㄚ
䳨,䳨,䳨,huáng,huang,2,ㄏㄨㄤ
瀡,瀡,瀡,sǔi,sui,3,ㄙㄨㄟ
跱,跱,跱,zhì,zhi,4,ㄓ
焯,焯,焯,zhuó,zhuo,2,ㄓㄨㄛ
冟,冟,冟,shì,shi,4,ㄕ
㬁,㬁,㬁,㬁,㬁,,
禆,禆,禆,bēi,bei,1,ㄅㄟ
攎,攎,攎,lú,lu,2,ㄌㄨ
㐏,㐏,㐏,㐏,㐏,,
掘,掘,掘,jué,jue,2,ㄐㄩㄝ
䪥,䪥,䪥,dié,die,2,ㄉㄧㄝ
哼,哼,哼,hēng,heng,1,ㄏㄥ
㔚,㔚,㔚,kǒu,kou,3,ㄎㄡ
䬂,䬂,䬂,xuè,xue,4,ㄒㄩㄝ
淵,淵,渊,yuān,yuan,1,ㄩㄢ
郒,郒,郒,郒,郒,,
黚,黚,黚,qián,qian,2,ㄑㄧㄢ
丠,丠,丠,qīu,qiu,1,ㄑㄧㄡ
蓲,蓲,蓲,qīu,qiu,1,ㄑㄧㄡ
礇,礇,礇,yù,yu,4,ㄩ
䫡,䫡,䫡,qiàn,qian,4,ㄑㄧㄢ
鼤,鼤,鼤,wén,wen,2,ㄨㄣ
惋,惋,惋,wǎn,wan,3,ㄨㄢ
䵇,䵇,䵇,xiàn,xian,4,ㄒㄧㄢ
㴙,㴙,㴙,zhá,zha,2,ㄓㄚ
卛,卛,卛,shuài,shuai,4,ㄕㄨㄞ
沗,沗,沗,tiān,tian,1,ㄊㄧㄢ
朥,朥,朥,朥,朥,,
昀,昀,昀,yún,yun,2,ㄩㄣ
䬉,䬉,䬉,hào,hao,4,ㄏㄠ
㟩,㟩,㟩,mín,min,2,ㄇㄧㄣ
鷕,鷕,鷕,yǎo,yao,3,ㄧㄠ
礁,礁,礁,jiāo,jiao,1,ㄐㄧㄠ
㸮,㸮,㸮,fén,fen,2,ㄈㄣ
㕙,㕙,㕙,jùn,jun,4,ㄐㄩㄣ
楚,楚,楚,chǔ,chu,3,ㄔㄨ
杶,杶,杶,chūn,chun,1,ㄔㄨㄣ
䠞,䠞,䠞,cù,cu,4,ㄘㄨ
伶,伶,伶,líng,ling,2,ㄌㄧㄥ
嵝,嶁,嵝,lǒu,lou,3,ㄌㄡ
闧,闧,闧,闧,闧,,
臖,臖,臖,xìng,xing,4,ㄒㄧㄥ
䐇,䐇,䐇,chún,chun,2,ㄔㄨㄣ
鈔,鈔,钞,chāo,chao,1,ㄔㄠ
刜,刜,刜,fú,fu,2,ㄈㄨ
螺,螺,螺,luó,luo,2,ㄌㄨㄛ
痸,痸,痸,chì,chi,4,ㄔ
黗,黗,黗,tuǎn,tuan,3,ㄊㄨㄢ
䇹,䇹,䇹,jùn,jun,4,ㄐㄩㄣ
跸,蹕,跸,bì,bi,4,ㄅㄧ
傮,傮,傮,zāo,zao,1,ㄗㄠ
孨,孨,孨,zhuǎn,zhuan,3,ㄓㄨㄢ
圅,圅,圅,hán,han,2,ㄏㄢ
箌,箌,箌,zhào,zhao,4,ㄓㄠ
狅,狅,狅,qīng,qing,1,ㄑㄧㄥ
㛡,㛡,㛡,㛡,㛡,,
䵟,䵟,䵟,gǎn,gan,3,ㄍㄢ
鸠,鳩,鸠,jīu,jiu,1,ㄐㄧㄡ
辛,辛,辛,xīn,xin,1,ㄒㄧㄣ
鯇,鯇,鲩,wǎn,wan,3,ㄨㄢ
㱼,㱼,㱼,㱼,㱼,,
洌,洌,洌,liè,lie,4,ㄌㄧㄝ
管,管,管,guǎn,guan,3,ㄍㄨㄢ
䬰,䬰,䬰,shào,shao,4,ㄕㄠ
讬,讬,讬,tuō,tuo,1,ㄊㄨㄛ
㘟,㘟,㘟,㘟,㘟,,
鸱,鴟,鸱,zhī,zhi,1,ㄓ
磗,磗,磗,磗,磗,,
㪑,㪑,㪑,yè,ye,4,ㄧㄝ
䏄,䏄,䏄,zhì,zhi,4,ㄓ
搈,搈,搈,yǒng,yong,3,ㄩㄥ
蟴,蟴,蟴,sī,si,1,ㄙ
猑,猑,猑,kūn,kun,1,ㄎㄨㄣ
綢,綢,绸,chóu,chou,2,ㄔㄡ
㑶,㑶,㑶,xì,xi,4,ㄒㄧ
㻀,㻀,㻀,yóu,you,2,ㄧㄡ
剁,剁,剁,duò,duo,4,ㄉㄨㄛ
披,披,披,pī,pi,1,ㄆㄧ
儳,儳,儳,chàn,chan,4,ㄔㄢ
錳,錳,锰,měng,meng,3,ㄇㄥ
逄,逄,逄,páng,pang,2,ㄆㄤ
当,當,当,dāng,dang,1,ㄉㄤ
礅,礅,礅,dūn,dun,1,ㄉㄨㄣ
井,井,井,jǐng,jing,3,ㄐㄧㄥ
襷,襷,襷,襷,襷,,
嚅,嚅,嚅,rú,ru,2,ㄖㄨ
宝,寶,宝,bǎo,bao,3,ㄅㄠ
梹,梹,梹,bīng,bing,1,ㄅㄧㄥ
蚹,蚹,蚹,fù,fu,4,ㄈㄨ
䋞,䋞,䋞,wǎng,wang,3,ㄨㄤ
长,長,长,cháng,chang,2,ㄔㄤ
㣇,㣇,㣇,nǐ,ni,3,ㄋㄧ
佧,佧,佧,kǎ,ka,3,ㄎㄚ
䧫,䧫,䧫,háo,hao,2,ㄏㄠ
妍,妍,妍,yán,yan,2,ㄧㄢ
鬊,鬊,鬊,shùn,shun,4,ㄕㄨㄣ
惉,惉,惉,chān,chan,1,ㄔㄢ
無,無,无,wú,wu,2,ㄨ
樍,樍,樍,jī,ji,1,ㄐㄧ
䕑,䕑,䕑,jùn,jun,4,ㄐㄩㄣ
㚸,㚸,㚸,㚸,㚸,,
聂,聶,聂,niè,nie,4,ㄋㄧㄝ
獹,獹,獹,lú,lu,2,ㄌㄨ
䇵,䇵,䇵,yí,yi,2,ㄧ
蟺,蟺,蟺,shàn,shan,4,ㄕㄢ
蛨,蛨,蛨,mò,mo,4,ㄇㄛ
㺔,㺔,㺔,hài,hai,4,ㄏㄞ
乿,乿,乿,chì,chi,4,ㄔ
㑾,㑾,㑾,xiáo,xiao,2,ㄒㄧㄠ
罳,罳,罳,sī,si,1,ㄙ
妿,妿,妿,ē,e,1,ㄜ
稗,稗,稗,bài,bai,4,ㄅㄞ
舠,舠,舠,dāo,dao,1,ㄉㄠ
䃘,䃘,䃘,䃘,䃘,,
碃,碃,碃,qìng,qing,4,ㄑㄧㄥ
题,題,题,tí,ti,2,ㄊㄧ
喲,喲,哟,yo,yo,5,ㄧㄛ
燫,燫,燫,lián,lian,2,ㄌㄧㄢ
蒕,蒕,蒕,yūn,yun,1,ㄩㄣ
斒,斒,斒,bān,ban,1,ㄅㄢ
砇,砇,砇,mín,min,2,ㄇㄧㄣ
湈,湈,湈,méi,mei,2,ㄇㄟ
东,東,东,dōng,dong,1,ㄉㄨㄥ
皲,皸,皲,jūn,jun,1,ㄐㄩㄣ
襃,襃,襃,bāo,bao,1,ㄅㄠ
岷,岷,岷,mín,min,2,ㄇㄧㄣ
蘤,蘤,蘤,wěi,wei,3,ㄨㄟ
崘,崘,崘,lún,lun,2,ㄌㄨㄣ
諲,諲,諲,yīn,yin,1,ㄧㄣ
潆,瀠,潆,yíng,ying,2,ㄧㄥ
䠴,䠴,䠴,qǐn,qin,3,ㄑㄧㄣ
仉,仉,仉,zhǎng,zhang,3,ㄓㄤ
橰,橰,橰,gāo,gao,1,ㄍㄠ
㺣,㺣,㺣,㺣,㺣,,
㖆,㖆,㖆,qú,qu,2,ㄑㄩ
㞣,㞣,㞣,㞣,㞣,,
㣚,㣚,㣚,tóng,tong,2,ㄊㄨㄥ
䁿,䁿,䁿,mò,mo,4,ㄇㄛ
㗙,㗙,㗙,nà,na,4,ㄋㄚ
㺜,㺜,㺜,bǎn,ban,3,ㄅㄢ
遲,遲,迟,chí,chi,2,ㄔ
窗,窗,窗,chuāng,chuang,1,ㄔㄨㄤ
瀊,瀊,瀊,pán,pan,2,ㄆㄢ
墦,墦,墦,fán,fan,2,ㄈㄢ
孍,孍,孍,yán,yan,2,ㄧㄢ
夅,夅,夅,jiàng,jiang,4,ㄐㄧㄤ
虊,虊,虊,luán,luan,2,ㄌㄨㄢ
㤼,㤼,㤼,㤼,㤼,,
䎢,䎢,䎢,qǐ,qi,3,ㄑㄧ
北,北,北,běi,bei,3,ㄅㄟ
荐,薦,荐,jiàn,jian,4,ㄐㄧㄢ
聘,聘,聘,pìn,pin,4,ㄆㄧㄣ
贫,貧,贫,pín,pin,2,ㄆㄧㄣ
䰮,䰮,䰮,䰮,䰮,,
䐕,䐕,䐕,jí,ji,2,ㄐㄧ
岿,巋,岿,kūi,kui,1,ㄎㄨㄟ
毖,毖,毖,bì,bi,4,ㄅㄧ
鈄,鈄,钭,dǒu,dou,3,ㄉㄡ
馀,馀,馀,yú,yu,2,ㄩ
戆,戇,戆,gàng,gang,4,ㄍㄤ
䆍,䆍,䆍,lóng,long,2,ㄌㄨㄥ
殧,殧,殧,cù,cu,4,ㄘㄨ
糍,糍,糍,cí,ci,2,ㄘ
晌,晌,晌,shǎng,shang,3,ㄕㄤ
旴,旴,旴,xū,xu,1,ㄒㄩ
粆,粆,粆,shā,sha,1,ㄕㄚ
册,冊,册,cè,ce,4,ㄘㄜ
㹠,㹠,㹠,tún,tun,2,ㄊㄨㄣ
纵,縱,纵,zòng,zong,4,ㄗㄨㄥ
藧,藧,藧,huǎn,huan,3,ㄏㄨㄢ
䧯,䧯,䧯,chán,chan,2,ㄔㄢ
烜,烜,烜,xuǎn,xuan,3,ㄒㄩㄢ
䉎,䉎,䉎,táng,tang,2,ㄊㄤ
䭐,䭐,䭐,yàng,yang,4,ㄧㄤ
䣸,䣸,䣸,rǎn,ran,3,ㄖㄢ
䦃,鐯,䦃,䦃,䦃,,
棙,棙,棙,lì,li,4,ㄌㄧ
密,密,密,mì,mi,4,ㄇㄧ
嫝,嫝,嫝,kāng,kang,1,ㄎㄤ
鍸,鍸,鍸,hú,hu,2,ㄏㄨ
坷,坷,坷,kě,ke,3,ㄎㄜ
觃,覎,觃,yàn,yan,4,ㄧㄢ
緵,緵,緵,zōng,zong,1,ㄗㄨㄥ
组,組,组,zǔ,zu,3,ㄗㄨ
治,治,治,zhì,zhi,4,ㄓ
篟,篟,篟,qiàn,qian,4,ㄑㄧㄢ
耠,耠,耠,hé,he,2,ㄏㄜ
鴤,鴤,鴤,zhōng,zhong,1,ㄓㄨㄥ
挸,挸,挸,jiǎn,jian,3,ㄐㄧㄢ
褍,褍,褍,duān,duan,1,ㄉㄨㄢ
奿,奿,奿,fàn,fan,4,ㄈㄢ
璔,璔,璔,zēng,zeng,1,ㄗㄥ
䬀,䬀,䬀,yǒu,you,3,ㄧㄡ
铝,鋁,铝,lǔ,lu,3,ㄌㄨ
虚,虛,虚,xū,xu,1,ㄒㄩ
㰽,㰽,㰽,mǐ,mi,3,ㄇㄧ
㛛,㛛,㛛,xìn,xin,4,ㄒㄧㄣ
堬,堬,堬,yú,yu,2,ㄩ
摳,摳,抠,kōu,kou,1,ㄎㄡ
鈇,鈇,鈇,fū,fu,1,ㄈㄨ
梠,梠,梠,lǔ,lu,3,ㄌㄨ
崿,崿,崿,è,e,4,ㄜ
䞱,䞱,䞱,hú,hu,2,ㄏㄨ
矛,矛,矛,máo,mao,2,ㄇㄠ
昤,昤,昤,līng,ling,1,ㄌㄧㄥ
界,界,界,jiè,jie,4,ㄐㄧㄝ
鯁,鯁,鲠,gěng,geng,3,ㄍㄥ
膌,膌,膌,jí,ji,2,ㄐㄧ
颎,熲,颎,jiǒng,jiong,3,ㄐㄩㄥ
乕,乕,乕,hǔ,hu,3,ㄏㄨ
䰘,䰘,䰘,líu,liu,2,ㄌㄧㄡ
碪,碪,碪,zhēn,zhen,1,ㄓㄣ
䗰,䗰,䗰,guàn,guan,4,ㄍㄨㄢ
螫,螫,螫,shì,shi,4,ㄕ
䦈,䦈,䦈,fǎng,fang,3,ㄈㄤ
夝,夝,夝,qíng,qing,2,ㄑㄧㄥ
䡮,䡮,䡮,䡮,䡮,,
娷,娷,娷,shùi,shui,4,ㄕㄨㄟ
鴡,鴡,鴡,jū,ju,1,ㄐㄩ
忯,忯,忯,qí,qi,2,ㄑㄧ
屦,屨,屦,jù,ju,4,ㄐㄩ
䝒,䝒,䝒,zhù,zhu,4,ㄓㄨ
咅,咅,咅,pòu,pou,4,ㄆㄡ
絯,絯,絯,gāi,gai,1,ㄍㄞ
纬,緯,纬,wěi,wei,3,ㄨㄟ
纍,纍,累,léi,lei,2,ㄌㄟ
轂,轂,毂,gǔ,gu,3,ㄍㄨ
柘,柘,柘,zhè,zhe,4,ㄓㄜ
葙,葙,葙,xiāng,xiang,1,ㄒㄧㄤ
倄,倄,倄,yáo,yao,2,ㄧㄠ
箷,箷,箷,shī,shi,1,ㄕ
抢,搶,抢,qiǎng,qiang,3,ㄑㄧㄤ
䒥,䒥,䒥,fà,fa,4,ㄈㄚ
椩,椩,椩,椩,椩,,
洵,洵,洵,xún,xun,2,ㄒㄩㄣ
㰕,㰕,㰕,㰕,㰕,,
舯,舯,舯,zhōng,zhong,1,ㄓㄨㄥ
矇,矇,蒙,méng,meng,2,ㄇㄥ
脩,脩,脩,xīu,xiu,1,ㄒㄧㄡ
襯,襯,衬,chèn,chen,4,ㄔㄣ
憺,憺,憺,dàn,dan,4,ㄉㄢ
昬,昬,昬,hūn,hun,1,ㄏㄨㄣ
甐,甐,甐,lín,lin,2,ㄌㄧㄣ
䈙,䈙,䈙,zhòu,zhou,4,ㄓㄡ
奰,奰,奰,bì,bi,4,ㄅㄧ
傚,傚,傚,xiào,xiao,4,ㄒㄧㄠ
鴯,鴯,鸸,ér,er,2,ㄦ
嗟,嗟,嗟,jiē,jie,1,ㄐㄧㄝ
㻉,㻉,㻉,bù,bu,4,ㄅㄨ
曱,曱,曱,yuē,yue,1,ㄩㄝ
㔕,㔕,㔕,jí,ji,2,ㄐㄧ
䂉,䂉,䂉,hóu,hou,2,ㄏㄡ
胤,胤,胤,yìn,yin,4,ㄧㄣ
瘗,瘞,瘗,yì,yi,4,ㄧ
瑯,瑯,瑯,láng,lang,2,ㄌㄤ
㼅,㼅,㼅,㼅,㼅,,
矏,矏,矏,mián,mian,2,ㄇㄧㄢ
泇,泇,泇,jiā,jia,1,ㄐㄧㄚ
畘,畘,畘,nán,nan,2,ㄋㄢ
䟩,䟩,䟩,liě,lie,3,ㄌㄧㄝ
錿,錿,錿,錿,錿,,
吶,吶,吶,ne,ne,5,ㄋㄜ
盈,盈,盈,yíng,ying,2,ㄧㄥ
靭,靭,靭,rèn,ren,4,ㄖㄣ
柶,柶,柶,sì,si,4,ㄙ
䏉,䏉,䏉,䏉,䏉,,
馣,馣,馣,ān,an,1,ㄢ
鍯,鍯,鍯,cōng,cong,1,ㄘㄨㄥ
䆌,䆌,䆌,䆌,䆌,,
绬,緓,绬,yīng,ying,1,ㄧㄥ
筃,筃,筃,yīn,yin,1,ㄧㄣ
堈,堈,堈,gāng,gang,1,ㄍㄤ
郅,郅,郅,zhì,zhi,4,ㄓ
㣕,㣕,㣕,㣕,㣕,,
鋊,鋊,鋊,yù,yu,4,ㄩ
囝,囝,囝,jiǎn,jian,3,ㄐㄧㄢ
㦠,㦠,㦠,㦠,㦠,,
緶,緶,缏,biàn,bian,4,ㄅㄧㄢ
㡻,㡻,㡻,liào,liao,4,ㄌㄧㄠ
誠,誠,诚,chéng,cheng,2,ㄔㄥ
䯭,䯭,䯭,䯭,䯭,,
俁,俁,俣,yǔ,yu,3,ㄩ
襟,襟,襟,jīn,jin,1,ㄐㄧㄣ
欨,欨,欨,xū,xu,1,ㄒㄩ
㦻,㦻,㦻,xí,xi,2,ㄒㄧ
棚,棚,棚,péng,peng,2,ㄆㄥ
蒩,蒩,蒩,zū,zu,1,ㄗㄨ
醰,醰,醰,tán,tan,2,ㄊㄢ
䅖,䅖,䅖,ǎn,an,3,ㄢ
痠,痠,痠,suān,suan,1,ㄙㄨㄢ
蘕,蘕,蘕,蘕,蘕,,
睃,睃,睃,jùn,jun,4,ㄐㄩㄣ
䠧,䠧,䠧,chú,chu,2,ㄔㄨ
驇,驇,驇,zhì,zhi,4,ㄓ
䥕,䥕,䥕,piě,pie,3,ㄆㄧㄝ
㫩,㫩,㫩,㫩,㫩,,
堂,堂,堂,táng,tang,2,ㄊㄤ
訸,訸,訸,hé,he,2,ㄏㄜ
拲,拲,拲,gǒng,gong,3,ㄍㄨㄥ
嚝,嚝,嚝,huāng,huang,1,ㄏㄨㄤ
㡊,㡊,㡊,qià,qia,4,ㄑㄧㄚ
腷,腷,腷,bì,bi,4,ㄅㄧ
饸,餄,饸,jiá,jia,2,ㄐㄧㄚ
騁,騁,骋,chěng,cheng,3,ㄔㄥ
拤,拤,拤,拤,拤,,
鷌,鷌,鷌,mǎ,ma,3,ㄇㄚ
刑,刑,刑,xíng,xing,2,ㄒㄧㄥ
浯,浯,浯,wú,wu,2,ㄨ
飥,飥,饦,tuō,tuo,1,ㄊㄨㄛ
覉,覉,覉,jī,ji,1,ㄐㄧ
欖,欖,榄,lǎn,lan,3,ㄌㄢ
柱,柱,柱,zhù,zhu,4,ㄓㄨ
袖,袖,袖,xìu,xiu,4,ㄒㄧㄡ
讆,讆,讆,wèi,wei,4,ㄨㄟ
労,労,労,láo,lao,2,ㄌㄠ
哵,哵,哵,bā,ba,1,ㄅㄚ
䃎,䃎,䃎,zé,ze,2,ㄗㄜ
繧,繧,繧,繧,繧,,
銡,銡,銡,jí,ji,2,ㄐㄧ
溜,溜,熘,līu,liu,1,ㄌㄧㄡ
㦵,㦵,㦵,㦵,㦵,,
鸦,鴉,鸦,yā,ya,1,ㄧㄚ
嬸,嬸,婶,shěn,shen,3,ㄕㄣ
顈,顈,顈,jiǒng,jiong,3,ㄐㄩㄥ
乮,乮,乮,乮,乮,,
哈,哈,哈,hā,ha,1,ㄏㄚ
魝,魝,魝,jì,ji,4,ㄐㄧ
戻,戻,戻,lì,li,4,ㄌㄧ
莚,莚,莚,yán,yan,2,ㄧㄢ
湩,湩,湩,zhòng,zhong,4,ㄓㄨㄥ
傷,傷,伤,shāng,shang,1,ㄕㄤ
蛢,蛢,蛢,píng,ping,2,ㄆㄧㄥ
懚,懚,懚,yìn,yin,4,ㄧㄣ
蟹,蟹,蟹,xiè,xie,4,ㄒㄧㄝ
慤,慤,悫,què,que,4,ㄑㄩㄝ
谬,謬,谬,mìu,miu,4,ㄇㄧㄡ
㦯,㦯,㦯,huò,huo,4,ㄏㄨㄛ
㮇,㮇,㮇,tiàn,tian,4,ㄊㄧㄢ
䚯,䚯,䚯,tǎo,tao,3,ㄊㄠ
䌟,䌟,䌟,bì,bi,4,ㄅㄧ
孯,孯,孯,qiān,qian,1,ㄑㄧㄢ
䢼,䢼,䢼,䢼,䢼,,
衂,衂,衂,nìu,niu,4,ㄋㄧㄡ
㐘,㐘,㐘,㐘,㐘,,
跶,躂,跶,tà,ta,4,ㄊㄚ
晞,晞,晞,xī,xi,1,ㄒㄧ
哳,哳,哳,zhā,zha,1,ㄓㄚ
䘫,䘫,䘫,nòu,nou,4,ㄋㄡ
软,軟,软,ruǎn,ruan,3,ㄖㄨㄢ
澰,澰,澰,liàn,lian,4,ㄌㄧㄢ
䶑,䶑,䶑,tì,ti,4,ㄊㄧ
憦,憦,憦,lào,lao,4,ㄌㄠ
蚻,蚻,蚻,zhá,zha,2,ㄓㄚ
隗,隗,隗,wěi,wei,3,ㄨㄟ
蹀,蹀,蹀,dié,die,2,ㄉㄧㄝ
㩲,㩲,㩲,kǔn,kun,3,ㄎㄨㄣ
仰,仰,仰,yǎng,yang,3,ㄧㄤ
夣,夣,夣,mèng,meng,4,ㄇㄥ
宧,宧,宧,yí,yi,2,ㄧ
㴤,㴤,㴤,㴤,㴤,,
役,役,役,yì,yi,4,ㄧ
䥎,䥎,䥎,chún,chun,2,ㄔㄨㄣ
䌈,䌈,䌈,tà,ta,4,ㄊㄚ
碴,碴,碴,chá,cha,2,ㄔㄚ
鯐,鯐,鯐,鯐,鯐,,
邀,邀,邀,yāo,yao,1,ㄧㄠ
䰗,䰗,䰗,䰗,䰗,,
扮,扮,扮,bàn,ban,4,ㄅㄢ
蘆,蘆,芦,lú,lu,2,ㄌㄨ
罹,罹,罹,lí,li,2,ㄌㄧ
孊,孊,孊,mǐ,mi,3,ㄇㄧ
虩,虩,虩,xì,xi,4,ㄒㄧ
狥,狥,狥,xùn,xun,4,ㄒㄩㄣ
皻,皻,皻,zhā,zha,1,ㄓㄚ
螃,螃,螃,páng,pang,2,ㄆㄤ
㡙,㡙,㡙,bì,bi,4,ㄅㄧ
偞,偞,偞,yè,ye,4,ㄧㄝ
鑵,鑵,鑵,guàn,guan,4,ㄍㄨㄢ
粗,粗,粗,cū,cu,1,ㄘㄨ
灞,灞,灞,bà,ba,4,ㄅㄚ
㒛,㒛,㒛,diào,diao,4,ㄉㄧㄠ
江,江,江,jiāng,jiang,1,ㄐㄧㄤ
搇,搇,搇,qìn,qin,4,ㄑㄧㄣ
発,発,発,fā,fa,1,ㄈㄚ
虎,虎,虎,hǔ,hu,3,ㄏㄨ
㐙,㐙,㐙,㐙,㐙,,
㧍,㧍,㧍,fǎng,fang,3,ㄈㄤ
懵,懵,懵,měng,meng,3,ㄇㄥ
訊,訊,讯,xùn,xun,4,ㄒㄩㄣ
句,句,句,jù,ju,4,ㄐㄩ
瞸,瞸,瞸,yè,ye,4,ㄧㄝ
䈾,䈾,䈾,shuò,shuo,4,ㄕㄨㄛ
熸,熸,熸,jiān,jian,1,ㄐㄧㄢ
胸,胸,胸,xiōng,xiong,1,ㄒㄩㄥ
䤤,䤤,䤤,䤤,䤤,,
龔,龔,龚,gōng,gong,1,ㄍㄨㄥ
㲝,㲝,㲝,rǒng,rong,3,ㄖㄨㄥ
勢,勢,势,shì,shi,4,ㄕ
䇩,䇩,䇩,yì,yi,4,ㄧ
蠜,蠜,蠜,fán,fan,2,ㄈㄢ
隉,隉,陧,niè,nie,4,ㄋㄧㄝ
䴫,䴫,䴫,líng,ling,2,ㄌㄧㄥ
㿜,㿜,㿜,biě,bie,3,ㄅㄧㄝ
澶,澶,澶,chán,chan,2,ㄔㄢ
䡑,䡑,䡑,mín,min,2,ㄇㄧㄣ
鑛,鑛,鑛,kuàng,kuang,4,ㄎㄨㄤ
䔼,䔼,䔼,sè,se,4,ㄙㄜ
周,周,周,zhōu,zhou,1,ㄓㄡ
鸰,鴒,鸰,líng,ling,2,ㄌㄧㄥ
葞,葞,葞,mǐ,mi,3,ㄇㄧ
佺,佺,佺,quán,quan,2,ㄑㄩㄢ
䇠,䇠,䇠,zhòu,zhou,4,ㄓㄡ
㿄,㿄,㿄,ài,ai,4,ㄞ
銒,銒,銒,xíng,xing,2,ㄒㄧㄥ
用,用,用,yòng,yong,4,ㄩㄥ
䒉,䒉,䒉,wǔ,wu,3,ㄨ
䜵,䜵,䜵,chǐ,chi,3,ㄔ
鹂,鸝,鹂,lí,li,2,ㄌㄧ
撔,撔,撔,hèng,heng,4,ㄏㄥ
剪,剪,剪,jiǎn,jian,3,ㄐㄧㄢ
贡,貢,贡,gòng,gong,4,ㄍㄨㄥ
鸹,鴰,鸹,guā,gua,1,ㄍㄨㄚ
諏,諏,诹,zōu,zou,1,ㄗㄡ
硰,硰,硰,shā,sha,1,ㄕㄚ
栉,櫛,栉,jié,jie,2,ㄐㄧㄝ
獙,獙,獙,bì,bi,4,ㄅㄧ
遊,遊,游,yóu,you,2,ㄧㄡ
瞾,瞾,瞾,zhào,zhao,4,ㄓㄠ
液,液,液,yè,ye,4,ㄧㄝ
鄖,鄖,郧,yún,yun,2,ㄩㄣ
㓚,㓚,㓚,㓚,㓚,,
剾,剾,剾,kōu,kou,1,ㄎㄡ
㷢,㷢,㷢,zhǎ,zha,3,ㄓㄚ
鑫,鑫,鑫,xīn,xin,1,ㄒㄧㄣ
浚,浚,浚,jùn,jun,4,ㄐㄩㄣ
剐,剮,剐,guǎ,gua,3,ㄍㄨㄚ
潃,潃,潃,xún,xun,2,ㄒㄩㄣ
榵,榵,榵,róng,rong,2,ㄖㄨㄥ
綖,綖,綖,yán,yan,2,ㄧㄢ
齎,齎,赍,jī,ji,1,ㄐㄧ
䋀,䋀,䋀,kuà,kua,4,ㄎㄨㄚ
䣃,䣃,䣃,䣃,䣃,,
线,綫,线,xiàn,xian,4,ㄒㄧㄢ
誾,誾,誾,yín,yin,2,ㄧㄣ
樾,樾,樾,yuè,yue,4,ㄩㄝ
斺,斺,斺,xiè,xie,4,ㄒㄧㄝ
瑛,瑛,瑛,yīng,ying,1,ㄧㄥ
䂓,䂓,䂓,䂓,䂓,,
铵,銨,铵,ān,an,1,ㄢ
购,購,购,gòu,gou,4,ㄍㄡ
侩,儈,侩,kuài,kuai,4,ㄎㄨㄞ
缣,縑,缣,jiān,jian,1,ㄐㄧㄢ
顃,顃,顃,yán,yan,2,ㄧㄢ
鮐,鮐,鲐,tái,tai,2,ㄊㄞ
㘵,㘵,㘵,bù,bu,4,ㄅㄨ
罕,罕,罕,hǎn,han,3,ㄏㄢ
韦,韋,韦,wéi,wei,2,ㄨㄟ
迊,迊,迊,zā,za,1,ㄗㄚ
䞍,䝼,䞍,qíng,qing,2,ㄑㄧㄥ
䖋,䖋,䖋,nvè,nue,4,
蹍,蹍,蹍,zhǎn,zhan,3,ㄓㄢ
慝,慝,慝,tè,te,4,ㄊㄜ
蝂,蝂,蝂,bǎn,ban,3,ㄅㄢ
详,詳,详,xiáng,xiang,2,ㄒㄧㄤ
俍,俍,俍,láng,lang,2,ㄌㄤ
溾,溾,溾,wēi,wei,1,ㄨㄟ
盕,盕,盕,fàn,fan,4,ㄈㄢ
躘,躘,躘,lóng,long,2,ㄌㄨㄥ
顄,顄,顄,hàn,han,4,ㄏㄢ
槭,槭,槭,cù,cu,4,ㄘㄨ
璱,璱,璱,sè,se,4,ㄙㄜ
䉃,䉃,䉃,jiǎng,jiang,3,ㄐㄧㄤ
䮑,䮑,䮑,lèi,lei,4,ㄌㄟ
迺,迺,迺,nǎi,nai,3,ㄋㄞ
匉,匉,匉,pēng,peng,1,ㄆㄥ
衳,衳,衳,zhōng,zhong,1,ㄓㄨㄥ
适,適,适,shì,shi,4,ㄕ
鳍,鰭,鳍,qí,qi,2,ㄑㄧ
䋆,䋆,䋆,䋆,䋆,,
鷆,鷆,鷆,tián,tian,2,ㄊㄧㄢ
綝,綝,綝,lín,lin,2,ㄌㄧㄣ
䑰,䑰,䑰,bù,bu,4,ㄅㄨ
㮐,㮐,㮐,xǐng,xing,3,ㄒㄧㄥ
側,側,侧,cè,ce,4,ㄘㄜ
羑,羑,羑,yǒu,you,3,ㄧㄡ
睋,睋,睋,é,e,2,ㄜ
㝫,㝫,㝫,lóng,long,2,ㄌㄨㄥ
䂧,䂧,䂧,zhěn,zhen,3,ㄓㄣ
陫,陫,陫,péi,pei,2,ㄆㄟ
鵶,鵶,鵶,yā,ya,1,ㄧㄚ
俑,俑,俑,yǒng,yong,3,ㄩㄥ
楽,楽,楽,lè,le,4,ㄌㄜ
撘,撘,撘,dā,da,1,ㄉㄚ
蚙,蚙,蚙,qín,qin,2,ㄑㄧㄣ
鍖,鍖,鍖,chěn,chen,3,ㄔㄣ
晐,晐,晐,gāi,gai,1,ㄍㄞ
麤,麤,麤,cū,cu,1,ㄘㄨ
虴,虴,虴,zhé,zhe,2,ㄓㄜ
瑃,瑃,瑃,瑃,瑃,,
錰,錰,錰,shù,shu,4,ㄕㄨ
糟,糟,糟,zāo,zao,1,ㄗㄠ
扈,扈,扈,hù,hu,4,ㄏㄨ
惃,惃,惃,kūn,kun,1,ㄎㄨㄣ
㚗,㚗,㚗,qié,qie,2,ㄑㄧㄝ
趂,趂,趂,chèn,chen,4,ㄔㄣ
氫,氫,氢,qīng,qing,1,ㄑㄧㄥ
簧,簧,簧,huáng,huang,2,ㄏㄨㄤ
歕,歕,歕,pēn,pen,1,ㄆㄣ
蹮,蹮,蹮,xiān,xian,1,ㄒㄧㄢ
魥,魥,魥,è,e,4,ㄜ
批,批,批,pī,pi,1,ㄆㄧ
䞏,䞏,䞏,䞏,䞏,,
睢,睢,睢,sūi,sui,1,ㄙㄨㄟ
㨪,㨪,㨪,huàng,huang,4,ㄏㄨㄤ
胝,胝,胝,zhī,zhi,1,ㄓ
㑩,㑩,㑩,luó,luo,2,ㄌㄨㄛ
㲄,㲄,㲄,kòu,kou,4,ㄎㄡ
而,而,而,ér,er,2,ㄦ
媾,媾,媾,gòu,gou,4,ㄍㄡ
漪,漪,漪,yī,yi,1,ㄧ
㐴,㐴,㐴,pān,pan,1,ㄆㄢ
蛫,蛫,蛫,gǔi,gui,3,ㄍㄨㄟ
煣,煣,煣,rǒu,rou,3,ㄖㄡ
丩,丩,丩,jīu,jiu,1,ㄐㄧㄡ
籓,籓,籓,fān,fan,1,ㄈㄢ
氧,氧,氧,yǎng,yang,3,ㄧㄤ
䇐,䇐,䇐,lì,li,4,ㄌㄧ
軭,軭,軭,kuāng,kuang,1,ㄎㄨㄤ
㓝,㓝,㓝,xíng,xing,2,ㄒㄧㄥ
䲨,䲨,䲨,hóng,hong,2,ㄏㄨㄥ
䔧,䔧,䔧,lí,li,2,ㄌㄧ
䶔,䶔,䶔,chí,chi,2,ㄔ
荠,薺,荠,qí,qi,2,ㄑㄧ
䉒,䉒,䉒,fán,fan,2,ㄈㄢ
履,履,履,lǔ,lu,3,ㄌㄨ
胺,胺,胺,è,e,4,ㄜ
壗,壗,壗,壗,壗,,
䐋,䐋,䐋,䐋,䐋,,
䮔,䮔,䮔,zǔi,zui,3,ㄗㄨㄟ
諉,諉,诿,wěi,wei,3,ㄨㄟ
杠,杠,杠,gāng,gang,1,ㄍㄤ
㱳,㱳,㱳,mò,mo,4,ㄇㄛ
彦,彥,彦,yàn,yan,4,ㄧㄢ
綎,綎,綎,tīng,ting,1,ㄊㄧㄥ
鄩,鄩,鄩,xín,xin,2,ㄒㄧㄣ
騰,騰,腾,téng,teng,2,ㄊㄥ
㷾,㷾,㷾,jué,jue,2,ㄐㄩㄝ
㞌,㞌,㞌,yùn,yun,4,ㄩㄣ
蹨,蹨,蹨,niǎn,nian,3,ㄋㄧㄢ
恑,恑,恑,gǔi,gui,3,ㄍㄨㄟ
撀,撀,撀,gòu,gou,4,ㄍㄡ
㸻,㸻,㸻,sì,si,4,ㄙ
谼,谼,谼,hóng,hong,2,ㄏㄨㄥ
䘚,䘚,䘚,zhú,zhu,2,ㄓㄨ
在,在,在,zài,zai,4,ㄗㄞ
㧻,㧻,㧻,zhǐ,zhi,3,ㄓ
撩,撩,撩,liāo,liao,1,ㄌㄧㄠ
绨,綈,绨,tí,ti,2,ㄊㄧ
銛,銛,铦,xiān,xian,1,ㄒㄧㄢ
耍,耍,耍,shuǎ,shua,3,ㄕㄨㄚ
隀,隀,隀,chóng,chong,2,ㄔㄨㄥ
通,通,通,tōng,tong,1,ㄊㄨㄥ
䘆,䘆,䘆,xiǎn,xian,3,ㄒㄧㄢ
廃,廃,廃,fèi,fei,4,ㄈㄟ
纼,紖,纼,yǐn,yin,3,ㄧㄣ
菗,菗,菗,chóu,chou,2,ㄔㄡ
軛,軛,轭,è,e,4,ㄜ
躠,躠,躠,xiě,xie,3,ㄒㄧㄝ
肣,肣,肣,hán,han,2,ㄏㄢ
鏿,鏿,鏿,chēng,cheng,1,ㄔㄥ
䚍,䚍,䚍,qì,qi,4,ㄑㄧ
㯂,㯂,㯂,dài,dai,4,ㄉㄞ
柈,柈,柈,pán,pan,2,ㄆㄢ
芠,芠,芠,wén,wen,2,ㄨㄣ
塩,塩,塩,yán,yan,2,ㄧㄢ
篁,篁,篁,huáng,huang,2,ㄏㄨㄤ
傿,傿,傿,yàn,yan,4,ㄧㄢ
衹,衹,只,qí,qi,2,ㄑㄧ
茓,茓,茓,xué,xue,2,ㄒㄩㄝ
㦜,㦜,㦜,huò,huo,4,ㄏㄨㄛ
塘,塘,塘,táng,tang,2,ㄊㄤ
祥,祥,祥,xiáng,xiang,2,ㄒㄧㄤ
鲖,鮦,鲖,tóng,tong,2,ㄊㄨㄥ
鴃,鴃,鴃,jué,jue,2,ㄐㄩㄝ
垛,垛,垛,duǒ,duo,3,ㄉㄨㄛ
櫰,櫰,櫰,huái,huai,2,ㄏㄨㄞ
艎,艎,艎,huáng,huang,2,ㄏㄨㄤ
䥌,䥌,䥌,zhèng,zheng,4,ㄓㄥ
螢,螢,萤,yíng,ying,2,ㄧㄥ
諭,諭,谕,yù,yu,4,ㄩ
鐑,鐑,鐑,jié,jie,2,ㄐㄧㄝ
㤈,㤈,㤈,qìn,qin,4,ㄑㄧㄣ
斧,斧,斧,fǔ,fu,3,ㄈㄨ
菤,菤,菤,juǎn,juan,3,ㄐㄩㄢ
㨆,㨆,㨆,lǐn,lin,3,ㄌㄧㄣ
郬,郬,郬,qīng,qing,1,ㄑㄧㄥ
䢌,䢌,䢌,bó,bo,2,ㄅㄛ
揲,揲,揲,shé,she,2,ㄕㄜ
塦,塦,塦,zhèn,zhen,4,ㄓㄣ
膨,膨,膨,péng,peng,2,ㄆㄥ
㘾,㘾,㘾,㘾,㘾,,
㮲,㮲,㮲,㮲,㮲,,
慎,慎,慎,shèn,shen,4,ㄕㄣ
䞼,䞼,䞼,chǔi,chui,3,ㄔㄨㄟ
㨕,㨕,㨕,yíng,ying,2,ㄧㄥ
姱,姱,姱,kuā,kua,1,ㄎㄨㄚ
鏚,鏚,鏚,qì,qi,4,ㄑㄧ
葄,葄,葄,zuò,zuo,4,ㄗㄨㄛ
洚,洚,洚,jiàng,jiang,4,ㄐㄧㄤ
碑,碑,碑,bēi,bei,1,ㄅㄟ
鞅,鞅,鞅,yǎng,yang,3,ㄧㄤ
䍙,䍙,䍙,méi,mei,2,ㄇㄟ
㜃,㜃,㜃,liàn,lian,4,ㄌㄧㄢ
㿩,㿩,㿩,tǎng,tang,3,ㄊㄤ
䍿,䍿,䍿,huáng,huang,2,ㄏㄨㄤ
氞,氞,氞,氞,氞,,
鞞,鞞,鞞,bǐng,bing,3,ㄅㄧㄥ
齔,齔,龀,chèn,chen,4,ㄔㄣ
㗣,㗣,㗣,tì,ti,4,ㄊㄧ
桋,桋,桋,yí,yi,2,ㄧ
颮,颮,飑,biāo,biao,1,ㄅㄧㄠ
浜,浜,浜,bāng,bang,1,ㄅㄤ
摩,摩,摩,mó,mo,2,ㄇㄛ
礊,礊,礊,huò,huo,4,ㄏㄨㄛ
䠤,䠤,䠤,duǒ,duo,3,ㄉㄨㄛ
㔥,㔥,㔥,pí,pi,2,ㄆㄧ
楼,樓,楼,lóu,lou,2,ㄌㄡ
轞,轞,轞,xiàn,xian,4,ㄒㄧㄢ
轵,軹,轵,zhǐ,zhi,3,ㄓ
爾,爾,尔,ěr,er,3,ㄦ
茏,蘢,茏,lóng,long,2,ㄌㄨㄥ
䋁,䋁,䋁,gěng,geng,3,ㄍㄥ
錒,錒,锕,ā,a,1,ㄚ
䛉,䛉,䛉,mì,mi,4,ㄇㄧ
詋,詋,詋,zhòu,zhou,4,ㄓㄡ
熃,熃,熃,wù,wu,4,ㄨ
對,對,对,dùi,dui,4,ㄉㄨㄟ
坥,坥,坥,qū,qu,1,ㄑㄩ
甖,甖,甖,yīng,ying,1,ㄧㄥ
螏,螏,螏,jí,ji,2,ㄐㄧ
䮍,䮍,䮍,niǎo,niao,3,ㄋㄧㄠ
笊,笊,笊,zhào,zhao,4,ㄓㄠ
廿,廿,廿,niàn,nian,4,ㄋㄧㄢ
餎,餎,饹,le,le,5,ㄌㄜ
犠,犠,犠,犠,犠,,
骍,騂,骍,xīn,xin,1,ㄒㄧㄣ
鷜,鷜,鷜,lóu,lou,2,ㄌㄡ
䰼,䰼,䰼,xín,xin,2,ㄒㄧㄣ
䔍,䔍,䔍,䔍,䔍,,
矲,矲,矲,bǎi,bai,3,ㄅㄞ
槌,槌,槌,chúi,chui,2,ㄔㄨㄟ
衭,衭,衭,fū,fu,1,ㄈㄨ
㴴,㴴,㴴,chén,chen,2,ㄔㄣ
樛,樛,樛,jīu,jiu,1,ㄐㄧㄡ
妭,妭,妭,bá,ba,2,ㄅㄚ
蔯,蔯,蔯,chén,chen,2,ㄔㄣ
㯚,㯚,㯚,dá,da,2,ㄉㄚ
䤣,䤣,䤣,lvè,lue,4,
栯,栯,栯,yǒu,you,3,ㄧㄡ
蟮,蟮,蟮,shàn,shan,4,ㄕㄢ
䊰,䊰,䊰,chǔ,chu,3,ㄔㄨ
㨖,㨖,㨖,zhì,zhi,4,ㄓ
㟚,㟚,㟚,qí,qi,2,ㄑㄧ
枋,枋,枋,fāng,fang,1,ㄈㄤ
䍓,䍓,䍓,hù,hu,4,ㄏㄨ
砷,砷,砷,shēn,shen,1,ㄕㄣ
棐,棐,棐,fěi,fei,3,ㄈㄟ
沂,沂,沂,yí,yi,2,ㄧ
泷,瀧,泷,lóng,long,2,ㄌㄨㄥ
眂,眂,眂,shì,shi,4,ㄕ
蛑,蛑,蛑,móu,mou,2,ㄇㄡ
妼,妼,妼,bì,bi,4,ㄅㄧ
抎,抎,抎,yǔn,yun,3,ㄩㄣ
撛,撛,撛,lǐn,lin,3,ㄌㄧㄣ
靔,靔,靔,tiān,tian,1,ㄊㄧㄢ
毶,毶,毶,毶,毶,,
蘟,蘟,蘟,yǐn,yin,3,ㄧㄣ
妶,妶,妶,xuán,xuan,2,ㄒㄩㄢ
蜳,蜳,蜳,dūn,dun,1,ㄉㄨㄣ
喺,喺,喺,xì,xi,4,ㄒㄧ
僡,僡,僡,hùi,hui,4,ㄏㄨㄟ
㤐,㤐,㤐,㤐,㤐,,
䕁,䕁,䕁,fěi,fei,3,ㄈㄟ
搭,搭,搭,dā,da,1,ㄉㄚ
諴,諴,諴,xián,xian,2,ㄒㄧㄢ
觤,觤,觤,gǔi,gui,3,ㄍㄨㄟ
螹,螹,螹,jiàn,jian,4,ㄐㄧㄢ
邱,邱,邱,qīu,qiu,1,ㄑㄧㄡ
剈,剈,剈,yuān,yuan,1,ㄩㄢ
漯,漯,漯,tà,ta,4,ㄊㄚ
暌,暌,暌,kúi,kui,2,ㄎㄨㄟ
㻝,㻝,㻝,là,la,4,ㄌㄚ
㗌,㗌,㗌,zhì,zhi,4,ㄓ
藞,藞,藞,lǎ,la,3,ㄌㄚ
虂,虂,虂,lù,lu,4,ㄌㄨ
狄,狄,狄,dí,di,2,ㄉㄧ
蠕,蠕,蠕,rú,ru,2,ㄖㄨ
箘,箘,箘,jùn,jun,4,ㄐㄩㄣ
㩩,㩩,㩩,qǐ,qi,3,ㄑㄧ
朋,朋,朋,péng,peng,2,ㄆㄥ
憞,憞,憞,dùi,dui,4,ㄉㄨㄟ
诲,誨,诲,hùi,hui,4,ㄏㄨㄟ
醖,醖,醖,yùn,yun,4,ㄩㄣ
豚,豚,豚,tún,tun,2,ㄊㄨㄣ
襀,襀,襀,jī,ji,1,ㄐㄧ
殪,殪,殪,yì,yi,4,ㄧ
㒭,㒭,㒭,㒭,㒭,,
槫,槫,槫,tuán,tuan,2,ㄊㄨㄢ
譗,譗,譗,zhá,zha,2,ㄓㄚ
挲,挲,挲,suō,suo,1,ㄙㄨㄛ
犤,犤,犤,pí,pi,2,ㄆㄧ
烯,烯,烯,xī,xi,1,ㄒㄧ
駧,駧,駧,dòng,dong,4,ㄉㄨㄥ
楪,楪,楪,yè,ye,4,ㄧㄝ
㤌,㤌,㤌,㤌,㤌,,
谳,讞,谳,yàn,yan,4,ㄧㄢ
秮,秮,秮,huó,huo,2,ㄏㄨㄛ
鷢,鷢,鷢,jué,jue,2,ㄐㄩㄝ
䳽,䳽,䳽,hè,he,4,ㄏㄜ
衅,釁,衅,xìn,xin,4,ㄒㄧㄣ
騊,騊,騊,táo,tao,2,ㄊㄠ
磼,磼,磼,zá,za,2,ㄗㄚ
鈯,鈯,鈯,tú,tu,2,ㄊㄨ
檁,檁,檩,lǐn,lin,3,ㄌㄧㄣ
磞,磞,磞,pēng,peng,1,ㄆㄥ
矹,矹,矹,wù,wu,4,ㄨ
冏,冏,冏,jiǒng,jiong,3,ㄐㄩㄥ
䊔,䊔,䊔,䊔,䊔,,
虥,虥,虥,zhàn,zhan,4,ㄓㄢ
偱,偱,偱,xún,xun,2,ㄒㄩㄣ
枍,枍,枍,yì,yi,4,ㄧ
綧,綧,綧,zhǔn,zhun,3,ㄓㄨㄣ
飓,颶,飓,jù,ju,4,ㄐㄩ
剅,剅,剅,lóu,lou,2,ㄌㄡ
粺,粺,粺,bài,bai,4,ㄅㄞ
㻿,㻿,㻿,shǔ,shu,3,ㄕㄨ
窷,窷,窷,liáo,liao,2,ㄌㄧㄠ
複,複,复,fù,fu,4,ㄈㄨ
糺,糺,糺,jīu,jiu,1,ㄐㄧㄡ
話,話,话,huà,hua,4,ㄏㄨㄚ
椑,椑,椑,bēi,bei,1,ㄅㄟ
㮉,㮉,㮉,㮉,㮉,,
弾,弾,弾,dàn,dan,4,ㄉㄢ
惔,惔,惔,tán,tan,2,ㄊㄢ
侀,侀,侀,xíng,xing,2,ㄒㄧㄥ
襣,襣,襣,bì,bi,4,ㄅㄧ
鶐,鶐,鶐,shù,shu,4,ㄕㄨ
戋,戔,戋,jiān,jian,1,ㄐㄧㄢ
荲,荲,荲,chù,chu,4,ㄔㄨ
绶,綬,绶,shòu,shou,4,ㄕㄡ
犁,犁,犁,lí,li,2,ㄌㄧ
䲗,䲗,䲗,xián,xian,2,ㄒㄧㄢ
闂,闂,闂,xiàng,xiang,4,ㄒㄧㄤ
难,難,难,nán,nan,2,ㄋㄢ
緺,緺,緺,guā,gua,1,ㄍㄨㄚ
䝍,䝍,䝍,jùn,jun,4,ㄐㄩㄣ
烉,烉,烉,huàn,huan,4,ㄏㄨㄢ
蝠,蝠,蝠,fú,fu,2,ㄈㄨ
亙,亙,亘,gèn,gen,4,ㄍㄣ
饄,饄,饄,táng,tang,2,ㄊㄤ
蹟,蹟,蹟,jī,ji,1,ㄐㄧ
臬,臬,臬,niè,nie,4,ㄋㄧㄝ
㱑,㱑,㱑,㱑,㱑,,
㳯,㳯,㳯,㳯,㳯,,
㡶,㡶,㡶,jì,ji,4,ㄐㄧ
香,香,香,xiāng,xiang,1,ㄒㄧㄤ
霃,霃,霃,chén,chen,2,ㄔㄣ
㮹,㮹,㮹,zhǐ,zhi,3,ㄓ
鄙,鄙,鄙,bǐ,bi,3,ㄅㄧ
颔,頷,颔,hàn,han,4,ㄏㄢ
很,很,很,hěn,hen,3,ㄏㄣ
䕃,䕃,䕃,yìn,yin,4,ㄧㄣ
䗍,䗍,䗍,lǐ,li,3,ㄌㄧ
湭,湭,湭,湭,湭,,
埽,埽,埽,sào,sao,4,ㄙㄠ
逎,逎,逎,qíu,qiu,2,ㄑㄧㄡ
蹐,蹐,蹐,jí,ji,2,ㄐㄧ
藷,藷,藷,shǔ,shu,3,ㄕㄨ
豐,豐,丰,fēng,feng,1,ㄈㄥ
蝆,蝆,蝆,yǎng,yang,3,ㄧㄤ
愦,憒,愦,kùi,kui,4,ㄎㄨㄟ
餝,餝,餝,shì,shi,4,ㄕ
冸,冸,冸,pàn,pan,4,ㄆㄢ
磸,磸,磸,dìng,ding,4,ㄉㄧㄥ
鿿,鿿,鿿,鿿,鿿,,
㐪,㐪,㐪,㐪,㐪,,
祋,祋,祋,dùi,dui,4,ㄉㄨㄟ
逰,逰,逰,yóu,you,2,ㄧㄡ
极,極,极,jí,ji,2,ㄐㄧ
掮,掮,掮,qián,qian,2,ㄑㄧㄢ
砃,砃,砃,dān,dan,1,ㄉㄢ
唱,唱,唱,chàng,chang,4,ㄔㄤ
皒,皒,皒,é,e,2,ㄜ
瘿,癭,瘿,yǐng,ying,3,ㄧㄥ
垴,堖,垴,nǎo,nao,3,ㄋㄠ
截,截,截,jié,jie,2,ㄐㄧㄝ
龝,龝,龝,qīu,qiu,1,ㄑㄧㄡ
䘀,䘀,䘀,fù,fu,4,ㄈㄨ
軫,軫,轸,zhěn,zhen,3,ㄓㄣ
捪,捪,捪,mín,min,2,ㄇㄧㄣ
讟,讟,讟,dú,du,2,ㄉㄨ
䬈,䬈,䬈,dùi,dui,4,ㄉㄨㄟ
嵾,嵾,嵾,cēn,cen,1,ㄘㄣ
㙯,㙯,㙯,yì,yi,4,ㄧ
㛄,㛄,㛄,㛄,㛄,,
昖,昖,昖,yán,yan,2,ㄧㄢ
䧁,䧁,䧁,chù,chu,4,ㄔㄨ
桤,榿,桤,qī,qi,1,ㄑㄧ
㽚,㽚,㽚,chì,chi,4,ㄔ
猵,猵,猵,biān,bian,1,ㄅㄧㄢ
靡,靡,靡,mǐ,mi,3,ㄇㄧ
單,單,单,dān,dan,1,ㄉㄢ
濉,濉,濉,sūi,sui,1,ㄙㄨㄟ
脱,脫,脱,tuō,tuo,1,ㄊㄨㄛ
向,嚮,向,xiàng,xiang,4,ㄒㄧㄤ
㗆,㗆,㗆,gé,ge,2,ㄍㄜ
暊,暊,暊,fǔ,fu,3,ㄈㄨ
鉍,鉍,铋,bì,bi,4,ㄅㄧ
菐,菐,菐,pú,pu,2,ㄆㄨ
䩑,䩑,䩑,hóng,hong,2,ㄏㄨㄥ
纁,纁,纁,xūn,xun,1,ㄒㄩㄣ
䱛,䱛,䱛,xù,xu,4,ㄒㄩ
筇,筇,筇,qióng,qiong,2,ㄑㄩㄥ
㽦,㽦,㽦,xún,xun,2,ㄒㄩㄣ
齙,齙,龅,páo,pao,2,ㄆㄠ
組,組,组,zǔ,zu,3,ㄗㄨ
㟞,㟞,㟞,zhàn,zhan,4,ㄓㄢ
㲩,㲩,㲩,㲩,㲩,,
䛌,䛌,䛌,páo,pao,2,ㄆㄠ
潴,瀦,潴,zhū,zhu,1,ㄓㄨ
晦,晦,晦,hùi,hui,4,ㄏㄨㄟ
㫱,㫱,㫱,nǎn,nan,3,ㄋㄢ
擓,擓,㧟,kuǎi,kuai,3,ㄎㄨㄞ
簅,簅,簅,chǎn,chan,3,ㄔㄢ
䟜,䟜,䟜,nà,na,4,ㄋㄚ
厍,厙,厍,shè,she,4,ㄕㄜ
甂,甂,甂,biān,bian,1,ㄅㄧㄢ
挃,挃,挃,zhì,zhi,4,ㄓ
八,八,八,bā,ba,1,ㄅㄚ
鳏,鰥,鳏,yín,yin,2,ㄧㄣ
㺌,㺌,㺌,xiàn,xian,4,ㄒㄧㄢ
淤,淤,淤,yū,yu,1,ㄩ
沛,沛,沛,pèi,pei,4,ㄆㄟ
箙,箙,箙,fú,fu,2,ㄈㄨ
箬,箬,箬,ruò,ruo,4,ㄖㄨㄛ
腎,腎,肾,shèn,shen,4,ㄕㄣ
㯫,㯫,㯫,qú,qu,2,ㄑㄩ
提,提,提,tí,ti,2,ㄊㄧ
玵,玵,玵,án,an,2,ㄢ
㥍,㥍,㥍,jì,ji,4,ㄐㄧ
㿇,㿇,㿇,xí,xi,2,ㄒㄧ
朗,朗,朗,lǎng,lang,3,ㄌㄤ
㸏,㸏,㸏,mí,mi,2,ㄇㄧ
㹋,㹋,㹋,㹋,㹋,,
科,科,科,kē,ke,1,ㄎㄜ
澗,澗,涧,jiàn,jian,4,ㄐㄧㄢ
㺮,㺮,㺮,yú,yu,2,ㄩ
祆,祆,祆,xiān,xian,1,ㄒㄧㄢ
㠎,㠎,㠎,jí,ji,2,ㄐㄧ
䤽,䤽,䤽,䤽,䤽,,
豑,豑,豑,zhì,zhi,4,ㄓ
妤,妤,妤,yú,yu,2,ㄩ
㷙,㷙,㷙,㷙,㷙,,
㾻,㾻,㾻,zhù,zhu,4,ㄓㄨ
郛,郛,郛,fú,fu,2,ㄈㄨ
賒,賒,赊,shē,she,1,ㄕㄜ
輇,輇,辁,quán,quan,2,ㄑㄩㄢ
扝,扝,扝,kū,ku,1,ㄎㄨ
儲,儲,储,chǔ,chu,3,ㄔㄨ
籐,籐,籐,téng,teng,2,ㄊㄥ
旤,旤,旤,huò,huo,4,ㄏㄨㄛ
䈻,䈻,䈻,pú,pu,2,ㄆㄨ
額,額,额,é,e,2,ㄜ
崀,崀,崀,làng,lang,4,ㄌㄤ
孤,孤,孤,gū,gu,1,ㄍㄨ
䇈,䇈,䇈,gùi,gui,4,ㄍㄨㄟ
嬧,嬧,嬧,jìn,jin,4,ㄐㄧㄣ
鶩,鶩,鹜,wù,wu,4,ㄨ
㷔,㷔,㷔,yàn,yan,4,ㄧㄢ
锠,錩,锠,chāng,chang,1,ㄔㄤ
屠,屠,屠,tú,tu,2,ㄊㄨ
䎳,䎳,䎳,wà,wa,4,ㄨㄚ
袯,襏,袯,bó,bo,2,ㄅㄛ
昏,昏,昏,hūn,hun,1,ㄏㄨㄣ
鍄,鍄,鍄,liàng,liang,4,ㄌㄧㄤ
幢,幢,幢,chuáng,chuang,2,ㄔㄨㄤ
嵦,嵦,嵦,ái,ai,2,ㄞ
蛷,蛷,蛷,qíu,qiu,2,ㄑㄧㄡ
饋,饋,馈,kùi,kui,4,ㄎㄨㄟ
穳,穳,穳,zàn,zan,4,ㄗㄢ
䧢,䧢,䧢,䧢,䧢,,
㿞,㿞,㿞,mào,mao,4,ㄇㄠ
秢,秢,秢,líng,ling,2,ㄌㄧㄥ
㻒,㻒,㻒,jùn,jun,4,ㄐㄩㄣ
㡫,㡫,㡫,yì,yi,4,ㄧ
嚲,嚲,亸,duǒ,duo,3,ㄉㄨㄛ
䲉,䲉,䲉,䲉,䲉,,
唌,唌,唌,xián,xian,2,ㄒㄧㄢ
黐,黐,黐,chī,chi,1,ㄔ
蹺,蹺,跷,qiāo,qiao,1,ㄑㄧㄠ
浳,浳,浳,yì,yi,4,ㄧ
陲,陲,陲,chúi,chui,2,ㄔㄨㄟ
毿,毿,毵,sān,san,1,ㄙㄢ
兖,兗,兖,yǎn,yan,3,ㄧㄢ
呿,呿,呿,qū,qu,1,ㄑㄩ
劇,劇,剧,jù,ju,4,ㄐㄩ
䊥,䊥,䊥,xiào,xiao,4,ㄒㄧㄠ
裁,裁,裁,cái,cai,2,ㄘㄞ
藬,藬,藬,tūi,tui,1,ㄊㄨㄟ
纋,纋,纋,yōu,you,1,ㄧㄡ
霝,霝,霝,líng,ling,2,ㄌㄧㄥ
憔,憔,憔,qiáo,qiao,2,ㄑㄧㄠ
銙,銙,銙,kuǎ,kua,3,ㄎㄨㄚ
齓,齓,齓,chèn,chen,4,ㄔㄣ
焟,焟,焟,xí,xi,2,ㄒㄧ
褮,褮,褮,yīng,ying,1,ㄧㄥ
絘,絘,絘,cì,ci,4,ㄘ
䤕,䤕,䤕,xuè,xue,4,ㄒㄩㄝ
犧,犧,牺,xī,xi,1,ㄒㄧ
酧,酧,酧,chóu,chou,2,ㄔㄡ
震,震,震,zhèn,zhen,4,ㄓㄣ
嵠,嵠,嵠,xī,xi,1,ㄒㄧ
斾,斾,斾,pèi,pei,4,ㄆㄟ
瞚,瞚,瞚,shùn,shun,4,ㄕㄨㄣ
豫,豫,豫,yù,yu,4,ㄩ
蚨,蚨,蚨,fú,fu,2,ㄈㄨ
詃,詃,詃,quǎn,quan,3,ㄑㄩㄢ
鸧,鶬,鸧,cāng,cang,1,ㄘㄤ
㹐,㹐,㹐,chóng,chong,2,ㄔㄨㄥ
鸈,鸈,鸈,yè,ye,4,ㄧㄝ
䛱,䛱,䛱,tí,ti,2,ㄊㄧ
万,萬,万,wàn,wan,4,ㄨㄢ
騴,騴,騴,yàn,yan,4,ㄧㄢ
琗,琗,琗,cùi,cui,4,ㄘㄨㄟ
褱,褱,褱,huái,huai,2,ㄏㄨㄞ
潠,潠,潠,sùn,sun,4,ㄙㄨㄣ
㹥,㹥,㹥,zhù,zhu,4,ㄓㄨ
譠,譠,譠,tān,tan,1,ㄊㄢ
谎,謊,谎,huǎng,huang,3,ㄏㄨㄤ
苅,苅,苅,yì,yi,4,ㄧ
榌,榌,榌,榌,榌,,
槩,槩,槩,gài,gai,4,ㄍㄞ
衔,銜,衔,xián,xian,2,ㄒㄧㄢ
蜞,蜞,蜞,qí,qi,2,ㄑㄧ
㢺,㢺,㢺,xián,xian,2,ㄒㄧㄢ
碁,碁,碁,qí,qi,2,ㄑㄧ
蝋,蝋,蝋,là,la,4,ㄌㄚ
㲓,㲓,㲓,róng,rong,2,ㄖㄨㄥ
㬣,㬣,㬣,dùi,dui,4,ㄉㄨㄟ
㘽,㘽,㘽,㘽,㘽,,
囌,囌,苏,sū,su,1,ㄙㄨ
䮝,䮝,䮝,huán,huan,2,ㄏㄨㄢ
駍,駍,駍,pēng,peng,1,ㄆㄥ
埰,埰,埰,cài,cai,4,ㄘㄞ
㐇,㐇,㐇,㐇,㐇,,
宑,宑,宑,jǐng,jing,3,ㄐㄧㄥ
槤,槤,槤,lián,lian,2,ㄌㄧㄢ
取,取,取,qǔ,qu,3,ㄑㄩ
褏,褏,褏,xìu,xiu,4,ㄒㄧㄡ
撸,擼,撸,lǔ,lu,3,ㄌㄨ
軁,軁,軁,lóu,lou,2,ㄌㄡ
沶,沶,沶,yí,yi,2,ㄧ
侔,侔,侔,móu,mou,2,ㄇㄡ
黧,黧,黧,lí,li,2,ㄌㄧ
䢅,䢅,䢅,chén,chen,2,ㄔㄣ
炁,炁,炁,qì,qi,4,ㄑㄧ
䳀,䳀,䳀,dié,die,2,ㄉㄧㄝ
荑,荑,荑,tí,ti,2,ㄊㄧ
腉,腉,腉,jiē,jie,1,ㄐㄧㄝ
砏,砏,砏,fēn,fen,1,ㄈㄣ
灥,灥,灥,xún,xun,2,ㄒㄩㄣ
麾,麾,麾,hūi,hui,1,ㄏㄨㄟ
貗,貗,貗,jù,ju,4,ㄐㄩ
耓,耓,耓,tīng,ting,1,ㄊㄧㄥ
鱺,鱺,鲡,lí,li,2,ㄌㄧ
鰊,鰊,鰊,liàn,lian,4,ㄌㄧㄢ
蟪,蟪,蟪,hùi,hui,4,ㄏㄨㄟ
冴,冴,冴,hù,hu,4,ㄏㄨ
宬,宬,宬,chéng,cheng,2,ㄔㄥ
砲,砲,砲,pào,pao,4,ㄆㄠ
屺,屺,屺,qǐ,qi,3,ㄑㄧ
㶸,㶸,㶸,㶸,㶸,,
㕺,㕺,㕺,háo,hao,2,ㄏㄠ
豄,豄,豄,dú,du,2,ㄉㄨ
䎷,䎷,䎷,zhù,zhu,4,ㄓㄨ
授,授,授,shòu,shou,4,ㄕㄡ
㕔,㕔,㕔,㕔,㕔,,
㻷,㻷,㻷,jí,ji,2,ㄐㄧ
陿,陿,陿,shǎn,shan,3,ㄕㄢ
欋,欋,欋,qú,qu,2,ㄑㄩ
匴,匴,匴,suǎn,suan,3,ㄙㄨㄢ
瞥,瞥,瞥,piē,pie,1,ㄆㄧㄝ
霔,霔,霔,zhù,zhu,4,ㄓㄨ
㳞,㳞,㳞,㳞,㳞,,
潵,潵,潵,sàn,san,4,ㄙㄢ
揀,揀,拣,jiǎn,jian,3,ㄐㄧㄢ
鑅,鑅,鑅,héng,heng,2,ㄏㄥ
䚫,䚫,䚫,áo,ao,2,ㄠ
你,你,你,nǐ,ni,3,ㄋㄧ
䍭,䍭,䍭,䍭,䍭,,
穲,穲,穲,lí,li,2,ㄌㄧ
堰,堰,堰,yàn,yan,4,ㄧㄢ
㩱,㩱,㩱,jué,jue,2,ㄐㄩㄝ
楏,楏,楏,kúi,kui,2,ㄎㄨㄟ
輽,輽,輽,bèn,ben,4,ㄅㄣ
傖,傖,伧,cāng,cang,1,ㄘㄤ
薯,薯,薯,shǔ,shu,3,ㄕㄨ
経,経,経,jīng,jing,1,ㄐㄧㄥ
燸,燸,燸,rú,ru,2,ㄖㄨ
蚞,蚞,蚞,mù,mu,4,ㄇㄨ
䮂,䮂,䮂,bó,bo,2,ㄅㄛ
直,直,直,zhí,zhi,2,ㄓ
踶,踶,踶,dì,di,4,ㄉㄧ
叺,叺,叺,chǐ,chi,3,ㄔ
氕,氕,氕,piē,pie,1,ㄆㄧㄝ
偐,偐,偐,yàn,yan,4,ㄧㄢ
㳊,㳊,㳊,㳊,㳊,,
拵,拵,拵,cún,cun,2,ㄘㄨㄣ
贑,贑,贑,gǎn,gan,3,ㄍㄢ
辴,辴,辴,zhěn,zhen,3,ㄓㄣ
膗,膗,膗,chuái,chuai,2,ㄔㄨㄞ
壀,壀,壀,pí,pi,2,ㄆㄧ
㱿,㱿,㱿,què,que,4,ㄑㄩㄝ
僉,僉,佥,qiān,qian,1,ㄑㄧㄢ
嬏,嬏,嬏,fān,fan,1,ㄈㄢ
懹,懹,懹,ràng,rang,4,ㄖㄤ
䙃,䙃,䙃,duò,duo,4,ㄉㄨㄛ
氋,氋,氋,méng,meng,2,ㄇㄥ
䵴,䵴,䵴,yùn,yun,4,ㄩㄣ
昺,昺,昺,bǐng,bing,3,ㄅㄧㄥ
逖,逖,逖,tì,ti,4,ㄊㄧ
睤,睤,睤,bì,bi,4,ㄅㄧ
麞,麞,麞,zhāng,zhang,1,ㄓㄤ
廂,廂,厢,xiāng,xiang,1,ㄒㄧㄤ
勘,勘,勘,kān,kan,1,ㄎㄢ
宍,宍,宍,ròu,rou,4,ㄖㄡ
㾩,㾩,㾩,㾩,㾩,,
鍏,鍏,鍏,wéi,wei,2,ㄨㄟ
噳,噳,噳,yǔ,yu,3,ㄩ
羗,羗,羗,qiāng,qiang,1,ㄑㄧㄤ
巔,巔,巅,diān,dian,1,ㄉㄧㄢ
桞,桞,桞,桞,桞,,
䵿,䵿,䵿,tiè,tie,4,ㄊㄧㄝ
煞,煞,煞,shā,sha,1,ㄕㄚ
邰,邰,邰,tái,tai,2,ㄊㄞ
饼,餅,饼,bǐng,bing,3,ㄅㄧㄥ
鹄,鵠,鹄,hú,hu,2,ㄏㄨ
熬,熬,熬,áo,ao,2,ㄠ
姨,姨,姨,yí,yi,2,ㄧ
岼,岼,岼,岼,岼,,
翾,翾,翾,xuān,xuan,1,ㄒㄩㄢ
孕,孕,孕,yùn,yun,4,ㄩㄣ
盬,盬,盬,gǔ,gu,3,ㄍㄨ
阭,阭,阭,yǔn,yun,3,ㄩㄣ
䄙,䄙,䄙,míng,ming,2,ㄇㄧㄥ
琶,琶,琶,pá,pa,2,ㄆㄚ
㛦,㛦,㛦,lǎn,lan,3,ㄌㄢ
刊,刊,刊,kān,kan,1,ㄎㄢ
撇,撇,撇,piē,pie,1,ㄆㄧㄝ
擶,擶,擶,jiàn,jian,4,ㄐㄧㄢ
浐,滻,浐,chǎn,chan,3,ㄔㄢ
譿,譿,譿,hùi,hui,4,ㄏㄨㄟ
粈,粈,粈,rǒu,rou,3,ㄖㄡ
㽊,㽊,㽊,xiè,xie,4,ㄒㄧㄝ
戰,戰,战,zhàn,zhan,4,ㄓㄢ
脲,脲,脲,niào,niao,4,ㄋㄧㄠ
麄,麄,麄,cū,cu,1,ㄘㄨ
䅾,䅾,䅾,cén,cen,2,ㄘㄣ
橒,橒,橒,yún,yun,2,ㄩㄣ
礐,礐,礐,què,que,4,ㄑㄩㄝ
紅,紅,红,hóng,hong,2,ㄏㄨㄥ
鍾,鍾,钟,zhōng,zhong,1,ㄓㄨㄥ
皥,皥,皥,hào,hao,4,ㄏㄠ
框,框,框,kuàng,kuang,4,ㄎㄨㄤ
式,式,式,shì,shi,4,ㄕ
㙶,㙶,㙶,táng,tang,2,ㄊㄤ
篖,篖,篖,táng,tang,2,ㄊㄤ
䩥,䩥,䩥,dàn,dan,4,ㄉㄢ
㨲,㨲,㨲,cè,ce,4,ㄘㄜ
鴸,鴸,鴸,zhū,zhu,1,ㄓㄨ
肾,腎,肾,shèn,shen,4,ㄕㄣ
鐠,鐠,镨,pǔ,pu,3,ㄆㄨ
哀,哀,哀,āi,ai,1,ㄞ
㾥,㾥,㾥,xù,xu,4,ㄒㄩ
虗,虗,虗,xū,xu,1,ㄒㄩ
璑,璑,璑,wú,wu,2,ㄨ
臹,臹,臹,xīu,xiu,1,ㄒㄧㄡ
㖰,㖰,㖰,㖰,㖰,,
䇸,䇸,䇸,chéng,cheng,2,ㄔㄥ
溷,溷,溷,hùn,hun,4,ㄏㄨㄣ
䦰,䦰,䦰,䦰,䦰,,
薏,薏,薏,yì,yi,4,ㄧ
淗,淗,淗,jú,ju,2,ㄐㄩ
廬,廬,庐,lú,lu,2,ㄌㄨ
榋,榋,榋,榋,榋,,
䦘,䦘,䦘,bì,bi,4,ㄅㄧ
䝷,䝷,䝷,zhì,zhi,4,ㄓ
䕭,䕭,䕭,qián,qian,2,ㄑㄧㄢ
艭,艭,艭,shuāng,shuang,1,ㄕㄨㄤ
剦,剦,剦,yān,yan,1,ㄧㄢ
荩,藎,荩,jìn,jin,4,ㄐㄧㄣ
艿,艿,艿,nǎi,nai,3,ㄋㄞ
憼,憼,憼,jǐng,jing,3,ㄐㄧㄥ
糊,糊,煳,hú,hu,2,ㄏㄨ
赧,赧,赧,nǎn,nan,3,ㄋㄢ
佂,佂,佂,zhēng,zheng,1,ㄓㄥ
貖,貖,貖,è,e,4,ㄜ
阠,阠,阠,xìn,xin,4,ㄒㄧㄣ
覥,覥,觍,tiǎn,tian,3,ㄊㄧㄢ
簘,簘,簘,xiāo,xiao,1,ㄒㄧㄠ
刃,刃,刃,rèn,ren,4,ㄖㄣ
㗠,㗠,㗠,㗠,㗠,,
楎,楎,楎,hún,hun,2,ㄏㄨㄣ
醡,醡,醡,zhà,zha,4,ㄓㄚ
励,勵,励,lì,li,4,ㄌㄧ
䡦,䡦,䡦,sǎng,sang,3,ㄙㄤ
絥,絥,絥,fú,fu,2,ㄈㄨ
䋮,䋮,䋮,jìn,jin,4,ㄐㄧㄣ
㰣,㰣,㰣,zì,zi,4,ㄗ
鐐,鐐,镣,liáo,liao,2,ㄌㄧㄠ
勛,勛,勋,xūn,xun,1,ㄒㄩㄣ
穊,穊,穊,jì,ji,4,ㄐㄧ
烍,烍,烍,xiǎn,xian,3,ㄒㄧㄢ
纕,纕,纕,xiāng,xiang,1,ㄒㄧㄤ
謖,謖,谡,sù,su,4,ㄙㄨ
韾,韾,韾,yīn,yin,1,ㄧㄣ
捸,捸,捸,tū,tu,1,ㄊㄨ
蝀,蝀,蝀,dōng,dong,1,ㄉㄨㄥ
桻,桻,桻,fēng,feng,1,ㄈㄥ
鑭,鑭,镧,lán,lan,2,ㄌㄢ
㖀,㖀,㖀,lè,le,4,ㄌㄜ
㑀,㑀,㑀,㑀,㑀,,
譳,譳,譳,nòu,nou,4,ㄋㄡ
声,聲,声,shēng,sheng,1,ㄕㄥ
年,年,年,nián,nian,2,ㄋㄧㄢ
圃,圃,圃,pǔ,pu,3,ㄆㄨ
嫥,嫥,嫥,zhuān,zhuan,1,ㄓㄨㄢ
髽,髽,髽,zhuā,zhua,1,ㄓㄨㄚ
簤,簤,簤,dài,dai,4,ㄉㄞ
棔,棔,棔,hūn,hun,1,ㄏㄨㄣ
䄡,䄡,䄡,䄡,䄡,,
髯,髯,髯,rán,ran,2,ㄖㄢ
屄,屄,屄,bī,bi,1,ㄅㄧ
祟,祟,祟,sùi,sui,4,ㄙㄨㄟ
㑏,㑏,㑏,zhù,zhu,4,ㄓㄨ
䉑,䉑,䉑,mó,mo,2,ㄇㄛ
壊,壊,壊,huài,huai,4,ㄏㄨㄞ
嘷,嘷,嘷,háo,hao,2,ㄏㄠ
窡,窡,窡,zhùi,zhui,4,ㄓㄨㄟ
䓽,䓽,䓽,jì,ji,4,ㄐㄧ
徃,徃,徃,wǎng,wang,3,ㄨㄤ
橝,橝,橝,tān,tan,1,ㄊㄢ
硡,硡,硡,hóng,hong,2,ㄏㄨㄥ
蟀,蟀,蟀,shuài,shuai,4,ㄕㄨㄞ
爺,爺,爷,yé,ye,2,ㄧㄝ
㸲,㸲,㸲,zuó,zuo,2,ㄗㄨㄛ
蟎,蟎,螨,mǎn,man,3,ㄇㄢ
䱑,䱑,䱑,xué,xue,2,ㄒㄩㄝ
䯖,䯖,䯖,láng,lang,2,ㄌㄤ
泥,泥,泥,ní,ni,2,ㄋㄧ
鼰,鼰,鼰,niàn,nian,4,ㄋㄧㄢ
怉,怉,怉,bǎo,bao,3,ㄅㄠ
荂,荂,荂,kuā,kua,1,ㄎㄨㄚ
䞞,䞞,䞞,fú,fu,2,ㄈㄨ
䈈,䈈,䈈,féi,fei,2,ㄈㄟ
䛅,䛅,䛅,xiá,xia,2,ㄒㄧㄚ
䑈,䑈,䑈,bó,bo,2,ㄅㄛ
掶,掶,掶,掶,掶,,
耄,耄,耄,mào,mao,4,ㄇㄠ
鑴,鑴,鑴,xī,xi,1,ㄒㄧ
䇭,䇭,䇭,lǎo,lao,3,ㄌㄠ
鋡,鋡,鋡,hán,han,2,ㄏㄢ
䫄,䫄,䫄,chuà,chua,4,ㄔㄨㄚ
謼,謼,謼,hù,hu,4,ㄏㄨ
曙,曙,曙,shù,shu,4,ㄕㄨ
拕,拕,拕,tuō,tuo,1,ㄊㄨㄛ
薌,薌,芗,xiāng,xiang,1,ㄒㄧㄤ
䱤,䱤,䱤,xiàn,xian,4,ㄒㄧㄢ
瀣,瀣,瀣,xiè,xie,4,ㄒㄧㄝ
潟,潟,潟,xì,xi,4,ㄒㄧ
漛,漛,漛,téng,teng,2,ㄊㄥ
㺳,㺳,㺳,méi,mei,2,ㄇㄟ
捻,撚,捻,niǎn,nian,3,ㄋㄧㄢ
䡬,䡬,䡬,màn,man,4,ㄇㄢ
捝,捝,捝,tuō,tuo,1,ㄊㄨㄛ
䯈,䯈,䯈,wán,wan,2,ㄨㄢ
暻,暻,暻,jǐng,jing,3,ㄐㄧㄥ
肒,肒,肒,huán,huan,2,ㄏㄨㄢ
䆆,䆆,䆆,䆆,䆆,,
䟠,䟠,䟠,yuè,yue,4,ㄩㄝ
忰,忰,忰,cùi,cui,4,ㄘㄨㄟ
㻛,㻛,㻛,㻛,㻛,,
㼵,㼵,㼵,dì,di,4,ㄉㄧ
関,関,関,guān,guan,1,ㄍㄨㄢ
锖,錆,锖,qiāng,qiang,1,ㄑㄧㄤ
䉀,䉀,䉀,shù,shu,4,ㄕㄨ
鷶,鷶,鷶,mǎi,mai,3,ㄇㄞ
㨷,㨷,㨷,jìn,jin,4,ㄐㄧㄣ
䶺,䶺,䶺,䶺,䶺,,
刚,剛,刚,gāng,gang,1,ㄍㄤ
豘,豘,豘,tún,tun,2,ㄊㄨㄣ
㳀,㳀,㳀,guò,guo,4,ㄍㄨㄛ
簁,簁,簁,xǐ,xi,3,ㄒㄧ
带,帶,带,dài,dai,4,ㄉㄞ
猴,猴,猴,hóu,hou,2,ㄏㄡ
乷,乷,乷,shā,sha,1,ㄕㄚ
筢,筢,筢,pá,pa,2,ㄆㄚ
鎄,鎄,锿,āi,ai,1,ㄞ
㪼,㪼,㪼,kě,ke,3,ㄎㄜ
淞,淞,淞,sōng,song,1,ㄙㄨㄥ
䖅,䖅,䖅,líng,ling,2,ㄌㄧㄥ
汬,汬,汬,jǐng,jing,3,ㄐㄧㄥ
嘱,囑,嘱,zhǔ,zhu,3,ㄓㄨ
䨪,䨪,䨪,mái,mai,2,ㄇㄞ
骚,騷,骚,sāo,sao,1,ㄙㄠ
䩄,䩄,䩄,tiǎn,tian,3,ㄊㄧㄢ
蟕,蟕,蟕,zūi,zui,1,ㄗㄨㄟ
㿏,㿏,㿏,qún,qun,2,ㄑㄩㄣ
鳇,鰉,鳇,huáng,huang,2,ㄏㄨㄤ
鮩,鮩,鮩,bìng,bing,4,ㄅㄧㄥ
帲,帲,帲,píng,ping,2,ㄆㄧㄥ
螷,螷,螷,pí,pi,2,ㄆㄧ
㘦,㘦,㘦,qín,qin,2,ㄑㄧㄣ
磏,磏,磏,lián,lian,2,ㄌㄧㄢ
魎,魎,魉,liǎng,liang,3,ㄌㄧㄤ
慒,慒,慒,cóng,cong,2,ㄘㄨㄥ
媜,媜,媜,zhēn,zhen,1,ㄓㄣ
蜺,蜺,蜺,ní,ni,2,ㄋㄧ
䙝,䙝,䙝,xiè,xie,4,ㄒㄧㄝ
鈺,鈺,钰,yù,yu,4,ㄩ
㵓,㵓,㵓,shí,shi,2,ㄕ
䶓,䶓,䶓,jì,ji,4,ㄐㄧ
梎,梎,梎,āo,ao,1,ㄠ
㸃,㸃,㸃,diǎn,dian,3,ㄉㄧㄢ
飲,飲,饮,yǐn,yin,3,ㄧㄣ
㮀,㮀,㮀,hán,han,2,ㄏㄢ
级,級,级,jí,ji,2,ㄐㄧ
宁,寜,宁,níng,ning,2,ㄋㄧㄥ
建,建,建,jiàn,jian,4,ㄐㄧㄢ
柙,柙,柙,xiá,xia,2,ㄒㄧㄚ
儼,儼,俨,yǎn,yan,3,ㄧㄢ
歂,歂,歂,chuán,chuan,2,ㄔㄨㄢ
䆷,䆷,䆷,yù,yu,4,ㄩ
虈,虈,虈,xiāo,xiao,1,ㄒㄧㄠ
䶳,䶳,䶳,yuè,yue,4,ㄩㄝ
軖,軖,軖,qiáng,qiang,2,ㄑㄧㄤ
尤,尤,尤,yóu,you,2,ㄧㄡ
鎖,鎖,锁,suǒ,suo,3,ㄙㄨㄛ
桊,棬,桊,juàn,juan,4,ㄐㄩㄢ
㬳,㬳,㬳,wǔ,wu,3,ㄨ
惄,惄,惄,nì,ni,4,ㄋㄧ
㼀,㼀,㼀,㼀,㼀,,
墛,墛,墛,墛,墛,,
媛,媛,媛,yuàn,yuan,4,ㄩㄢ
䯩,䯩,䯩,䯩,䯩,,
穽,穽,穽,jǐng,jing,3,ㄐㄧㄥ
砶,砶,砶,pò,po,4,ㄆㄛ
祓,祓,祓,fú,fu,2,ㄈㄨ
㦃,㦃,㦃,chǎn,chan,3,ㄔㄢ
婣,婣,婣,yīn,yin,1,ㄧㄣ
梗,梗,梗,gěng,geng,3,ㄍㄥ
㹅,㹅,㹅,zǒng,zong,3,ㄗㄨㄥ
喨,喨,喨,liàng,liang,4,ㄌㄧㄤ
婜,婜,婜,qiān,qian,1,ㄑㄧㄢ
蟦,蟦,蟦,fèi,fei,4,ㄈㄟ
峀,峀,峀,xìu,xiu,4,ㄒㄧㄡ
㾿,㾿,㾿,láng,lang,2,ㄌㄤ
鼪,鼪,鼪,shēng,sheng,1,ㄕㄥ
㕜,㕜,㕜,shǐ,shi,3,ㄕ
殸,殸,殸,qìng,qing,4,ㄑㄧㄥ
鼮,鼮,鼮,tíng,ting,2,ㄊㄧㄥ
䔻,䔻,䔻,䔻,䔻,,
銦,銦,铟,yīn,yin,1,ㄧㄣ
嬳,嬳,嬳,嬳,嬳,,
揖,揖,揖,yī,yi,1,ㄧ
評,評,评,píng,ping,2,ㄆㄧㄥ
隶,隸,隶,lì,li,4,ㄌㄧ
灪,灪,灪,yù,yu,4,ㄩ
䆑,䆑,䆑,chéng,cheng,2,ㄔㄥ
耀,耀,耀,yào,yao,4,ㄧㄠ
㶦,㶦,㶦,jìn,jin,4,ㄐㄧㄣ
澒,澒,澒,hòng,hong,4,ㄏㄨㄥ
裐,裐,裐,juān,juan,1,ㄐㄩㄢ
饖,饖,饖,hùi,hui,4,ㄏㄨㄟ
広,広,広,guǎng,guang,3,ㄍㄨㄤ
亹,亹,亹,wěi,wei,3,ㄨㄟ
熳,熳,熳,màn,man,4,ㄇㄢ
诙,詼,诙,hūi,hui,1,ㄏㄨㄟ
䚖,䚖,䚖,líng,ling,2,ㄌㄧㄥ
轼,軾,轼,shì,shi,4,ㄕ
拘,拘,拘,jū,ju,1,ㄐㄩ
禪,禪,禅,chán,chan,2,ㄔㄢ
嗅,嗅,嗅,xìu,xiu,4,ㄒㄧㄡ
㥮,㥮,㥮,zhòu,zhou,4,ㄓㄡ
祹,祹,祹,táo,tao,2,ㄊㄠ
肳,肳,肳,wěn,wen,3,ㄨㄣ
㭺,㭺,㭺,yǎn,yan,3,ㄧㄢ
䲧,䲧,䲧,dù,du,4,ㄉㄨ
槂,槂,槂,sūn,sun,1,ㄙㄨㄣ
蠞,蠞,蠞,jié,jie,2,ㄐㄧㄝ
魦,魦,魦,shā,sha,1,ㄕㄚ
籜,籜,箨,tuò,tuo,4,ㄊㄨㄛ
豙,豙,豙,yì,yi,4,ㄧ
䢀,䢀,䢀,qì,qi,4,ㄑㄧ
匡,匡,匡,kuāng,kuang,1,ㄎㄨㄤ
㝹,㝹,㝹,nóu,nou,2,ㄋㄡ
冚,冚,冚,kǎn,kan,3,ㄎㄢ
䇘,䇘,䇘,hù,hu,4,ㄏㄨ
旓,旓,旓,shāo,shao,1,ㄕㄠ
埣,埣,埣,sùi,sui,4,ㄙㄨㄟ
奎,奎,奎,kúi,kui,2,ㄎㄨㄟ
馛,馛,馛,bá,ba,2,ㄅㄚ
靹,靹,靹,nà,na,4,ㄋㄚ
蓨,蓨,蓨,tiāo,tiao,1,ㄊㄧㄠ
棸,棸,棸,zōu,zou,1,ㄗㄡ
蓶,蓶,蓶,wěi,wei,3,ㄨㄟ
䬹,䬹,䬹,zhì,zhi,4,ㄓ
鄳,鄳,鄳,méng,meng,2,ㄇㄥ
鹳,鸛,鹳,guàn,guan,4,ㄍㄨㄢ
杍,杍,杍,zǐ,zi,3,ㄗ
㘶,㘶,㘶,jié,jie,2,ㄐㄧㄝ
疡,瘍,疡,yáng,yang,2,ㄧㄤ
斋,齋,斋,zhāi,zhai,1,ㄓㄞ
岫,岫,岫,xìu,xiu,4,ㄒㄧㄡ
赣,贛,赣,gàn,gan,4,ㄍㄢ
埊,埊,埊,dì,di,4,ㄉㄧ
蝰,蝰,蝰,hǔi,hui,3,ㄏㄨㄟ
痦,痦,痦,wù,wu,4,ㄨ
涋,涋,涋,tū,tu,1,ㄊㄨ
癪,癪,癪,癪,癪,,
鼯,鼯,鼯,wú,wu,2,ㄨ
秏,秏,秏,hào,hao,4,ㄏㄠ
纃,纃,纃,qí,qi,2,ㄑㄧ
㷎,㷎,㷎,hè,he,4,ㄏㄜ
拐,拐,拐,guǎi,guai,3,ㄍㄨㄞ
浶,浶,浶,láo,lao,2,ㄌㄠ
砀,碭,砀,dàng,dang,4,ㄉㄤ
猢,猢,猢,hú,hu,2,ㄏㄨ
槷,槷,槷,yì,yi,4,ㄧ
恅,恅,恅,lǎo,lao,3,ㄌㄠ
惙,惙,惙,chuò,chuo,4,ㄔㄨㄛ
餋,餋,餋,yǎng,yang,3,ㄧㄤ
玚,瑒,玚,yáng,yang,2,ㄧㄤ
䆹,䆹,䆹,tǒng,tong,3,ㄊㄨㄥ
凓,凓,凓,lì,li,4,ㄌㄧ
倻,倻,倻,yē,ye,1,ㄧㄝ
鏣,鏣,鏣,shù,shu,4,ㄕㄨ
䜣,訢,䜣,xīn,xin,1,ㄒㄧㄣ
瞲,瞲,瞲,xù,xu,4,ㄒㄩ
耝,耝,耝,chú,chu,2,ㄔㄨ
琎,璡,琎,jìn,jin,4,ㄐㄧㄣ
題,題,题,tí,ti,2,ㄊㄧ
拷,拷,拷,kǎo,kao,3,ㄎㄠ
㳝,㳝,㳝,㳝,㳝,,
翙,翽,翙,hùi,hui,4,ㄏㄨㄟ
骞,騫,骞,qiān,qian,1,ㄑㄧㄢ
㝴,㝴,㝴,wán,wan,2,ㄨㄢ
鍬,鍬,锹,qiāo,qiao,1,ㄑㄧㄠ
菚,菚,菚,zhàn,zhan,4,ㄓㄢ
䜕,䜕,䜕,mài,mai,4,ㄇㄞ
掣,掣,掣,chè,che,4,ㄔㄜ
形,形,形,xíng,xing,2,ㄒㄧㄥ
偤,偤,偤,yǒu,you,3,ㄧㄡ
摎,摎,摎,liáo,liao,2,ㄌㄧㄠ
否,否,否,fǒu,fou,3,ㄈㄡ
焢,焢,焢,hōng,hong,1,ㄏㄨㄥ
㕽,㕽,㕽,sì,si,4,ㄙ
祽,祽,祽,zùi,zui,4,ㄗㄨㄟ
㱔,㱔,㱔,㱔,㱔,,
娟,娟,娟,juān,juan,1,ㄐㄩㄢ
赙,賻,赙,fù,fu,4,ㄈㄨ
䀻,䀻,䀻,pìn,pin,4,ㄆㄧㄣ
渧,渧,渧,dì,di,4,ㄉㄧ
銠,銠,铑,lǎo,lao,3,ㄌㄠ
籗,籗,籗,zhuó,zhuo,2,ㄓㄨㄛ
訄,訄,訄,qíu,qiu,2,ㄑㄧㄡ
若,若,若,ruò,ruo,4,ㄖㄨㄛ
穜,穜,穜,tóng,tong,2,ㄊㄨㄥ
䣝,䣝,䣝,tú,tu,2,ㄊㄨ
丱,丱,丱,guàn,guan,4,ㄍㄨㄢ
璨,璨,璨,càn,can,4,ㄘㄢ
茎,莖,茎,jīng,jing,1,ㄐㄧㄥ
㩨,㩨,㩨,hùi,hui,4,ㄏㄨㄟ
䲵,䲵,䲵,hù,hu,4,ㄏㄨ
墏,墏,墏,qiǎng,qiang,3,ㄑㄧㄤ
鿀,鿀,鿀,鿀,鿀,,
饜,饜,餍,yàn,yan,4,ㄧㄢ
硱,硱,硱,kǔn,kun,3,ㄎㄨㄣ
膓,膓,膓,cháng,chang,2,ㄔㄤ
洶,洶,汹,xiōng,xiong,1,ㄒㄩㄥ
奺,奺,奺,jǐu,jiu,3,ㄐㄧㄡ
淰,淰,淰,niǎn,nian,3,ㄋㄧㄢ
䀪,䀪,䀪,háng,hang,2,ㄏㄤ
搁,擱,搁,gē,ge,1,ㄍㄜ
總,總,总,zǒng,zong,3,ㄗㄨㄥ
竛,竛,竛,líng,ling,2,ㄌㄧㄥ
間,間,间,jiān,jian,1,ㄐㄧㄢ
愘,愘,愘,kè,ke,4,ㄎㄜ
淜,淜,淜,péng,peng,2,ㄆㄥ
些,些,些,xiē,xie,1,ㄒㄧㄝ
帐,帳,帐,zhàng,zhang,4,ㄓㄤ
浊,濁,浊,zhuó,zhuo,2,ㄓㄨㄛ
浘,浘,浘,wěi,wei,3,ㄨㄟ
咬,咬,咬,yǎo,yao,3,ㄧㄠ
㝥,㝥,㝥,mǐ,mi,3,ㄇㄧ
蓢,蓢,蓢,láng,lang,2,ㄌㄤ
泙,泙,泙,píng,ping,2,ㄆㄧㄥ
蜨,蜨,蜨,dié,die,2,ㄉㄧㄝ
昍,昍,昍,xuān,xuan,1,ㄒㄩㄢ
柌,柌,柌,cí,ci,2,ㄘ
魽,魽,魽,hān,han,1,ㄏㄢ
埛,埛,埛,jiōng,jiong,1,ㄐㄩㄥ
渇,渇,渇,kě,ke,3,ㄎㄜ
櫶,櫶,櫶,xiǎn,xian,3,ㄒㄧㄢ
㓯,㓯,㓯,lí,li,2,ㄌㄧ
潯,潯,浔,xún,xun,2,ㄒㄩㄣ
鬹,鬹,鬹,gūi,gui,1,ㄍㄨㄟ
橢,橢,椭,tuǒ,tuo,3,ㄊㄨㄛ
㛫,㛫,㛫,㛫,㛫,,
杷,杷,杷,pá,pa,2,ㄆㄚ
䨦,䨦,䨦,páng,pang,2,ㄆㄤ
㝨,㝨,㝨,㝨,㝨,,
秝,秝,秝,lì,li,4,ㄌㄧ
恵,恵,恵,hùi,hui,4,ㄏㄨㄟ
歠,歠,歠,chuò,chuo,4,ㄔㄨㄛ
鷾,鷾,鷾,yì,yi,4,ㄧ
㲴,㲴,㲴,zhòng,zhong,4,ㄓㄨㄥ
赼,赼,赼,cī,ci,1,ㄘ
闭,閉,闭,bì,bi,4,ㄅㄧ
狠,狠,狠,hěn,hen,3,ㄏㄣ
鿐,鿐,鿐,鿐,鿐,,
橯,橯,橯,lào,lao,4,ㄌㄠ
䥹,䥹,䥹,䥹,䥹,,
顨,顨,顨,xùn,xun,4,ㄒㄩㄣ
捽,捽,捽,zú,zu,2,ㄗㄨ
湤,湤,湤,shī,shi,1,ㄕ
䰢,䰢,䰢,xìng,xing,4,ㄒㄧㄥ
乨,乨,乨,shǐ,shi,3,ㄕ
銪,銪,铕,yǒu,you,3,ㄧㄡ
塧,塧,塧,ài,ai,4,ㄞ
燞,燞,燞,燞,燞,,
锣,鑼,锣,luó,luo,2,ㄌㄨㄛ
苽,苽,苽,gū,gu,1,ㄍㄨ
䄭,䄭,䄭,nián,nian,2,ㄋㄧㄢ
䖸,䖸,䖸,é,e,2,ㄜ
䰬,䰬,䰬,jú,ju,2,ㄐㄩ
㬈,㬈,㬈,㬈,㬈,,
唀,唀,唀,yǒu,you,3,ㄧㄡ
傜,傜,傜,yáo,yao,2,ㄧㄠ
鳭,鳭,鳭,diāo,diao,1,ㄉㄧㄠ
㯸,㯸,㯸,jǐn,jin,3,ㄐㄧㄣ
㻦,㻦,㻦,㻦,㻦,,
奘,奘,奘,zàng,zang,4,ㄗㄤ
襒,襒,襒,bié,bie,2,ㄅㄧㄝ
礥,礥,礥,xián,xian,2,ㄒㄧㄢ
䰍,䰍,䰍,cì,ci,4,ㄘ
缭,繚,缭,liáo,liao,2,ㄌㄧㄠ
䛣,䛣,䛣,䛣,䛣,,
虞,虞,虞,yú,yu,2,ㄩ
萂,萂,萂,hé,he,2,ㄏㄜ
拨,撥,拨,bō,bo,1,ㄅㄛ
练,練,练,liàn,lian,4,ㄌㄧㄢ
㑻,㑻,㑻,mà,ma,4,ㄇㄚ
黢,黢,黢,qū,qu,1,ㄑㄩ
镮,鐶,镮,huán,huan,2,ㄏㄨㄢ
鹲,鸏,鹲,méng,meng,2,ㄇㄥ
絳,絳,绛,jiàng,jiang,4,ㄐㄧㄤ
㡒,㡒,㡒,㡒,㡒,,
顛,顛,颠,diān,dian,1,ㄉㄧㄢ
㡴,㡴,㡴,㡴,㡴,,
枓,枓,枓,dǒu,dou,3,ㄉㄡ
䆲,䆲,䆲,䆲,䆲,,
㐄,㐄,㐄,kuà,kua,4,ㄎㄨㄚ
錀,錀,錀,lún,lun,2,ㄌㄨㄣ
鏂,鏂,鏂,ōu,ou,1,ㄡ
褵,褵,褵,lí,li,2,ㄌㄧ
鴀,鴀,鴀,fǒu,fou,3,ㄈㄡ
氻,氻,氻,lè,le,4,ㄌㄜ
䍥,䍥,䍥,lèi,lei,4,ㄌㄟ
谲,譎,谲,jué,jue,2,ㄐㄩㄝ
壿,壿,壿,zūn,zun,1,ㄗㄨㄣ
谹,谹,谹,hóng,hong,2,ㄏㄨㄥ
幄,幄,幄,wò,wo,4,ㄨㄛ
犵,犵,犵,gē,ge,1,ㄍㄜ
雗,雗,雗,hàn,han,4,ㄏㄢ
㝯,㝯,㝯,qiáo,qiao,2,ㄑㄧㄠ
輌,輌,輌,liàng,liang,4,ㄌㄧㄤ
繙,繙,繙,fān,fan,1,ㄈㄢ
暮,暮,暮,mù,mu,4,ㄇㄨ
裍,裍,裍,kǔn,kun,3,ㄎㄨㄣ
瓺,瓺,瓺,cháng,chang,2,ㄔㄤ
䞒,䞒,䞒,dòng,dong,4,ㄉㄨㄥ
谙,諳,谙,ān,an,1,ㄢ
爛,爛,烂,làn,lan,4,ㄌㄢ
襈,襈,襈,zhuàn,zhuan,4,ㄓㄨㄢ
㥎,㥎,㥎,lái,lai,2,ㄌㄞ
㚼,㚼,㚼,㚼,㚼,,
谄,諂,谄,chǎn,chan,3,ㄔㄢ
㹟,㹟,㹟,jué,jue,2,ㄐㄩㄝ
茀,茀,茀,fú,fu,2,ㄈㄨ
䩰,䩰,䩰,xuàn,xuan,4,ㄒㄩㄢ
风,風,风,fēng,feng,1,ㄈㄥ
袿,袿,袿,gūi,gui,1,ㄍㄨㄟ
㿽,㿽,㿽,㿽,㿽,,
嵪,嵪,嵪,qiāo,qiao,1,ㄑㄧㄠ
匥,匥,匥,biàn,bian,4,ㄅㄧㄢ
壮,壯,壮,zhuàng,zhuang,4,ㄓㄨㄤ
谘,諮,咨,zī,zi,1,ㄗ
鲩,鯇,鲩,wǎn,wan,3,ㄨㄢ
䩂,䩂,䩂,䩂,䩂,,
筜,簹,筜,dāng,dang,1,ㄉㄤ
䋉,䋉,䋉,jué,jue,2,ㄐㄩㄝ
笅,笅,笅,xiáo,xiao,2,ㄒㄧㄠ
囜,囜,囜,nín,nin,2,ㄋㄧㄣ
䇇,䇇,䇇,méng,meng,2,ㄇㄥ
伤,傷,伤,shāng,shang,1,ㄕㄤ
杓,杓,杓,sháo,shao,2,ㄕㄠ
搥,搥,搥,chúi,chui,2,ㄔㄨㄟ
鳾,鳾,䴓,shī,shi,1,ㄕ
卂,卂,卂,xìn,xin,4,ㄒㄧㄣ
蝜,蝜,蝜,fù,fu,4,ㄈㄨ
瓤,瓤,瓤,ráng,rang,2,ㄖㄤ
䘽,䘽,䘽,ní,ni,2,ㄋㄧ
轣,轣,轣,lì,li,4,ㄌㄧ
犃,犃,犃,pǒu,pou,3,ㄆㄡ
貜,貜,貜,jué,jue,2,ㄐㄩㄝ
皚,皚,皑,ái,ai,2,ㄞ
䢴,䢴,䢴,䢴,䢴,,
鳧,鳧,凫,fú,fu,2,ㄈㄨ
䑜,䑜,䑜,tà,ta,4,ㄊㄚ
鍎,鍎,鍎,tú,tu,2,ㄊㄨ
䃽,䃽,䃽,fú,fu,2,ㄈㄨ
濁,濁,浊,zhuó,zhuo,2,ㄓㄨㄛ
㞓,㞓,㞓,qǐ,qi,3,ㄑㄧ
䜖,䜖,䜖,tàn,tan,4,ㄊㄢ
湔,湔,湔,jiān,jian,1,ㄐㄧㄢ
庩,庩,庩,tú,tu,2,ㄊㄨ
哔,嗶,哔,bì,bi,4,ㄅㄧ
洎,洎,洎,jì,ji,4,ㄐㄧ
怶,怶,怶,pī,pi,1,ㄆㄧ
㐓,㐓,㐓,㐓,㐓,,
愖,愖,愖,chén,chen,2,ㄔㄣ
屍,屍,尸,shī,shi,1,ㄕ
棍,棍,棍,gùn,gun,4,ㄍㄨㄣ
衷,衷,衷,zhōng,zhong,1,ㄓㄨㄥ
㣠,㣠,㣠,tóng,tong,2,ㄊㄨㄥ
垣,垣,垣,yuán,yuan,2,ㄩㄢ
鄗,鄗,鄗,hào,hao,4,ㄏㄠ
粠,粠,粠,hóng,hong,2,ㄏㄨㄥ
㒐,㒐,㒐,㒐,㒐,,
䍜,䍜,䍜,zhào,zhao,4,ㄓㄠ
櫟,櫟,栎,lì,li,4,ㄌㄧ
磇,磇,磇,pī,pi,1,ㄆㄧ
审,審,审,shěn,shen,3,ㄕㄣ
貭,貭,貭,zhí,zhi,2,ㄓ
綅,綅,綅,qīn,qin,1,ㄑㄧㄣ
扯,扯,扯,chě,che,3,ㄔㄜ
㠒,㠒,㠒,biǎo,biao,3,ㄅㄧㄠ
珑,瓏,珑,lóng,long,2,ㄌㄨㄥ
鈦,鈦,钛,tài,tai,4,ㄊㄞ
磚,磚,砖,zhuān,zhuan,1,ㄓㄨㄢ
䈉,䈉,䈉,shà,sha,4,ㄕㄚ
姢,姢,姢,juān,juan,1,ㄐㄩㄢ
堺,堺,堺,jiè,jie,4,ㄐㄧㄝ
燕,燕,燕,yàn,yan,4,ㄧㄢ
铪,鉿,铪,jiá,jia,2,ㄐㄧㄚ
儒,儒,儒,rú,ru,2,ㄖㄨ
枭,梟,枭,xiāo,xiao,1,ㄒㄧㄠ
佡,佡,佡,xuān,xuan,1,ㄒㄩㄢ
飌,飌,飌,fēng,feng,1,ㄈㄥ
棄,棄,弃,qì,qi,4,ㄑㄧ
䯱,䯱,䯱,fù,fu,4,ㄈㄨ
羅,羅,罗,luó,luo,2,ㄌㄨㄛ
䦛,䦛,䦶,zhèng,zheng,4,ㄓㄥ
㵫,㵫,㵫,nǐ,ni,3,ㄋㄧ
跗,跗,跗,fū,fu,1,ㄈㄨ
岒,岒,岒,qián,qian,2,ㄑㄧㄢ
䐽,䐽,䐽,mán,man,2,ㄇㄢ
欏,欏,椤,luó,luo,2,ㄌㄨㄛ
㤸,㤸,㤸,xì,xi,4,ㄒㄧ
㗈,㗈,㗈,màn,man,4,ㄇㄢ
坘,坘,坘,dǐ,di,3,ㄉㄧ
䆜,䆜,䆜,yòu,you,4,ㄧㄡ
票,票,票,piào,piao,4,ㄆㄧㄠ
觐,覲,觐,jǐn,jin,3,ㄐㄧㄣ
韫,韞,韫,yùn,yun,4,ㄩㄣ
禷,禷,禷,lèi,lei,4,ㄌㄟ
欔,欔,欔,jué,jue,2,ㄐㄩㄝ
冲,衝,冲,chōng,chong,1,ㄔㄨㄥ
嶝,嶝,嶝,dèng,deng,4,ㄉㄥ
踟,踟,踟,chí,chi,2,ㄔ
芎,芎,芎,qiōng,qiong,1,ㄑㄩㄥ
賝,賝,賝,chēn,chen,1,ㄔㄣ
刔,刔,刔,jué,jue,2,ㄐㄩㄝ
讅,讅,谉,shěn,shen,3,ㄕㄣ
弐,弐,弐,èr,er,4,ㄦ
嬂,嬂,嬂,zhī,zhi,1,ㄓ
侲,侲,侲,zhèn,zhen,4,ㄓㄣ
痪,瘓,痪,huàn,huan,4,ㄏㄨㄢ
䖞,䖞,䖞,zhǒu,zhou,3,ㄓㄡ
油,油,油,yóu,you,2,ㄧㄡ
俄,俄,俄,é,e,2,ㄜ
璫,璫,珰,dāng,dang,1,ㄉㄤ
焸,焸,焸,gǔ,gu,3,ㄍㄨ
勸,勸,劝,quàn,quan,4,ㄑㄩㄢ
灑,灑,洒,sǎ,sa,3,ㄙㄚ
䀥,䀥,䀥,shuò,shuo,4,ㄕㄨㄛ
倃,倃,倃,zán,zan,2,ㄗㄢ
螑,螑,螑,qìu,qiu,4,ㄑㄧㄡ
籏,籏,籏,籏,籏,,
庸,庸,庸,yōng,yong,1,ㄩㄥ
愚,愚,愚,yú,yu,2,ㄩ
礃,礃,礃,zhǎng,zhang,3,ㄓㄤ
禌,禌,禌,zī,zi,1,ㄗ
捺,捺,捺,nà,na,4,ㄋㄚ
䐟,䐟,䐟,xiàng,xiang,4,ㄒㄧㄤ
躆,躆,躆,jù,ju,4,ㄐㄩ
怎,怎,怎,zěn,zen,3,ㄗㄣ
朤,朤,朤,lǎng,lang,3,ㄌㄤ
獃,獃,獃,dāi,dai,1,ㄉㄞ
泖,泖,泖,mǎo,mao,3,ㄇㄠ
巵,巵,巵,zhī,zhi,1,ㄓ
寨,寨,寨,zhài,zhai,4,ㄓㄞ
懾,懾,慑,shè,she,4,ㄕㄜ
鷀,鷀,鹚,zī,zi,1,ㄗ
铩,鎩,铩,shā,sha,1,ㄕㄚ
恩,恩,恩,ēn,en,1,ㄣ
汩,汩,汩,gǔ,gu,3,ㄍㄨ
蚩,蚩,蚩,chī,chi,1,ㄔ
瘕,瘕,瘕,jiǎ,jia,3,ㄐㄧㄚ
藆,藆,藆,jiǎn,jian,3,ㄐㄧㄢ
胰,胰,胰,yí,yi,2,ㄧ
㺈,㺈,㺈,㺈,㺈,,
㿡,㿡,㿡,㿡,㿡,,
儚,儚,儚,méng,meng,2,ㄇㄥ
排,排,排,pái,pai,2,ㄆㄞ
祏,祏,祏,shí,shi,2,ㄕ
咓,咓,咓,wǎ,wa,3,ㄨㄚ
芦,蘆,芦,lú,lu,2,ㄌㄨ
酳,酳,酳,yìn,yin,4,ㄧㄣ
䣓,䣓,䣓,lí,li,2,ㄌㄧ
啡,啡,啡,fēi,fei,1,ㄈㄟ
縋,縋,缒,zhùi,zhui,4,ㄓㄨㄟ
䒺,䒺,䒺,jǐn,jin,3,ㄐㄧㄣ
艆,艆,艆,láng,lang,2,ㄌㄤ
旿,旿,旿,wǔ,wu,3,ㄨ
得,得,得,dé,de,2,ㄉㄜ
坲,坲,坲,fó,fo,2,ㄈㄛ
躧,躧,躧,xǐ,xi,3,ㄒㄧ
摲,摲,摲,shàn,shan,4,ㄕㄢ
稓,稓,稓,zuó,zuo,2,ㄗㄨㄛ
樮,樮,樮,樮,樮,,
襤,襤,褴,lán,lan,2,ㄌㄢ
䕫,䕫,䕫,kúi,kui,2,ㄎㄨㄟ
䘔,䘔,䘔,䘔,䘔,,
邫,邫,邫,bāng,bang,1,ㄅㄤ
垻,垻,垻,bà,ba,4,ㄅㄚ
㬪,㬪,㬪,dié,die,2,ㄉㄧㄝ
縻,縻,縻,mí,mi,2,ㄇㄧ
鉫,鉫,鉫,jiā,jia,1,ㄐㄧㄚ
旍,旍,旍,jīng,jing,1,ㄐㄧㄥ
痫,癇,痫,xián,xian,2,ㄒㄧㄢ
桎,桎,桎,zhì,zhi,4,ㄓ
謀,謀,谋,móu,mou,2,ㄇㄡ
覌,覌,覌,guān,guan,1,ㄍㄨㄢ
籕,籕,籕,zhòu,zhou,4,ㄓㄡ
総,総,総,zǒng,zong,3,ㄗㄨㄥ
蓹,蓹,蓹,yǔ,yu,3,ㄩ
㖣,㖣,㖣,tòu,tou,4,ㄊㄡ
軪,軪,軪,āo,ao,1,ㄠ
㕡,㕡,㕡,hé,he,2,ㄏㄜ
窣,窣,窣,sù,su,4,ㄙㄨ
䫧,䫧,䫧,䫧,䫧,,
肤,膚,肤,fū,fu,1,ㄈㄨ
褶,褶,褶,zhé,zhe,2,ㄓㄜ
帋,帋,帋,zhǐ,zhi,3,ㄓ
罇,罇,罇,zūn,zun,1,ㄗㄨㄣ
㣋,㣋,㣋,㣋,㣋,,
㔁,㔁,㔁,㔁,㔁,,
郶,郶,郶,bù,bu,4,ㄅㄨ
捌,捌,捌,bā,ba,1,ㄅㄚ
龯,龯,龯,龯,龯,,
絡,絡,络,luò,luo,4,ㄌㄨㄛ
蒸,蒸,蒸,zhēng,zheng,1,ㄓㄥ
怛,怛,怛,dá,da,2,ㄉㄚ
塒,塒,埘,shí,shi,2,ㄕ
敓,敓,敓,duó,duo,2,ㄉㄨㄛ
毽,毽,毽,jiàn,jian,4,ㄐㄧㄢ
鱪,鱪,鱪,鱪,鱪,,
缨,纓,缨,yīng,ying,1,ㄧㄥ
畫,畫,画,huà,hua,4,ㄏㄨㄚ
蛻,蛻,蜕,tùi,tui,4,ㄊㄨㄟ
㰂,㰂,㰂,shěn,shen,3,ㄕㄣ
䤟,䤟,䤟,chén,chen,2,ㄔㄣ
摢,摢,摢,hù,hu,4,ㄏㄨ
䢮,䢮,䢮,lèi,lei,4,ㄌㄟ
蒎,蒎,蒎,pài,pai,4,ㄆㄞ
裿,裿,裿,qǐ,qi,3,ㄑㄧ
捇,捇,捇,huò,huo,4,ㄏㄨㄛ
越,越,越,yuè,yue,4,ㄩㄝ
鋔,鋔,鋔,wǎn,wan,3,ㄨㄢ
䥾,䥾,䥾,xiě,xie,3,ㄒㄧㄝ
峋,峋,峋,xún,xun,2,ㄒㄩㄣ
䢆,䢆,䢆,䢆,䢆,,
嗝,嗝,嗝,gé,ge,2,ㄍㄜ
径,徑,径,jìng,jing,4,ㄐㄧㄥ
㛢,㛢,㛢,㛢,㛢,,
糰,糰,团,tuán,tuan,2,ㄊㄨㄢ
帡,帡,帡,píng,ping,2,ㄆㄧㄥ
珟,珟,珟,sù,su,4,ㄙㄨ
幡,幡,幡,fān,fan,1,ㄈㄢ
煪,煪,煪,qíu,qiu,2,ㄑㄧㄡ
䡄,䡄,䡄,䡄,䡄,,
覢,覢,覢,shǎn,shan,3,ㄕㄢ
坕,坕,坕,jīng,jing,1,ㄐㄧㄥ
㛾,㛾,㛾,xián,xian,2,ㄒㄧㄢ
㮑,㮑,㮑,qì,qi,4,ㄑㄧ
䓆,䓆,䓆,zhé,zhe,2,ㄓㄜ
喋,喋,喋,dié,die,2,ㄉㄧㄝ
䳍,䳍,䳍,䳍,䳍,,
俨,儼,俨,yǎn,yan,3,ㄧㄢ
抑,抑,抑,yì,yi,4,ㄧ
杳,杳,杳,yǎo,yao,3,ㄧㄠ
䯳,䯳,䯳,䯳,䯳,,
䶲,䶲,䶲,nán,nan,2,ㄋㄢ
齠,齠,龆,tiáo,tiao,2,ㄊㄧㄠ
駜,駜,駜,bì,bi,4,ㄅㄧ
簏,簏,簏,lù,lu,4,ㄌㄨ
憇,憇,憇,qì,qi,4,ㄑㄧ
柲,柲,柲,bì,bi,4,ㄅㄧ
瑻,瑻,瑻,kūn,kun,1,ㄎㄨㄣ
疯,瘋,疯,fēng,feng,1,ㄈㄥ
歡,歡,欢,huān,huan,1,ㄏㄨㄢ
䜊,䜊,䜊,zào,zao,4,ㄗㄠ
䶒,䶒,䶒,qí,qi,2,ㄑㄧ
嶅,嶅,嶅,áo,ao,2,ㄠ
垘,垘,垘,fú,fu,2,ㄈㄨ
㠛,㠛,㠛,wò,wo,4,ㄨㄛ
㚏,㚏,㚏,gǎo,gao,3,ㄍㄠ
猉,猉,猉,qí,qi,2,ㄑㄧ
渌,淥,渌,lù,lu,4,ㄌㄨ
蚢,蚢,蚢,háng,hang,2,ㄏㄤ
列,列,列,liè,lie,4,ㄌㄧㄝ
嬩,嬩,嬩,yú,yu,2,ㄩ
惑,惑,惑,huò,huo,4,ㄏㄨㄛ
扤,扤,扤,wù,wu,4,ㄨ
咔,哢,咔,kǎ,ka,3,ㄎㄚ
圌,圌,圌,chuán,chuan,2,ㄔㄨㄢ
以,以,以,yǐ,yi,3,ㄧ
凘,凘,凘,sī,si,1,ㄙ
㧁,㧁,㧁,qù,qu,4,ㄑㄩ
鶢,鶢,鶢,yuán,yuan,2,ㄩㄢ
偩,偩,偩,fù,fu,4,ㄈㄨ
匩,匩,匩,kuāng,kuang,1,ㄎㄨㄤ
諂,諂,谄,chǎn,chan,3,ㄔㄢ
焻,焻,焻,chàng,chang,4,ㄔㄤ
䑤,䑤,䑤,jìn,jin,4,ㄐㄧㄣ
璧,璧,璧,bì,bi,4,ㄅㄧ
摞,摞,摞,luò,luo,4,ㄌㄨㄛ
㾇,㾇,㾇,mù,mu,4,ㄇㄨ
挕,挕,挕,dié,die,2,ㄉㄧㄝ
鹆,鵒,鹆,yù,yu,4,ㄩ
谋,謀,谋,móu,mou,2,ㄇㄡ
澟,澟,澟,lǐn,lin,3,ㄌㄧㄣ
瀉,瀉,泻,xiè,xie,4,ㄒㄧㄝ
裝,裝,装,zhuāng,zhuang,1,ㄓㄨㄤ
鋃,鋃,锒,láng,lang,2,ㄌㄤ
䅃,䅃,䅃,qióng,qiong,2,ㄑㄩㄥ
鋧,鋧,鋧,xiàn,xian,4,ㄒㄧㄢ
黁,黁,黁,nēn,nen,1,ㄋㄣ
麭,麭,麭,pào,pao,4,ㄆㄠ
插,插,插,chā,cha,1,ㄔㄚ
㙽,㙽,㙽,㙽,㙽,,
璓,璓,璓,璓,璓,,
絽,絽,絽,lǔ,lu,3,ㄌㄨ
円,円,円,円,円,,
胍,胍,胍,guā,gua,1,ㄍㄨㄚ
秣,秣,秣,mò,mo,4,ㄇㄛ
鬅,鬅,鬅,péng,peng,2,ㄆㄥ
顊,顊,顊,yí,yi,2,ㄧ
䊞,䊞,䊞,zhé,zhe,2,ㄓㄜ
䰒,䰒,䰒,méng,meng,2,ㄇㄥ
輍,輍,輍,yù,yu,4,ㄩ
郙,郙,郙,fǔ,fu,3,ㄈㄨ
浡,浡,浡,bó,bo,2,ㄅㄛ
弢,弢,弢,tāo,tao,1,ㄊㄠ
飩,飩,饨,tún,tun,2,ㄊㄨㄣ
爒,爒,爒,liào,liao,4,ㄌㄧㄠ
娚,娚,娚,nán,nan,2,ㄋㄢ
歪,歪,歪,wāi,wai,1,ㄨㄞ
评,評,评,píng,ping,2,ㄆㄧㄥ
䅘,䅘,䅘,lái,lai,2,ㄌㄞ
㷳,㷳,㷳,yàn,yan,4,ㄧㄢ
箋,箋,笺,jiān,jian,1,ㄐㄧㄢ
卯,卯,卯,mǎo,mao,3,ㄇㄠ
皖,皖,皖,wǎn,wan,3,ㄨㄢ
燋,燋,燋,jiāo,jiao,1,ㄐㄧㄠ
譃,譃,譃,xū,xu,1,ㄒㄩ
嶹,嶹,嶹,dǎo,dao,3,ㄉㄠ
䵒,䵒,䵒,nì,ni,4,ㄋㄧ
㳪,㳪,㳪,pàn,pan,4,ㄆㄢ
予,予,予,yú,yu,2,ㄩ
揱,揱,揱,shuò,shuo,4,ㄕㄨㄛ
氌,氌,氇,luó,luo,2,ㄌㄨㄛ
皢,皢,皢,xiǎo,xiao,3,ㄒㄧㄠ
㜈,㜈,㜈,mù,mu,4,ㄇㄨ
蝦,蝦,虾,xiā,xia,1,ㄒㄧㄚ
柕,柕,柕,mào,mao,4,ㄇㄠ
嚱,嚱,嚱,xì,xi,4,ㄒㄧ
鋑,鋑,鋑,cuān,cuan,1,ㄘㄨㄢ
尽,盡,尽,jǐn,jin,3,ㄐㄧㄣ
䜒,䜒,䜒,ào,ao,4,ㄠ
㱶,㱶,㱶,bèng,beng,4,ㄅㄥ
瞮,瞮,瞮,chè,che,4,ㄔㄜ
郐,鄶,郐,kuài,kuai,4,ㄎㄨㄞ
懫,懫,懫,zhí,zhi,2,ㄓ
䱁,䱁,䱁,qiáo,qiao,2,ㄑㄧㄠ
纀,纀,纀,pú,pu,2,ㄆㄨ
厖,厖,厖,páng,pang,2,ㄆㄤ
㚎,㚎,㚎,㚎,㚎,,
㿬,㿬,㿬,㿬,㿬,,
坿,坿,坿,fù,fu,4,ㄈㄨ
䬩,䬩,䬩,䬩,䬩,,
憝,憝,憝,dùi,dui,4,ㄉㄨㄟ
䍖,䍖,䍖,fú,fu,2,ㄈㄨ
曰,曰,曰,yuē,yue,1,ㄩㄝ
灐,灐,灐,灐,灐,,
舄,舄,舄,xì,xi,4,ㄒㄧ
嶈,嶈,嶈,qiāng,qiang,1,ㄑㄧㄤ
尪,尪,尪,wāng,wang,1,ㄨㄤ
㞖,㞖,㞖,cì,ci,4,ㄘ
杯,杯,杯,bēi,bei,1,ㄅㄟ
旲,旲,旲,tái,tai,2,ㄊㄞ
犦,犦,犦,bào,bao,4,ㄅㄠ
厛,厛,厛,tīng,ting,1,ㄊㄧㄥ
臀,臀,臀,tún,tun,2,ㄊㄨㄣ
羦,羦,羦,huán,huan,2,ㄏㄨㄢ
脎,脎,脎,sà,sa,4,ㄙㄚ
㸳,㸳,㸳,líng,ling,2,ㄌㄧㄥ
䬎,䬎,䬎,guó,guo,2,ㄍㄨㄛ
鶜,鶜,鶜,máo,mao,2,ㄇㄠ
咳,咳,咳,ké,ke,2,ㄎㄜ
制,製,制,zhì,zhi,4,ㄓ
紺,紺,绀,gàn,gan,4,ㄍㄢ
㜺,㜺,㜺,zàn,zan,4,ㄗㄢ
䗼,䗼,䗼,䗼,䗼,,
馐,饈,馐,xīu,xiu,1,ㄒㄧㄡ
䮡,䮡,䮡,bì,bi,4,ㄅㄧ
觪,觪,觪,xīng,xing,1,ㄒㄧㄥ
掃,掃,扫,sǎo,sao,3,ㄙㄠ
敬,敬,敬,jìng,jing,4,ㄐㄧㄥ
㭙,㭙,㭙,shé,she,2,ㄕㄜ
癦,癦,癦,癦,癦,,
茬,茬,茬,chí,chi,2,ㄔ
糨,糨,糨,jiàng,jiang,4,ㄐㄧㄤ
䂂,䂂,䂂,qú,qu,2,ㄑㄩ
狴,狴,狴,bì,bi,4,ㄅㄧ
蛃,蛃,蛃,bǐng,bing,3,ㄅㄧㄥ
蕨,蕨,蕨,jué,jue,2,ㄐㄩㄝ
㽽,㽽,㽽,gù,gu,4,ㄍㄨ
臻,臻,臻,zhēn,zhen,1,ㄓㄣ
襓,襓,襓,ráo,rao,2,ㄖㄠ
鵔,鵔,鵔,xùn,xun,4,ㄒㄩㄣ
怆,愴,怆,chuàng,chuang,4,ㄔㄨㄤ
噙,噙,噙,qín,qin,2,ㄑㄧㄣ
脜,脜,脜,róu,rou,2,ㄖㄡ
傆,傆,傆,yuàn,yuan,4,ㄩㄢ
梂,梂,梂,qíu,qiu,2,ㄑㄧㄡ
鲛,鮫,鲛,jiǎo,jiao,3,ㄐㄧㄠ
㣉,㣉,㣉,㣉,㣉,,
亞,亞,亚,yà,ya,4,ㄧㄚ
咒,咒,咒,zhòu,zhou,4,ㄓㄡ
凴,凴,凴,píng,ping,2,ㄆㄧㄥ
拈,拈,拈,nián,nian,2,ㄋㄧㄢ
腔,腔,腔,qiāng,qiang,1,ㄑㄧㄤ
鲳,鯧,鲳,chāng,chang,1,ㄔㄤ
慭,憖,慭,yìn,yin,4,ㄧㄣ
娼,娼,娼,chāng,chang,1,ㄔㄤ
絏,絏,绁,xiè,xie,4,ㄒㄧㄝ
㚢,㚢,㚢,nú,nu,2,ㄋㄨ
轕,轕,轕,gé,ge,2,ㄍㄜ
㻲,㻲,㻲,lǔ,lu,3,ㄌㄨ
乳,乳,乳,rǔ,ru,3,ㄖㄨ
藢,藢,藢,zhǐ,zhi,3,ㄓ
䓚,䓚,䓚,cú,cu,2,ㄘㄨ
黏,黏,黏,nián,nian,2,ㄋㄧㄢ
䭓,䭓,䭓,èn,en,4,ㄣ
熢,熢,熢,fēng,feng,1,ㄈㄥ
簉,簉,簉,chòu,chou,4,ㄔㄡ
㘝,㘝,㘝,niǎn,nian,3,ㄋㄧㄢ
暋,暋,暋,mǐn,min,3,ㄇㄧㄣ
㨤,㨤,㨤,hùi,hui,4,ㄏㄨㄟ
柉,柉,柉,fán,fan,2,ㄈㄢ
䝠,䝠,䝠,huán,huan,2,ㄏㄨㄢ
蒧,蒧,蒧,zhēn,zhen,1,ㄓㄣ
㰴,㰴,㰴,pó,po,2,ㄆㄛ
苳,苳,苳,dōng,dong,1,ㄉㄨㄥ
迏,迏,迏,tì,ti,4,ㄊㄧ
㥭,㥭,㥭,tài,tai,4,ㄊㄞ
鳿,鳿,鳿,yù,yu,4,ㄩ
廧,廧,廧,qiáng,qiang,2,ㄑㄧㄤ
步,步,步,bù,bu,4,ㄅㄨ
搩,搩,搩,jié,jie,2,ㄐㄧㄝ
㱏,㱏,㱏,zhèng,zheng,4,ㄓㄥ
㟽,㟽,㟽,biǎo,biao,3,ㄅㄧㄠ
䀢,䀢,䀢,shùn,shun,4,ㄕㄨㄣ
炝,熗,炝,qiàng,qiang,4,ㄑㄧㄤ
賽,賽,赛,sài,sai,4,ㄙㄞ
颃,頏,颃,háng,hang,2,ㄏㄤ
鼃,鼃,鼃,wā,wa,1,ㄨㄚ
巄,巄,巄,lóng,long,2,ㄌㄨㄥ
鲫,鯽,鲫,jì,ji,4,ㄐㄧ
腭,齶,腭,è,e,4,ㄜ
睱,睱,睱,xià,xia,4,ㄒㄧㄚ
辬,辬,辬,bān,ban,1,ㄅㄢ
翵,翵,翵,qú,qu,2,ㄑㄩ
㢹,㢹,㢹,㢹,㢹,,
蓇,蓇,蓇,gǔ,gu,3,ㄍㄨ
㷕,㷕,㷕,qíu,qiu,2,ㄑㄧㄡ
妗,妗,妗,jìn,jin,4,ㄐㄧㄣ
耘,耘,耘,yún,yun,2,ㄩㄣ
哟,喲,哟,yo,yo,5,ㄧㄛ
觅,覓,觅,mì,mi,4,ㄇㄧ
瞙,瞙,瞙,mò,mo,4,ㄇㄛ
歬,歬,歬,qián,qian,2,ㄑㄧㄢ
衇,衇,衇,mò,mo,4,ㄇㄛ
韒,韒,韒,qiào,qiao,4,ㄑㄧㄠ
毎,毎,毎,měi,mei,3,ㄇㄟ
玷,玷,玷,diàn,dian,4,ㄉㄧㄢ
锏,鐧,锏,jiǎn,jian,3,ㄐㄧㄢ
婙,婙,婙,jìng,jing,4,ㄐㄧㄥ
外,外,外,wài,wai,4,ㄨㄞ
植,植,植,zhí,zhi,2,ㄓ
恐,恐,恐,kǒng,kong,3,ㄎㄨㄥ
㔃,㔃,㔃,jué,jue,2,ㄐㄩㄝ
祫,祫,祫,xiá,xia,2,ㄒㄧㄚ
㨹,㨹,㨹,hùi,hui,4,ㄏㄨㄟ
䚼,䚼,䚼,nv̀,nu,4,ㄋㄨ
㙡,㙡,㙡,㙡,㙡,,
䨽,䨽,䨽,fěi,fei,3,ㄈㄟ
㹴,㹴,㹴,㹴,㹴,,
騙,騙,骗,piàn,pian,4,ㄆㄧㄢ
㗋,㗋,㗋,hóu,hou,2,ㄏㄡ
廮,廮,廮,yíng,ying,2,ㄧㄥ
瀗,瀗,瀗,xiàn,xian,4,ㄒㄧㄢ
㾂,㾂,㾂,㾂,㾂,,
婎,婎,婎,hūi,hui,1,ㄏㄨㄟ
䅳,䅳,䅳,chú,chu,2,ㄔㄨ
眎,眎,眎,shì,shi,4,ㄕ
谽,谽,谽,hān,han,1,ㄏㄢ
鹍,鶤,鹍,kūn,kun,1,ㄎㄨㄣ
䄩,䄩,䄩,náo,nao,2,ㄋㄠ
囷,囷,囷,qūn,qun,1,ㄑㄩㄣ
黼,黼,黼,fǔ,fu,3,ㄈㄨ
爥,爥,爥,zhú,zhu,2,ㄓㄨ
塶,塶,塶,cù,cu,4,ㄘㄨ
囒,囒,囒,lán,lan,2,ㄌㄢ
泵,泵,泵,bèng,beng,4,ㄅㄥ
禩,禩,禩,sì,si,4,ㄙ
巀,巀,巀,jiē,jie,1,ㄐㄧㄝ
沾,沾,沾,zhān,zhan,1,ㄓㄢ
蚬,蜆,蚬,xiàn,xian,4,ㄒㄧㄢ
錱,錱,錱,zhēn,zhen,1,ㄓㄣ
潦,潦,潦,lǎo,lao,3,ㄌㄠ
塁,塁,塁,塁,塁,,
峯,峯,峯,fēng,feng,1,ㄈㄥ
彝,彝,彝,yí,yi,2,ㄧ
蘢,蘢,茏,lóng,long,2,ㄌㄨㄥ
皌,皌,皌,mò,mo,4,ㄇㄛ
别,彆,别,bié,bie,2,ㄅㄧㄝ
䇀,䇀,䇀,róng,rong,2,ㄖㄨㄥ
栜,栜,栜,sù,su,4,ㄙㄨ
淨,淨,净,jìng,jing,4,ㄐㄧㄥ
趚,趚,趚,sù,su,4,ㄙㄨ
㿱,㿱,㿱,xué,xue,2,ㄒㄩㄝ
䍀,䍀,䍀,lán,lan,2,ㄌㄢ
慑,懾,慑,shè,she,4,ㄕㄜ
閭,閭,闾,lv́,lu,2,ㄌㄨ
值,值,值,zhí,zhi,2,ㄓ
笄,笄,笄,jī,ji,1,ㄐㄧ
歆,歆,歆,xīn,xin,1,ㄒㄧㄣ
遉,遉,遉,zhēn,zhen,1,ㄓㄣ
棢,棢,棢,wǎng,wang,3,ㄨㄤ
黎,黎,黎,lí,li,2,ㄌㄧ
屲,屲,屲,屲,屲,,
䉪,䉪,䉪,lèi,lei,4,ㄌㄟ
殖,殖,殖,zhí,zhi,2,ㄓ
笪,笪,笪,dá,da,2,ㄉㄚ
莯,莯,莯,mù,mu,4,ㄇㄨ
论,論,论,lùn,lun,4,ㄌㄨㄣ
遑,遑,遑,huáng,huang,2,ㄏㄨㄤ
霘,霘,霘,dòng,dong,4,ㄉㄨㄥ
傪,傪,傪,cān,can,1,ㄘㄢ
诼,諑,诼,zhuó,zhuo,2,ㄓㄨㄛ
缘,緣,缘,yuán,yuan,2,ㄩㄢ
䆏,䆏,䆏,fèi,fei,4,ㄈㄟ
笋,筍,笋,sǔn,sun,3,ㄙㄨㄣ
侰,侰,侰,jiǒng,jiong,3,ㄐㄩㄥ
廥,廥,廥,kuài,kuai,4,ㄎㄨㄞ
表,錶,表,biǎo,biao,3,ㄅㄧㄠ
䏸,䏸,䏸,yú,yu,2,ㄩ
轟,轟,轰,hōng,hong,1,ㄏㄨㄥ
流,流,流,líu,liu,2,ㄌㄧㄡ
虼,虼,虼,gè,ge,4,ㄍㄜ
櫮,櫮,櫮,è,e,4,ㄜ
錹,錹,錹,kěn,ken,3,ㄎㄣ
都,都,都,dū,du,1,ㄉㄨ
䂩,䂩,䂩,yàn,yan,4,ㄧㄢ
貽,貽,贻,yí,yi,2,ㄧ
䛹,䛹,䛹,càn,can,4,ㄘㄢ
䉹,䉹,䉹,líng,ling,2,ㄌㄧㄥ
嶍,嶍,嶍,xí,xi,2,ㄒㄧ
䍺,䍺,䍺,huán,huan,2,ㄏㄨㄢ
彵,彵,彵,tuǒ,tuo,3,ㄊㄨㄛ
飧,飧,飧,sūn,sun,1,ㄙㄨㄣ
汼,汼,汼,汼,汼,,
汯,汯,汯,hóng,hong,2,ㄏㄨㄥ
莡,莡,莡,cuò,cuo,4,ㄘㄨㄛ
险,險,险,xiǎn,xian,3,ㄒㄧㄢ
暺,暺,暺,dàn,dan,4,ㄉㄢ
俤,俤,俤,tì,ti,4,ㄊㄧ
稈,稈,秆,gǎn,gan,3,ㄍㄢ
㫒,㫒,㫒,gǒng,gong,3,ㄍㄨㄥ
嶷,嶷,嶷,yí,yi,2,ㄧ
繵,繵,繵,chán,chan,2,ㄔㄢ
鰪,鰪,鰪,gé,ge,2,ㄍㄜ
瑟,瑟,瑟,sè,se,4,ㄙㄜ
䣶,䣶,䣶,huó,huo,2,ㄏㄨㄛ
藾,藾,藾,lài,lai,4,ㄌㄞ
䛟,䛟,䛟,jiá,jia,2,ㄐㄧㄚ
㡪,㡪,㡪,nié,nie,2,ㄋㄧㄝ
賴,賴,赖,lài,lai,4,ㄌㄞ
㻑,㻑,㻑,jì,ji,4,ㄐㄧ
煹,煹,煹,gòu,gou,4,ㄍㄡ
篾,篾,篾,miè,mie,4,ㄇㄧㄝ
迈,邁,迈,mài,mai,4,ㄇㄞ
顔,顔,颜,yán,yan,2,ㄧㄢ
㦋,㦋,㦋,㦋,㦋,,
甛,甛,甛,tián,tian,2,ㄊㄧㄢ
匋,匋,匋,táo,tao,2,ㄊㄠ
駌,駌,駌,yuān,yuan,1,ㄩㄢ
蛥,蛥,蛥,shé,she,2,ㄕㄜ
圼,圼,圼,niè,nie,4,ㄋㄧㄝ
鹢,鷁,鹢,nì,ni,4,ㄋㄧ
壕,壕,壕,háo,hao,2,ㄏㄠ
親,親,亲,qīn,qin,1,ㄑㄧㄣ
飭,飭,饬,chì,chi,4,ㄔ
䵽,䵽,䵽,cà,ca,4,ㄘㄚ
㝵,㝵,㝵,dé,de,2,ㄉㄜ
觇,覘,觇,zhān,zhan,1,ㄓㄢ
䋶,䋶,䋶,xù,xu,4,ㄒㄩ
阳,陽,阳,yáng,yang,2,ㄧㄤ
袹,袹,袹,mò,mo,4,ㄇㄛ
鮝,鮝,鲞,xiǎng,xiang,3,ㄒㄧㄤ
䢉,䢉,䢉,nóng,nong,2,ㄋㄨㄥ
繜,繜,繜,zūn,zun,1,ㄗㄨㄣ
鿅,鿅,鿅,鿅,鿅,,
溟,溟,溟,míng,ming,2,ㄇㄧㄥ
悝,悝,悝,kūi,kui,1,ㄎㄨㄟ
禢,禢,禢,tā,ta,1,ㄊㄚ
綜,綜,综,zōng,zong,1,ㄗㄨㄥ
鍪,鍪,鍪,móu,mou,2,ㄇㄡ
䉣,䉣,䉣,xiè,xie,4,ㄒㄧㄝ
萓,萓,萓,yí,yi,2,ㄧ
叽,嘰,叽,jī,ji,1,ㄐㄧ
晹,晹,晹,yì,yi,4,ㄧ
袔,袔,袔,hè,he,4,ㄏㄜ
諧,諧,谐,xié,xie,2,ㄒㄧㄝ
諶,諶,谌,chén,chen,2,ㄔㄣ
䞁,䞁,䞁,xiàn,xian,4,ㄒㄧㄢ
䂹,䂹,䂹,suǒ,suo,3,ㄙㄨㄛ
蝸,蝸,蜗,guā,gua,1,ㄍㄨㄚ
須,須,须,xū,xu,1,ㄒㄩ
痰,痰,痰,tán,tan,2,ㄊㄢ
徍,徍,徍,wā,wa,1,ㄨㄚ
漟,漟,漟,táng,tang,2,ㄊㄤ
㝎,㝎,㝎,dìng,ding,4,ㄉㄧㄥ
㬨,㬨,㬨,㬨,㬨,,
輓,輓,輓,wǎn,wan,3,ㄨㄢ
峮,峮,峮,qūn,qun,1,ㄑㄩㄣ
㲞,㲞,㲞,zú,zu,2,ㄗㄨ
䦂,䥇,䦂,shàn,shan,4,ㄕㄢ
䆨,䆨,䆨,míng,ming,2,ㄇㄧㄥ
㥿,㥿,㥿,ào,ao,4,ㄠ
郌,郌,郌,gūi,gui,1,ㄍㄨㄟ
曇,曇,昙,tán,tan,2,ㄊㄢ
鮤,鮤,鮤,liè,lie,4,ㄌㄧㄝ
擭,擭,擭,wò,wo,4,ㄨㄛ
癊,癊,癊,yìn,yin,4,ㄧㄣ
陨,隕,陨,yǔn,yun,3,ㄩㄣ
屓,屓,屓,xì,xi,4,ㄒㄧ
䡤,䡤,䡤,䡤,䡤,,
凞,凞,凞,xī,xi,1,ㄒㄧ
惁,惁,惁,xī,xi,1,ㄒㄧ
熉,熉,熉,yún,yun,2,ㄩㄣ
辩,辯,辩,biàn,bian,4,ㄅㄧㄢ
嵄,嵄,嵄,měi,mei,3,ㄇㄟ
憮,憮,怃,wǔ,wu,3,ㄨ
漡,漡,漡,shāng,shang,1,ㄕㄤ
磿,磿,磿,lì,li,4,ㄌㄧ
扫,掃,扫,sǎo,sao,3,ㄙㄠ
砊,砊,砊,kàng,kang,4,ㄎㄤ
殡,殯,殡,bìn,bin,4,ㄅㄧㄣ
瓅,瓅,瓅,lì,li,4,ㄌㄧ
虶,虶,虶,yū,yu,1,ㄩ
㑯,㑯,㑯,xǔ,xu,3,ㄒㄩ
籎,籎,籎,籎,籎,,
矐,矐,矐,huò,huo,4,ㄏㄨㄛ
莉,莉,莉,lì,li,4,ㄌㄧ
砩,砩,砩,fèi,fei,4,ㄈㄟ
椓,椓,椓,zhuó,zhuo,2,ㄓㄨㄛ
㠪,㠪,㠪,jù,ju,4,ㄐㄩ
旽,旽,旽,tūn,tun,1,ㄊㄨㄣ
褗,褗,褗,yǎn,yan,3,ㄧㄢ
㺑,㺑,㺑,cán,can,2,ㄘㄢ
眖,眖,眖,kuàng,kuang,4,ㄎㄨㄤ
蒏,蒏,蒏,蒏,蒏,,
菺,菺,菺,jiān,jian,1,ㄐㄧㄢ
采,采,采,cǎi,cai,3,ㄘㄞ
惣,惣,惣,zǒng,zong,3,ㄗㄨㄥ
跢,跢,跢,dài,dai,4,ㄉㄞ
卥,卥,卥,xī,xi,1,ㄒㄧ
朽,朽,朽,xǐu,xiu,3,ㄒㄧㄡ
婟,婟,婟,hù,hu,4,ㄏㄨ
芯,芯,芯,xīn,xin,1,ㄒㄧㄣ
敹,敹,敹,liáo,liao,2,ㄌㄧㄠ
棿,棿,棿,niè,nie,4,ㄋㄧㄝ
䮏,䮏,䮏,wú,wu,2,ㄨ
鏋,鏋,鏋,mǎn,man,3,ㄇㄢ
㑎,㑎,㑎,nǎo,nao,3,ㄋㄠ
荏,荏,荏,rěn,ren,3,ㄖㄣ
㚐,㚐,㚐,tào,tao,4,ㄊㄠ
永,永,永,yǒng,yong,3,ㄩㄥ
睴,睴,睴,gùn,gun,4,ㄍㄨㄣ
唭,唭,唭,qī,qi,1,ㄑㄧ
筸,筸,筸,gān,gan,1,ㄍㄢ
粧,粧,粧,zhuāng,zhuang,1,ㄓㄨㄤ
蔉,蔉,蔉,gǔn,gun,3,ㄍㄨㄣ
䐁,䐁,䐁,niǎo,niao,3,ㄋㄧㄠ
祈,祈,祈,qí,qi,2,ㄑㄧ
襪,襪,袜,wà,wa,4,ㄨㄚ
鯯,鯯,鯯,zhì,zhi,4,ㄓ
鉿,鉿,铪,hā,ha,1,ㄏㄚ
惜,惜,惜,xī,xi,1,ㄒㄧ
兪,兪,兪,yú,yu,2,ㄩ
䅞,䅞,䅞,nà,na,4,ㄋㄚ
斃,斃,毙,bì,bi,4,ㄅㄧ
䞜,䞜,䞜,fù,fu,4,ㄈㄨ
塳,塳,塳,péng,peng,2,ㄆㄥ
㷝,㷝,㷝,㷝,㷝,,
幁,幁,幁,xū,xu,1,ㄒㄩ
㖠,㖠,㖠,bà,ba,4,ㄅㄚ
休,休,休,xīu,xiu,1,ㄒㄧㄡ
訲,訲,訲,yì,yi,4,ㄧ
仏,仏,仏,fó,fo,2,ㄈㄛ
㼓,㼓,㼓,lián,lian,2,ㄌㄧㄢ
䣖,䣖,䣖,mǎ,ma,3,ㄇㄚ
嗃,嗃,嗃,hè,he,4,ㄏㄜ
䈜,䈜,䈜,qìn,qin,4,ㄑㄧㄣ
煝,煝,煝,mèi,mei,4,ㄇㄟ
婋,婋,婋,xiāo,xiao,1,ㄒㄧㄠ
賿,賿,賿,liáo,liao,2,ㄌㄧㄠ
不,不,不,bù,bu,4,ㄅㄨ
觋,覡,觋,xí,xi,2,ㄒㄧ
诊,診,诊,zhěn,zhen,3,ㄓㄣ
鯠,鯠,鯠,lái,lai,2,ㄌㄞ
䄻,䄻,䄻,cháo,chao,2,ㄔㄠ
橿,橿,橿,jiāng,jiang,1,ㄐㄧㄤ
㙮,㙮,㙮,dā,da,1,ㄉㄚ
鈸,鈸,钹,bó,bo,2,ㄅㄛ
䝓,䝓,䝓,là,la,4,ㄌㄚ
吖,吖,吖,ā,a,1,ㄚ
咟,咟,咟,huò,huo,4,ㄏㄨㄛ
筘,筘,筘,kòu,kou,4,ㄎㄡ
㴄,㴄,㴄,yíng,ying,2,ㄧㄥ
笇,笇,笇,suàn,suan,4,ㄙㄨㄢ
占,占,占,zhān,zhan,1,ㄓㄢ
㺸,㺸,㺸,píng,ping,2,ㄆㄧㄥ
徫,徫,徫,wěi,wei,3,ㄨㄟ
諳,諳,谙,ān,an,1,ㄢ
曛,曛,曛,xūn,xun,1,ㄒㄩㄣ
刬,剗,刬,chǎn,chan,3,ㄔㄢ
呺,呺,呺,xiāo,xiao,1,ㄒㄧㄠ
谯,譙,谯,qiáo,qiao,2,ㄑㄧㄠ
䠩,䠩,䠩,gùi,gui,4,ㄍㄨㄟ
徱,徱,徱,piào,piao,4,ㄆㄧㄠ
缽,缽,钵,bō,bo,1,ㄅㄛ
䆦,䆦,䆦,shèn,shen,4,ㄕㄣ
繓,繓,繓,zuǒ,zuo,3,ㄗㄨㄛ
㣔,㣔,㣔,㣔,㣔,,
奃,奃,奃,dì,di,4,ㄉㄧ
㾬,㾬,㾬,㾬,㾬,,
鰰,鰰,鰰,鰰,鰰,,
䪁,䪁,䪁,bǔ,bu,3,ㄅㄨ
筶,筶,筶,gǎo,gao,3,ㄍㄠ
斕,斕,斓,lán,lan,2,ㄌㄢ
䕴,䕴,䕴,zhuó,zhuo,2,ㄓㄨㄛ
蔞,蔞,蒌,lóu,lou,2,ㄌㄡ
絪,絪,絪,yīn,yin,1,ㄧㄣ
嵚,嶔,嵚,qīn,qin,1,ㄑㄧㄣ
樯,檣,樯,qiáng,qiang,2,ㄑㄧㄤ
㭕,㭕,㭕,㭕,㭕,,
䱮,䱮,䱮,é,e,2,ㄜ
哑,啞,哑,yǎ,ya,3,ㄧㄚ
渞,渞,渞,qíu,qiu,2,ㄑㄧㄡ
剤,剤,剤,jì,ji,4,ㄐㄧ
棃,棃,棃,lí,li,2,ㄌㄧ
传,傳,传,chuán,chuan,2,ㄔㄨㄢ
忮,忮,忮,zhì,zhi,4,ㄓ
骕,驌,骕,sù,su,4,ㄙㄨ
絠,絠,絠,gǎi,gai,3,ㄍㄞ
鬐,鬐,鬐,qí,qi,2,ㄑㄧ
尙,尙,尙,shàng,shang,4,ㄕㄤ
㓶,㓶,㓶,qiè,qie,4,ㄑㄧㄝ
㖍,㖍,㖍,㖍,㖍,,
躨,躨,躨,kúi,kui,2,ㄎㄨㄟ
噩,噩,噩,è,e,4,ㄜ
仑,侖,仑,lún,lun,2,ㄌㄨㄣ
玶,玶,玶,píng,ping,2,ㄆㄧㄥ
痷,痷,痷,ān,an,1,ㄢ
噦,噦,哕,yuě,yue,3,ㄩㄝ
邗,邗,邗,hán,han,2,ㄏㄢ
緡,緡,缗,mín,min,2,ㄇㄧㄣ
穟,穟,穟,sùi,sui,4,ㄙㄨㄟ
魁,魁,魁,kúi,kui,2,ㄎㄨㄟ
穎,穎,颖,yǐng,ying,3,ㄧㄥ
坹,坹,坹,xuè,xue,4,ㄒㄩㄝ
銵,銵,銵,kēng,keng,1,ㄎㄥ
雝,雝,雝,yōng,yong,1,ㄩㄥ
䦞,䦞,䦞,rùn,run,4,ㄖㄨㄣ
龀,齔,龀,chèn,chen,4,ㄔㄣ
鬉,鬉,鬉,zōng,zong,1,ㄗㄨㄥ
鹶,鹶,鹶,jīn,jin,1,ㄐㄧㄣ
鄉,鄉,乡,xiāng,xiang,1,ㄒㄧㄤ
姕,姕,姕,zī,zi,1,ㄗ
体,體,体,tǐ,ti,3,ㄊㄧ
殬,殬,殬,dù,du,4,ㄉㄨ
㜢,㜢,㜢,㜢,㜢,,
仸,仸,仸,yǎo,yao,3,ㄧㄠ
㱟,㱟,㱟,bó,bo,2,ㄅㄛ
翔,翔,翔,xiáng,xiang,2,ㄒㄧㄤ
抡,掄,抡,lún,lun,2,ㄌㄨㄣ
笽,笽,笽,笽,笽,,
烡,烡,烡,guāng,guang,1,ㄍㄨㄤ
瞘,瞘,眍,ōu,ou,1,ㄡ
殰,殰,殰,dú,du,2,ㄉㄨ
蓵,蓵,蓵,jié,jie,2,ㄐㄧㄝ
刾,刾,刾,cì,ci,4,ㄘ
褜,褜,褜,褜,褜,,
膞,膞,䏝,zhuān,zhuan,1,ㄓㄨㄢ
髓,髓,髓,sǔi,sui,3,ㄙㄨㄟ
錇,錇,锫,póu,pou,2,ㄆㄡ
㤦,㤦,㤦,lì,li,4,ㄌㄧ
侎,侎,侎,mǐ,mi,3,ㄇㄧ
靖,靖,靖,jìng,jing,4,ㄐㄧㄥ
㥢,㥢,㥢,qíu,qiu,2,ㄑㄧㄡ
颐,頤,颐,yí,yi,2,ㄧ
菹,菹,菹,jū,ju,1,ㄐㄩ
付,付,付,fù,fu,4,ㄈㄨ
零,零,零,líng,ling,2,ㄌㄧㄥ
灋,灋,灋,fǎ,fa,3,ㄈㄚ
澸,澸,澸,dǎn,dan,3,ㄉㄢ
囤,囤,囤,dùn,dun,4,ㄉㄨㄣ
鶤,鶤,鹍,yùn,yun,4,ㄩㄣ
泫,泫,泫,xuàn,xuan,4,ㄒㄩㄢ
譫,譫,谵,zhān,zhan,1,ㄓㄢ
櫙,櫙,櫙,ōu,ou,1,ㄡ
矑,矑,矑,lú,lu,2,ㄌㄨ
怠,怠,怠,dài,dai,4,ㄉㄞ
甧,甧,甧,sēn,sen,1,ㄙㄣ
㫛,㫛,㫛,guàng,guang,4,ㄍㄨㄤ
蕺,蕺,蕺,jí,ji,2,ㄐㄧ
䍾,䍾,䍾,túi,tui,2,ㄊㄨㄟ
䔜,䔜,䔜,nán,nan,2,ㄋㄢ
眝,眝,眝,zhù,zhu,4,ㄓㄨ
嵕,嵕,嵕,zōng,zong,1,ㄗㄨㄥ
銂,銂,銂,zhōu,zhou,1,ㄓㄡ
䒮,䒮,䒮,䒮,䒮,,
宯,宯,宯,xiāo,xiao,1,ㄒㄧㄠ
侖,侖,仑,lún,lun,2,ㄌㄨㄣ
肌,肌,肌,jī,ji,1,ㄐㄧ
垅,垅,垅,lǒng,long,3,ㄌㄨㄥ
养,養,养,yǎng,yang,3,ㄧㄤ
萚,蘀,萚,tuò,tuo,4,ㄊㄨㄛ
㗘,㗘,㗘,bó,bo,2,ㄅㄛ
饴,飴,饴,yí,yi,2,ㄧ
変,変,変,biàn,bian,4,ㄅㄧㄢ
夐,夐,夐,xiòng,xiong,4,ㄒㄩㄥ
䑟,䑟,䑟,huáng,huang,2,ㄏㄨㄤ
邉,邉,邉,biān,bian,1,ㄅㄧㄢ
虮,蟣,虮,jī,ji,1,ㄐㄧ
㱢,㱢,㱢,láng,lang,2,ㄌㄤ
镯,鐲,镯,zhuó,zhuo,2,ㄓㄨㄛ
蒢,蒢,蒢,chú,chu,2,ㄔㄨ
檜,檜,桧,gùi,gui,4,ㄍㄨㄟ
䪑,䪑,䪑,tuó,tuo,2,ㄊㄨㄛ
孓,孓,孓,jué,jue,2,ㄐㄩㄝ
㸤,㸤,㸤,piàn,pian,4,ㄆㄧㄢ
鋱,鋱,铽,tè,te,4,ㄊㄜ
睿,睿,睿,rùi,rui,4,ㄖㄨㄟ
䍦,䍦,䍦,lí,li,2,ㄌㄧ
婁,婁,娄,lóu,lou,2,ㄌㄡ
艸,艸,艹,cǎo,cao,3,ㄘㄠ
祌,祌,祌,zhòng,zhong,4,ㄓㄨㄥ
䖰,䖰,䖰,pài,pai,4,ㄆㄞ
浢,浢,浢,dòu,dou,4,ㄉㄡ
铌,鈮,铌,nǐ,ni,3,ㄋㄧ
揠,揠,揠,yà,ya,4,ㄧㄚ
粕,粕,粕,pò,po,4,ㄆㄛ
㗜,㗜,㗜,xìu,xiu,4,ㄒㄧㄡ
夾,夾,夹,jiā,jia,1,ㄐㄧㄚ
轤,轤,轳,lú,lu,2,ㄌㄨ
艪,艪,艪,lǔ,lu,3,ㄌㄨ
㓵,㓵,㓵,è,e,4,ㄜ
嶸,嶸,嵘,róng,rong,2,ㄖㄨㄥ
羶,羶,羶,shān,shan,1,ㄕㄢ
搊,搊,搊,chōu,chou,1,ㄔㄡ
䙘,䙘,䙘,chǔ,chu,3,ㄔㄨ
輒,輒,辄,zhé,zhe,2,ㄓㄜ
鉛,鉛,铅,qiān,qian,1,ㄑㄧㄢ
㽓,㽓,㽓,㽓,㽓,,
镴,鑞,镴,là,la,4,ㄌㄚ
䡹,䡹,䡹,zhì,zhi,4,ㄓ
准,準,准,zhǔn,zhun,3,ㄓㄨㄣ
褞,褞,褞,yǔn,yun,3,ㄩㄣ
䬞,䬞,䬞,táo,tao,2,ㄊㄠ
㡺,㡺,㡺,dàn,dan,4,ㄉㄢ
傩,儺,傩,nuó,nuo,2,ㄋㄨㄛ
勨,勨,勨,yǎng,yang,3,ㄧㄤ
㟙,㟙,㟙,lǎo,lao,3,ㄌㄠ
䝰,䝰,䝰,tí,ti,2,ㄊㄧ
暝,暝,暝,míng,ming,2,ㄇㄧㄥ
戄,戄,戄,jué,jue,2,ㄐㄩㄝ
繥,繥,繥,xī,xi,1,ㄒㄧ
猝,猝,猝,cù,cu,4,ㄘㄨ
夈,夈,夈,夈,夈,,
䳩,䳩,䳩,䳩,䳩,,
稀,稀,稀,xī,xi,1,ㄒㄧ
扦,扡,扦,qiān,qian,1,ㄑㄧㄢ
螳,螳,螳,táng,tang,2,ㄊㄤ
暚,暚,暚,yáo,yao,2,ㄧㄠ
堖,堖,垴,nǎo,nao,3,ㄋㄠ
涟,漣,涟,lián,lian,2,ㄌㄧㄢ
帇,帇,帇,niè,nie,4,ㄋㄧㄝ
紷,紷,紷,líng,ling,2,ㄌㄧㄥ
綇,綇,綇,xǐu,xiu,3,ㄒㄧㄡ
痟,痟,痟,xiāo,xiao,1,ㄒㄧㄠ
䋐,䋐,䋐,yuè,yue,4,ㄩㄝ
㷚,㷚,㷚,㷚,㷚,,
囩,囩,囩,yùn,yun,4,ㄩㄣ
蓩,蓩,蓩,mào,mao,4,ㄇㄠ
瘳,瘳,瘳,chōu,chou,1,ㄔㄡ
膷,膷,膷,xiāng,xiang,1,ㄒㄧㄤ
鄕,鄕,鄕,xiāng,xiang,1,ㄒㄧㄤ
䇜,䇜,䇜,liǎn,lian,3,ㄌㄧㄢ
榍,榍,榍,xiè,xie,4,ㄒㄧㄝ
裒,裒,裒,póu,pou,2,ㄆㄡ
䢪,䢪,䢪,bó,bo,2,ㄅㄛ
荳,荳,荳,dòu,dou,4,ㄉㄡ
䍫,䍫,䍫,tuó,tuo,2,ㄊㄨㄛ
胻,胻,胻,xíng,xing,2,ㄒㄧㄥ
䱜,䱜,䱜,cuò,cuo,4,ㄘㄨㄛ
眓,眓,眓,huò,huo,4,ㄏㄨㄛ
臟,臟,脏,zàng,zang,4,ㄗㄤ
阍,閽,阍,hūn,hun,1,ㄏㄨㄣ
錨,錨,锚,máo,mao,2,ㄇㄠ
攂,攂,攂,lèi,lei,4,ㄌㄟ
滣,滣,滣,chún,chun,2,ㄔㄨㄣ
渜,渜,渜,nuǎn,nuan,3,ㄋㄨㄢ
榯,榯,榯,shí,shi,2,ㄕ
埍,埍,埍,xuàn,xuan,4,ㄒㄩㄢ
馚,馚,馚,fén,fen,2,ㄈㄣ
比,比,比,bǐ,bi,3,ㄅㄧ
勀,勀,勀,kè,ke,4,ㄎㄜ
行,行,行,xíng,xing,2,ㄒㄧㄥ
駊,駊,駊,bǒ,bo,3,ㄅㄛ
榅,榅,榅,yún,yun,2,ㄩㄣ
烰,烰,烰,fú,fu,2,ㄈㄨ
倫,倫,伦,lún,lun,2,ㄌㄨㄣ
㷼,㷼,㷼,yàn,yan,4,ㄧㄢ
楇,楇,楇,huò,huo,4,ㄏㄨㄛ
䢢,䢢,䢢,càng,cang,4,ㄘㄤ
櫬,櫬,榇,chèn,chen,4,ㄔㄣ
䓝,䓝,䓝,méng,meng,2,ㄇㄥ
䧮,䧮,䧮,xiǎn,xian,3,ㄒㄧㄢ
蟖,蟖,蟖,sī,si,1,ㄙ
襆,襆,幞,pú,pu,2,ㄆㄨ
鲂,魴,鲂,fáng,fang,2,ㄈㄤ
敫,敫,敫,jiào,jiao,4,ㄐㄧㄠ
饂,饂,饂,yún,yun,2,ㄩㄣ
鼶,鼶,鼶,tí,ti,2,ㄊㄧ
搉,搉,搉,què,que,4,ㄑㄩㄝ
䳜,䳜,䳜,tú,tu,2,ㄊㄨ
諠,諠,諠,xuān,xuan,1,ㄒㄩㄢ
恹,懨,恹,yàn,yan,4,ㄧㄢ
鰇,鰇,鰇,róu,rou,2,ㄖㄡ
㰊,㰊,㰊,xún,xun,2,ㄒㄩㄣ
䣥,䣥,䣥,bǐ,bi,3,ㄅㄧ
媧,媧,娲,wā,wa,1,ㄨㄚ
踳,踳,踳,chǔn,chun,3,ㄔㄨㄣ
柳,柳,柳,lǐu,liu,3,ㄌㄧㄡ
佰,佰,佰,bǎi,bai,3,ㄅㄞ
婌,婌,婌,shǔ,shu,3,ㄕㄨ
歊,歊,歊,xiāo,xiao,1,ㄒㄧㄠ
䣤,䣤,䣤,jiào,jiao,4,ㄐㄧㄠ
觚,觚,觚,gū,gu,1,ㄍㄨ
谺,谺,谺,xiā,xia,1,ㄒㄧㄚ
嬔,嬔,嬔,fù,fu,4,ㄈㄨ
㦝,㦝,㦝,miǎo,miao,3,ㄇㄧㄠ
俦,儔,俦,chóu,chou,2,ㄔㄡ
弒,弒,弒,shì,shi,4,ㄕ
櫦,櫦,櫦,櫦,櫦,,
㶙,㶙,㶙,㶙,㶙,,
朡,朡,朡,zōng,zong,1,ㄗㄨㄥ
㨺,㨺,㨺,mén,men,2,ㄇㄣ
懈,懈,懈,xiè,xie,4,ㄒㄧㄝ
笱,笱,笱,gǒu,gou,3,ㄍㄡ
蟼,蟼,蟼,jǐng,jing,3,ㄐㄧㄥ
㧹,㧹,㧹,tè,te,4,ㄊㄜ
㓂,㓂,㓂,kòu,kou,4,ㄎㄡ
贎,贎,贎,wàn,wan,4,ㄨㄢ
鞲,鞲,鞲,gōu,gou,1,ㄍㄡ
灴,灴,灴,hóng,hong,2,ㄏㄨㄥ
婩,婩,婩,yàn,yan,4,ㄧㄢ
笖,笖,笖,yǐ,yi,3,ㄧ
㫍,㫍,㫍,yóu,you,2,ㄧㄡ
峔,峔,峔,mǔ,mu,3,ㄇㄨ
㪾,㪾,㪾,gé,ge,2,ㄍㄜ
䛸,䛸,䛸,chè,che,4,ㄔㄜ
秗,秗,秗,yù,yu,4,ㄩ
瞣,瞣,瞣,瞣,瞣,,
䊜,䊜,䊜,tuán,tuan,2,ㄊㄨㄢ
隬,隬,隬,nǐ,ni,3,ㄋㄧ
覼,覼,覼,luó,luo,2,ㄌㄨㄛ
矊,矊,矊,mián,mian,2,ㄇㄧㄢ
剥,剝,剥,bō,bo,1,ㄅㄛ
俵,俵,俵,biào,biao,4,ㄅㄧㄠ
鸍,鸍,鸍,mí,mi,2,ㄇㄧ
俋,俋,俋,yì,yi,4,ㄧ
嗲,嗲,嗲,diǎ,dia,3,ㄉㄧㄚ
略,略,略,lvè,lue,4,
漼,漼,漼,cǔi,cui,3,ㄘㄨㄟ
蝩,蝩,蝩,chóng,chong,2,ㄔㄨㄥ
䮓,䮓,䮓,zhào,zhao,4,ㄓㄠ
磎,磎,磎,qī,qi,1,ㄑㄧ
橂,橂,橂,diàn,dian,4,ㄉㄧㄢ
並,並,并,bìng,bing,4,ㄅㄧㄥ
娜,娜,娜,nuó,nuo,2,ㄋㄨㄛ
䗒,䗒,䗒,bìng,bing,4,ㄅㄧㄥ
勏,勏,勏,pǒu,pou,3,ㄆㄡ
襻,襻,襻,pàn,pan,4,ㄆㄢ
僛,僛,僛,qī,qi,1,ㄑㄧ
鴾,鴾,鴾,móu,mou,2,ㄇㄡ
鱣,鱣,鳣,zhān,zhan,1,ㄓㄢ
䉔,䉔,䉔,䉔,䉔,,
蟽,蟽,蟽,dá,da,2,ㄉㄚ
僌,僌,僌,yíng,ying,2,ㄧㄥ
钎,釺,钎,qiān,qian,1,ㄑㄧㄢ
夹,夾,夹,jiā,jia,1,ㄐㄧㄚ
蚣,蚣,蚣,gōng,gong,1,ㄍㄨㄥ
蟧,蟧,蟧,láo,lao,2,ㄌㄠ
埜,埜,埜,yě,ye,3,ㄧㄝ
㔈,㔈,㔈,㔈,㔈,,
鶪,鶪,䴗,jú,ju,2,ㄐㄩ
鶯,鶯,莺,yīng,ying,1,ㄧㄥ
焈,焈,焈,xī,xi,1,ㄒㄧ
弗,弗,弗,fú,fu,2,ㄈㄨ
洨,洨,洨,xiáo,xiao,2,ㄒㄧㄠ
怕,怕,怕,pà,pa,4,ㄆㄚ
靌,靌,靌,bǎo,bao,3,ㄅㄠ
揳,揳,揳,xiè,xie,4,ㄒㄧㄝ
㭋,㭋,㭋,bàng,bang,4,ㄅㄤ
瞿,瞿,瞿,jù,ju,4,ㄐㄩ
諾,諾,诺,nuò,nuo,4,ㄋㄨㄛ
瑑,瑑,瑑,zhuàn,zhuan,4,ㄓㄨㄢ
挛,攣,挛,luán,luan,2,ㄌㄨㄢ
桡,橈,桡,náo,nao,2,ㄋㄠ
韉,韉,鞯,jiān,jian,1,ㄐㄧㄢ
许,許,许,xǔ,xu,3,ㄒㄩ
箁,箁,箁,pú,pu,2,ㄆㄨ
棈,棈,棈,qiàn,qian,4,ㄑㄧㄢ
煺,煺,煺,tùi,tui,4,ㄊㄨㄟ
䑎,䑎,䑎,chǎn,chan,3,ㄔㄢ
䔽,䔽,䔽,ài,ai,4,ㄞ
嫚,嫚,嫚,màn,man,4,ㄇㄢ
靓,靚,靓,jìng,jing,4,ㄐㄧㄥ
媬,媬,媬,媬,媬,,
耶,耶,耶,yé,ye,2,ㄧㄝ
䮢,䮢,䮢,dié,die,2,ㄉㄧㄝ
麸,麩,麸,fū,fu,1,ㄈㄨ
鞡,鞡,鞡,la,la,5,ㄌㄚ
輺,輺,輺,zī,zi,1,ㄗ
肝,肝,肝,gān,gan,1,ㄍㄢ
臧,臧,臧,zāng,zang,1,ㄗㄤ
葬,葬,葬,zàng,zang,4,ㄗㄤ
砳,砳,砳,lè,le,4,ㄌㄜ
褴,襤,褴,bǎo,bao,3,ㄅㄠ
厄,厄,厄,è,e,4,ㄜ
窬,窬,窬,yú,yu,2,ㄩ
婮,婮,婮,婮,婮,,
衽,衽,衽,rèn,ren,4,ㄖㄣ
鹑,鶉,鹑,chún,chun,2,ㄔㄨㄣ
䜜,䜜,䜜,wèi,wei,4,ㄨㄟ
滶,滶,滶,áo,ao,2,ㄠ
愣,愣,愣,lèng,leng,4,ㄌㄥ
㼷,㼷,㼷,chuán,chuan,2,ㄔㄨㄢ
餈,餈,餈,cí,ci,2,ㄘ
虻,虻,虻,méng,meng,2,ㄇㄥ
揂,揂,揂,jīu,jiu,1,ㄐㄧㄡ
饃,饃,馍,mó,mo,2,ㄇㄛ
菷,菷,菷,zhǒu,zhou,3,ㄓㄡ
㲻,㲻,㲻,nì,ni,4,ㄋㄧ
鲇,鮎,鲇,nián,nian,2,ㄋㄧㄢ
狞,獰,狞,níng,ning,2,ㄋㄧㄥ
欚,欚,欚,lǐ,li,3,ㄌㄧ
嶶,嶶,嶶,嶶,嶶,,
洳,洳,洳,rù,ru,4,ㄖㄨ
籱,籱,籱,zhuó,zhuo,2,ㄓㄨㄛ
托,托,托,tuō,tuo,1,ㄊㄨㄛ
欸,欸,欸,ǎi,ai,3,ㄞ
㐆,㐆,㐆,yǐn,yin,3,ㄧㄣ
塾,塾,塾,shú,shu,2,ㄕㄨ
軶,軶,軶,è,e,4,ㄜ
䔤,䔤,䔤,䔤,䔤,,
䫈,䫈,䫈,zèn,zen,4,ㄗㄣ
郞,郞,郞,láng,lang,2,ㄌㄤ
褹,褹,褹,yì,yi,4,ㄧ
䳟,䳟,䳟,kòu,kou,4,ㄎㄡ
詔,詔,诏,zhào,zhao,4,ㄓㄠ
滥,濫,滥,làn,lan,4,ㄌㄢ
歘,歘,歘,xū,xu,1,ㄒㄩ
瑥,瑥,瑥,wēn,wen,1,ㄨㄣ
㣮,㣮,㣮,㣮,㣮,,
箑,箑,箑,shà,sha,4,ㄕㄚ
唂,唂,唂,gǔ,gu,3,ㄍㄨ
鋸,鋸,锯,jù,ju,4,ㄐㄩ
涻,涻,涻,gàn,gan,4,ㄍㄢ
勹,勹,勹,bāo,bao,1,ㄅㄠ
壔,壔,壔,dǎo,dao,3,ㄉㄠ
竀,竀,竀,chēng,cheng,1,ㄔㄥ
綁,綁,绑,bǎng,bang,3,ㄅㄤ
犍,犍,犍,jiān,jian,1,ㄐㄧㄢ
卌,卌,卌,xì,xi,4,ㄒㄧ
垢,垢,垢,gòu,gou,4,ㄍㄡ
鄰,鄰,邻,lín,lin,2,ㄌㄧㄣ
朱,硃,朱,zhū,zhu,1,ㄓㄨ
刏,刏,刏,jī,ji,1,ㄐㄧ
蔋,蔋,蔋,dí,di,2,ㄉㄧ
笌,笌,笌,yá,ya,2,ㄧㄚ
箽,箽,箽,dǒng,dong,3,ㄉㄨㄥ
邒,邒,邒,tíng,ting,2,ㄊㄧㄥ
侴,侴,侴,chǒu,chou,3,ㄔㄡ
醕,醕,醕,chún,chun,2,ㄔㄨㄣ
㽤,㽤,㽤,jú,ju,2,ㄐㄩ
踯,躑,踯,zhí,zhi,2,ㄓ
㥾,㥾,㥾,nì,ni,4,ㄋㄧ
嵯,嵯,嵯,cuó,cuo,2,ㄘㄨㄛ
嚜,嚜,嚜,mò,mo,4,ㄇㄛ
鋥,鋥,锃,zhèng,zheng,4,ㄓㄥ
灩,灩,滟,yàn,yan,4,ㄧㄢ
遻,遻,遻,wù,wu,4,ㄨ
凃,凃,凃,tú,tu,2,ㄊㄨ
㫣,㫣,㫣,㫣,㫣,,
翐,翐,翐,zhì,zhi,4,ㄓ
䎒,䎒,䎒,zhǎn,zhan,3,ㄓㄢ
繟,繟,繟,chǎn,chan,3,ㄔㄢ
蛒,蛒,蛒,gé,ge,2,ㄍㄜ
訟,訟,讼,sòng,song,4,ㄙㄨㄥ
麡,麡,麡,jī,ji,1,ㄐㄧ
䶏,䶏,䶏,tǐ,ti,3,ㄊㄧ
㢇,㢇,㢇,㢇,㢇,,
类,類,类,lèi,lei,4,ㄌㄟ
矮,矮,矮,ǎi,ai,3,ㄞ
䫕,䫕,䫕,zhì,zhi,4,ㄓ
䰸,䰸,䰸,䰸,䰸,,
恔,恔,恔,xiào,xiao,4,ㄒㄧㄠ
摕,摕,摕,dì,di,4,ㄉㄧ
浞,浞,浞,zhuó,zhuo,2,ㄓㄨㄛ
徳,徳,徳,dé,de,2,ㄉㄜ
説,説,説,shuō,shuo,1,ㄕㄨㄛ
磬,磬,磬,qìng,qing,4,ㄑㄧㄥ
擼,擼,撸,lǔ,lu,3,ㄌㄨ
鵝,鵝,鹅,é,e,2,ㄜ
罴,羆,罴,pí,pi,2,ㄆㄧ
徣,徣,徣,jiè,jie,4,ㄐㄧㄝ
㐠,㐠,㐠,㐠,㐠,,
玃,玃,玃,jué,jue,2,ㄐㄩㄝ
夽,夽,夽,yùn,yun,4,ㄩㄣ
罊,罊,罊,qì,qi,4,ㄑㄧ
㽴,㽴,㽴,zhàng,zhang,4,ㄓㄤ
巣,巣,巣,cháo,chao,2,ㄔㄠ
舖,舖,舖,pù,pu,4,ㄆㄨ
匶,匶,匶,jìu,jiu,4,ㄐㄧㄡ
㬂,㬂,㬂,yú,yu,2,ㄩ
寍,寍,寍,níng,ning,2,ㄋㄧㄥ
瑜,瑜,瑜,yú,yu,2,ㄩ
舚,舚,舚,tān,tan,1,ㄊㄢ
䮼,䮼,䮼,lín,lin,2,ㄌㄧㄣ
嵹,嵹,嵹,jiàng,jiang,4,ㄐㄧㄤ
繫,繫,系,xì,xi,4,ㄒㄧ
苯,苯,苯,běn,ben,3,ㄅㄣ
髝,髝,髝,lào,lao,4,ㄌㄠ
领,領,领,lǐng,ling,3,ㄌㄧㄥ
瓿,瓿,瓿,pǒu,pou,3,ㄆㄡ
撣,撣,掸,dǎn,dan,3,ㄉㄢ
筯,筯,筯,zhù,zhu,4,ㄓㄨ
夵,夵,夵,yǎn,yan,3,ㄧㄢ
鱨,鱨,鲿,cháng,chang,2,ㄔㄤ
沤,漚,沤,òu,ou,4,ㄡ
䐙,䐙,䐙,gé,ge,2,ㄍㄜ
榚,榚,榚,yǎo,yao,3,ㄧㄠ
瞓,瞓,瞓,shùi,shui,4,ㄕㄨㄟ
贮,貯,贮,zhǔ,zhu,3,ㄓㄨ
䗨,䗨,䗨,yú,yu,2,ㄩ
嶇,嶇,岖,qū,qu,1,ㄑㄩ
锹,鍬,锹,qiāo,qiao,1,ㄑㄧㄠ
䙩,䙩,䙩,méng,meng,2,ㄇㄥ
乛,乛,乛,乛,乛,,
躎,躎,躎,niǎn,nian,3,ㄋㄧㄢ
庑,廡,庑,wǔ,wu,3,ㄨ
夥,夥,伙,huǒ,huo,3,ㄏㄨㄛ
䃋,䃋,䃋,yú,yu,2,ㄩ
㖉,㖉,㖉,㖉,㖉,,
郺,郺,郺,yōng,yong,1,ㄩㄥ
聩,聵,聩,kùi,kui,4,ㄎㄨㄟ
㧗,㧗,㧗,zǐ,zi,3,ㄗ
棒,棒,棒,bàng,bang,4,ㄅㄤ
棨,棨,棨,qǐ,qi,3,ㄑㄧ
牆,牆,墙,qiáng,qiang,2,ㄑㄧㄤ
觾,觾,觾,yàn,yan,4,ㄧㄢ
郝,郝,郝,hǎo,hao,3,ㄏㄠ
膁,膁,肷,qiān,qian,1,ㄑㄧㄢ
䬣,䬣,䬣,qì,qi,4,ㄑㄧ
㝉,㝉,㝉,zhù,zhu,4,ㄓㄨ
夶,夶,夶,bǐ,bi,3,ㄅㄧ
菰,菰,菰,gū,gu,1,ㄍㄨ
鞓,鞓,鞓,tīng,ting,1,ㄊㄧㄥ
牟,牟,牟,móu,mou,2,ㄇㄡ
跺,跺,跺,duò,duo,4,ㄉㄨㄛ
幷,幷,幷,bìng,bing,4,ㄅㄧㄥ
砐,砐,砐,è,e,4,ㄜ
蘰,蘰,蘰,蘰,蘰,,
緑,緑,緑,lv̀,lu,4,ㄌㄨ
倒,倒,倒,dǎo,dao,3,ㄉㄠ
㖜,㖜,㖜,㖜,㖜,,
魚,魚,鱼,yú,yu,2,ㄩ
囲,囲,囲,wéi,wei,2,ㄨㄟ
蝚,蝚,蝚,róu,rou,2,ㄖㄡ
䊺,䊺,䊺,gǔ,gu,3,ㄍㄨ
趋,趨,趋,qū,qu,1,ㄑㄩ
㜱,㜱,㜱,dòng,dong,4,ㄉㄨㄥ
苓,苓,苓,líng,ling,2,ㄌㄧㄥ
琫,琫,琫,běng,beng,3,ㄅㄥ
载,載,载,zài,zai,4,ㄗㄞ
㚺,㚺,㚺,yùn,yun,4,ㄩㄣ
歙,歙,歙,xī,xi,1,ㄒㄧ
埻,埻,埻,zhǔn,zhun,3,ㄓㄨㄣ
悈,悈,悈,jiè,jie,4,ㄐㄧㄝ
䶢,䶢,䶢,xián,xian,2,ㄒㄧㄢ
啠,啠,啠,zhé,zhe,2,ㄓㄜ
䚉,䚉,䚉,qì,qi,4,ㄑㄧ
繐,繐,繐,sùi,sui,4,ㄙㄨㄟ
㹔,㹔,㹔,㹔,㹔,,
筬,筬,筬,chéng,cheng,2,ㄔㄥ
锺,锺,锺,zhōng,zhong,1,ㄓㄨㄥ
敥,敥,敥,yàn,yan,4,ㄧㄢ
摪,摪,摪,jiāng,jiang,1,ㄐㄧㄤ
詙,詙,詙,bá,ba,2,ㄅㄚ
藖,藖,藖,xián,xian,2,ㄒㄧㄢ
榹,榹,榹,sī,si,1,ㄙ
䖔,䖔,䖔,hàn,han,4,ㄏㄢ
曓,曓,曓,bào,bao,4,ㄅㄠ
坳,坳,坳,ào,ao,4,ㄠ
僇,僇,僇,lù,lu,4,ㄌㄨ
䈽,䈽,䈽,䈽,䈽,,
延,延,延,yán,yan,2,ㄧㄢ
凩,凩,凩,凩,凩,,
鹅,鵝,鹅,é,e,2,ㄜ
䗐,䗐,䗐,䗐,䗐,,
㼮,㼮,㼮,mái,mai,2,ㄇㄞ
填,填,填,tián,tian,2,ㄊㄧㄢ
饷,餉,饷,xiǎng,xiang,3,ㄒㄧㄤ
寶,寶,宝,bǎo,bao,3,ㄅㄠ
掠,掠,掠,lvè,lue,4,
䜺,䜺,䜺,cè,ce,4,ㄘㄜ
洘,洘,洘,kǎo,kao,3,ㄎㄠ
獂,獂,獂,yuán,yuan,2,ㄩㄢ
硙,磑,硙,wèi,wei,4,ㄨㄟ
頙,頙,頙,cè,ce,4,ㄘㄜ
赺,赺,赺,qín,qin,2,ㄑㄧㄣ
鷲,鷲,鹫,jìu,jiu,4,ㄐㄧㄡ
侠,俠,侠,xiá,xia,2,ㄒㄧㄚ
髳,髳,髳,máo,mao,2,ㄇㄠ
娎,娎,娎,xiào,xiao,4,ㄒㄧㄠ
率,率,率,lv̀,lu,4,ㄌㄨ
挌,挌,挌,gé,ge,2,ㄍㄜ
鮉,鮉,鮉,diāo,diao,1,ㄉㄧㄠ
史,史,史,shǐ,shi,3,ㄕ
帒,帒,帒,dài,dai,4,ㄉㄞ
摴,摴,摴,shū,shu,1,ㄕㄨ
職,職,职,zhí,zhi,2,ㄓ
豷,豷,豷,yì,yi,4,ㄧ
誇,誇,夸,kuā,kua,1,ㄎㄨㄚ
蘯,蘯,蘯,dàng,dang,4,ㄉㄤ
裼,裼,裼,xí,xi,2,ㄒㄧ
覷,覷,觑,qù,qu,4,ㄑㄩ
妞,妞,妞,nīu,niu,1,ㄋㄧㄡ
䞦,䞦,䞦,hé,he,2,ㄏㄜ
堽,堽,堽,gāng,gang,1,ㄍㄤ
殢,殢,殢,tì,ti,4,ㄊㄧ
杔,杔,杔,tuō,tuo,1,ㄊㄨㄛ
饫,飫,饫,yù,yu,4,ㄩ
鄀,鄀,鄀,ruò,ruo,4,ㄖㄨㄛ
騵,騵,騵,yuán,yuan,2,ㄩㄢ
麫,麫,麫,miǎn,mian,3,ㄇㄧㄢ
㜅,㜅,㜅,xù,xu,4,ㄒㄩ
藎,藎,荩,jìn,jin,4,ㄐㄧㄣ
軺,軺,轺,yáo,yao,2,ㄧㄠ
㪯,㪯,㪯,chá,cha,2,ㄔㄚ
顙,顙,颡,sǎng,sang,3,ㄙㄤ
籡,籡,籡,籡,籡,,
姻,姻,姻,yīn,yin,1,ㄧㄣ
騈,騈,騈,pián,pian,2,ㄆㄧㄢ
饕,饕,饕,tāo,tao,1,ㄊㄠ
俗,俗,俗,sú,su,2,ㄙㄨ
髬,髬,髬,pī,pi,1,ㄆㄧ
灘,灘,滩,tān,tan,1,ㄊㄢ
䘖,䘖,䘖,䘖,䘖,,
墉,墉,墉,yōng,yong,1,ㄩㄥ
铊,鉈,铊,shé,she,2,ㄕㄜ
䁆,䁆,䁆,ǎn,an,3,ㄢ
埙,塤,埙,xūn,xun,1,ㄒㄩㄣ
璈,璈,璈,áo,ao,2,ㄠ
䕍,䕍,䕍,yì,yi,4,ㄧ
㦍,㦍,㦍,è,e,4,ㄜ
䋻,䋻,䋻,nín,nin,2,ㄋㄧㄣ
刦,刦,刦,jié,jie,2,ㄐㄧㄝ
旖,旖,旖,yǐ,yi,3,ㄧ
熌,熌,熌,shàn,shan,4,ㄕㄢ
逢,逢,逢,féng,feng,2,ㄈㄥ
恠,恠,恠,guài,guai,4,ㄍㄨㄞ
㸥,㸥,㸥,chán,chan,2,ㄔㄢ
䐼,䐼,䐼,xì,xi,4,ㄒㄧ
㾖,㾖,㾖,lǐ,li,3,ㄌㄧ
疧,疧,疧,zhī,zhi,1,ㄓ
㙞,㙞,㙞,niè,nie,4,ㄋㄧㄝ
䃉,䃉,䃉,mín,min,2,ㄇㄧㄣ
昭,昭,昭,zhāo,zhao,1,ㄓㄠ
氆,氆,氆,pǔ,pu,3,ㄆㄨ
钄,钄,钄,lán,lan,2,ㄌㄢ
鄇,鄇,鄇,hòu,hou,4,ㄏㄡ
䠖,䠖,䠖,䠖,䠖,,
鳄,鰐,鳄,è,e,4,ㄜ
疏,疏,疏,shū,shu,1,ㄕㄨ
隚,隚,隚,táng,tang,2,ㄊㄤ
㝒,㝒,㝒,㝒,㝒,,
螬,螬,螬,cáo,cao,2,ㄘㄠ
桭,桭,桭,zhēn,zhen,1,ㄓㄣ
跑,跑,跑,pǎo,pao,3,ㄆㄠ
倸,倸,倸,cǎi,cai,3,ㄘㄞ
菩,菩,菩,pú,pu,2,ㄆㄨ
蠯,蠯,蠯,bèng,beng,4,ㄅㄥ
䟲,䟲,䟲,䟲,䟲,,
悒,悒,悒,yì,yi,4,ㄧ
䙐,䙐,䙐,kè,ke,4,ㄎㄜ
愧,愧,愧,kùi,kui,4,ㄎㄨㄟ
疅,疅,疅,jiāng,jiang,1,ㄐㄧㄤ
䬠,䬠,䬠,䬠,䬠,,
楉,楉,楉,ruò,ruo,4,ㄖㄨㄛ
溻,溻,溻,tà,ta,4,ㄊㄚ
搕,搕,搕,kè,ke,4,ㄎㄜ
墪,墪,墪,dūn,dun,1,ㄉㄨㄣ
龽,龽,龽,龽,龽,,
靕,靕,靕,zhēn,zhen,1,ㄓㄣ
甆,甆,甆,cí,ci,2,ㄘ
汶,汶,汶,wèn,wen,4,ㄨㄣ
䨠,䨠,䨠,ǎi,ai,3,ㄞ
棴,棴,棴,fú,fu,2,ㄈㄨ
劌,劌,刿,gùi,gui,4,ㄍㄨㄟ
紓,紓,纾,shū,shu,1,ㄕㄨ
唵,唵,唵,ǎn,an,3,ㄢ
㘓,㘓,㘓,lán,lan,2,ㄌㄢ
䀡,䀡,䀡,chàn,chan,4,ㄔㄢ
橘,橘,橘,jú,ju,2,ㄐㄩ
娹,娹,娹,xián,xian,2,ㄒㄧㄢ
梩,梩,梩,lí,li,2,ㄌㄧ
硥,硥,硥,mǎng,mang,3,ㄇㄤ
嗉,嗉,嗉,sù,su,4,ㄙㄨ
总,總,总,zǒng,zong,3,ㄗㄨㄥ
艫,艫,舻,lú,lu,2,ㄌㄨ
忾,愾,忾,kài,kai,4,ㄎㄞ
䳱,䳱,䳱,wù,wu,4,ㄨ
攞,攞,攞,luǒ,luo,3,ㄌㄨㄛ
媿,媿,媿,kùi,kui,4,ㄎㄨㄟ
硸,硸,硸,nvè,nue,4,
鍇,鍇,锴,kǎi,kai,3,ㄎㄞ
歟,歟,欤,yú,yu,2,ㄩ
啀,啀,啀,ái,ai,2,ㄞ
鼌,鼂,鼌,cháo,chao,2,ㄔㄠ
消,消,消,xiāo,xiao,1,ㄒㄧㄠ
縍,縍,縍,bāng,bang,1,ㄅㄤ
洸,洸,洸,guāng,guang,1,ㄍㄨㄤ
溲,溲,溲,sōu,sou,1,ㄙㄡ
䚮,䚮,䚮,réng,reng,2,ㄖㄥ
挞,撻,挞,tà,ta,4,ㄊㄚ
煜,煜,煜,yù,yu,4,ㄩ
鞚,鞚,鞚,kòng,kong,4,ㄎㄨㄥ
兲,兲,兲,tiān,tian,1,ㄊㄧㄢ
猅,猅,猅,pái,pai,2,ㄆㄞ
㫎,㫎,㫎,gǔn,gun,3,ㄍㄨㄣ
猖,猖,猖,chāng,chang,1,ㄔㄤ
䎑,䎑,䎑,lù,lu,4,ㄌㄨ
㐤,㐤,㐤,qíu,qiu,2,ㄑㄧㄡ
礛,礛,礛,jiān,jian,1,ㄐㄧㄢ
㻥,㻥,㻥,㻥,㻥,,
檰,檰,檰,mián,mian,2,ㄇㄧㄢ
㑧,㑧,㑧,jì,ji,4,ㄐㄧ
怐,怐,怐,kòu,kou,4,ㄎㄡ
鮖,鮖,鮖,鮖,鮖,,
頌,頌,颂,sòng,song,4,ㄙㄨㄥ
櫃,櫃,柜,gùi,gui,4,ㄍㄨㄟ
皶,皶,皶,zhā,zha,1,ㄓㄚ
㟲,㟲,㟲,jué,jue,2,ㄐㄩㄝ
㶔,㶔,㶔,bèi,bei,4,ㄅㄟ
嬐,嬐,嬐,xiān,xian,1,ㄒㄧㄢ
惨,慘,惨,cǎn,can,3,ㄘㄢ
摌,摌,摌,chǎn,chan,3,ㄔㄢ
鐗,鐗,鐗,jiǎn,jian,3,ㄐㄧㄢ
政,政,政,zhèng,zheng,4,ㄓㄥ
甦,甦,甦,sū,su,1,ㄙㄨ
㞹,㞹,㞹,kě,ke,3,ㄎㄜ
頲,頲,颋,tǐng,ting,3,ㄊㄧㄥ
㦽,㦽,㦽,xù,xu,4,ㄒㄩ
䬌,䬌,䬌,䬌,䬌,,
䝲,䝲,䝲,jìn,jin,4,ㄐㄧㄣ
鄱,鄱,鄱,pó,po,2,ㄆㄛ
鋓,鋓,鋓,chān,chan,1,ㄔㄢ
褀,褀,褀,jì,ji,4,ㄐㄧ
懸,懸,悬,xuán,xuan,2,ㄒㄩㄢ
䈏,䈏,䈏,báo,bao,2,ㄅㄠ
絓,絓,絓,guà,gua,4,ㄍㄨㄚ
䇳,䇳,䇳,䇳,䇳,,
逻,邏,逻,luó,luo,2,ㄌㄨㄛ
㻄,㻄,㻄,bǎo,bao,3,ㄅㄠ
揧,揧,揧,là,la,4,ㄌㄚ
邺,鄴,邺,yè,ye,4,ㄧㄝ
伿,伿,伿,yì,yi,4,ㄧ
癡,癡,痴,chī,chi,1,ㄔ
㧯,㧯,㧯,lǎo,lao,3,ㄌㄠ
毣,毣,毣,mù,mu,4,ㄇㄨ
晷,晷,晷,gǔi,gui,3,ㄍㄨㄟ
夃,夃,夃,gū,gu,1,ㄍㄨ
䐫,䐫,䐫,䐫,䐫,,
䡽,䡽,䡽,䡽,䡽,,
笶,笶,笶,shǐ,shi,3,ㄕ
䌅,䌅,䌅,táng,tang,2,ㄊㄤ
齀,齀,齀,wù,wu,4,ㄨ
较,較,较,jiào,jiao,4,ㄐㄧㄠ
賜,賜,赐,cì,ci,4,ㄘ
吭,吭,吭,háng,hang,2,ㄏㄤ
浱,浱,浱,chún,chun,2,ㄔㄨㄣ
儵,儵,儵,shū,shu,1,ㄕㄨ
䧥,䧥,䧥,hùi,hui,4,ㄏㄨㄟ
憯,憯,憯,cǎn,can,3,ㄘㄢ
碿,碿,碿,sù,su,4,ㄙㄨ
芜,蕪,芜,wú,wu,2,ㄨ
㤉,㤉,㤉,qià,qia,4,ㄑㄧㄚ
曨,曨,昽,lóng,long,2,ㄌㄨㄥ
鰀,鰀,鰀,huàn,huan,4,ㄏㄨㄢ
軸,軸,轴,zhóu,zhou,2,ㄓㄡ
粫,粫,粫,粫,粫,,
抝,抝,抝,ǎo,ao,3,ㄠ
凂,凂,凂,měi,mei,3,ㄇㄟ
甌,甌,瓯,ōu,ou,1,ㄡ
鶙,鶙,鶙,tí,ti,2,ㄊㄧ
䫦,䫦,䫦,gé,ge,2,ㄍㄜ
鰴,鰴,鰴,hūi,hui,1,ㄏㄨㄟ
㴺,㴺,㴺,㴺,㴺,,
覍,覍,覍,biàn,bian,4,ㄅㄧㄢ
惴,惴,惴,zhùi,zhui,4,ㄓㄨㄟ
儶,儶,儶,hùi,hui,4,ㄏㄨㄟ
爜,爜,爜,cóng,cong,2,ㄘㄨㄥ
珈,珈,珈,jiā,jia,1,ㄐㄧㄚ
㮮,㮮,㮮,jié,jie,2,ㄐㄧㄝ
俒,俒,俒,hùn,hun,4,ㄏㄨㄣ
弑,弑,弑,shì,shi,4,ㄕ
儨,儨,儨,zhí,zhi,2,ㄓ
鍟,鍟,鍟,xīng,xing,1,ㄒㄧㄥ
仯,仯,仯,chào,chao,4,ㄔㄠ
呥,呥,呥,rǎn,ran,3,ㄖㄢ
旄,旄,旄,máo,mao,2,ㄇㄠ
塬,塬,塬,yuán,yuan,2,ㄩㄢ
興,興,兴,xīng,xing,1,ㄒㄧㄥ
阹,阹,阹,qū,qu,1,ㄑㄩ
禞,禞,禞,gào,gao,4,ㄍㄠ
鄐,鄐,鄐,chù,chu,4,ㄔㄨ
䇕,䇕,䇕,䇕,䇕,,
毃,毃,毃,què,que,4,ㄑㄩㄝ
䏃,䏃,䏃,mián,mian,2,ㄇㄧㄢ
璬,璬,璬,jiǎo,jiao,3,ㄐㄧㄠ
㡠,㡠,㡠,zhèng,zheng,4,ㄓㄥ
䁕,䁕,䁕,mín,min,2,ㄇㄧㄣ
爡,爡,爡,chè,che,4,ㄔㄜ
斨,斨,斨,qiāng,qiang,1,ㄑㄧㄤ
瞖,瞖,瞖,yì,yi,4,ㄧ
賬,賬,账,zhàng,zhang,4,ㄓㄤ
炔,炔,炔,gùi,gui,4,ㄍㄨㄟ
誆,誆,诓,kuāng,kuang,1,ㄎㄨㄤ
或,或,或,huò,huo,4,ㄏㄨㄛ
寧,寧,宁,níng,ning,2,ㄋㄧㄥ
駰,駰,骃,yīn,yin,1,ㄧㄣ
杻,杻,杻,chǒu,chou,3,ㄔㄡ
骊,驪,骊,lí,li,2,ㄌㄧ
䪆,䪆,䪆,tǐ,ti,3,ㄊㄧ
漬,漬,渍,zì,zi,4,ㄗ
芡,芡,芡,qiàn,qian,4,ㄑㄧㄢ
齺,齺,齺,zōu,zou,1,ㄗㄡ
鮥,鮥,鮥,luò,luo,4,ㄌㄨㄛ
袟,袟,袟,zhì,zhi,4,ㄓ
燶,燶,燶,燶,燶,,
䏀,䏀,䏀,là,la,4,ㄌㄚ
篣,篣,篣,páng,pang,2,ㄆㄤ
蠅,蠅,蝇,yíng,ying,2,ㄧㄥ
鸃,鸃,鸃,yí,yi,2,ㄧ
钵,鉢,钵,bō,bo,1,ㄅㄛ
䠦,䠦,䠦,zhè,zhe,4,ㄓㄜ
卺,巹,卺,jǐn,jin,3,ㄐㄧㄣ
疣,疣,疣,yóu,you,2,ㄧㄡ
籫,籫,籫,zuǎn,zuan,3,ㄗㄨㄢ
娸,娸,娸,qī,qi,1,ㄑㄧ
倧,倧,倧,zōng,zong,1,ㄗㄨㄥ
戍,戍,戍,shù,shu,4,ㄕㄨ
倷,倷,倷,nài,nai,4,ㄋㄞ
讲,講,讲,jiǎng,jiang,3,ㄐㄧㄤ
杼,杼,杼,zhù,zhu,4,ㄓㄨ
嶬,嶬,嶬,yí,yi,2,ㄧ
躬,躬,躬,gōng,gong,1,ㄍㄨㄥ
贻,貽,贻,yí,yi,2,ㄧ
讔,讔,讔,yǐn,yin,3,ㄧㄣ
佁,佁,佁,ǎi,ai,3,ㄞ
桩,樁,桩,zhuāng,zhuang,1,ㄓㄨㄤ
膼,膼,膼,zhuā,zhua,1,ㄓㄨㄚ
䏊,䏊,䏊,lóng,long,2,ㄌㄨㄥ
畵,畵,畵,huà,hua,4,ㄏㄨㄚ
胐,胐,胐,kū,ku,1,ㄎㄨ
緒,緒,绪,xù,xu,4,ㄒㄩ
羴,羴,羴,shān,shan,1,ㄕㄢ
靴,靴,靴,xuē,xue,1,ㄒㄩㄝ
㻃,㻃,㻃,㻃,㻃,,
摔,摔,摔,shuāi,shuai,1,ㄕㄨㄞ
耖,耖,耖,chào,chao,4,ㄔㄠ
䑋,䑋,䑋,náo,nao,2,ㄋㄠ
鰅,鰅,鰅,yú,yu,2,ㄩ
犷,獷,犷,guǎng,guang,3,ㄍㄨㄤ
舐,舐,舐,shì,shi,4,ㄕ
幓,幓,幓,shān,shan,1,ㄕㄢ
鎁,鎁,鎁,yé,ye,2,ㄧㄝ
鳳,鳳,凤,fèng,feng,4,ㄈㄥ
檚,檚,檚,chǔ,chu,3,ㄔㄨ
菨,菨,菨,jiē,jie,1,ㄐㄧㄝ
膾,膾,脍,kuài,kuai,4,ㄎㄨㄞ
帘,簾,帘,lián,lian,2,ㄌㄧㄢ
賥,賥,賥,sùi,sui,4,ㄙㄨㄟ
鸡,雞,鸡,jī,ji,1,ㄐㄧ
荡,蕩,荡,dàng,dang,4,ㄉㄤ
迩,邇,迩,ěr,er,3,ㄦ
繊,繊,繊,繊,繊,,
㘣,㘣,㘣,xuán,xuan,2,ㄒㄩㄢ
㣲,㣲,㣲,wéi,wei,2,ㄨㄟ
縤,縤,縤,sù,su,4,ㄙㄨ
㗿,㗿,㗿,xià,xia,4,ㄒㄧㄚ
擐,擐,擐,huàn,huan,4,ㄏㄨㄢ
穻,穻,穻,yū,yu,1,ㄩ
煦,煦,煦,xǔ,xu,3,ㄒㄩ
鴏,鴏,鴏,tè,te,4,ㄊㄜ
噘,噘,噘,juē,jue,1,ㄐㄩㄝ
翴,翴,翴,lián,lian,2,ㄌㄧㄢ
魔,魔,魔,mó,mo,2,ㄇㄛ
娽,娽,娽,lù,lu,4,ㄌㄨ
盤,盤,盘,pán,pan,2,ㄆㄢ
騳,騳,騳,dú,du,2,ㄉㄨ
睖,睖,睖,líng,ling,2,ㄌㄧㄥ
噐,噐,噐,qì,qi,4,ㄑㄧ
栄,栄,栄,róng,rong,2,ㄖㄨㄥ
知,知,知,zhī,zhi,1,ㄓ
蘷,蘷,蘷,kúi,kui,2,ㄎㄨㄟ
诇,詗,诇,xiòng,xiong,4,ㄒㄩㄥ
剑,劍,剑,jiàn,jian,4,ㄐㄧㄢ
媈,媈,媈,媈,媈,,
懠,懠,懠,qí,qi,2,ㄑㄧ
禜,禜,禜,yǒng,yong,3,ㄩㄥ
䇏,䇏,䇏,dùi,dui,4,ㄉㄨㄟ
宕,宕,宕,dàng,dang,4,ㄉㄤ
價,價,价,jià,jia,4,ㄐㄧㄚ
璛,璛,璛,sù,su,4,ㄙㄨ
㑤,㑤,㑤,miáo,miao,2,ㄇㄧㄠ
醣,醣,醣,táng,tang,2,ㄊㄤ
䯥,䯥,䯥,àn,an,4,ㄢ
䩚,䩚,䩚,dì,di,4,ㄉㄧ
鼇,鼇,鳌,áo,ao,2,ㄠ
㭗,㭗,㭗,㭗,㭗,,
佔,佔,佔,zhàn,zhan,4,ㄓㄢ
㠴,㠴,㠴,rèn,ren,4,ㄖㄣ
薃,薃,薃,hào,hao,4,ㄏㄠ
茛,茛,茛,gèn,gen,4,ㄍㄣ
漤,漤,漤,lǎn,lan,3,ㄌㄢ
褷,褷,褷,shī,shi,1,ㄕ
㫈,㫈,㫈,㫈,㫈,,
甄,甄,甄,zhēn,zhen,1,ㄓㄣ
碳,碳,碳,tàn,tan,4,ㄊㄢ
㞚,㞚,㞚,qì,qi,4,ㄑㄧ
齆,齆,齆,wèng,weng,4,ㄨㄥ
榲,榲,榲,yún,yun,2,ㄩㄣ
裚,裚,裚,jì,ji,4,ㄐㄧ
芶,芶,芶,gōu,gou,1,ㄍㄡ
嬆,嬆,嬆,xī,xi,1,ㄒㄧ
䕜,䕜,䕜,䕜,䕜,,
㱜,㱜,㱜,zhá,zha,2,ㄓㄚ
氁,氁,氁,mú,mu,2,ㄇㄨ
跲,跲,跲,jiá,jia,2,ㄐㄧㄚ
䜚,䜚,䜚,tà,ta,4,ㄊㄚ
帥,帥,帅,shuài,shuai,4,ㄕㄨㄞ
䩟,䩟,䩟,yí,yi,2,ㄧ
蛩,蛩,蛩,qióng,qiong,2,ㄑㄩㄥ
䔏,䔏,䔏,chòu,chou,4,ㄔㄡ
騅,騅,骓,zhūi,zhui,1,ㄓㄨㄟ
漷,漷,漷,kuò,kuo,4,ㄎㄨㄛ
為,為,为,wèi,wei,4,ㄨㄟ
蔩,蔩,蔩,yín,yin,2,ㄧㄣ
相,相,相,xiāng,xiang,1,ㄒㄧㄤ
膇,膇,膇,zhùi,zhui,4,ㄓㄨㄟ
㝈,㝈,㝈,luán,luan,2,ㄌㄨㄢ
萁,萁,萁,qí,qi,2,ㄑㄧ
煄,煄,煄,zhōng,zhong,1,ㄓㄨㄥ
䓑,䓑,䓑,bǐng,bing,3,ㄅㄧㄥ
暩,暩,暩,gùi,gui,4,ㄍㄨㄟ
㽥,㽥,㽥,róu,rou,2,ㄖㄡ
豺,豺,豺,chái,chai,2,ㄔㄞ
娏,娏,娏,máng,mang,2,ㄇㄤ
樭,樭,樭,樭,樭,,
穂,穂,穂,sùi,sui,4,ㄙㄨㄟ
㬉,㬉,㬉,nuǎn,nuan,3,ㄋㄨㄢ
覊,覊,覊,jī,ji,1,ㄐㄧ
桄,桄,桄,guàng,guang,4,ㄍㄨㄤ
娿,娿,娿,ē,e,1,ㄜ
剫,剫,剫,duó,duo,2,ㄉㄨㄛ
䄸,䄸,䄸,pò,po,4,ㄆㄛ
麔,麔,麔,jìu,jiu,4,ㄐㄧㄡ
䈫,䈫,䈫,nà,na,4,ㄋㄚ
趀,趀,趀,cī,ci,1,ㄘ
昻,昻,昻,áng,ang,2,ㄤ
黳,黳,黳,yī,yi,1,ㄧ
汋,汋,汋,zhuó,zhuo,2,ㄓㄨㄛ
匵,匵,匵,dú,du,2,ㄉㄨ
軮,軮,軮,ǎng,ang,3,ㄤ
艨,艨,艨,méng,meng,2,ㄇㄥ
聕,聕,聕,hào,hao,4,ㄏㄠ
㶜,㶜,㶜,㶜,㶜,,
駬,駬,駬,ěr,er,3,ㄦ
伬,伬,伬,伬,伬,,
谆,諄,谆,zhūn,zhun,1,ㄓㄨㄣ
䌀,䌀,䌀,䌀,䌀,,
娌,娌,娌,lǐ,li,3,ㄌㄧ
彮,彮,彮,yǒng,yong,3,ㄩㄥ
蚘,蚘,蚘,húi,hui,2,ㄏㄨㄟ
䠍,䠍,䠍,qiá,qia,2,ㄑㄧㄚ
笍,笍,笍,zhùi,zhui,4,ㄓㄨㄟ
進,進,进,jìn,jin,4,ㄐㄧㄣ
仙,仙,仙,xiān,xian,1,ㄒㄧㄢ
窠,窠,窠,kē,ke,1,ㄎㄜ
禬,禬,禬,kuài,kuai,4,ㄎㄨㄞ
鿫,鿫,鿫,鿫,鿫,,
枝,枝,枝,zhī,zhi,1,ㄓ
诸,諸,诸,zhū,zhu,1,ㄓㄨ
頸,頸,颈,jǐng,jing,3,ㄐㄧㄥ
㒫,㒫,㒫,jì,ji,4,ㄐㄧ
黝,黝,黝,yǒu,you,3,ㄧㄡ
巠,巠,巠,jīng,jing,1,ㄐㄧㄥ
髑,髑,髑,dú,du,2,ㄉㄨ
頍,頍,頍,kǔi,kui,3,ㄎㄨㄟ
铄,鑠,铄,shuò,shuo,4,ㄕㄨㄛ
椂,椂,椂,lù,lu,4,ㄌㄨ
髾,髾,髾,shāo,shao,1,ㄕㄠ
嚓,嚓,嚓,cā,ca,1,ㄘㄚ
㠯,㠯,㠯,yǐ,yi,3,ㄧ
耯,耯,耯,huò,huo,4,ㄏㄨㄛ
嫕,嫕,嫕,yì,yi,4,ㄧ
鲵,鯢,鲵,ní,ni,2,ㄋㄧ
黠,黠,黠,xiá,xia,2,ㄒㄧㄚ
䒌,䒌,䒌,mìng,ming,4,ㄇㄧㄥ
鬄,鬄,鬄,tì,ti,4,ㄊㄧ
䛋,䛋,䛋,gé,ge,2,ㄍㄜ
龊,齪,龊,chuò,chuo,4,ㄔㄨㄛ
瞽,瞽,瞽,gǔ,gu,3,ㄍㄨ
聜,聜,聜,dǐ,di,3,ㄉㄧ
稻,稻,稻,dào,dao,4,ㄉㄠ
踵,踵,踵,zhǒng,zhong,3,ㄓㄨㄥ
㖞,喎,㖞,wāi,wai,1,ㄨㄞ
毜,毜,毜,毜,毜,,
澡,澡,澡,zǎo,zao,3,ㄗㄠ
雴,雴,雴,lì,li,4,ㄌㄧ
瑘,瑘,瑘,yé,ye,2,ㄧㄝ
戹,戹,戹,è,e,4,ㄜ
癨,癨,癨,huò,huo,4,ㄏㄨㄛ
浂,浂,浂,yì,yi,4,ㄧ
訳,訳,訳,yì,yi,4,ㄧ
瘷,瘷,瘷,suǒ,suo,3,ㄙㄨㄛ
缛,縟,缛,rù,ru,4,ㄖㄨ
祴,祴,祴,gāi,gai,1,ㄍㄞ
蠝,蠝,蠝,léi,lei,2,ㄌㄟ
漚,漚,沤,òu,ou,4,ㄡ
绫,綾,绫,líng,ling,2,ㄌㄧㄥ
鑧,鑧,鑧,鑧,鑧,,
呏,呏,呏,shēng,sheng,1,ㄕㄥ
皩,皩,皩,huàng,huang,4,ㄏㄨㄤ
溅,濺,溅,jiàn,jian,4,ㄐㄧㄢ
罿,罿,罿,tóng,tong,2,ㄊㄨㄥ
湦,湦,湦,shēng,sheng,1,ㄕㄥ
購,購,购,gòu,gou,4,ㄍㄡ
百,百,百,bǎi,bai,3,ㄅㄞ
菌,菌,菌,jūn,jun,1,ㄐㄩㄣ
僑,僑,侨,qiáo,qiao,2,ㄑㄧㄠ
蘲,蘲,蘲,léi,lei,2,ㄌㄟ
癧,癧,疬,lì,li,4,ㄌㄧ
被,被,被,bèi,bei,4,ㄅㄟ
粊,粊,粊,bì,bi,4,ㄅㄧ
篥,篥,篥,lì,li,4,ㄌㄧ
蒴,蒴,蒴,shuò,shuo,4,ㄕㄨㄛ
殷,殷,殷,yīn,yin,1,ㄧㄣ
魭,魭,魭,yuán,yuan,2,ㄩㄢ
菴,菴,菴,ān,an,1,ㄢ
㘡,㘡,㘡,xiá,xia,2,ㄒㄧㄚ
屃,屭,屃,xì,xi,4,ㄒㄧ
䚢,䚢,䚢,chè,che,4,ㄔㄜ
賋,賋,賋,jiǎo,jiao,3,ㄐㄧㄠ
俿,俿,俿,jiàn,jian,4,ㄐㄧㄢ
幉,幉,幉,幉,幉,,
㷲,㷲,㷲,㷲,㷲,,
硻,硻,硻,kēng,keng,1,ㄎㄥ
簒,簒,簒,cuàn,cuan,4,ㄘㄨㄢ
澋,澋,澋,hèng,heng,4,ㄏㄥ
憘,憘,憘,xǐ,xi,3,ㄒㄧ
胜,勝,胜,shèng,sheng,4,ㄕㄥ
蘸,蘸,蘸,zhàn,zhan,4,ㄓㄢ
㼊,㼊,㼊,tún,tun,2,ㄊㄨㄣ
敠,敠,敠,duó,duo,2,ㄉㄨㄛ
䖡,䖡,䖡,nv̀,nu,4,ㄋㄨ
戳,戳,戳,chuō,chuo,1,ㄔㄨㄛ
鸖,鸖,鸖,hè,he,4,ㄏㄜ
龱,龱,龱,龱,龱,,
荔,荔,荔,lì,li,4,ㄌㄧ
椎,椎,椎,zhūi,zhui,1,ㄓㄨㄟ
镜,鏡,镜,jìng,jing,4,ㄐㄧㄥ
涗,涗,涗,shùi,shui,4,ㄕㄨㄟ
嗸,嗸,嗸,áo,ao,2,ㄠ
醶,醶,醶,jiào,jiao,4,ㄐㄧㄠ
㴓,㴓,㴓,zǎi,zai,3,ㄗㄞ
醒,醒,醒,xǐng,xing,3,ㄒㄧㄥ
駪,駪,駪,shēn,shen,1,ㄕㄣ
勿,勿,勿,wù,wu,4,ㄨ
覜,覜,覜,tiào,tiao,4,ㄊㄧㄠ
坡,坡,坡,pō,po,1,ㄆㄛ
緀,緀,緀,qī,qi,1,ㄑㄧ
佤,佤,佤,wǎ,wa,3,ㄨㄚ
水,水,水,shǔi,shui,3,ㄕㄨㄟ
穚,穚,穚,jiāo,jiao,1,ㄐㄧㄠ
蘛,蘛,蘛,yú,yu,2,ㄩ
墀,墀,墀,chí,chi,2,ㄔ
阣,阣,阣,yì,yi,4,ㄧ
紽,紽,紽,tuó,tuo,2,ㄊㄨㄛ
鱼,魚,鱼,yú,yu,2,ㄩ
瘆,瘮,瘆,shèn,shen,4,ㄕㄣ
觴,觴,觞,shāng,shang,1,ㄕㄤ
㤾,㤾,㤾,sàn,san,4,ㄙㄢ
㬋,㬋,㬋,hóu,hou,2,ㄏㄡ
鬍,鬍,胡,hú,hu,2,ㄏㄨ
萉,萉,萉,féi,fei,2,ㄈㄟ
畎,畎,畎,quǎn,quan,3,ㄑㄩㄢ
䜬,䜬,䜬,sǒng,song,3,ㄙㄨㄥ
譢,譢,譢,sùi,sui,4,ㄙㄨㄟ
蕳,蕳,蕳,jiān,jian,1,ㄐㄧㄢ
后,後,后,hòu,hou,4,ㄏㄡ
衾,衾,衾,qīn,qin,1,ㄑㄧㄣ
冄,冄,冄,rǎn,ran,3,ㄖㄢ
濠,濠,濠,háo,hao,2,ㄏㄠ
䉛,䉛,䉛,yù,yu,4,ㄩ
鶰,鶰,鶰,yuán,yuan,2,ㄩㄢ
䠔,䠔,䠔,sùi,sui,4,ㄙㄨㄟ
㦴,㦴,㦴,gé,ge,2,ㄍㄜ
袼,袼,袼,luò,luo,4,ㄌㄨㄛ
朇,朇,朇,pí,pi,2,ㄆㄧ
崦,崦,崦,yān,yan,1,ㄧㄢ
䙈,䙈,䙈,hóu,hou,2,ㄏㄡ
葑,葑,葑,fēng,feng,1,ㄈㄥ
朓,朓,朓,tiào,tiao,4,ㄊㄧㄠ
䖮,䖮,䖮,xiǎng,xiang,3,ㄒㄧㄤ
蹿,躥,蹿,cuān,cuan,1,ㄘㄨㄢ
秋,鞦,秋,qīu,qiu,1,ㄑㄧㄡ
擡,擡,擡,tái,tai,2,ㄊㄞ
蹄,蹄,蹄,tí,ti,2,ㄊㄧ
濿,濿,濿,lì,li,4,ㄌㄧ
孠,孠,孠,sì,si,4,ㄙ
逯,逯,逯,lù,lu,4,ㄌㄨ
弅,弅,弅,fén,fen,2,ㄈㄣ
䤵,䤵,䤵,fèi,fei,4,ㄈㄟ
蠬,蠬,蠬,lóng,long,2,ㄌㄨㄥ
䉇,䉇,䉇,䉇,䉇,,
乎,乎,乎,hū,hu,1,ㄏㄨ
䂭,䂭,䂭,䂭,䂭,,
㙢,㙢,㙢,mán,man,2,ㄇㄢ
絒,絒,絒,chóu,chou,2,ㄔㄡ
㞁,㞁,㞁,yào,yao,4,ㄧㄠ
循,循,循,xún,xun,2,ㄒㄩㄣ
凝,凝,凝,níng,ning,2,ㄋㄧㄥ
䳉,䳉,䳉,dàn,dan,4,ㄉㄢ
妇,婦,妇,fù,fu,4,ㄈㄨ
誁,誁,誁,běng,beng,3,ㄅㄥ
偃,偃,偃,yǎn,yan,3,ㄧㄢ
柀,柀,柀,bǐ,bi,3,ㄅㄧ
㬿,㬿,㬿,dùn,dun,4,ㄉㄨㄣ
奉,奉,奉,fèng,feng,4,ㄈㄥ
䅅,䅅,䅅,䅅,䅅,,
凔,凔,凔,cāng,cang,1,ㄘㄤ
沆,沆,沆,háng,hang,2,ㄏㄤ
䶬,䶬,䶬,䶬,䶬,,
娱,娛,娱,yú,yu,2,ㄩ
怃,憮,怃,wǔ,wu,3,ㄨ
蝿,蝿,蝿,yíng,ying,2,ㄧㄥ
㦗,㦗,㦗,jiàn,jian,4,ㄐㄧㄢ
灡,灡,灡,lán,lan,2,ㄌㄢ
脇,脇,脇,xié,xie,2,ㄒㄧㄝ
蛜,蛜,蛜,yī,yi,1,ㄧ
凋,凋,凋,diāo,diao,1,ㄉㄧㄠ
腃,腃,腃,kùi,kui,4,ㄎㄨㄟ
㝞,㝞,㝞,yà,ya,4,ㄧㄚ
緿,緿,緿,dài,dai,4,ㄉㄞ
㱙,㱙,㱙,xǐu,xiu,3,ㄒㄧㄡ
坻,坻,坻,chí,chi,2,ㄔ
吱,吱,吱,zhī,zhi,1,ㄓ
蘺,蘺,蓠,lí,li,2,ㄌㄧ
䫓,䫓,䫓,wú,wu,2,ㄨ
剖,剖,剖,pōu,pou,1,ㄆㄡ
镉,鎘,镉,gé,ge,2,ㄍㄜ
蓎,蓎,蓎,táng,tang,2,ㄊㄤ
䵑,䵑,䵑,nì,ni,4,ㄋㄧ
饎,饎,饎,chì,chi,4,ㄔ
翩,翩,翩,piān,pian,1,ㄆㄧㄢ
阉,閹,阉,yān,yan,1,ㄧㄢ
偡,偡,偡,zhàn,zhan,4,ㄓㄢ
钟,鍾,钟,zhōng,zhong,1,ㄓㄨㄥ
匰,匰,匰,dān,dan,1,ㄉㄢ
頵,頵,頵,jūn,jun,1,ㄐㄩㄣ
蕠,蕠,蕠,rú,ru,2,ㄖㄨ
䭶,䭶,䭶,qí,qi,2,ㄑㄧ
偵,偵,侦,zhēn,zhen,1,ㄓㄣ
塆,壪,塆,塆,塆,,
秥,秥,秥,nián,nian,2,ㄋㄧㄢ
㕴,㕴,㕴,chén,chen,2,ㄔㄣ
㲿,㲿,㲿,wǎng,wang,3,ㄨㄤ
礻,礻,礻,shì,shi,4,ㄕ
䶠,䶠,䶠,jiǎn,jian,3,ㄐㄧㄢ
贵,貴,贵,gùi,gui,4,ㄍㄨㄟ
闑,闑,闑,niè,nie,4,ㄋㄧㄝ
硔,硔,硔,hóng,hong,2,ㄏㄨㄥ
孿,孿,孪,luán,luan,2,ㄌㄨㄢ
习,習,习,xí,xi,2,ㄒㄧ
缵,纘,缵,zuǎn,zuan,3,ㄗㄨㄢ
述,述,述,shù,shu,4,ㄕㄨ
頶,頶,頶,hú,hu,2,ㄏㄨ
偉,偉,伟,wěi,wei,3,ㄨㄟ
招,招,招,zhāo,zhao,1,ㄓㄠ
垔,垔,垔,yīn,yin,1,ㄧㄣ
甝,甝,甝,hān,han,1,ㄏㄢ
籠,籠,笼,lóng,long,2,ㄌㄨㄥ
虵,虵,虵,shé,she,2,ㄕㄜ
嚞,嚞,嚞,zhé,zhe,2,ㄓㄜ
岨,岨,岨,jū,ju,1,ㄐㄩ
㾈,㾈,㾈,fù,fu,4,ㄈㄨ
䨮,䨮,䨮,xuě,xue,3,ㄒㄩㄝ
骬,骬,骬,yú,yu,2,ㄩ
鲘,鮜,鲘,hòu,hou,4,ㄏㄡ
㼨,㼨,㼨,hán,han,2,ㄏㄢ
徲,徲,徲,chí,chi,2,ㄔ
騉,騉,騉,kūn,kun,1,ㄎㄨㄣ
冂,冂,冂,jiōng,jiong,1,ㄐㄩㄥ
癅,癅,癅,líu,liu,2,ㄌㄧㄡ
檡,檡,檡,zhè,zhe,4,ㄓㄜ
夠,夠,够,gòu,gou,4,ㄍㄡ
泊,泊,泊,bó,bo,2,ㄅㄛ
茺,茺,茺,chōng,chong,1,ㄔㄨㄥ
䅂,䅂,䅂,hé,he,2,ㄏㄜ
䒈,䒈,䒈,bǔ,bu,3,ㄅㄨ
眘,眘,眘,shèn,shen,4,ㄕㄣ
䲃,䲃,䲃,zǎo,zao,3,ㄗㄠ
㴟,㴟,㴟,㴟,㴟,,
㘋,㘋,㘋,xián,xian,2,ㄒㄧㄢ
諅,諅,諅,jī,ji,1,ㄐㄧ
稬,稬,稬,nuò,nuo,4,ㄋㄨㄛ
糀,糀,糀,糀,糀,,
䝳,䝳,䝳,cán,can,2,ㄘㄢ
俅,俅,俅,qíu,qiu,2,ㄑㄧㄡ
㦱,㦱,㦱,wǒ,wo,3,ㄨㄛ
颍,潁,颍,yǐng,ying,3,ㄧㄥ
彎,彎,弯,wān,wan,1,ㄨㄢ
汜,汜,汜,sì,si,4,ㄙ
貵,貵,貵,piǎn,pian,3,ㄆㄧㄢ
郸,鄲,郸,dān,dan,1,ㄉㄢ
蕇,蕇,蕇,diǎn,dian,3,ㄉㄧㄢ
鄹,鄹,鄹,zōu,zou,1,ㄗㄡ
所,所,所,suǒ,suo,3,ㄙㄨㄛ
瞅,瞅,瞅,chǒu,chou,3,ㄔㄡ
㨔,㨔,㨔,hàn,han,4,ㄏㄢ
㹻,㹻,㹻,㹻,㹻,,
㰁,㰁,㰁,luǒ,luo,3,ㄌㄨㄛ
霞,霞,霞,xiá,xia,2,ㄒㄧㄚ
䀤,䀤,䀤,mào,mao,4,ㄇㄠ
熽,熽,熽,xiào,xiao,4,ㄒㄧㄠ
撻,撻,挞,tà,ta,4,ㄊㄚ
鵼,鵼,鵼,kōng,kong,1,ㄎㄨㄥ
斥,斥,斥,chì,chi,4,ㄔ
袚,袚,袚,bō,bo,1,ㄅㄛ
裕,裕,裕,yù,yu,4,ㄩ
哂,哂,哂,shěn,shen,3,ㄕㄣ
㥨,㥨,㥨,chúi,chui,2,ㄔㄨㄟ
漽,漽,漽,tí,ti,2,ㄊㄧ
甉,甉,甉,xián,xian,2,ㄒㄧㄢ
螝,螝,螝,hùi,hui,4,ㄏㄨㄟ
茥,茥,茥,gūi,gui,1,ㄍㄨㄟ
謉,謉,謉,謉,謉,,
鶒,鶒,鶒,chì,chi,4,ㄔ
䪽,䪽,䪽,hào,hao,4,ㄏㄠ
鮴,鮴,鮴,鮴,鮴,,
粭,粭,粭,粭,粭,,
䄦,䄦,䄦,liǎo,liao,3,ㄌㄧㄠ
䓼,䓼,䓼,hè,he,4,ㄏㄜ
䐏,䐏,䐏,chǔn,chun,3,ㄔㄨㄣ
媨,媨,媨,jìu,jiu,4,ㄐㄧㄡ
龠,龠,龠,yuè,yue,4,ㄩㄝ
韖,韖,韖,róu,rou,2,ㄖㄡ
螋,螋,螋,sōu,sou,1,ㄙㄡ
擹,擹,擹,tān,tan,1,ㄊㄢ
塠,塠,塠,dūi,dui,1,ㄉㄨㄟ
棗,棗,枣,zǎo,zao,3,ㄗㄠ
䦊,䦊,䦊,niǎo,niao,3,ㄋㄧㄠ
㻶,㻶,㻶,bǐ,bi,3,ㄅㄧ
蹹,蹹,蹹,tà,ta,4,ㄊㄚ
蓉,蓉,蓉,róng,rong,2,ㄖㄨㄥ
晋,晉,晋,jìn,jin,4,ㄐㄧㄣ
䍒,䍒,䍒,mǒu,mou,3,ㄇㄡ
䚘,䚘,䚘,chén,chen,2,ㄔㄣ
任,任,任,rèn,ren,4,ㄖㄣ
㕷,㕷,㕷,huà,hua,4,ㄏㄨㄚ
乵,乵,乵,yǎn,yan,3,ㄧㄢ
竫,竫,竫,jìng,jing,4,ㄐㄧㄥ
偲,偲,偲,sī,si,1,ㄙ
隖,隖,隖,wù,wu,4,ㄨ
㨌,㨌,㨌,gòu,gou,4,ㄍㄡ
㡧,㡧,㡧,zhèng,zheng,4,ㄓㄥ
潽,潽,潽,pǔ,pu,3,ㄆㄨ
絸,絸,絸,jiǎn,jian,3,ㄐㄧㄢ
怢,怢,怢,tú,tu,2,ㄊㄨ
櫫,櫫,橥,zhū,zhu,1,ㄓㄨ
怪,怪,怪,guài,guai,4,ㄍㄨㄞ
牃,牃,牃,dié,die,2,ㄉㄧㄝ
螾,螾,螾,yǐn,yin,3,ㄧㄣ
惂,惂,惂,kǎn,kan,3,ㄎㄢ
梱,梱,梱,kǔn,kun,3,ㄎㄨㄣ
洍,洍,洍,sì,si,4,ㄙ
牂,牂,牂,zāng,zang,1,ㄗㄤ
區,區,区,qū,qu,1,ㄑㄩ
贇,贇,赟,yūn,yun,1,ㄩㄣ
邞,邞,邞,fū,fu,1,ㄈㄨ
錅,錅,錅,lí,li,2,ㄌㄧ
磖,磖,磖,lā,la,1,ㄌㄚ
㳩,㳩,㳩,㳩,㳩,,
垰,垰,垰,垰,垰,,
爅,爅,爅,mò,mo,4,ㄇㄛ
㵎,㵎,㵎,hǎn,han,3,ㄏㄢ
蒪,蒪,蒪,pò,po,4,ㄆㄛ
緻,緻,致,zhì,zhi,4,ㄓ
䒳,䒳,䒳,duǒ,duo,3,ㄉㄨㄛ
舨,舨,舨,bǎn,ban,3,ㄅㄢ
襺,襺,襺,jiǎn,jian,3,ㄐㄧㄢ
粣,粣,粣,cè,ce,4,ㄘㄜ
芹,芹,芹,qín,qin,2,ㄑㄧㄣ
譕,譕,譕,mú,mu,2,ㄇㄨ
㡿,㡿,㡿,chì,chi,4,ㄔ
圶,圶,圶,qià,qia,4,ㄑㄧㄚ
前,前,前,qián,qian,2,ㄑㄧㄢ
逡,逡,逡,qūn,qun,1,ㄑㄩㄣ
寣,寣,寣,hū,hu,1,ㄏㄨ
鱕,鱕,鱕,fān,fan,1,ㄈㄢ
戟,戟,戟,jǐ,ji,3,ㄐㄧ
喆,喆,喆,zhé,zhe,2,ㄓㄜ
尀,尀,尀,pǒ,po,3,ㄆㄛ
聙,聙,聙,jīng,jing,1,ㄐㄧㄥ
櫢,櫢,櫢,sǒu,sou,3,ㄙㄡ
鐄,鐄,鐄,héng,heng,2,ㄏㄥ
宛,宛,宛,wǎn,wan,3,ㄨㄢ
氣,氣,气,qì,qi,4,ㄑㄧ
穁,穁,穁,róng,rong,2,ㄖㄨㄥ
卪,卪,卪,jié,jie,2,ㄐㄧㄝ
䓤,䓤,䓤,䓤,䓤,,
鬑,鬑,鬑,lián,lian,2,ㄌㄧㄢ
㖵,㖵,㖵,㖵,㖵,,
搮,搮,搮,lì,li,4,ㄌㄧ
効,効,効,xiào,xiao,4,ㄒㄧㄠ
塰,塰,塰,塰,塰,,
徵,徵,征,zhēng,zheng,1,ㄓㄥ
錽,錽,錽,wǎn,wan,3,ㄨㄢ
鋫,鋫,鋫,lí,li,2,ㄌㄧ
蕓,蕓,芸,yún,yun,2,ㄩㄣ
垪,垪,垪,垪,垪,,
冈,岡,冈,gāng,gang,1,ㄍㄤ
聯,聯,联,lián,lian,2,ㄌㄧㄢ
譲,譲,譲,ràng,rang,4,ㄖㄤ
㝤,㝤,㝤,gòu,gou,4,ㄍㄡ
皤,皤,皤,pó,po,2,ㄆㄛ
㳱,㳱,㳱,㳱,㳱,,
䧡,䧡,䧡,䧡,䧡,,
䔫,䔫,䔫,䔫,䔫,,
备,備,备,bèi,bei,4,ㄅㄟ
䗋,䗋,䗋,móu,mou,2,ㄇㄡ
常,常,常,cháng,chang,2,ㄔㄤ
益,益,益,yì,yi,4,ㄧ
䄍,䄍,䄍,dù,du,4,ㄉㄨ
揪,揪,揪,jīu,jiu,1,ㄐㄧㄡ
腐,腐,腐,fǔ,fu,3,ㄈㄨ
㮨,㮨,㮨,jí,ji,2,ㄐㄧ
耧,耬,耧,lóu,lou,2,ㄌㄡ
辞,辭,辞,cí,ci,2,ㄘ
驒,驒,驒,tuó,tuo,2,ㄊㄨㄛ
闵,閔,闵,mǐn,min,3,ㄇㄧㄣ
嗠,嗠,嗠,luò,luo,4,ㄌㄨㄛ
鄻,鄻,鄻,liǎn,lian,3,ㄌㄧㄢ
扲,扲,扲,qián,qian,2,ㄑㄧㄢ
絕,絕,绝,jué,jue,2,ㄐㄩㄝ
䑅,䑅,䑅,méng,meng,2,ㄇㄥ
媔,媔,媔,mián,mian,2,ㄇㄧㄢ
喪,喪,丧,sāng,sang,1,ㄙㄤ
樧,樧,樧,shā,sha,1,ㄕㄚ
鏲,鏲,鏲,鏲,鏲,,
粟,粟,粟,sù,su,4,ㄙㄨ
搙,搙,搙,nù,nu,4,ㄋㄨ
䊋,䊋,䊋,䊋,䊋,,
愼,愼,愼,shèn,shen,4,ㄕㄣ
颱,颱,台,tái,tai,2,ㄊㄞ
胖,胖,胖,pàng,pang,4,ㄆㄤ
䰦,䰦,䰦,pǐ,pi,3,ㄆㄧ
茷,茷,茷,fá,fa,2,ㄈㄚ
嵰,嵰,嵰,qiǎn,qian,3,ㄑㄧㄢ
槹,槹,槹,gāo,gao,1,ㄍㄠ
䔌,䔌,䔌,䔌,䔌,,
榸,榸,榸,zhāi,zhai,1,ㄓㄞ
毕,畢,毕,bì,bi,4,ㄅㄧ
裗,裗,裗,líu,liu,2,ㄌㄧㄡ
䤒,䤒,䤒,jǐ,ji,3,ㄐㄧ
珬,珬,珬,xù,xu,4,ㄒㄩ
醻,醻,醻,chóu,chou,2,ㄔㄡ
鏃,鏃,镞,zú,zu,2,ㄗㄨ
噜,嚕,噜,lū,lu,1,ㄌㄨ
幼,幼,幼,yòu,you,4,ㄧㄡ
霅,霅,霅,zhá,zha,2,ㄓㄚ
奼,奼,奼,chà,cha,4,ㄔㄚ
竱,竱,竱,zhuǎn,zhuan,3,ㄓㄨㄢ
郜,郜,郜,gào,gao,4,ㄍㄠ
㲈,㲈,㲈,sháo,shao,2,ㄕㄠ
鍀,鍀,锝,dé,de,2,ㄉㄜ
禯,禯,禯,nóng,nong,2,ㄋㄨㄥ
䈯,䈯,䈯,䈯,䈯,,
橋,橋,桥,qiáo,qiao,2,ㄑㄧㄠ
湁,湁,湁,shí,shi,2,ㄕ
驝,驝,驝,tuō,tuo,1,ㄊㄨㄛ
苣,苣,苣,jù,ju,4,ㄐㄩ
瀱,瀱,瀱,jì,ji,4,ㄐㄧ
熋,熋,熋,nái,nai,2,ㄋㄞ
袁,袁,袁,yuán,yuan,2,ㄩㄢ
踮,踮,踮,diǎn,dian,3,ㄉㄧㄢ
鰧,鰧,䲢,téng,teng,2,ㄊㄥ
崏,崏,崏,mín,min,2,ㄇㄧㄣ
㐚,㐚,㐚,㐚,㐚,,
季,季,季,jì,ji,4,ㄐㄧ
㔙,㔙,㔙,bǎng,bang,3,ㄅㄤ
絁,絁,絁,shī,shi,1,ㄕ
齏,齏,齑,jī,ji,1,ㄐㄧ
䗦,䗦,䗦,䗦,䗦,,
憄,憄,憄,zhì,zhi,4,ㄓ
歺,歺,歺,dǎi,dai,3,ㄉㄞ
嘇,嘇,嘇,sān,san,1,ㄙㄢ
艋,艋,艋,měng,meng,3,ㄇㄥ
渓,渓,渓,渓,渓,,
躖,躖,躖,duàn,duan,4,ㄉㄨㄢ
㬖,㬖,㬖,㬖,㬖,,
衟,衟,衟,dào,dao,4,ㄉㄠ
膈,膈,膈,gé,ge,2,ㄍㄜ
䲣,䱷,䲣,yú,yu,2,ㄩ
炡,炡,炡,zhēng,zheng,1,ㄓㄥ
曡,曡,曡,dié,die,2,ㄉㄧㄝ
㜗,㜗,㜗,cǎn,can,3,ㄘㄢ
誌,誌,志,zhì,zhi,4,ㄓ
軑,軑,轪,dì,di,4,ㄉㄧ
櫊,櫊,櫊,櫊,櫊,,
餢,餢,餢,bù,bu,4,ㄅㄨ
鿕,鿕,鿕,鿕,鿕,,
期,期,期,qī,qi,1,ㄑㄧ
鵓,鵓,鹁,bó,bo,2,ㄅㄛ
睷,睷,睷,jiān,jian,1,ㄐㄧㄢ
潙,潙,潙,gúi,gui,2,ㄍㄨㄟ
依,依,依,yī,yi,1,ㄧ
鷓,鷓,鹧,zhè,zhe,4,ㄓㄜ
乩,乩,乩,jī,ji,1,ㄐㄧ
校,校,校,xiào,xiao,4,ㄒㄧㄠ
銳,銳,锐,rùi,rui,4,ㄖㄨㄟ
渔,漁,渔,yú,yu,2,ㄩ
㒼,㒼,㒼,mán,man,2,ㄇㄢ
䐹,䐹,䐹,sào,sao,4,ㄙㄠ
魉,魎,魉,liǎng,liang,3,ㄌㄧㄤ
鑪,鑪,鑪,lú,lu,2,ㄌㄨ
瘨,瘨,瘨,diān,dian,1,ㄉㄧㄢ
颯,颯,飒,sà,sa,4,ㄙㄚ
旊,旊,旊,fǎng,fang,3,ㄈㄤ
溍,溍,溍,jìn,jin,4,ㄐㄧㄣ
㤎,㤎,㤎,㤎,㤎,,
堅,堅,坚,jiān,jian,1,ㄐㄧㄢ
嵀,嵀,嵀,zhù,zhu,4,ㄓㄨ
枔,枔,枔,xún,xun,2,ㄒㄩㄣ
㓗,㓗,㓗,jié,jie,2,ㄐㄧㄝ
䚏,䚏,䚏,lèng,leng,4,ㄌㄥ
跮,跮,跮,chì,chi,4,ㄔ
㒹,㒹,㒹,㒹,㒹,,
驐,驐,驐,dūn,dun,1,ㄉㄨㄣ
炧,炧,炧,duò,duo,4,ㄉㄨㄛ
篛,篛,篛,ruò,ruo,4,ㄖㄨㄛ
镛,鏞,镛,yōng,yong,1,ㄩㄥ
鈒,鈒,钑,jí,ji,2,ㄐㄧ
瑍,瑍,瑍,huàn,huan,4,ㄏㄨㄢ
鑃,鑃,鑃,diào,diao,4,ㄉㄧㄠ
叨,叨,叨,tāo,tao,1,ㄊㄠ
槚,檟,槚,jiǎ,jia,3,ㄐㄧㄚ
㲌,㲌,㲌,nèng,neng,4,ㄋㄥ
捜,捜,捜,sōu,sou,1,ㄙㄡ
創,創,创,chuàng,chuang,4,ㄔㄨㄤ
嬠,嬠,嬠,cán,can,2,ㄘㄢ
䜼,䜼,䜼,gú,gu,2,ㄍㄨ
滻,滻,浐,chǎn,chan,3,ㄔㄢ
鐪,鐪,鐪,lǔ,lu,3,ㄌㄨ
槺,槺,槺,kāng,kang,1,ㄎㄤ
怌,怌,怌,pēi,pei,1,ㄆㄟ
纙,纙,纙,luò,luo,4,ㄌㄨㄛ
墽,墽,墽,qiāo,qiao,1,ㄑㄧㄠ
劦,劦,劦,xié,xie,2,ㄒㄧㄝ
綒,綒,綒,fū,fu,1,ㄈㄨ
匧,匧,匧,qiè,qie,4,ㄑㄧㄝ
㩘,㩘,㩘,yǐ,yi,3,ㄧ
羺,羺,羺,nóu,nou,2,ㄋㄡ
犛,犛,牦,lí,li,2,ㄌㄧ
箜,箜,箜,kōng,kong,1,ㄎㄨㄥ
䈘,䈘,䈘,cí,ci,2,ㄘ
砂,砂,砂,shā,sha,1,ㄕㄚ
鼖,鼖,鼖,fén,fen,2,ㄈㄣ
㔜,㔜,㔜,bá,ba,2,ㄅㄚ
楷,楷,楷,kǎi,kai,3,ㄎㄞ
沫,沫,沫,mò,mo,4,ㄇㄛ
䈹,䈹,䈹,sǒu,sou,3,ㄙㄡ
牊,牊,牊,sháo,shao,2,ㄕㄠ
䉿,䉿,䉿,hú,hu,2,ㄏㄨ
䥻,䥻,䥻,䥻,䥻,,
夦,夦,夦,chèn,chen,4,ㄔㄣ
鲋,鮒,鲋,fù,fu,4,ㄈㄨ
裬,裬,裬,líng,ling,2,ㄌㄧㄥ
䧕,䧕,䧕,chéng,cheng,2,ㄔㄥ
施,施,施,shī,shi,1,ㄕ
齄,齇,齄,zhā,zha,1,ㄓㄚ
潛,潛,潜,qián,qian,2,ㄑㄧㄢ
葐,葐,葐,pén,pen,2,ㄆㄣ
亀,亀,亀,gūi,gui,1,ㄍㄨㄟ
閻,閻,阎,yán,yan,2,ㄧㄢ
鶁,鶁,鶁,jīng,jing,1,ㄐㄧㄥ
蛂,蛂,蛂,biě,bie,3,ㄅㄧㄝ
涱,涱,涱,zhàng,zhang,4,ㄓㄤ
㘭,㘭,㘭,ào,ao,4,ㄠ
暇,暇,暇,xiá,xia,2,ㄒㄧㄚ
婬,婬,婬,yín,yin,2,ㄧㄣ
騭,騭,骘,zhì,zhi,4,ㄓ
䂯,䂯,䂯,guài,guai,4,ㄍㄨㄞ
䒴,䒴,䒴,yǒu,you,3,ㄧㄡ
欟,欟,欟,欟,欟,,
儩,儩,儩,sì,si,4,ㄙ
鉁,鉁,鉁,zhēn,zhen,1,ㄓㄣ
魠,魠,魠,tuó,tuo,2,ㄊㄨㄛ
幺,幺,幺,yāo,yao,1,ㄧㄠ
引,引,引,yǐn,yin,3,ㄧㄣ
燑,燑,燑,tóng,tong,2,ㄊㄨㄥ
銴,銴,銴,shì,shi,4,ㄕ
禰,禰,祢,nǐ,ni,3,ㄋㄧ
攥,攥,攥,zuàn,zuan,4,ㄗㄨㄢ
琥,琥,琥,hǔ,hu,3,ㄏㄨ
慦,慦,慦,jìu,jiu,4,ㄐㄧㄡ
幝,幝,幝,chǎn,chan,3,ㄔㄢ
寄,寄,寄,jì,ji,4,ㄐㄧ
槵,槵,槵,huàn,huan,4,ㄏㄨㄢ
趇,趇,趇,sè,se,4,ㄙㄜ
氿,氿,氿,gǔi,gui,3,ㄍㄨㄟ
鉼,鉼,鉼,bǐng,bing,3,ㄅㄧㄥ
㴕,㴕,㴕,jí,ji,2,ㄐㄧ
箐,箐,箐,jīng,jing,1,ㄐㄧㄥ
緲,緲,缈,miǎo,miao,3,ㄇㄧㄠ
䄰,䄰,䄰,yá,ya,2,ㄧㄚ
槸,槸,槸,niè,nie,4,ㄋㄧㄝ
朑,朑,朑,朑,朑,,
㑃,㑃,㑃,ǎo,ao,3,ㄠ
蚇,蚇,蚇,chǐ,chi,3,ㄔ
觉,覺,觉,jué,jue,2,ㄐㄩㄝ
鑄,鑄,铸,zhù,zhu,4,ㄓㄨ
給,給,给,gěi,gei,3,ㄍㄟ
䩉,䩉,䩉,fǔ,fu,3,ㄈㄨ
蕚,蕚,蕚,è,e,4,ㄜ
峆,峆,峆,hē,he,1,ㄏㄜ
㡥,㡥,㡥,yǐn,yin,3,ㄧㄣ
幫,幫,帮,bāng,bang,1,ㄅㄤ
嵜,嵜,嵜,嵜,嵜,,
鈃,鈃,钘,xíng,xing,2,ㄒㄧㄥ
岅,岅,岅,bǎn,ban,3,ㄅㄢ
㰔,㰔,㰔,xiè,xie,4,ㄒㄧㄝ
檿,檿,檿,yǎn,yan,3,ㄧㄢ
㝓,㝓,㝓,gé,ge,2,ㄍㄜ
䰷,䰷,䰷,bàng,bang,4,ㄅㄤ
边,邊,边,biān,bian,1,ㄅㄧㄢ
險,險,险,xiǎn,xian,3,ㄒㄧㄢ
㲣,㲣,㲣,㲣,㲣,,
綽,綽,绰,chuò,chuo,4,ㄔㄨㄛ
涧,澗,涧,jiàn,jian,4,ㄐㄧㄢ
擳,擳,擳,jié,jie,2,ㄐㄧㄝ
煍,煍,煍,jiǎo,jiao,3,ㄐㄧㄠ
㯡,㯡,㯡,pào,pao,4,ㄆㄠ
綹,綹,绺,lǐu,liu,3,ㄌㄧㄡ
䱄,䱄,䱄,jiè,jie,4,ㄐㄧㄝ
㶡,㶡,㶡,dài,dai,4,ㄉㄞ
怩,怩,怩,ní,ni,2,ㄋㄧ
獛,獛,獛,pú,pu,2,ㄆㄨ
瓴,瓴,瓴,líng,ling,2,ㄌㄧㄥ
昣,昣,昣,zhěn,zhen,3,ㄓㄣ
咐,咐,咐,fù,fu,4,ㄈㄨ
㺭,㺭,㺭,zǐ,zi,3,ㄗ
擦,擦,擦,cā,ca,1,ㄘㄚ
頷,頷,颔,hàn,han,4,ㄏㄢ
偅,偅,偅,zhòng,zhong,4,ㄓㄨㄥ
凄,淒,凄,qī,qi,1,ㄑㄧ
䗔,䗔,䗔,hóu,hou,2,ㄏㄡ
礑,礑,礑,dàng,dang,4,ㄉㄤ
嵤,嵤,嵤,hóng,hong,2,ㄏㄨㄥ
宣,宣,宣,xuān,xuan,1,ㄒㄩㄢ
旑,旑,旑,yǐ,yi,3,ㄧ
蘎,蘎,蘎,jì,ji,4,ㄐㄧ
豹,豹,豹,bào,bao,4,ㄅㄠ
晿,晿,晿,chāng,chang,1,ㄔㄤ
䯍,䯍,䯍,líng,ling,2,ㄌㄧㄥ
籀,籀,籀,zhòu,zhou,4,ㄓㄡ
獟,獟,獟,yào,yao,4,ㄧㄠ
䛧,䛧,䛧,mí,mi,2,ㄇㄧ
㻜,㻜,㻜,㻜,㻜,,
䀭,䀭,䀭,䀭,䀭,,
琦,琦,琦,qí,qi,2,ㄑㄧ
㤳,㤳,㤳,běi,bei,3,ㄅㄟ
版,版,版,bǎn,ban,3,ㄅㄢ
团,團,团,tuán,tuan,2,ㄊㄨㄢ
耛,耛,耛,chí,chi,2,ㄔ
䫤,䫤,䫤,míng,ming,2,ㄇㄧㄥ
欈,欈,欈,wéi,wei,2,ㄨㄟ
剸,剸,剸,tuán,tuan,2,ㄊㄨㄢ
璌,璌,璌,yín,yin,2,ㄧㄣ
午,午,午,wǔ,wu,3,ㄨ
寯,寯,寯,jùn,jun,4,ㄐㄩㄣ
䱏,䱏,䱏,tǒu,tou,3,ㄊㄡ
䱫,䱫,䱫,là,la,4,ㄌㄚ
峟,峟,峟,yòu,you,4,ㄧㄡ
䥮,䥮,䥮,zhú,zhu,2,ㄓㄨ
厉,厲,厉,lì,li,4,ㄌㄧ
鎘,鎘,镉,gé,ge,2,ㄍㄜ
鳬,鳬,凫,fú,fu,2,ㄈㄨ
蟘,蟘,蟘,tè,te,4,ㄊㄜ
氇,氌,氇,luó,luo,2,ㄌㄨㄛ
碍,礙,碍,ài,ai,4,ㄞ
䪻,䪻,䪻,biàn,bian,4,ㄅㄧㄢ
魛,魛,鱽,dāo,dao,1,ㄉㄠ
痃,痃,痃,xián,xian,2,ㄒㄧㄢ
䁔,䁔,䁔,hàn,han,4,ㄏㄢ
证,證,证,zhèng,zheng,4,ㄓㄥ
勭,勭,勭,tóng,tong,2,ㄊㄨㄥ
簙,簙,簙,bó,bo,2,ㄅㄛ
鿏,鿏,鿏,鿏,鿏,,
䞩,䞩,䞩,è,e,4,ㄜ
罫,罫,罫,guà,gua,4,ㄍㄨㄚ
㓙,㓙,㓙,㓙,㓙,,
㳳,㳳,㳳,㳳,㳳,,
樈,樈,樈,qíng,qing,2,ㄑㄧㄥ
㺨,㺨,㺨,㺨,㺨,,
䬡,䬡,䬡,zhù,zhu,4,ㄓㄨ
氩,氬,氩,yà,ya,4,ㄧㄚ
穦,穦,穦,穦,穦,,
见,見,见,jiàn,jian,4,ㄐㄧㄢ
㢸,㢸,㢸,bì,bi,4,ㄅㄧ
墠,墠,墠,shàn,shan,4,ㄕㄢ
妚,妚,妚,pēi,pei,1,ㄆㄟ
洏,洏,洏,ér,er,2,ㄦ
脉,脈,脉,mài,mai,4,ㄇㄞ
墩,墩,墩,dūn,dun,1,ㄉㄨㄣ
鲮,鯪,鲮,líng,ling,2,ㄌㄧㄥ
㽍,㽍,㽍,㽍,㽍,,
猛,猛,勐,měng,meng,3,ㄇㄥ
纆,纆,纆,mò,mo,4,ㄇㄛ
捦,捦,捦,qín,qin,2,ㄑㄧㄣ
㢘,㢘,㢘,lián,lian,2,ㄌㄧㄢ
夒,夒,夒,náo,nao,2,ㄋㄠ
弴,弴,弴,dūn,dun,1,ㄉㄨㄣ
捕,捕,捕,bǔ,bu,3,ㄅㄨ
婠,婠,婠,wà,wa,4,ㄨㄚ
鿳,鿳,鿳,鿳,鿳,,
鈵,鈵,鈵,bìng,bing,4,ㄅㄧㄥ
湂,湂,湂,è,e,4,ㄜ
顤,顤,顤,rào,rao,4,ㄖㄠ
鵍,鵍,鵍,huān,huan,1,ㄏㄨㄢ
跧,跧,跧,quán,quan,2,ㄑㄩㄢ
䀁,䀁,䀁,yòu,you,4,ㄧㄡ
䧘,䧘,䧘,qí,qi,2,ㄑㄧ
鮬,鮬,鮬,bù,bu,4,ㄅㄨ
嶠,嶠,峤,jiào,jiao,4,ㄐㄧㄠ
㛨,㛨,㛨,qiǎng,qiang,3,ㄑㄧㄤ
㑐,㑐,㑐,㑐,㑐,,
偔,偔,偔,è,e,4,ㄜ
琠,琠,琠,diǎn,dian,3,ㄉㄧㄢ
諁,諁,諁,chuò,chuo,4,ㄔㄨㄛ
嬹,嬹,嬹,xìng,xing,4,ㄒㄧㄥ
蕬,蕬,蕬,sī,si,1,ㄙ
炙,炙,炙,zhì,zhi,4,ㄓ
牜,牜,牜,牜,牜,,
仳,仳,仳,pǐ,pi,3,ㄆㄧ
榺,榺,榺,shèng,sheng,4,ㄕㄥ
䫹,䫹,䫹,hóng,hong,2,ㄏㄨㄥ
劬,劬,劬,qú,qu,2,ㄑㄩ
騝,騝,騝,jiān,jian,1,ㄐㄧㄢ
㧓,㧓,㧓,㧓,㧓,,
垉,垉,垉,páo,pao,2,ㄆㄠ
舟,舟,舟,zhōu,zhou,1,ㄓㄡ
濟,濟,济,jì,ji,4,ㄐㄧ
㬧,㬧,㬧,bó,bo,2,ㄅㄛ
氵,氵,氵,氵,氵,,
鲱,鯡,鲱,fēi,fei,1,ㄈㄟ
烊,烊,烊,yáng,yang,2,ㄧㄤ
㠋,㠋,㠋,è,e,4,ㄜ
鳕,鱈,鳕,xuě,xue,3,ㄒㄩㄝ
搓,搓,搓,cuō,cuo,1,ㄘㄨㄛ
㖛,㖛,㖛,㖛,㖛,,
筒,筒,筒,tǒng,tong,3,ㄊㄨㄥ
皂,皂,皂,zào,zao,4,ㄗㄠ
䗳,䗳,䗳,䗳,䗳,,
㵁,㵁,㵁,㵁,㵁,,
㤡,㤡,㤡,lì,li,4,ㄌㄧ
䳌,䳌,䳌,䳌,䳌,,
堁,堁,堁,kè,ke,4,ㄎㄜ
蛓,蛓,蛓,cì,ci,4,ㄘ
謒,謒,謒,qiāng,qiang,1,ㄑㄧㄤ
跀,跀,跀,yuè,yue,4,ㄩㄝ
齐,齊,齐,qí,qi,2,ㄑㄧ
脑,腦,脑,nǎo,nao,3,ㄋㄠ
启,啓,启,qǐ,qi,3,ㄑㄧ
鲠,鯁,鲠,gěng,geng,3,ㄍㄥ
䮪,䮪,䮪,chéng,cheng,2,ㄔㄥ
褚,褚,褚,chǔ,chu,3,ㄔㄨ
焳,焳,焳,jué,jue,2,ㄐㄩㄝ
㨗,㨗,㨗,jié,jie,2,ㄐㄧㄝ
熂,熂,熂,xì,xi,4,ㄒㄧ
䲺,䲺,䲺,gàn,gan,4,ㄍㄢ
洽,洽,洽,qià,qia,4,ㄑㄧㄚ
䮅,䮅,䮅,䮅,䮅,,
㻴,㻴,㻴,㻴,㻴,,
匱,匱,匮,gùi,gui,4,ㄍㄨㄟ
蠉,蠉,蠉,xuān,xuan,1,ㄒㄩㄢ
頴,頴,颕,yǐng,ying,3,ㄧㄥ
異,異,异,yì,yi,4,ㄧ
䉂,䉂,䉂,lěi,lei,3,ㄌㄟ
䦐,䦐,䦐,tǐng,ting,3,ㄊㄧㄥ
廈,廈,厦,shà,sha,4,ㄕㄚ
页,頁,页,yè,ye,4,ㄧㄝ
䵳,䵳,䵳,wèi,wei,4,ㄨㄟ
防,防,防,fáng,fang,2,ㄈㄤ
鉚,鉚,铆,lǐu,liu,3,ㄌㄧㄡ
㜐,㜐,㜐,shù,shu,4,ㄕㄨ
雁,雁,雁,yàn,yan,4,ㄧㄢ
把,把,把,bǎ,ba,3,ㄅㄚ
㽑,㽑,㽑,tán,tan,2,ㄊㄢ
糜,糜,糜,mí,mi,2,ㄇㄧ
㓧,㓧,㓧,yǎn,yan,3,ㄧㄢ
浕,濜,浕,jìn,jin,4,ㄐㄧㄣ
鈲,鈲,鈲,gū,gu,1,ㄍㄨ
㠦,㠦,㠦,㠦,㠦,,
㨳,㨳,㨳,gǔi,gui,3,ㄍㄨㄟ
撒,撒,撒,sā,sa,1,ㄙㄚ
堌,堌,堌,gù,gu,4,ㄍㄨ
凉,涼,凉,liáng,liang,2,ㄌㄧㄤ
崲,崲,崲,huáng,huang,2,ㄏㄨㄤ
苪,苪,苪,bǐng,bing,3,ㄅㄧㄥ
痾,痾,痾,ē,e,1,ㄜ
㘌,㘌,㘌,jù,ju,4,ㄐㄩ
硽,硽,硽,yǎn,yan,3,ㄧㄢ
勴,勴,勴,lv̀,lu,4,ㄌㄨ
藙,藙,藙,yì,yi,4,ㄧ
岴,岴,岴,qū,qu,1,ㄑㄩ
瀜,瀜,瀜,yōng,yong,1,ㄩㄥ
㺗,㺗,㺗,dàn,dan,4,ㄉㄢ
䕕,䕕,䕕,màn,man,4,ㄇㄢ
䥰,䥰,䥰,mèng,meng,4,ㄇㄥ
橱,櫥,橱,chú,chu,2,ㄔㄨ
䅔,䅔,䅔,䅔,䅔,,
觶,觶,觯,zhì,zhi,4,ㄓ
䨲,䨲,䨲,nóu,nou,2,ㄋㄡ
輲,輲,輲,chuán,chuan,2,ㄔㄨㄢ
鼈,鼈,鼈,biē,bie,1,ㄅㄧㄝ
傢,傢,家,jiā,jia,1,ㄐㄧㄚ
飸,飸,飸,tāo,tao,1,ㄊㄠ
爼,爼,爼,zǔ,zu,3,ㄗㄨ
覾,覾,覾,shěn,shen,3,ㄕㄣ
味,味,味,wèi,wei,4,ㄨㄟ
腪,腪,腪,yùn,yun,4,ㄩㄣ
遰,遰,遰,dì,di,4,ㄉㄧ
佉,佉,佉,qū,qu,1,ㄑㄩ
㘳,㘳,㘳,㘳,㘳,,
鳼,鳼,鳼,wén,wen,2,ㄨㄣ
㲚,㲚,㲚,㲚,㲚,,
䉟,䉟,䉟,huò,huo,4,ㄏㄨㄛ
娫,娫,娫,yán,yan,2,ㄧㄢ
䁜,䁜,䁜,huǎng,huang,3,ㄏㄨㄤ
羧,羧,羧,suō,suo,1,ㄙㄨㄛ
芛,芛,芛,wěi,wei,3,ㄨㄟ
鼨,鼨,鼨,tóng,tong,2,ㄊㄨㄥ
钢,鋼,钢,gāng,gang,1,ㄍㄤ
铺,鋪,铺,pū,pu,1,ㄆㄨ
谛,諦,谛,dì,di,4,ㄉㄧ
椾,椾,椾,zhàn,zhan,4,ㄓㄢ
癃,癃,癃,lóng,long,2,ㄌㄨㄥ
㒅,㒅,㒅,qǐ,qi,3,ㄑㄧ
翇,翇,翇,fú,fu,2,ㄈㄨ
夷,夷,夷,yí,yi,2,ㄧ
青,青,青,qīng,qing,1,ㄑㄧㄥ
䅴,䅴,䅴,suǒ,suo,3,ㄙㄨㄛ
抔,抔,抔,póu,pou,2,ㄆㄡ
榄,欖,榄,lǎn,lan,3,ㄌㄢ
固,固,固,gù,gu,4,ㄍㄨ
櫝,櫝,椟,dú,du,2,ㄉㄨ
嶋,嶋,嶋,dǎo,dao,3,ㄉㄠ
俶,俶,俶,chù,chu,4,ㄔㄨ
肹,肹,肹,xī,xi,1,ㄒㄧ
㦡,㦡,㦡,lè,le,4,ㄌㄜ
呵,嗬,呵,hē,he,1,ㄏㄜ
㨐,㨐,㨐,bǔ,bu,3,ㄅㄨ
䎘,䎘,䎘,sù,su,4,ㄙㄨ
㚯,㚯,㚯,xín,xin,2,ㄒㄧㄣ
滜,滜,滜,gāo,gao,1,ㄍㄠ
谞,諝,谞,xǔ,xu,3,ㄒㄩ
犉,犉,犉,rún,run,2,ㄖㄨㄣ
崕,崕,崕,yá,ya,2,ㄧㄚ
砌,砌,砌,qì,qi,4,ㄑㄧ
琜,琜,琜,lái,lai,2,ㄌㄞ
撲,撲,扑,pū,pu,1,ㄆㄨ
溒,溒,溒,yuán,yuan,2,ㄩㄢ
䨆,䨆,䨆,bí,bi,2,ㄅㄧ
噭,噭,噭,jiào,jiao,4,ㄐㄧㄠ
㒓,㒓,㒓,tà,ta,4,ㄊㄚ
冡,冡,冡,méng,meng,2,ㄇㄥ
戲,戲,戏,xì,xi,4,ㄒㄧ
轲,軻,轲,kē,ke,1,ㄎㄜ
龾,龾,龾,龾,龾,,
伒,伒,伒,jìn,jin,4,ㄐㄧㄣ
䳆,䳆,䳆,bái,bai,2,ㄅㄞ
䁇,䁇,䁇,mì,mi,4,ㄇㄧ
楥,楥,楥,xuàn,xuan,4,ㄒㄩㄢ
窯,窯,窑,yáo,yao,2,ㄧㄠ
嗯,嗯,嗯,嗯,嗯,,
瀩,瀩,瀩,dùi,dui,4,ㄉㄨㄟ
尰,尰,尰,zhǒng,zhong,3,ㄓㄨㄥ
㟬,㟬,㟬,shǔ,shu,3,ㄕㄨ
艢,艢,艢,tán,tan,2,ㄊㄢ
瀌,瀌,瀌,biāo,biao,1,ㄅㄧㄠ
䊈,䊈,䊈,méi,mei,2,ㄇㄟ
䊒,䊒,䊒,䊒,䊒,,
旾,旾,旾,chūn,chun,1,ㄔㄨㄣ
䜥,䜥,䜥,䜥,䜥,,
蕾,蕾,蕾,lěi,lei,3,ㄌㄟ
屬,屬,属,shǔ,shu,3,ㄕㄨ
顽,頑,顽,wán,wan,2,ㄨㄢ
䊝,䊝,䊝,xiè,xie,4,ㄒㄧㄝ
䮾,䮾,䮾,páng,pang,2,ㄆㄤ
赎,贖,赎,shú,shu,2,ㄕㄨ
齛,齛,齛,shì,shi,4,ㄕ
㤧,㤧,㤧,hóu,hou,2,ㄏㄡ
鬧,鬧,闹,nào,nao,4,ㄋㄠ
歍,歍,歍,wū,wu,1,ㄨ
攋,攋,攋,là,la,4,ㄌㄚ
睒,睒,睒,shǎn,shan,3,ㄕㄢ
㛻,㛻,㛻,kǔi,kui,3,ㄎㄨㄟ
竅,竅,窍,qiào,qiao,4,ㄑㄧㄠ
嵱,嵱,嵱,yǒng,yong,3,ㄩㄥ
蟣,蟣,虮,jǐ,ji,3,ㄐㄧ
浿,浿,浿,pèi,pei,4,ㄆㄟ
霹,霹,霹,pī,pi,1,ㄆㄧ
䔋,䔋,䔋,䔋,䔋,,
蓻,蓻,蓻,jí,ji,2,ㄐㄧ
㗀,㗀,㗀,㗀,㗀,,
㵗,㵗,㵗,fù,fu,4,ㄈㄨ
䩫,䩫,䩫,liǎng,liang,3,ㄌㄧㄤ
㸝,㸝,㸝,kǎn,kan,3,ㄎㄢ
痞,痞,痞,pǐ,pi,3,ㄆㄧ
飀,飀,飗,líu,liu,2,ㄌㄧㄡ
湽,湽,湽,zī,zi,1,ㄗ
営,営,営,yíng,ying,2,ㄧㄥ
彫,彫,彫,diāo,diao,1,ㄉㄧㄠ
捙,捙,捙,yì,yi,4,ㄧ
鹚,鶿,鹚,zī,zi,1,ㄗ
憱,憱,憱,cù,cu,4,ㄘㄨ
萈,萈,萈,huán,huan,2,ㄏㄨㄢ
㳤,㳤,㳤,㳤,㳤,,
餩,餩,餩,è,e,4,ㄜ
控,控,控,kòng,kong,4,ㄎㄨㄥ
蟂,蟂,蟂,jiāo,jiao,1,ㄐㄧㄠ
礀,礀,礀,礀,礀,,
雚,雚,雚,guàn,guan,4,ㄍㄨㄢ
堦,堦,堦,jiē,jie,1,ㄐㄧㄝ
瞫,瞫,瞫,shěn,shen,3,ㄕㄣ
侌,侌,侌,yīn,yin,1,ㄧㄣ
鶡,鶡,鹖,hé,he,2,ㄏㄜ
䎟,䎟,䎟,ér,er,2,ㄦ
䒀,䒀,䒀,fú,fu,2,ㄈㄨ
誚,誚,诮,qiào,qiao,4,ㄑㄧㄠ
逃,逃,逃,táo,tao,2,ㄊㄠ
鮳,鮳,鲓,kǎo,kao,3,ㄎㄠ
瘉,瘉,瘉,yù,yu,4,ㄩ
㹄,㹄,㹄,jì,ji,4,ㄐㄧ
帯,帯,帯,dài,dai,4,ㄉㄞ
袘,袘,袘,yí,yi,2,ㄧ
碡,碡,碡,dú,du,2,ㄉㄨ
㜯,㜯,㜯,㜯,㜯,,
亭,亭,亭,tíng,ting,2,ㄊㄧㄥ
鼡,鼡,鼡,shǔ,shu,3,ㄕㄨ
笴,笴,笴,gě,ge,3,ㄍㄜ
淂,淂,淂,dé,de,2,ㄉㄜ
㭱,㭱,㭱,hé,he,2,ㄏㄜ
桙,桙,桙,yú,yu,2,ㄩ
頗,頗,颇,pō,po,1,ㄆㄛ
鶎,鶎,鶎,鶎,鶎,,
仹,仹,仹,fēng,feng,1,ㄈㄥ
亽,亽,亽,亽,亽,,
肿,腫,肿,zhǒng,zhong,3,ㄓㄨㄥ
蠰,蠰,蠰,shàng,shang,4,ㄕㄤ
嵩,嵩,嵩,sōng,song,1,ㄙㄨㄥ
磐,磐,磐,pán,pan,2,ㄆㄢ
䭭,䭭,䭭,shǒu,shou,3,ㄕㄡ
爨,爨,爨,cuàn,cuan,4,ㄘㄨㄢ
瓖,瓖,瓖,xiāng,xiang,1,ㄒㄧㄤ
狘,狘,狘,yuè,yue,4,ㄩㄝ
鳲,鳲,鸤,shī,shi,1,ㄕ
㗛,㗛,㗛,xiào,xiao,4,ㄒㄧㄠ
鹿,鹿,鹿,lù,lu,4,ㄌㄨ
餔,餔,餔,bū,bu,1,ㄅㄨ
嚟,嚟,嚟,lí,li,2,ㄌㄧ
㹝,㹝,㹝,shì,shi,4,ㄕ
䛐,䛐,䛐,cí,ci,2,ㄘ
篒,篒,篒,篒,篒,,
尋,尋,寻,xún,xun,2,ㄒㄩㄣ
硍,硍,硍,kèn,ken,4,ㄎㄣ
䭛,䭛,䭛,dàn,dan,4,ㄉㄢ
呐,呐,呐,nè,ne,4,ㄋㄜ
䫬,䫬,䫬,zhěn,zhen,3,ㄓㄣ
宠,寵,宠,chǒng,chong,3,ㄔㄨㄥ
嶉,嶉,嶉,zūi,zui,1,ㄗㄨㄟ
駒,駒,驹,jū,ju,1,ㄐㄩ
鋏,鋏,铗,jiá,jia,2,ㄐㄧㄚ
裧,裧,裧,chān,chan,1,ㄔㄢ
铎,鐸,铎,duó,duo,2,ㄉㄨㄛ
狟,狟,狟,huán,huan,2,ㄏㄨㄢ
瘈,瘈,瘈,jì,ji,4,ㄐㄧ
涞,淶,涞,lái,lai,2,ㄌㄞ
绯,緋,绯,fēi,fei,1,ㄈㄟ
疋,疋,疋,pǐ,pi,3,ㄆㄧ
䵓,䵓,䵓,lí,li,2,ㄌㄧ
栬,栬,栬,zùi,zui,4,ㄗㄨㄟ
洞,洞,洞,dòng,dong,4,ㄉㄨㄥ
㾸,㾸,㾸,gǎo,gao,3,ㄍㄠ
䞉,䞉,䞉,shèng,sheng,4,ㄕㄥ
溯,溯,溯,sù,su,4,ㄙㄨ
瀽,瀽,瀽,jiǎn,jian,3,ㄐㄧㄢ
䭆,䭆,䭆,nè,ne,4,ㄋㄜ
柛,柛,柛,shēn,shen,1,ㄕㄣ
㫥,㫥,㫥,mǐng,ming,3,ㄇㄧㄥ
䊾,䊾,䊾,mù,mu,4,ㄇㄨ
潪,潪,潪,dí,di,2,ㄉㄧ
㯾,㯾,㯾,㯾,㯾,,
鷪,鷪,鷪,yīng,ying,1,ㄧㄥ
㿿,㿿,㿿,yǎ,ya,3,ㄧㄚ
栆,栆,栆,栆,栆,,
哛,哛,哛,哛,哛,,
疁,疁,疁,líu,liu,2,ㄌㄧㄡ
哒,噠,哒,dā,da,1,ㄉㄚ
服,服,服,fú,fu,2,ㄈㄨ
櫂,櫂,櫂,zhào,zhao,4,ㄓㄠ
僵,僵,僵,jiāng,jiang,1,ㄐㄧㄤ
䑑,䑑,䑑,pú,pu,2,ㄆㄨ
偑,偑,偑,fēng,feng,1,ㄈㄥ
瘌,瘌,瘌,là,la,4,ㄌㄚ
沷,沷,沷,fā,fa,1,ㄈㄚ
䋯,䋯,䋯,qǐ,qi,3,ㄑㄧ
殶,殶,殶,zhù,zhu,4,ㄓㄨ
帜,幟,帜,zhì,zhi,4,ㄓ
泀,泀,泀,sī,si,1,ㄙ
夳,夳,夳,tài,tai,4,ㄊㄞ
顠,顠,顠,piào,piao,4,ㄆㄧㄠ
骣,驏,骣,chǎn,chan,3,ㄔㄢ
蹊,蹊,蹊,xī,xi,1,ㄒㄧ
䕸,䕸,䕸,䕸,䕸,,
揁,揁,揁,zhēn,zhen,1,ㄓㄣ
䕣,䕣,䕣,hé,he,2,ㄏㄜ
䐥,䐥,䐥,wěng,weng,3,ㄨㄥ
踸,踸,踸,chěn,chen,3,ㄔㄣ
瑰,瑰,瑰,gūi,gui,1,ㄍㄨㄟ
泅,泅,泅,qíu,qiu,2,ㄑㄧㄡ
罃,罃,罃,yīng,ying,1,ㄧㄥ
呧,呧,呧,dǐ,di,3,ㄉㄧ
磣,磣,碜,chěn,chen,3,ㄔㄣ
鯵,鯵,鲹,shēn,shen,1,ㄕㄣ
儭,儭,儭,chèn,chen,4,ㄔㄣ
鰝,鰝,鰝,hào,hao,4,ㄏㄠ
㽣,㽣,㽣,yù,yu,4,ㄩ
抯,抯,抯,zhā,zha,1,ㄓㄚ
黩,黷,黩,dú,du,2,ㄉㄨ
䁘,䁘,䁘,yǎo,yao,3,ㄧㄠ
閶,閶,阊,chāng,chang,1,ㄔㄤ
叞,叞,叞,wèi,wei,4,ㄨㄟ
䕐,䕐,䕐,䕐,䕐,,
拯,拯,拯,zhěng,zheng,3,ㄓㄥ
饓,饓,饓,chēng,cheng,1,ㄔㄥ
孺,孺,孺,rú,ru,2,ㄖㄨ
蔻,蔻,蔻,kòu,kou,4,ㄎㄡ
㭑,㭑,㭑,mèi,mei,4,ㄇㄟ
萇,萇,苌,cháng,chang,2,ㄔㄤ
干,乾,干,gān,gan,1,ㄍㄢ
垶,垶,垶,xīng,xing,1,ㄒㄧㄥ
㽐,㽐,㽐,㽐,㽐,,
䊉,䊉,䊉,sǎn,san,3,ㄙㄢ
试,試,试,shì,shi,4,ㄕ
䒩,䒩,䒩,hé,he,2,ㄏㄜ
藶,藶,苈,lì,li,4,ㄌㄧ
䟅,䟅,䟅,jiàn,jian,4,ㄐㄧㄢ
䶖,䶖,䶖,jìn,jin,4,ㄐㄧㄣ
閵,閵,閵,lìn,lin,4,ㄌㄧㄣ
㞯,㞯,㞯,jié,jie,2,ㄐㄧㄝ
㼇,㼇,㼇,qióng,qiong,2,ㄑㄩㄥ
慽,慽,慽,qī,qi,1,ㄑㄧ
暰,暰,暰,cōng,cong,1,ㄘㄨㄥ
㠽,㠽,㠽,tóng,tong,2,ㄊㄨㄥ
戒,戒,戒,jiè,jie,4,ㄐㄧㄝ
㔶,㔶,㔶,gòng,gong,4,ㄍㄨㄥ
㶻,㶻,㶻,㶻,㶻,,
夂,夂,夂,zhǐ,zhi,3,ㄓ
皸,皸,皲,jūn,jun,1,ㄐㄩㄣ
䱹,䱹,䱹,nà,na,4,ㄋㄚ
色,色,色,sè,se,4,ㄙㄜ
轝,轝,轝,yú,yu,2,ㄩ
蕧,蕧,蕧,fù,fu,4,ㄈㄨ
醫,醫,医,yī,yi,1,ㄧ
毋,毋,毋,wú,wu,2,ㄨ
嫳,嫳,嫳,piè,pie,4,ㄆㄧㄝ
跦,跦,跦,zhū,zhu,1,ㄓㄨ
信,信,信,xìn,xin,4,ㄒㄧㄣ
悩,悩,悩,nǎo,nao,3,ㄋㄠ
槟,檳,槟,bīn,bin,1,ㄅㄧㄣ
绮,綺,绮,qǐ,qi,3,ㄑㄧ
纺,紡,纺,fǎng,fang,3,ㄈㄤ
颩,颩,颩,biāo,biao,1,ㄅㄧㄠ
癖,癖,癖,pǐ,pi,3,ㄆㄧ
蝄,蝄,蝄,wǎng,wang,3,ㄨㄤ
墸,墸,墸,墸,墸,,
䥅,䥅,䥅,qiàn,qian,4,ㄑㄧㄢ
籼,秈,籼,xiān,xian,1,ㄒㄧㄢ
礽,礽,礽,réng,reng,2,ㄖㄥ
蒒,蒒,蒒,shī,shi,1,ㄕ
霆,霆,霆,tíng,ting,2,ㄊㄧㄥ
枯,枯,枯,kū,ku,1,ㄎㄨ
溶,溶,溶,róng,rong,2,ㄖㄨㄥ
座,座,座,zuò,zuo,4,ㄗㄨㄛ
翽,翽,翙,hùi,hui,4,ㄏㄨㄟ
㿖,㿖,㿖,lú,lu,2,ㄌㄨ
荒,荒,荒,huāng,huang,1,ㄏㄨㄤ
镰,鐮,镰,lián,lian,2,ㄌㄧㄢ
㮠,㮠,㮠,㮠,㮠,,
艴,艴,艴,fú,fu,2,ㄈㄨ
憈,憈,憈,qū,qu,1,ㄑㄩ
翫,翫,翫,wàn,wan,4,ㄨㄢ
圇,圇,囵,lún,lun,2,ㄌㄨㄣ
彁,彁,彁,彁,彁,,
痗,痗,痗,mèi,mei,4,ㄇㄟ
騛,騛,騛,fēi,fei,1,ㄈㄟ
䡟,䡟,䡟,pì,pi,4,ㄆㄧ
鋣,鋣,铘,xié,xie,2,ㄒㄧㄝ
㓮,㓮,㓮,㓮,㓮,,
篼,篼,篼,dōu,dou,1,ㄉㄡ
㤨,㤨,㤨,gǒng,gong,3,ㄍㄨㄥ
㧔,㧔,㧔,guài,guai,4,ㄍㄨㄞ
儰,儰,儰,wěi,wei,3,ㄨㄟ
㰞,㰞,㰞,㰞,㰞,,
飕,颼,飕,sōu,sou,1,ㄙㄡ
衦,衦,衦,gǎn,gan,3,ㄍㄢ
雕,雕,雕,diāo,diao,1,ㄉㄧㄠ
䜞,䜞,䜞,jì,ji,4,ㄐㄧ
鰣,鰣,鲥,shí,shi,2,ㄕ
搢,搢,搢,jìn,jin,4,ㄐㄧㄣ
枾,枾,枾,shì,shi,4,ㄕ
䧌,䧌,䧌,䧌,䧌,,
椖,椖,椖,péng,peng,2,ㄆㄥ
椬,椬,椬,椬,椬,,
䨫,䨫,䨫,mài,mai,4,ㄇㄞ
腟,腟,腟,zhì,zhi,4,ㄓ
盖,蓋,盖,gài,gai,4,ㄍㄞ
鏹,鏹,镪,qiāng,qiang,1,ㄑㄧㄤ
灏,灝,灏,hào,hao,4,ㄏㄠ
娻,娻,娻,dōng,dong,1,ㄉㄨㄥ
醘,醘,醘,kè,ke,4,ㄎㄜ
読,読,読,dú,du,2,ㄉㄨ
䢑,䢑,䢑,dǐ,di,3,ㄉㄧ
嵎,嵎,嵎,yú,yu,2,ㄩ
恟,恟,恟,xiōng,xiong,1,ㄒㄩㄥ
㢒,㢒,㢒,chá,cha,2,ㄔㄚ
罶,罶,罶,lǐu,liu,3,ㄌㄧㄡ
衐,衐,衐,衐,衐,,
鸝,鸝,鹂,lí,li,2,ㄌㄧ
辪,辪,辪,辪,辪,,
酌,酌,酌,zhuó,zhuo,2,ㄓㄨㄛ
㠷,㠷,㠷,gé,ge,2,ㄍㄜ
䞎,䞎,䞎,䞎,䞎,,
䫁,䫁,䫁,bì,bi,4,ㄅㄧ
稯,稯,稯,zōng,zong,1,ㄗㄨㄥ
顶,頂,顶,dǐng,ding,3,ㄉㄧㄥ
摁,摁,摁,èn,en,4,ㄣ
凶,凶,凶,xiōng,xiong,1,ㄒㄩㄥ
妧,妧,妧,yuán,yuan,2,ㄩㄢ
晫,晫,晫,zhuó,zhuo,2,ㄓㄨㄛ
嫷,嫷,嫷,tuǒ,tuo,3,ㄊㄨㄛ
牐,牐,牐,zhá,zha,2,ㄓㄚ
嗷,嗷,嗷,áo,ao,2,ㄠ
姸,姸,姸,yán,yan,2,ㄧㄢ
畒,畒,畒,mǔ,mu,3,ㄇㄨ
飳,飳,飳,zhù,zhu,4,ㄓㄨ
饬,飭,饬,chì,chi,4,ㄔ
士,士,士,shì,shi,4,ㄕ
鴗,鴗,鴗,lì,li,4,ㄌㄧ
拫,拫,拫,hén,hen,2,ㄏㄣ
撊,撊,撊,xiàn,xian,4,ㄒㄧㄢ
資,資,资,zī,zi,1,ㄗ
揑,揑,揑,niē,nie,1,ㄋㄧㄝ
傁,傁,傁,sǒu,sou,3,ㄙㄡ
啼,啼,啼,tí,ti,2,ㄊㄧ
奔,奔,奔,bēn,ben,1,ㄅㄣ
臠,臠,脔,luán,luan,2,ㄌㄨㄢ
䌷,紬,䌷,chóu,chou,2,ㄔㄡ
郂,郂,郂,gāi,gai,1,ㄍㄞ
嗽,嗽,嗽,sòu,sou,4,ㄙㄡ
譆,譆,譆,xī,xi,1,ㄒㄧ
腺,腺,腺,xiàn,xian,4,ㄒㄧㄢ
腤,腤,腤,ān,an,1,ㄢ
䕗,䕗,䕗,bì,bi,4,ㄅㄧ
摤,摤,摤,chuǎng,chuang,3,ㄔㄨㄤ
儦,儦,儦,biāo,biao,1,ㄅㄧㄠ
丣,丣,丣,yǒu,you,3,ㄧㄡ
鴷,鴷,䴕,liè,lie,4,ㄌㄧㄝ
嘑,嘑,嘑,hū,hu,1,ㄏㄨ
韛,韛,韛,bèi,bei,4,ㄅㄟ
潷,潷,滗,bǐ,bi,3,ㄅㄧ
䩒,䩒,䩒,yú,yu,2,ㄩ
旷,曠,旷,kuàng,kuang,4,ㄎㄨㄤ
䅈,䅈,䅈,yuàn,yuan,4,ㄩㄢ
㣾,㣾,㣾,chà,cha,4,ㄔㄚ
倭,倭,倭,wēi,wei,1,ㄨㄟ
颜,顔,颜,yán,yan,2,ㄧㄢ
慉,慉,慉,xù,xu,4,ㄒㄩ
悼,悼,悼,dào,dao,4,ㄉㄠ
柰,柰,柰,nài,nai,4,ㄋㄞ
嚁,嚁,嚁,dí,di,2,ㄉㄧ
䋲,䋲,䋲,chě,che,3,ㄔㄜ
禍,禍,祸,huò,huo,4,ㄏㄨㄛ
㠁,㠁,㠁,㠁,㠁,,
䨄,䨄,䨄,yàn,yan,4,ㄧㄢ
灣,灣,湾,wān,wan,1,ㄨㄢ
嶕,嶕,嶕,jiāo,jiao,1,ㄐㄧㄠ
捋,捋,捋,lè,le,4,ㄌㄜ
鳁,鰮,鳁,wēn,wen,1,ㄨㄣ
一,一,一,yī,yi,1,ㄧ
敽,敽,敽,jiǎo,jiao,3,ㄐㄧㄠ
䒍,䒍,䒍,pǎng,pang,3,ㄆㄤ
搀,攙,搀,chān,chan,1,ㄔㄢ
崥,崥,崥,pǐ,pi,3,ㄆㄧ
懍,懍,懔,lǐn,lin,3,ㄌㄧㄣ
縃,縃,縃,xū,xu,1,ㄒㄩ
韺,韺,韺,yīng,ying,1,ㄧㄥ
轁,轁,轁,tāo,tao,1,ㄊㄠ
玼,玼,玼,cǐ,ci,3,ㄘ
度,度,度,dù,du,4,ㄉㄨ
糩,糩,糩,kuài,kuai,4,ㄎㄨㄞ
沅,沅,沅,yuán,yuan,2,ㄩㄢ
㗞,㗞,㗞,㗞,㗞,,
䟁,䟁,䟁,䟁,䟁,,
摜,摜,掼,guàn,guan,4,ㄍㄨㄢ
䳮,䳮,䳮,mò,mo,4,ㄇㄛ
纷,紛,纷,fēn,fen,1,ㄈㄣ
䕾,䕾,䕾,yán,yan,2,ㄧㄢ
妲,妲,妲,dá,da,2,ㄉㄚ
荙,薘,荙,dá,da,2,ㄉㄚ
㯻,㯻,㯻,gǔn,gun,3,ㄍㄨㄣ
涯,涯,涯,yá,ya,2,ㄧㄚ
伃,伃,伃,yú,yu,2,ㄩ
摽,摽,摽,piāo,piao,1,ㄆㄧㄠ
媰,媰,媰,zōu,zou,1,ㄗㄡ
宿,宿,宿,sù,su,4,ㄙㄨ
札,劄,札,zhá,zha,2,ㄓㄚ
掦,掦,掦,tì,ti,4,ㄊㄧ
躌,躌,躌,wǔ,wu,3,ㄨ
渙,渙,涣,huàn,huan,4,ㄏㄨㄢ
㮄,㮄,㮄,bǎng,bang,3,ㄅㄤ
勂,勂,勂,háo,hao,2,ㄏㄠ
檭,檭,檭,yín,yin,2,ㄧㄣ
圂,圂,圂,hùn,hun,4,ㄏㄨㄣ
綀,綀,綀,shū,shu,1,ㄕㄨ
彪,彪,彪,biāo,biao,1,ㄅㄧㄠ
敯,敯,敯,mín,min,2,ㄇㄧㄣ
䆶,䆶,䆶,䆶,䆶,,
䱓,䱓,䱓,tíng,ting,2,ㄊㄧㄥ
䕨,䕨,䕨,téng,teng,2,ㄊㄥ
梼,檮,梼,táo,tao,2,ㄊㄠ
媭,媭,媭,xū,xu,1,ㄒㄩ
鎹,鎹,鎹,鎹,鎹,,
㱻,㱻,㱻,luǒ,luo,3,ㄌㄨㄛ
䘈,䘈,䘈,lì,li,4,ㄌㄧ
䂦,䂦,䂦,zhěn,zhen,3,ㄓㄣ
礈,礈,礈,zhùi,zhui,4,ㄓㄨㄟ
㝼,㝼,㝼,㝼,㝼,,
㮩,㮩,㮩,㮩,㮩,,
擌,擌,擌,suǒ,suo,3,ㄙㄨㄛ
䢍,䢍,䢍,fǎng,fang,3,ㄈㄤ
鴪,鴪,鴪,yù,yu,4,ㄩ
海,海,海,hǎi,hai,3,ㄏㄞ
灧,灧,滟,yàn,yan,4,ㄧㄢ
閝,閝,閝,líng,ling,2,ㄌㄧㄥ
縿,縿,縿,shān,shan,1,ㄕㄢ
䍇,䍇,䍇,tà,ta,4,ㄊㄚ
爬,爬,爬,pá,pa,2,ㄆㄚ
昔,昔,昔,xī,xi,1,ㄒㄧ
鵗,鵗,鵗,xī,xi,1,ㄒㄧ
㑪,㑪,㑪,chái,chai,2,ㄔㄞ
㺃,㺃,㺃,gǒu,gou,3,ㄍㄡ
牓,牓,牓,bǎng,bang,3,ㄅㄤ
梓,梓,梓,zǐ,zi,3,ㄗ
淉,淉,淉,guǒ,guo,3,ㄍㄨㄛ
䖢,䖢,䖢,miáo,miao,2,ㄇㄧㄠ
閚,閚,閚,閚,閚,,
㖂,㖂,㖂,yì,yi,4,ㄧ
㰸,㰸,㰸,liǎn,lian,3,ㄌㄧㄢ
䋷,䋷,䋷,líu,liu,2,ㄌㄧㄡ
裰,裰,裰,duó,duo,2,ㄉㄨㄛ
摂,摂,摂,shè,she,4,ㄕㄜ
㴶,㴶,㴶,què,que,4,ㄑㄩㄝ
㞥,㞥,㞥,cén,cen,2,ㄘㄣ
僨,僨,偾,fèn,fen,4,ㄈㄣ
翡,翡,翡,fěi,fei,3,ㄈㄟ
晴,晴,晴,qíng,qing,2,ㄑㄧㄥ
䮨,䮨,䮨,zǎi,zai,3,ㄗㄞ
綉,綉,绣,xìu,xiu,4,ㄒㄧㄡ
㩷,㩷,㩷,㩷,㩷,,
燴,燴,烩,hùi,hui,4,ㄏㄨㄟ
䜰,䜰,䜰,䜰,䜰,,
㫠,㫠,㫠,㫠,㫠,,
嗾,嗾,嗾,sǒu,sou,3,ㄙㄡ
尭,尭,尭,yáo,yao,2,ㄧㄠ
㿮,㿮,㿮,yàng,yang,4,ㄧㄤ
甲,甲,甲,jiǎ,jia,3,ㄐㄧㄚ
胚,胚,胚,pēi,pei,1,ㄆㄟ
宖,宖,宖,hóng,hong,2,ㄏㄨㄥ
翤,翤,翤,chì,chi,4,ㄔ
挜,掗,挜,yà,ya,4,ㄧㄚ
佒,佒,佒,yāng,yang,1,ㄧㄤ
嶦,嶦,嶦,zhān,zhan,1,ㄓㄢ
鷍,鷍,鷍,jiāo,jiao,1,ㄐㄧㄠ
䏠,䏠,䏠,qì,qi,4,ㄑㄧ
箩,籮,箩,luó,luo,2,ㄌㄨㄛ
謣,謣,謣,yú,yu,2,ㄩ
䬃,䬃,䬃,sà,sa,4,ㄙㄚ
矷,矷,矷,zǐ,zi,3,ㄗ
牖,牖,牖,yǒu,you,3,ㄧㄡ
㬱,㬱,㬱,tì,ti,4,ㄊㄧ
佳,佳,佳,jiā,jia,1,ㄐㄧㄚ
薲,薲,薲,pín,pin,2,ㄆㄧㄣ
沲,沲,沲,tuó,tuo,2,ㄊㄨㄛ
癉,癉,瘅,dàn,dan,4,ㄉㄢ
㗶,㗶,㗶,㗶,㗶,,
恱,恱,恱,yuè,yue,4,ㄩㄝ
鹀,鵐,鹀,wú,wu,2,ㄨ
旣,旣,旣,jì,ji,4,ㄐㄧ
雃,雃,雃,yǎ,ya,3,ㄧㄚ
垒,壘,垒,lěi,lei,3,ㄌㄟ
嶂,嶂,嶂,zhàng,zhang,4,ㄓㄤ
朠,朠,朠,yīng,ying,1,ㄧㄥ
璮,璮,璮,tǎn,tan,3,ㄊㄢ
驻,駐,驻,zhù,zhu,4,ㄓㄨ
鋺,鋺,鋺,yuān,yuan,1,ㄩㄢ
錘,錘,锤,chúi,chui,2,ㄔㄨㄟ
也,也,也,yě,ye,3,ㄧㄝ
爱,愛,爱,ài,ai,4,ㄞ
䚪,䚪,䚪,䚪,䚪,,
䬧,䬧,䬧,yuán,yuan,2,ㄩㄢ
䖂,䖂,䖂,luán,luan,2,ㄌㄨㄢ
蒛,蒛,蒛,quē,que,1,ㄑㄩㄝ
瘞,瘞,瘗,yì,yi,4,ㄧ
甸,甸,甸,diàn,dian,4,ㄉㄧㄢ
囻,囻,囻,guó,guo,2,ㄍㄨㄛ
侻,侻,侻,tuō,tuo,1,ㄊㄨㄛ
轰,轟,轰,hōng,hong,1,ㄏㄨㄥ
駔,駔,驵,zǎng,zang,3,ㄗㄤ
䆁,䆁,䆁,䆁,䆁,,
鹾,鹺,鹾,cuó,cuo,2,ㄘㄨㄛ
涬,涬,涬,xìng,xing,4,ㄒㄧㄥ
镫,鐙,镫,dēng,deng,1,ㄉㄥ
俽,俽,俽,xīn,xin,1,ㄒㄧㄣ
籒,籒,籒,zhòu,zhou,4,ㄓㄡ
䙅,䙅,䙅,yào,yao,4,ㄧㄠ
讛,讛,讛,yì,yi,4,ㄧ
輚,輚,輚,zhàn,zhan,4,ㄓㄢ
䍋,䍋,䍋,chúi,chui,2,ㄔㄨㄟ
鏸,鏸,鏸,hùi,hui,4,ㄏㄨㄟ
㯈,㯈,㯈,sù,su,4,ㄙㄨ
掯,掯,掯,kèn,ken,4,ㄎㄣ
頠,頠,頠,wěi,wei,3,ㄨㄟ
禶,禶,禶,zǎn,zan,3,ㄗㄢ
槁,槁,藁,gǎo,gao,3,ㄍㄠ
释,釋,释,shì,shi,4,ㄕ
倖,倖,倖,xìng,xing,4,ㄒㄧㄥ
湬,湬,湬,jiǎo,jiao,3,ㄐㄧㄠ
谑,謔,谑,nvè,nue,4,
琧,琧,琧,è,e,4,ㄜ
睔,睔,睔,hǔn,hun,3,ㄏㄨㄣ
霤,霤,霤,lìu,liu,4,ㄌㄧㄡ
㮶,㮶,㮶,shì,shi,4,ㄕ
䶰,䶰,䶰,䶰,䶰,,
銸,銸,銸,zhé,zhe,2,ㄓㄜ
砹,砹,砹,nuǒ,nuo,3,ㄋㄨㄛ
雬,雬,雬,fǒu,fou,3,ㄈㄡ
鄾,鄾,鄾,yōu,you,1,ㄧㄡ
例,例,例,lì,li,4,ㄌㄧ
舎,舎,舎,舎,舎,,
䧆,䧆,䧆,hóng,hong,2,ㄏㄨㄥ
齥,齥,齥,xiè,xie,4,ㄒㄧㄝ
噵,噵,噵,dào,dao,4,ㄉㄠ
诫,誡,诫,jiè,jie,4,ㄐㄧㄝ
膲,膲,膲,jiāo,jiao,1,ㄐㄧㄠ
㶓,㶓,㶓,cáng,cang,2,ㄘㄤ
匭,匭,匦,gǔi,gui,3,ㄍㄨㄟ
芄,芄,芄,wán,wan,2,ㄨㄢ
轊,轊,轊,wèi,wei,4,ㄨㄟ
鵹,鵹,鵹,lí,li,2,ㄌㄧ
蓤,蓤,蓤,蓤,蓤,,
鍴,鍴,鍴,duān,duan,1,ㄉㄨㄢ
傳,傳,传,chuán,chuan,2,ㄔㄨㄢ
轴,軸,轴,zhóu,zhou,2,ㄓㄡ
嫑,嫑,嫑,báo,bao,2,ㄅㄠ
豥,豥,豥,gāi,gai,1,ㄍㄞ
僤,僤,僤,dàn,dan,4,ㄉㄢ
碽,碽,碽,gōng,gong,1,ㄍㄨㄥ
洔,洔,洔,zhǐ,zhi,3,ㄓ
䮕,䮕,䮕,chuò,chuo,4,ㄔㄨㄛ
礵,礵,礵,shuāng,shuang,1,ㄕㄨㄤ
䃰,䃰,䃰,䃰,䃰,,
鴜,鴜,鴜,zī,zi,1,ㄗ
䜛,䜛,䜛,chán,chan,2,ㄔㄢ
蚊,蚊,蚊,wén,wen,2,ㄨㄣ
嶐,嶐,嶐,lóng,long,2,ㄌㄨㄥ
熕,熕,熕,熕,熕,,
姈,姈,姈,líng,ling,2,ㄌㄧㄥ
蠪,蠪,蠪,lóng,long,2,ㄌㄨㄥ
䌋,䌋,䌋,䌋,䌋,,
䓗,䓗,䓗,䓗,䓗,,
殛,殛,殛,jí,ji,2,ㄐㄧ
呃,呃,呃,è,e,4,ㄜ
就,就,就,jìu,jiu,4,ㄐㄧㄡ
鋉,鋉,鋉,sù,su,4,ㄙㄨ
塐,塐,塐,sù,su,4,ㄙㄨ
㥅,㥅,㥅,shòu,shou,4,ㄕㄡ
䀙,䀙,䀙,qì,qi,4,ㄑㄧ
蓈,蓈,蓈,láng,lang,2,ㄌㄤ
縮,縮,缩,suō,suo,1,ㄙㄨㄛ
轙,轙,轙,yǐ,yi,3,ㄧ
鴵,鴵,鴵,jiāo,jiao,1,ㄐㄧㄠ
戯,戯,戯,xì,xi,4,ㄒㄧ
萺,萺,萺,mào,mao,4,ㄇㄠ
㗃,㗃,㗃,wěn,wen,3,ㄨㄣ
郗,郗,郗,chī,chi,1,ㄔ
魍,魍,魍,wǎng,wang,3,ㄨㄤ
閽,閽,阍,hūn,hun,1,ㄏㄨㄣ
㲉,㲉,㲉,kài,kai,4,ㄎㄞ
僝,僝,僝,chán,chan,2,ㄔㄢ
純,純,纯,chún,chun,2,ㄔㄨㄣ
聻,聻,聻,jī,ji,1,ㄐㄧ
㲍,㲍,㲍,㲍,㲍,,
䨑,䨑,䨑,tí,ti,2,ㄊㄧ
洄,洄,洄,húi,hui,2,ㄏㄨㄟ
鏅,鏅,鏅,xīu,xiu,1,ㄒㄧㄡ
隦,隦,隦,pǐ,pi,3,ㄆㄧ
茑,蔦,茑,niǎo,niao,3,ㄋㄧㄠ
树,樹,树,shù,shu,4,ㄕㄨ
嚷,嚷,嚷,rǎng,rang,3,ㄖㄤ
玭,玭,玭,pí,pi,2,ㄆㄧ
抬,抬,抬,tái,tai,2,ㄊㄞ
涶,涶,涶,tuō,tuo,1,ㄊㄨㄛ
背,背,背,bèi,bei,4,ㄅㄟ
䦇,䦇,䦇,jì,ji,4,ㄐㄧ
昶,昶,昶,chǎng,chang,3,ㄔㄤ
䞤,䞤,䞤,qú,qu,2,ㄑㄩ
猤,猤,猤,jì,ji,4,ㄐㄧ
浬,浬,浬,lǐ,li,3,ㄌㄧ
軂,軂,軂,lào,lao,4,ㄌㄠ
崱,崱,崱,zé,ze,2,ㄗㄜ
䮯,䮯,䮯,ào,ao,4,ㄠ
齧,齧,啮,niè,nie,4,ㄋㄧㄝ
峙,峙,峙,zhì,zhi,4,ㄓ
穬,穬,穬,gǒng,gong,3,ㄍㄨㄥ
母,母,母,mǔ,mu,3,ㄇㄨ
猒,猒,猒,yān,yan,1,ㄧㄢ
觢,觢,觢,chì,chi,4,ㄔ
绱,緔,绱,zhǎng,zhang,3,ㄓㄤ
玞,玞,玞,fū,fu,1,ㄈㄨ
秴,秴,秴,hé,he,2,ㄏㄜ
停,停,停,tíng,ting,2,ㄊㄧㄥ
独,獨,独,dú,du,2,ㄉㄨ
蠮,蠮,蠮,yē,ye,1,ㄧㄝ
雿,雿,雿,zhào,zhao,4,ㄓㄠ
虿,蠆,虿,chài,chai,4,ㄔㄞ
縂,縂,縂,zǒng,zong,3,ㄗㄨㄥ
揮,揮,挥,hūi,hui,1,ㄏㄨㄟ
傎,傎,傎,diān,dian,1,ㄉㄧㄢ
旹,旹,旹,shí,shi,2,ㄕ
蓳,蓳,蓳,jìn,jin,4,ㄐㄧㄣ
碘,碘,碘,diǎn,dian,3,ㄉㄧㄢ
韃,韃,鞑,dá,da,2,ㄉㄚ
㱠,㱠,㱠,㱠,㱠,,
淣,淣,淣,ní,ni,2,ㄋㄧ
谈,談,谈,tán,tan,2,ㄊㄢ
蕁,蕁,荨,xún,xun,2,ㄒㄩㄣ
贩,販,贩,fàn,fan,4,ㄈㄢ
躪,躪,躏,lìn,lin,4,ㄌㄧㄣ
榪,榪,杩,mà,ma,4,ㄇㄚ
㕠,㕠,㕠,㕠,㕠,,
垿,垿,垿,xù,xu,4,ㄒㄩ
蟱,蟱,蟱,móu,mou,2,ㄇㄡ
䎬,䎱,䎬,bà,ba,4,ㄅㄚ
铲,鏟,铲,chǎn,chan,3,ㄔㄢ
㳥,㳥,㳥,jù,ju,4,ㄐㄩ
碭,碭,砀,dàng,dang,4,ㄉㄤ
㪥,㪥,㪥,㪥,㪥,,
馌,饁,馌,yè,ye,4,ㄧㄝ
㘺,㘺,㘺,fá,fa,2,ㄈㄚ
暴,暴,暴,bào,bao,4,ㄅㄠ
会,會,会,hùi,hui,4,ㄏㄨㄟ
捼,捼,捼,nuó,nuo,2,ㄋㄨㄛ
槀,槀,槀,kǎo,kao,3,ㄎㄠ
嬑,嬑,嬑,yì,yi,4,ㄧ
㯄,㯄,㯄,㯄,㯄,,
梘,梘,枧,jiàn,jian,4,ㄐㄧㄢ
䦖,䦖,䦖,xiá,xia,2,ㄒㄧㄚ
愃,愃,愃,xuān,xuan,1,ㄒㄩㄢ
乗,乗,乗,chéng,cheng,2,ㄔㄥ
䇾,䇾,䇾,yán,yan,2,ㄧㄢ
竞,競,竞,jìng,jing,4,ㄐㄧㄥ
覣,覣,覣,wēi,wei,1,ㄨㄟ
欥,欥,欥,yù,yu,4,ㄩ
钩,鈎,钩,gōu,gou,1,ㄍㄡ
攑,攑,攑,qiān,qian,1,ㄑㄧㄢ
㓒,㓒,㓒,㓒,㓒,,
㠺,㠺,㠺,miáo,miao,2,ㄇㄧㄠ
㤍,㤍,㤍,qiǎo,qiao,3,ㄑㄧㄠ
㪹,㪹,㪹,lǒu,lou,3,ㄌㄡ
罒,罒,罒,wǎng,wang,3,ㄨㄤ
䒋,䒋,䒋,yǎng,yang,3,ㄧㄤ
轥,轥,轥,lìn,lin,4,ㄌㄧㄣ
瀃,瀃,瀃,sì,si,4,ㄙ
跤,跤,跤,jiāo,jiao,1,ㄐㄧㄠ
嗡,嗡,嗡,wēng,weng,1,ㄨㄥ
㼣,㼣,㼣,bǎi,bai,3,ㄅㄞ
斩,斬,斩,zhǎn,zhan,3,ㄓㄢ
錚,錚,铮,zhēng,zheng,1,ㄓㄥ
㒿,㒿,㒿,lí,li,2,ㄌㄧ
肰,肰,肰,rán,ran,2,ㄖㄢ
貛,貛,貛,huān,huan,1,ㄏㄨㄢ
崙,崙,崙,lún,lun,2,ㄌㄨㄣ
迓,迓,迓,yà,ya,4,ㄧㄚ
狖,狖,狖,yòu,you,4,ㄧㄡ
鿒,鿒,鿒,鿒,鿒,,
㙰,㙰,㙰,xiè,xie,4,ㄒㄧㄝ
霮,霮,霮,dàn,dan,4,ㄉㄢ
㽟,㽟,㽟,liè,lie,4,ㄌㄧㄝ
䥲,䥲,䥲,䥲,䥲,,
䗯,䗯,䗯,jìn,jin,4,ㄐㄧㄣ
䓕,䓕,䓕,tuǒ,tuo,3,ㄊㄨㄛ
䌜,䌜,䌜,niè,nie,4,ㄋㄧㄝ
勫,勫,勫,fán,fan,2,ㄈㄢ
廡,廡,庑,wǔ,wu,3,ㄨ
譄,譄,譄,zēng,zeng,1,ㄗㄥ
䖠,䖠,䖠,yuán,yuan,2,ㄩㄢ
垭,埡,垭,wù,wu,4,ㄨ
嵊,嵊,嵊,shèng,sheng,4,ㄕㄥ
縉,縉,缙,jìn,jin,4,ㄐㄧㄣ
怡,怡,怡,yí,yi,2,ㄧ
隨,隨,随,súi,sui,2,ㄙㄨㄟ
㒕,㒕,㒕,㒕,㒕,,
䴡,䴡,䴡,lì,li,4,ㄌㄧ
龌,齷,龌,wò,wo,4,ㄨㄛ
侃,侃,侃,kǎn,kan,3,ㄎㄢ
剏,剏,剏,chuàng,chuang,4,ㄔㄨㄤ
辄,輒,辄,zhé,zhe,2,ㄓㄜ
鍿,鍿,鍿,zī,zi,1,ㄗ
䩜,䩜,䩜,zhòu,zhou,4,ㄓㄡ
笆,笆,笆,bā,ba,1,ㄅㄚ
捱,捱,捱,ái,ai,2,ㄞ
㚳,㚳,㚳,㚳,㚳,,
䀫,䀫,䀫,jiá,jia,2,ㄐㄧㄚ
䪏,䪏,䪏,nà,na,4,ㄋㄚ
奭,奭,奭,shì,shi,4,ㄕ
琼,瓊,琼,qióng,qiong,2,ㄑㄩㄥ
俳,俳,俳,pái,pai,2,ㄆㄞ
吥,吥,吥,bù,bu,4,ㄅㄨ
亵,褻,亵,xiè,xie,4,ㄒㄧㄝ
皏,皏,皏,pěng,peng,3,ㄆㄥ
䨔,䨔,䨔,báo,bao,2,ㄅㄠ
䪙,䪙,䪙,fú,fu,2,ㄈㄨ
騘,騘,騘,cōng,cong,1,ㄘㄨㄥ
摥,摥,摥,tàng,tang,4,ㄊㄤ
犨,犨,犨,chōu,chou,1,ㄔㄡ
展,展,展,zhǎn,zhan,3,ㄓㄢ
吮,吮,吮,shǔn,shun,3,ㄕㄨㄣ
桴,桴,桴,fú,fu,2,ㄈㄨ
蛵,蛵,蛵,xīng,xing,1,ㄒㄧㄥ
關,關,关,guān,guan,1,ㄍㄨㄢ
鑓,鑓,鑓,鑓,鑓,,
輗,輗,輗,ní,ni,2,ㄋㄧ
㗎,㗎,㗎,㗎,㗎,,
代,代,代,dài,dai,4,ㄉㄞ
㑄,㑄,㑄,wǔ,wu,3,ㄨ
嶿,嶿,嶿,嶿,嶿,,
枹,枹,枹,fū,fu,1,ㄈㄨ
鞼,鞼,鞼,gùi,gui,4,ㄍㄨㄟ
䙴,䙴,䙴,䙴,䙴,,
犪,犪,犪,kúi,kui,2,ㄎㄨㄟ
崈,崈,崈,chóng,chong,2,ㄔㄨㄥ
玅,玅,玅,miào,miao,4,ㄇㄧㄠ
箠,箠,箠,chúi,chui,2,ㄔㄨㄟ
孃,孃,孃,niáng,niang,2,ㄋㄧㄤ
踧,踧,踧,cù,cu,4,ㄘㄨ
砵,砵,砵,bō,bo,1,ㄅㄛ
阞,阞,阞,lè,le,4,ㄌㄜ
蝔,蝔,蝔,jiē,jie,1,ㄐㄧㄝ
㙋,㙋,㙋,㙋,㙋,,
髡,髡,髡,kūn,kun,1,ㄎㄨㄣ
䊟,䊟,䊟,mén,men,2,ㄇㄣ
愂,愂,愂,bèi,bei,4,ㄅㄟ
呼,呼,唿,hū,hu,1,ㄏㄨ
弲,弲,弲,xuān,xuan,1,ㄒㄩㄢ
䁩,䁩,䁩,yú,yu,2,ㄩ
鿖,鿖,鿖,鿖,鿖,,
駁,駁,驳,bó,bo,2,ㄅㄛ
脗,脗,脗,wěn,wen,3,ㄨㄣ
煈,煈,煈,fèng,feng,4,ㄈㄥ
疶,疶,疶,xiè,xie,4,ㄒㄧㄝ
擰,擰,拧,níng,ning,2,ㄋㄧㄥ
㶒,㶒,㶒,shǎn,shan,3,ㄕㄢ
霨,霨,霨,wèi,wei,4,ㄨㄟ
剮,剮,剐,guǎ,gua,3,ㄍㄨㄚ
䤼,䤼,䤼,xiàn,xian,4,ㄒㄧㄢ
㟅,㟅,㟅,yáng,yang,2,ㄧㄤ
嗧,嗧,嗧,嗧,嗧,,
樁,樁,桩,zhuāng,zhuang,1,ㄓㄨㄤ
室,室,室,shì,shi,4,ㄕ
伂,伂,伂,pèi,pei,4,ㄆㄟ
篨,篨,篨,chú,chu,2,ㄔㄨ
審,審,审,shěn,shen,3,ㄕㄣ
䃒,䃒,䃒,hé,he,2,ㄏㄜ
㕊,㕊,㕊,㕊,㕊,,
㗭,㗭,㗭,㗭,㗭,,
㫵,㫵,㫵,㫵,㫵,,
䂠,䂠,䂠,shé,she,2,ㄕㄜ
瓚,瓚,瓒,zàn,zan,4,ㄗㄢ
宆,宆,宆,qióng,qiong,2,ㄑㄩㄥ
垀,垀,垀,hū,hu,1,ㄏㄨ
斀,斀,斀,zhuó,zhuo,2,ㄓㄨㄛ
䢭,䢭,䢭,yàn,yan,4,ㄧㄢ
揜,揜,揜,yǎn,yan,3,ㄧㄢ
桟,桟,桟,zhàn,zhan,4,ㄓㄢ
栅,柵,栅,zhà,zha,4,ㄓㄚ
䍛,䍛,䍛,gù,gu,4,ㄍㄨ
淅,淅,淅,xī,xi,1,ㄒㄧ
礏,礏,礏,jí,ji,2,ㄐㄧ
䩨,䩨,䩨,chàng,chang,4,ㄔㄤ
㒜,㒜,㒜,yú,yu,2,ㄩ
矜,矜,矜,jīn,jin,1,ㄐㄧㄣ
䚑,䚑,䚑,mái,mai,2,ㄇㄞ
鸼,鵃,鸼,zhōu,zhou,1,ㄓㄡ
䟙,䟙,䟙,qiè,qie,4,ㄑㄧㄝ
惧,懼,惧,jù,ju,4,ㄐㄩ
㿗,㿗,㿗,túi,tui,2,ㄊㄨㄟ
逌,逌,逌,yóu,you,2,ㄧㄡ
腜,腜,腜,méi,mei,2,ㄇㄟ
韕,韕,韕,韕,韕,,
䥬,䥬,䥬,bó,bo,2,ㄅㄛ
蹃,蹃,蹃,nuò,nuo,4,ㄋㄨㄛ
垸,垸,垸,huàn,huan,4,ㄏㄨㄢ
昡,昡,昡,xuàn,xuan,4,ㄒㄩㄢ
㻩,㻩,㻩,㻩,㻩,,
廾,廾,廾,gǒng,gong,3,ㄍㄨㄥ
牽,牽,牵,qiān,qian,1,ㄑㄧㄢ
谮,譖,谮,zèn,zen,4,ㄗㄣ
男,男,男,nán,nan,2,ㄋㄢ
抒,抒,抒,shū,shu,1,ㄕㄨ
㾆,㾆,㾆,rán,ran,2,ㄖㄢ
琩,琩,琩,chāng,chang,1,ㄔㄤ
賠,賠,赔,péi,pei,2,ㄆㄟ
䓳,䓳,䓳,hěn,hen,3,ㄏㄣ
膸,膸,膸,sǔi,sui,3,ㄙㄨㄟ
尉,尉,尉,wèi,wei,4,ㄨㄟ
萣,萣,萣,萣,萣,,
佾,佾,佾,yì,yi,4,ㄧ
库,庫,库,kù,ku,4,ㄎㄨ
闕,闕,阙,què,que,4,ㄑㄩㄝ
遳,遳,遳,cuō,cuo,1,ㄘㄨㄛ
庝,庝,庝,tóng,tong,2,ㄊㄨㄥ
䝅,䝅,䝅,䝅,䝅,,
䝭,䝭,䝭,gòu,gou,4,ㄍㄡ
出,出,出,chū,chu,1,ㄔㄨ
燿,燿,燿,yào,yao,4,ㄧㄠ
㐱,㐱,㐱,zhěn,zhen,3,ㄓㄣ
肄,肄,肄,yì,yi,4,ㄧ
赵,趙,赵,zhào,zhao,4,ㄓㄠ
渫,渫,渫,xiè,xie,4,ㄒㄧㄝ
構,構,构,gòu,gou,4,ㄍㄡ
责,責,责,zé,ze,2,ㄗㄜ
珄,珄,珄,shēng,sheng,1,ㄕㄥ
耚,耚,耚,pī,pi,1,ㄆㄧ
㭻,㭻,㭻,táng,tang,2,ㄊㄤ
撕,撕,撕,sī,si,1,ㄙ
囇,囇,囇,lì,li,4,ㄌㄧ
榛,榛,榛,zhēn,zhen,1,ㄓㄣ
瀫,瀫,瀫,hú,hu,2,ㄏㄨ
鞔,鞔,鞔,wǎn,wan,3,ㄨㄢ
㮆,㮆,㮆,niè,nie,4,ㄋㄧㄝ
橆,橆,橆,wǔ,wu,3,ㄨ
嚹,嚹,嚹,lā,la,1,ㄌㄚ
像,像,像,xiàng,xiang,4,ㄒㄧㄤ
椣,椣,椣,椣,椣,,
齈,齈,齈,nóng,nong,2,ㄋㄨㄥ
㴷,㴷,㴷,㴷,㴷,,
倿,倿,倿,倿,倿,,
甋,甋,甋,dì,di,4,ㄉㄧ
艅,艅,艅,yú,yu,2,ㄩ
钙,鈣,钙,gài,gai,4,ㄍㄞ
伙,夥,伙,huǒ,huo,3,ㄏㄨㄛ
燮,燮,燮,xiè,xie,4,ㄒㄧㄝ
孽,孽,孽,niè,nie,4,ㄋㄧㄝ
讥,譏,讥,jī,ji,1,ㄐㄧ
䒡,䒡,䒡,yǐn,yin,3,ㄧㄣ
䦽,䦽,䦽,xù,xu,4,ㄒㄩ
䂙,䂙,䂙,䂙,䂙,,
㴨,㴨,㴨,zhèn,zhen,4,ㄓㄣ
嚴,嚴,严,yán,yan,2,ㄧㄢ
閌,閌,闶,kàng,kang,4,ㄎㄤ
䉜,䉜,䉜,zhì,zhi,4,ㄓ
羕,羕,羕,yàng,yang,4,ㄧㄤ
謏,謏,謏,xiǎo,xiao,3,ㄒㄧㄠ
篽,篽,篽,yǔ,yu,3,ㄩ
动,動,动,dòng,dong,4,ㄉㄨㄥ
矉,矉,矉,bīn,bin,1,ㄅㄧㄣ
爮,爮,爮,páo,pao,2,ㄆㄠ
聋,聾,聋,lóng,long,2,ㄌㄨㄥ
縩,縩,縩,cài,cai,4,ㄘㄞ
斛,斛,斛,hú,hu,2,ㄏㄨ
尸,屍,尸,shī,shi,1,ㄕ
溺,溺,溺,nì,ni,4,ㄋㄧ
因,因,因,yīn,yin,1,ㄧㄣ
斂,斂,敛,liǎn,lian,3,ㄌㄧㄢ
糎,糎,糎,lí,li,2,ㄌㄧ
鐸,鐸,铎,duó,duo,2,ㄉㄨㄛ
䜔,䜔,䜔,súi,sui,2,ㄙㄨㄟ
䠵,䠵,䠵,fù,fu,4,ㄈㄨ
榎,榎,榎,jiǎ,jia,3,ㄐㄧㄚ
妦,妦,妦,fēng,feng,1,ㄈㄥ
㯖,㯖,㯖,dé,de,2,ㄉㄜ
厾,厾,厾,dū,du,1,ㄉㄨ
轏,轏,轏,zhàn,zhan,4,ㄓㄢ
㻞,㻞,㻞,biàn,bian,4,ㄅㄧㄢ
塀,塀,塀,塀,塀,,
筲,筲,筲,shāo,shao,1,ㄕㄠ
楃,楃,楃,wò,wo,4,ㄨㄛ
気,気,気,qì,qi,4,ㄑㄧ
埕,埕,埕,chéng,cheng,2,ㄔㄥ
綆,綆,绠,gěng,geng,3,ㄍㄥ
硚,蹻,硚,qiáo,qiao,2,ㄑㄧㄠ
浖,浖,浖,liè,lie,4,ㄌㄧㄝ
萲,萲,萲,yuán,yuan,2,ㄩㄢ
椸,椸,椸,yí,yi,2,ㄧ
慄,慄,慄,lì,li,4,ㄌㄧ
㺻,㺻,㺻,㺻,㺻,,
燷,燷,燷,lán,lan,2,ㄌㄢ
翢,翢,翢,tāo,tao,1,ㄊㄠ
凾,凾,凾,hán,han,2,ㄏㄢ
䈚,䈚,䈚,tái,tai,2,ㄊㄞ
脟,脟,脟,liè,lie,4,ㄌㄧㄝ
軘,軘,軘,tún,tun,2,ㄊㄨㄣ
醋,醋,醋,cù,cu,4,ㄘㄨ
恥,恥,耻,chǐ,chi,3,ㄔ
嵂,嵂,嵂,lv̀,lu,4,ㄌㄨ
湺,湺,湺,yán,yan,2,ㄧㄢ
㬸,㬸,㬸,㬸,㬸,,
朾,朾,朾,tíng,ting,2,ㄊㄧㄥ
鳵,鳵,鳵,bǎo,bao,3,ㄅㄠ
落,落,落,luò,luo,4,ㄌㄨㄛ
㰿,㰿,㰿,㰿,㰿,,
䭾,䭾,䭾,tuó,tuo,2,ㄊㄨㄛ
䁳,䁳,䁳,mǎng,mang,3,ㄇㄤ
䈲,䈲,䈲,pán,pan,2,ㄆㄢ
陣,陣,阵,zhèn,zhen,4,ㄓㄣ
輴,輴,輴,chūn,chun,1,ㄔㄨㄣ
沈,瀋,沈,shěn,shen,3,ㄕㄣ
莰,莰,莰,kǎn,kan,3,ㄎㄢ
媦,媦,媦,wèi,wei,4,ㄨㄟ
蓜,蓜,蓜,蓜,蓜,,
缡,縭,缡,lí,li,2,ㄌㄧ
鸤,鳲,鸤,shī,shi,1,ㄕ
䉞,䉞,䉞,dǎn,dan,3,ㄉㄢ
㦒,㦒,㦒,lí,li,2,ㄌㄧ
䔇,䔇,䔇,qǐ,qi,3,ㄑㄧ
嵿,嵿,嵿,dǐng,ding,3,ㄉㄧㄥ
㮣,㮣,㮣,gài,gai,4,ㄍㄞ
㤲,㤲,㤲,qiè,qie,4,ㄑㄧㄝ
䡈,䡈,䡈,jué,jue,2,ㄐㄩㄝ
劐,劐,劐,huō,huo,1,ㄏㄨㄛ
膍,膍,膍,pí,pi,2,ㄆㄧ
噪,噪,噪,zào,zao,4,ㄗㄠ
塉,塉,塉,jí,ji,2,ㄐㄧ
㚂,㚂,㚂,ráng,rang,2,ㄖㄤ
詽,詽,詽,yán,yan,2,ㄧㄢ
㔠,㔠,㔠,hé,he,2,ㄏㄜ
犸,獁,犸,mà,ma,4,ㄇㄚ
㮞,㮞,㮞,jié,jie,2,ㄐㄧㄝ
酗,酗,酗,xù,xu,4,ㄒㄩ
四,四,四,sì,si,4,ㄙ
墬,墬,墬,dì,di,4,ㄉㄧ
斵,斵,斵,zhuó,zhuo,2,ㄓㄨㄛ
㜖,㜖,㜖,cáo,cao,2,ㄘㄠ
淈,淈,淈,gǔ,gu,3,ㄍㄨ
曪,曪,曪,luǒ,luo,3,ㄌㄨㄛ
䯤,䯤,䯤,kuài,kuai,4,ㄎㄨㄞ
橺,橺,橺,橺,橺,,
衒,衒,衒,xuàn,xuan,4,ㄒㄩㄢ
䳵,䳵,䳵,chì,chi,4,ㄔ
红,紅,红,hóng,hong,2,ㄏㄨㄥ
钗,釵,钗,chāi,chai,1,ㄔㄞ
麙,麙,麙,yán,yan,2,ㄧㄢ
犹,猶,犹,yóu,you,2,ㄧㄡ
鼥,鼥,鼥,bá,ba,2,ㄅㄚ
旒,旒,旒,líu,liu,2,ㄌㄧㄡ
钾,鉀,钾,jiǎ,jia,3,ㄐㄧㄚ
䲜,䲜,䲜,yè,ye,4,ㄧㄝ
仕,仕,仕,shì,shi,4,ㄕ
嘐,嘐,嘐,xiāo,xiao,1,ㄒㄧㄠ
憐,憐,怜,lián,lian,2,ㄌㄧㄢ
虇,虇,虇,quǎn,quan,3,ㄑㄩㄢ
闎,闎,闎,闎,闎,,
鬕,鬕,鬕,mò,mo,4,ㄇㄛ
䉉,䉉,䉉,hú,hu,2,ㄏㄨ
㩟,㩟,㩟,zhài,zhai,4,ㄓㄞ
彬,彬,彬,bīn,bin,1,ㄅㄧㄣ
賭,賭,赌,dǔ,du,3,ㄉㄨ
䟡,䟡,䟡,dì,di,4,ㄉㄧ
鈈,鈈,钚,pī,pi,1,ㄆㄧ
贤,賢,贤,xián,xian,2,ㄒㄧㄢ
卶,卶,卶,shì,shi,4,ㄕ
趮,趮,趮,zào,zao,4,ㄗㄠ
弆,弆,弆,jǔ,ju,3,ㄐㄩ
亂,亂,乱,luàn,luan,4,ㄌㄨㄢ
䎓,䎓,䎓,tà,ta,4,ㄊㄚ
剄,剄,刭,jǐng,jing,3,ㄐㄧㄥ
湹,湹,湹,chán,chan,2,ㄔㄢ
竰,竰,竰,sháo,shao,2,ㄕㄠ
飬,飬,飬,juàn,juan,4,ㄐㄩㄢ
応,応,応,yīng,ying,1,ㄧㄥ
俚,俚,俚,lǐ,li,3,ㄌㄧ
㪷,㪷,㪷,dǒu,dou,3,ㄉㄡ
脘,脘,脘,guǎn,guan,3,ㄍㄨㄢ
骤,驟,骤,zòu,zou,4,ㄗㄡ
笜,笜,笜,zhú,zhu,2,ㄓㄨ
䒟,䒟,䒟,䒟,䒟,,
崬,崬,岽,dōng,dong,1,ㄉㄨㄥ
谇,誶,谇,sùi,sui,4,ㄙㄨㄟ
鿗,鿗,鿗,鿗,鿗,,
楊,楊,杨,yáng,yang,2,ㄧㄤ
麷,麷,麷,fēng,feng,1,ㄈㄥ
豍,豍,豍,bī,bi,1,ㄅㄧ
槗,槗,槗,槗,槗,,
瘡,瘡,疮,chuāng,chuang,1,ㄔㄨㄤ
徟,徟,徟,zhōu,zhou,1,ㄓㄡ
䚽,䚽,䚽,hào,hao,4,ㄏㄠ
瓒,瓚,瓒,zàn,zan,4,ㄗㄢ
騫,騫,骞,qiān,qian,1,ㄑㄧㄢ
㾨,㾨,㾨,qǐ,qi,3,ㄑㄧ
飗,飀,飗,líu,liu,2,ㄌㄧㄡ
璏,璏,璏,zhì,zhi,4,ㄓ
枴,枴,枴,guǎi,guai,3,ㄍㄨㄞ
玤,玤,玤,bàng,bang,4,ㄅㄤ
乁,乁,乁,yí,yi,2,ㄧ
蜬,蜬,蜬,gān,gan,1,ㄍㄢ
囉,囉,啰,luō,luo,1,ㄌㄨㄛ
㪀,㪀,㪀,yú,yu,2,ㄩ
衪,衪,衪,yǐ,yi,3,ㄧ
䒎,䒎,䒎,mǎng,mang,3,ㄇㄤ
谏,諫,谏,jiàn,jian,4,ㄐㄧㄢ
軥,軥,軥,qú,qu,2,ㄑㄩ
幥,幥,幥,幥,幥,,
䉦,䉦,䉦,䉦,䉦,,
夢,夢,梦,mèng,meng,4,ㄇㄥ
䌄,䌄,䌄,gěng,geng,3,ㄍㄥ
逽,逽,逽,nuò,nuo,4,ㄋㄨㄛ
毷,毷,毷,mào,mao,4,ㄇㄠ
鯹,鯹,鯹,xīng,xing,1,ㄒㄧㄥ
䢿,䢿,䢿,䢿,䢿,,
猪,豬,猪,zhū,zhu,1,ㄓㄨ
瀘,瀘,泸,lú,lu,2,ㄌㄨ
㥄,㥄,㥄,líng,ling,2,ㄌㄧㄥ
杛,杛,杛,gōng,gong,1,ㄍㄨㄥ
爤,爤,爤,làn,lan,4,ㄌㄢ
逳,逳,逳,yù,yu,4,ㄩ
镖,鏢,镖,biāo,biao,1,ㄅㄧㄠ
餆,餆,餆,yáo,yao,2,ㄧㄠ
馿,馿,馿,lv́,lu,2,ㄌㄨ
睸,睸,睸,mèi,mei,4,ㄇㄟ
鼭,鼭,鼭,shí,shi,2,ㄕ
煃,煃,煃,kǔi,kui,3,ㄎㄨㄟ
枕,枕,枕,zhěn,zhen,3,ㄓㄣ
镏,鎦,镏,líu,liu,2,ㄌㄧㄡ
蟜,蟜,蟜,jiǎo,jiao,3,ㄐㄧㄠ
帓,帓,帓,mà,ma,4,ㄇㄚ
䍠,䍠,䍠,lí,li,2,ㄌㄧ
蚭,蚭,蚭,ní,ni,2,ㄋㄧ
鲜,鮮,鲜,xiān,xian,1,ㄒㄧㄢ
䂪,䂪,䂪,diào,diao,4,ㄉㄧㄠ
弫,弫,弫,zhěn,zhen,3,ㄓㄣ
鰉,鰉,鳇,huáng,huang,2,ㄏㄨㄤ
譌,譌,譌,é,e,2,ㄜ
㵴,㵴,㵴,cáng,cang,2,ㄘㄤ
踡,踡,踡,quán,quan,2,ㄑㄩㄢ
㳗,㳗,㳗,chài,chai,4,ㄔㄞ
㦛,㦛,㦛,yú,yu,2,ㄩ
莏,莏,莏,suō,suo,1,ㄙㄨㄛ
奌,奌,奌,diǎn,dian,3,ㄉㄧㄢ
烈,烈,烈,liè,lie,4,ㄌㄧㄝ
讑,讑,讑,yào,yao,4,ㄧㄠ
蜍,蜍,蜍,chú,chu,2,ㄔㄨ
鴍,鴍,鴍,wén,wen,2,ㄨㄣ
绳,繩,绳,shéng,sheng,2,ㄕㄥ
阢,阢,阢,wù,wu,4,ㄨ
鯮,鯮,鯮,zōng,zong,1,ㄗㄨㄥ
閮,閮,閮,tíng,ting,2,ㄊㄧㄥ
繆,繆,缪,móu,mou,2,ㄇㄡ
揞,揞,揞,ǎn,an,3,ㄢ
持,持,持,chí,chi,2,ㄔ
躶,躶,躶,luǒ,luo,3,ㄌㄨㄛ
钽,鉭,钽,dàn,dan,4,ㄉㄢ
䱚,䱚,䱚,lù,lu,4,ㄌㄨ
䦟,䦟,䦷,chuài,chuai,4,ㄔㄨㄞ
㼫,㼫,㼫,huàn,huan,4,ㄏㄨㄢ
鿛,鿛,鿛,鿛,鿛,,
崫,崫,崫,jué,jue,2,ㄐㄩㄝ
蚺,蚺,蚺,rán,ran,2,ㄖㄢ
三,三,三,sān,san,1,ㄙㄢ
䰔,䰔,䰔,pán,pan,2,ㄆㄢ
毾,毾,毾,tà,ta,4,ㄊㄚ
襏,襏,袯,bó,bo,2,ㄅㄛ
鮸,鮸,鮸,miǎn,mian,3,ㄇㄧㄢ
動,動,动,dòng,dong,4,ㄉㄨㄥ
胁,脅,胁,xié,xie,2,ㄒㄧㄝ
淍,淍,淍,zhōu,zhou,1,ㄓㄡ
㵝,㵝,㵝,yì,yi,4,ㄧ
秳,秳,秳,huó,huo,2,ㄏㄨㄛ
㤜,㤜,㤜,jué,jue,2,ㄐㄩㄝ
慜,慜,慜,mǐn,min,3,ㄇㄧㄣ
槕,槕,槕,zhuó,zhuo,2,ㄓㄨㄛ
鈤,鈤,鈤,rì,ri,4,ㄖ
踃,踃,踃,xiāo,xiao,1,ㄒㄧㄠ
䉩,䉩,䉩,䉩,䉩,,
猕,獼,猕,mí,mi,2,ㄇㄧ
蠒,蠒,蠒,jiǎn,jian,3,ㄐㄧㄢ
襚,襚,襚,sùi,sui,4,ㄙㄨㄟ
肼,肼,肼,jǐng,jing,3,ㄐㄧㄥ
㢫,㢫,㢫,㢫,㢫,,
卫,衛,卫,wèi,wei,4,ㄨㄟ
㢊,㢊,㢊,ǎi,ai,3,ㄞ
咚,咚,咚,dōng,dong,1,ㄉㄨㄥ
啚,啚,啚,bǐ,bi,3,ㄅㄧ
䬙,䬙,䬙,yáo,yao,2,ㄧㄠ
覩,覩,覩,dǔ,du,3,ㄉㄨ
鋕,鋕,鋕,zhì,zhi,4,ㄓ
㤀,㤀,㤀,㤀,㤀,,
䉾,䉾,䉾,mì,mi,4,ㄇㄧ
眢,眢,眢,yuān,yuan,1,ㄩㄢ
䨜,䨜,䨜,䨜,䨜,,
毐,毐,毐,ǎi,ai,3,ㄞ
阗,闐,阗,tián,tian,2,ㄊㄧㄢ
㚜,㚜,㚜,xù,xu,4,ㄒㄩ
豈,豈,岂,qǐ,qi,3,ㄑㄧ
䉝,䉝,䉝,qǐ,qi,3,ㄑㄧ
䜧,䜧,䜧,nǎo,nao,3,ㄋㄠ
灛,灛,灛,chǎn,chan,3,ㄔㄢ
䈡,䈡,䈡,䈡,䈡,,
䬆,䬆,䬆,lì,li,4,ㄌㄧ
䵸,䵸,䵸,䵸,䵸,,
慃,慃,慃,yǎng,yang,3,ㄧㄤ
㞊,㞊,㞊,xù,xu,4,ㄒㄩ
煎,煎,煎,jiān,jian,1,ㄐㄧㄢ
雋,雋,隽,jùn,jun,4,ㄐㄩㄣ
赂,賂,赂,lù,lu,4,ㄌㄨ
辸,辸,辸,réng,reng,2,ㄖㄥ
鼄,鼄,鼄,zhū,zhu,1,ㄓㄨ
䕰,䕰,䕰,bàn,ban,4,ㄅㄢ
娢,娢,娢,hán,han,2,ㄏㄢ
鏔,鏔,鏔,yí,yi,2,ㄧ
鱩,鱩,鱩,鱩,鱩,,
燅,燅,燅,xián,xian,2,ㄒㄧㄢ
㔛,㔛,㔛,㔛,㔛,,
㱖,㱖,㱖,cùi,cui,4,ㄘㄨㄟ
夔,夔,夔,kúi,kui,2,ㄎㄨㄟ
旘,旘,旘,zhì,zhi,4,ㄓ
髕,髕,髌,bìn,bin,4,ㄅㄧㄣ
蒹,蒹,蒹,jiān,jian,1,ㄐㄧㄢ
釯,釯,釯,máng,mang,2,ㄇㄤ
睲,睲,睲,xǐng,xing,3,ㄒㄧㄥ
鄏,鄏,鄏,rù,ru,4,ㄖㄨ
䬇,䬇,䬇,yuàn,yuan,4,ㄩㄢ
瘤,瘤,瘤,líu,liu,2,ㄌㄧㄡ
䥐,䥐,䥐,móu,mou,2,ㄇㄡ
䪈,䪈,䪈,qiǎn,qian,3,ㄑㄧㄢ
莌,莌,莌,duó,duo,2,ㄉㄨㄛ
㶭,㶭,㶭,jìu,jiu,4,ㄐㄧㄡ
戬,戩,戬,jiǎn,jian,3,ㄐㄧㄢ
胡,鬍,胡,hú,hu,2,ㄏㄨ
綥,綥,綥,qì,qi,4,ㄑㄧ
㧊,㧊,㧊,bá,ba,2,ㄅㄚ
鐱,鐱,鐱,qiān,qian,1,ㄑㄧㄢ
繱,繱,繱,cōng,cong,1,ㄘㄨㄥ
胛,胛,胛,jiǎ,jia,3,ㄐㄧㄚ
揄,揄,揄,yú,yu,2,ㄩ
彺,彺,彺,wáng,wang,2,ㄨㄤ
偕,偕,偕,xié,xie,2,ㄒㄧㄝ
呔,呔,呔,dāi,dai,1,ㄉㄞ
硌,硌,硌,luò,luo,4,ㄌㄨㄛ
傭,傭,佣,yōng,yong,1,ㄩㄥ
粌,粌,粌,粌,粌,,
飪,飪,饪,rèn,ren,4,ㄖㄣ
啰,囉,啰,luō,luo,1,ㄌㄨㄛ
摉,摉,摉,sōu,sou,1,ㄙㄡ
䠨,䠨,䠨,chàn,chan,4,ㄔㄢ
㳹,㳹,㳹,wǎng,wang,3,ㄨㄤ
㭀,㭀,㭀,㭀,㭀,,
㿣,㿣,㿣,hé,he,2,ㄏㄜ
肮,骯,肮,háng,hang,2,ㄏㄤ
跆,跆,跆,tái,tai,2,ㄊㄞ
烄,烄,烄,jiǎo,jiao,3,ㄐㄧㄠ
钀,钀,钀,niè,nie,4,ㄋㄧㄝ
璳,璳,璳,tián,tian,2,ㄊㄧㄢ
湢,湢,湢,bì,bi,4,ㄅㄧ
斱,斱,斱,zhuó,zhuo,2,ㄓㄨㄛ
篬,篬,篬,qiāng,qiang,1,ㄑㄧㄤ
甚,甚,甚,shén,shen,2,ㄕㄣ
餍,饜,餍,yàn,yan,4,ㄧㄢ
挬,挬,挬,bó,bo,2,ㄅㄛ
枠,枠,枠,枠,枠,,
砋,砋,砋,zhǐ,zhi,3,ㄓ
镸,镸,镸,cháng,chang,2,ㄔㄤ
䑹,䑹,䑹,䑹,䑹,,
唅,唅,唅,hān,han,1,ㄏㄢ
頻,頻,频,pín,pin,2,ㄆㄧㄣ
䙡,䙡,䙌,hùi,hui,4,ㄏㄨㄟ
䮜,䮜,䮜,shà,sha,4,ㄕㄚ
譈,譈,譈,dùi,dui,4,ㄉㄨㄟ
苆,苆,苆,苆,苆,,
㮵,㮵,㮵,㮵,㮵,,
藔,藔,藔,藔,藔,,
䂰,䂰,䂰,là,la,4,ㄌㄚ
䏻,䏻,䏻,néng,neng,2,ㄋㄥ
縵,縵,缦,màn,man,4,ㄇㄢ
辺,辺,辺,biān,bian,1,ㄅㄧㄢ
欷,欷,欷,xī,xi,1,ㄒㄧ
豦,豦,豦,qú,qu,2,ㄑㄩ
悍,悍,悍,hàn,han,4,ㄏㄢ
㣨,㣨,㣨,㣨,㣨,,
䧝,䧝,䧝,dì,di,4,ㄉㄧ
贾,賈,贾,jiǎ,jia,3,ㄐㄧㄚ
䦅,鐥,䦅,shàn,shan,4,ㄕㄢ
佋,佋,佋,shào,shao,4,ㄕㄠ
䍹,䍹,䍹,䍹,䍹,,
蹆,蹆,蹆,tǔi,tui,3,ㄊㄨㄟ
葟,葟,葟,huáng,huang,2,ㄏㄨㄤ
劰,劰,劰,miǎo,miao,3,ㄇㄧㄠ
邨,邨,邨,cūn,cun,1,ㄘㄨㄣ
渑,澠,渑,mǐn,min,3,ㄇㄧㄣ
䜹,䜹,䜹,shù,shu,4,ㄕㄨ
鵇,鵇,鵇,鵇,鵇,,
慍,慍,愠,yùn,yun,4,ㄩㄣ
輨,輨,輨,guǎn,guan,3,ㄍㄨㄢ
䂫,䂫,䂫,hóng,hong,2,ㄏㄨㄥ
䪱,䪱,䪱,gǎi,gai,3,ㄍㄞ
祢,禰,祢,mí,mi,2,ㄇㄧ
蔌,蔌,蔌,sù,su,4,ㄙㄨ
墝,墝,墝,qiāo,qiao,1,ㄑㄧㄠ
䓲,䓲,䓲,rùi,rui,4,ㄖㄨㄟ
瀰,瀰,弥,mí,mi,2,ㄇㄧ
支,支,支,zhī,zhi,1,ㄓ
鷬,鷬,鷬,huáng,huang,2,ㄏㄨㄤ
壩,壩,坝,bà,ba,4,ㄅㄚ
饵,餌,饵,ěr,er,3,ㄦ
繻,繻,繻,xū,xu,1,ㄒㄩ
鉺,鉺,铒,ěr,er,3,ㄦ
喰,喰,喰,cān,can,1,ㄘㄢ
暾,暾,暾,tūn,tun,1,ㄊㄨㄣ
禐,禐,禐,yuàn,yuan,4,ㄩㄢ
㛮,㛮,㛮,sǎo,sao,3,ㄙㄠ
鿢,鿢,鿢,鿢,鿢,,
橞,橞,橞,hùi,hui,4,ㄏㄨㄟ
硎,硎,硎,xíng,xing,2,ㄒㄧㄥ
䏹,䏹,䏹,xiàn,xian,4,ㄒㄧㄢ
䗢,䗢,䗢,suǒ,suo,3,ㄙㄨㄛ
㾕,㾕,㾕,shěn,shen,3,ㄕㄣ
咎,咎,咎,jìu,jiu,4,ㄐㄧㄡ
䦧,䦧,䦧,qié,qie,2,ㄑㄧㄝ
绿,綠,绿,lv̀,lu,4,ㄌㄨ
鮨,鮨,鮨,qí,qi,2,ㄑㄧ
餤,餤,餤,tán,tan,2,ㄊㄢ
燱,燱,燱,yì,yi,4,ㄧ
㑴,㑴,㑴,㑴,㑴,,
丿,丿,丿,piě,pie,3,ㄆㄧㄝ
懣,懣,懑,mèn,men,4,ㄇㄣ
祡,祡,祡,chái,chai,2,ㄔㄞ
翊,翊,翊,yì,yi,4,ㄧ
腏,腏,腏,chuò,chuo,4,ㄔㄨㄛ
鬺,鬺,鬺,shāng,shang,1,ㄕㄤ
鼙,鼙,鼙,pí,pi,2,ㄆㄧ
綐,綐,綐,dùi,dui,4,ㄉㄨㄟ
势,勢,势,shì,shi,4,ㄕ
枰,枰,枰,píng,ping,2,ㄆㄧㄥ
䲲,䲲,䲲,䲲,䲲,,
缼,缼,缼,缼,缼,,
財,財,财,cái,cai,2,ㄘㄞ
潜,潛,潜,qián,qian,2,ㄑㄧㄢ
篿,篿,篿,zhuān,zhuan,1,ㄓㄨㄢ
䙷,䙷,䙷,dé,de,2,ㄉㄜ
枬,枬,枬,nán,nan,2,ㄋㄢ
舝,舝,舝,xiá,xia,2,ㄒㄧㄚ
陜,陜,陜,xiá,xia,2,ㄒㄧㄚ
诽,誹,诽,fěi,fei,3,ㄈㄟ
㯙,㯙,㯙,chè,che,4,ㄔㄜ
袶,袶,袶,jiàng,jiang,4,ㄐㄧㄤ
匁,匁,匁,匁,匁,,
忑,忑,忑,tè,te,4,ㄊㄜ
橁,橁,橁,xún,xun,2,ㄒㄩㄣ
㲰,㲰,㲰,níng,ning,2,ㄋㄧㄥ
咈,咈,咈,fú,fu,2,ㄈㄨ
倂,倂,倂,bìng,bing,4,ㄅㄧㄥ
誙,誙,誙,héng,heng,2,ㄏㄥ
硯,硯,砚,yàn,yan,4,ㄧㄢ
苴,苴,苴,jū,ju,1,ㄐㄩ
䏕,䏕,䏕,rěn,ren,3,ㄖㄣ
鈉,鈉,钠,nà,na,4,ㄋㄚ
摘,摘,摘,zhāi,zhai,1,ㄓㄞ
㱘,㱘,㱘,àn,an,4,ㄢ
駕,駕,驾,jià,jia,4,ㄐㄧㄚ
餸,餸,餸,sòng,song,4,ㄙㄨㄥ
愺,愺,愺,cǎo,cao,3,ㄘㄠ
飫,飫,饫,yù,yu,4,ㄩ
㙣,㙣,㙣,zhàng,zhang,4,ㄓㄤ
脆,脆,脆,cùi,cui,4,ㄘㄨㄟ
梞,梞,梞,jì,ji,4,ㄐㄧ
砻,礱,砻,lóng,long,2,ㄌㄨㄥ
迎,迎,迎,yíng,ying,2,ㄧㄥ
籴,糴,籴,dí,di,2,ㄉㄧ
䠱,䠱,䠱,shǔ,shu,3,ㄕㄨ
阮,阮,阮,ruǎn,ruan,3,ㄖㄨㄢ
焚,焚,焚,fén,fen,2,ㄈㄣ
粨,粨,粨,bǎi,bai,3,ㄅㄞ
颹,颹,颹,wěi,wei,3,ㄨㄟ
撌,撌,撌,kùi,kui,4,ㄎㄨㄟ
㛱,㛱,㛱,rùi,rui,4,ㄖㄨㄟ
怗,怗,怗,tiē,tie,1,ㄊㄧㄝ
㳂,㳂,㳂,yán,yan,2,ㄧㄢ
崉,崉,崉,tà,ta,4,ㄊㄚ
縐,縐,绉,zhòu,zhou,4,ㄓㄡ
珇,珇,珇,zǔ,zu,3,ㄗㄨ
塙,塙,塙,què,que,4,ㄑㄩㄝ
韢,韢,韢,hùi,hui,4,ㄏㄨㄟ
䄖,䄖,䄖,䄖,䄖,,
峪,峪,峪,yù,yu,4,ㄩ
銈,銈,銈,jī,ji,1,ㄐㄧ
雵,雵,雵,ǎng,ang,3,ㄤ
墵,墵,墵,tán,tan,2,ㄊㄢ
㬼,㬼,㬼,fù,fu,4,ㄈㄨ
愸,愸,愸,zhěng,zheng,3,ㄓㄥ
謙,謙,谦,qiān,qian,1,ㄑㄧㄢ
㗩,㗩,㗩,xī,xi,1,ㄒㄧ
㔇,㔇,㔇,㔇,㔇,,
啽,啽,啽,án,an,2,ㄢ
鯜,鯜,鯜,qiè,qie,4,ㄑㄧㄝ
鏽,鏽,锈,xìu,xiu,4,ㄒㄧㄡ
鍳,鍳,鍳,jiàn,jian,4,ㄐㄧㄢ
䛍,䛍,䛍,fèi,fei,4,ㄈㄟ
敎,敎,敎,jiào,jiao,4,ㄐㄧㄠ
耗,耗,耗,hào,hao,4,ㄏㄠ
愙,愙,愙,kè,ke,4,ㄎㄜ
脖,脖,脖,bó,bo,2,ㄅㄛ
㴉,㴉,㴉,jǐ,ji,3,ㄐㄧ
氶,氶,氶,zhěng,zheng,3,ㄓㄥ
磉,磉,磉,sǎng,sang,3,ㄙㄤ
汸,汸,汸,fāng,fang,1,ㄈㄤ
颧,顴,颧,quán,quan,2,ㄑㄩㄢ
䎔,䎔,䎔,䎔,䎔,,
鮑,鮑,鲍,bào,bao,4,ㄅㄠ
絮,絮,絮,xù,xu,4,ㄒㄩ
薊,薊,蓟,jì,ji,4,ㄐㄧ
䡨,䡨,䡨,chà,cha,4,ㄔㄚ
窅,窅,窅,yǎo,yao,3,ㄧㄠ
摖,摖,摖,qì,qi,4,ㄑㄧ
伨,伨,伨,xùn,xun,4,ㄒㄩㄣ
蒙,濛,蒙,méng,meng,2,ㄇㄥ
䵋,䵋,䵋,wěi,wei,3,ㄨㄟ
件,件,件,jiàn,jian,4,ㄐㄧㄢ
耐,耐,耐,nài,nai,4,ㄋㄞ
倘,倘,倘,tǎng,tang,3,ㄊㄤ
䎨,䎨,䎨,àn,an,4,ㄢ
㽫,㽫,㽫,yǒng,yong,3,ㄩㄥ
咵,咵,咵,kuā,kua,1,ㄎㄨㄚ
㠬,㠬,㠬,㠬,㠬,,
苲,苲,苲,zhǎ,zha,3,ㄓㄚ
腯,腯,腯,tú,tu,2,ㄊㄨ
蟷,蟷,蟷,dāng,dang,1,ㄉㄤ
栴,栴,栴,zhān,zhan,1,ㄓㄢ
鸑,鸑,鸑,yuè,yue,4,ㄩㄝ
坟,墳,坟,fén,fen,2,ㄈㄣ
檋,檋,檋,jū,ju,1,ㄐㄩ
聝,聝,聝,guó,guo,2,ㄍㄨㄛ
窻,窻,窻,chuāng,chuang,1,ㄔㄨㄤ
㭔,㭔,㭔,lú,lu,2,ㄌㄨ
網,網,网,wǎng,wang,3,ㄨㄤ
㺒,㺒,㺒,liào,liao,4,ㄌㄧㄠ
瓻,瓻,瓻,chī,chi,1,ㄔ
黊,黊,黊,xī,xi,1,ㄒㄧ
鬮,鬮,阄,jīu,jiu,1,ㄐㄧㄡ
亸,嚲,亸,duǒ,duo,3,ㄉㄨㄛ
检,檢,检,jiǎn,jian,3,ㄐㄧㄢ
瞩,矚,瞩,zhǔ,zhu,3,ㄓㄨ
䔎,䔎,䔎,sù,su,4,ㄙㄨ
查,查,查,chá,cha,2,ㄔㄚ
荧,熒,荧,yíng,ying,2,ㄧㄥ
浵,浵,浵,tóng,tong,2,ㄊㄨㄥ
柤,柤,柤,zhā,zha,1,ㄓㄚ
䚶,䚶,䚶,䚶,䚶,,
鵚,鵚,鵚,tú,tu,2,ㄊㄨ
矖,矖,矖,xǐ,xi,3,ㄒㄧ
覫,覫,覫,pǎng,pang,3,ㄆㄤ
束,束,束,shù,shu,4,ㄕㄨ
囵,圇,囵,lún,lun,2,ㄌㄨㄣ
濑,瀨,濑,lài,lai,4,ㄌㄞ
㚻,㚻,㚻,㚻,㚻,,
䪶,䪶,䪶,䪶,䪶,,
淖,淖,淖,nào,nao,4,ㄋㄠ
粝,糲,粝,lì,li,4,ㄌㄧ
䬦,䬦,䬦,dòu,dou,4,ㄉㄡ
蚋,蚋,蚋,rùi,rui,4,ㄖㄨㄟ
䯡,䯡,䯡,jiǎn,jian,3,ㄐㄧㄢ
䔰,䔰,䔰,fú,fu,2,ㄈㄨ
䥄,䥄,䥄,cù,cu,4,ㄘㄨ
兺,兺,兺,兺,兺,,
烂,爛,烂,làn,lan,4,ㄌㄢ
嫍,嫍,嫍,tāo,tao,1,ㄊㄠ
蒐,蒐,蒐,sōu,sou,1,ㄙㄡ
蛾,蛾,蛾,é,e,2,ㄜ
泬,泬,泬,xuè,xue,4,ㄒㄩㄝ
镒,鎰,镒,yì,yi,4,ㄧ
錍,錍,錍,pí,pi,2,ㄆㄧ
滰,滰,滰,jiǎng,jiang,3,ㄐㄧㄤ
璭,璭,璭,gùn,gun,4,ㄍㄨㄣ
敄,敄,敄,wù,wu,4,ㄨ
㾒,㾒,㾒,jì,ji,4,ㄐㄧ
师,師,师,shī,shi,1,ㄕ
裶,裶,裶,fēi,fei,1,ㄈㄟ
䠙,䠙,䠙,bèi,bei,4,ㄅㄟ
鷯,鷯,鹩,liáo,liao,2,ㄌㄧㄠ
䯊,䯊,䯊,qià,qia,4,ㄑㄧㄚ
悑,悑,悑,bù,bu,4,ㄅㄨ
瘣,瘣,瘣,lěi,lei,3,ㄌㄟ
檻,檻,槛,jiàn,jian,4,ㄐㄧㄢ
幛,幛,幛,zhàng,zhang,4,ㄓㄤ
玏,玏,玏,lè,le,4,ㄌㄜ
鿻,鿻,鿻,鿻,鿻,,
惊,驚,惊,liáng,liang,2,ㄌㄧㄤ
歎,歎,叹,tàn,tan,4,ㄊㄢ
筼,筼,筼,yún,yun,2,ㄩㄣ
恿,恿,恿,yǒng,yong,3,ㄩㄥ
徶,徶,徶,biè,bie,4,ㄅㄧㄝ
壛,壛,壛,yán,yan,2,ㄧㄢ
诈,詐,诈,zhà,zha,4,ㄓㄚ
莧,莧,苋,xiàn,xian,4,ㄒㄧㄢ
馮,馮,冯,féng,feng,2,ㄈㄥ
埼,埼,埼,qí,qi,2,ㄑㄧ
騪,騪,騪,sōu,sou,1,ㄙㄡ
鏷,鏷,镤,pú,pu,2,ㄆㄨ
涡,渦,涡,wō,wo,1,ㄨㄛ
氰,氰,氰,qīng,qing,1,ㄑㄧㄥ
訓,訓,训,xùn,xun,4,ㄒㄩㄣ
袇,袇,袇,rán,ran,2,ㄖㄢ
狰,猙,狰,zhēng,zheng,1,ㄓㄥ
贁,贁,贁,bài,bai,4,ㄅㄞ
鏝,鏝,镘,màn,man,4,ㄇㄢ
刻,刻,刻,kè,ke,4,ㄎㄜ
祧,祧,祧,tiāo,tiao,1,ㄊㄧㄠ
檉,檉,柽,chēng,cheng,1,ㄔㄥ
糣,糣,糣,sǎn,san,3,ㄙㄢ
逇,逇,逇,dùn,dun,4,ㄉㄨㄣ
酽,釅,酽,yàn,yan,4,ㄧㄢ
鑋,鑋,鑋,qìng,qing,4,ㄑㄧㄥ
敻,敻,敻,xiòng,xiong,4,ㄒㄩㄥ
甿,甿,甿,méng,meng,2,ㄇㄥ
症,癥,症,zhèng,zheng,4,ㄓㄥ
锆,鋯,锆,gào,gao,4,ㄍㄠ
䁀,䁀,䁀,䁀,䁀,,
脈,脈,脉,mài,mai,4,ㄇㄞ
䡙,䡙,䡙,láng,lang,2,ㄌㄤ
氼,氼,氼,nì,ni,4,ㄋㄧ
钶,鈳,钶,ē,e,1,ㄜ
凣,凣,凣,fán,fan,2,ㄈㄢ
斞,斞,斞,yǔ,yu,3,ㄩ
芞,芞,芞,qǐ,qi,3,ㄑㄧ
柪,柪,柪,āo,ao,1,ㄠ
䝵,䝵,䝵,bù,bu,4,ㄅㄨ
䛲,䛲,䛲,mán,man,2,ㄇㄢ
䮫,䮫,䮫,lóu,lou,2,ㄌㄡ
詑,詑,詑,tuó,tuo,2,ㄊㄨㄛ
逮,逮,逮,dài,dai,4,ㄉㄞ
㒙,㒙,㒙,mián,mian,2,ㄇㄧㄢ
棱,棱,棱,léng,leng,2,ㄌㄥ
隂,隂,隂,yīn,yin,1,ㄧㄣ
䛼,䛼,䛼,hǔi,hui,3,ㄏㄨㄟ
㥴,㥴,㥴,yí,yi,2,ㄧ
祖,祖,祖,zǔ,zu,3,ㄗㄨ
誋,誋,誋,jì,ji,4,ㄐㄧ
倯,倯,倯,sōng,song,1,ㄙㄨㄥ
䊅,䊅,䊅,míng,ming,2,ㄇㄧㄥ
噂,噂,噂,zǔn,zun,3,ㄗㄨㄣ
㫜,㫜,㫜,dàn,dan,4,ㄉㄢ
凊,凊,凊,qìng,qing,4,ㄑㄧㄥ
景,景,景,jǐng,jing,3,ㄐㄧㄥ
源,源,源,yuán,yuan,2,ㄩㄢ
錾,鏨,錾,zàn,zan,4,ㄗㄢ
臾,臾,臾,yú,yu,2,ㄩ
蠖,蠖,蠖,huò,huo,4,ㄏㄨㄛ
鐖,鐖,鐖,jī,ji,1,ㄐㄧ
闒,闒,阘,tà,ta,4,ㄊㄚ
戏,戲,戏,xì,xi,4,ㄒㄧ
览,覽,览,lǎn,lan,3,ㄌㄢ
蛕,蛕,蛕,húi,hui,2,ㄏㄨㄟ
鱡,鱡,鱡,zéi,zei,2,ㄗㄟ
栔,栔,栔,qì,qi,4,ㄑㄧ
酎,酎,酎,zhòu,zhou,4,ㄓㄡ
黃,黃,黄,huáng,huang,2,ㄏㄨㄤ
鉋,鉋,鉋,bào,bao,4,ㄅㄠ
啞,啞,哑,yǎ,ya,3,ㄧㄚ
獢,獢,獢,xiāo,xiao,1,ㄒㄧㄠ
㡐,㡐,㡐,㡐,㡐,,
㰳,㰳,㰳,yà,ya,4,ㄧㄚ
埑,埑,埑,zhé,zhe,2,ㄓㄜ
懨,懨,恹,yān,yan,1,ㄧㄢ
乚,乚,乚,yǐn,yin,3,ㄧㄣ
渢,渢,沨,féng,feng,2,ㄈㄥ
嚚,嚚,嚚,yín,yin,2,ㄧㄣ
忧,憂,忧,yōu,you,1,ㄧㄡ
檍,檍,檍,yì,yi,4,ㄧ
䓬,䓬,䓬,䓬,䓬,,
㲵,㲵,㲵,㲵,㲵,,
鍹,鍹,鍹,xuān,xuan,1,ㄒㄩㄢ
䃾,䃾,䃾,bǐ,bi,3,ㄅㄧ
蕙,蕙,蕙,hùi,hui,4,ㄏㄨㄟ
暄,暄,暄,xuān,xuan,1,ㄒㄩㄢ
䭇,䭇,䭇,yì,yi,4,ㄧ
燖,燖,燖,xún,xun,2,ㄒㄩㄣ
镋,钂,镋,tǎng,tang,3,ㄊㄤ
掺,摻,掺,xiān,xian,1,ㄒㄧㄢ
虫,蟲,虫,chóng,chong,2,ㄔㄨㄥ
諯,諯,諯,chuán,chuan,2,ㄔㄨㄢ
键,鍵,键,jiàn,jian,4,ㄐㄧㄢ
躉,躉,趸,dǔn,dun,3,ㄉㄨㄣ
珆,珆,珆,yí,yi,2,ㄧ
殨,殨,㱮,hùi,hui,4,ㄏㄨㄟ
䤗,䤗,䤗,gǎn,gan,3,ㄍㄢ
䚡,䚡,䚡,䚡,䚡,,
璕,璕,璕,xún,xun,2,ㄒㄩㄣ
匚,匚,匚,fāng,fang,1,ㄈㄤ
㿚,㿚,㿚,luò,luo,4,ㄌㄨㄛ
瓈,瓈,瓈,lí,li,2,ㄌㄧ
谝,諞,谝,pián,pian,2,ㄆㄧㄢ
烏,烏,乌,wū,wu,1,ㄨ
儀,儀,仪,yí,yi,2,ㄧ
镇,鎮,镇,zhèn,zhen,4,ㄓㄣ
銹,銹,锈,xìu,xiu,4,ㄒㄧㄡ
䂱,䂱,䂱,cùi,cui,4,ㄘㄨㄟ
㞩,㞩,㞩,lán,lan,2,ㄌㄢ
綂,綂,綂,tǒng,tong,3,ㄊㄨㄥ
譽,譽,誉,yù,yu,4,ㄩ
䫑,䫑,䫑,䫑,䫑,,
䡭,䡭,䡭,䡭,䡭,,
襉,襉,裥,jiàn,jian,4,ㄐㄧㄢ
敉,敉,敉,mǐ,mi,3,ㄇㄧ
蛡,蛡,蛡,yì,yi,4,ㄧ
胕,胕,胕,fù,fu,4,ㄈㄨ
鬬,鬬,鬬,dòu,dou,4,ㄉㄡ
鈨,鈨,鈨,鈨,鈨,,
濞,濞,濞,pì,pi,4,ㄆㄧ
莝,莝,莝,cuò,cuo,4,ㄘㄨㄛ
㛏,㛏,㛏,òu,ou,4,ㄡ
䈸,䈸,䈸,hú,hu,2,ㄏㄨ
㕓,㕓,㕓,㕓,㕓,,
鉥,鉥,鉥,shù,shu,4,ㄕㄨ
䲑,䲑,䲑,yí,yi,2,ㄧ
巢,巢,巢,cháo,chao,2,ㄔㄠ
爁,爁,爁,làn,lan,4,ㄌㄢ
鯍,鯍,鯍,méng,meng,2,ㄇㄥ
訿,訿,訿,zǐ,zi,3,ㄗ
赴,赴,赴,fù,fu,4,ㄈㄨ
癔,癔,癔,yì,yi,4,ㄧ
稹,稹,稹,zhěn,zhen,3,ㄓㄣ
濪,濪,濪,jìng,jing,4,ㄐㄧㄥ
樼,樼,樼,zhēn,zhen,1,ㄓㄣ
㦲,㦲,㦲,㦲,㦲,,
燹,燹,燹,xiǎn,xian,3,ㄒㄧㄢ
镕,鎔,镕,róng,rong,2,ㄖㄨㄥ
庬,庬,庬,páng,pang,2,ㄆㄤ
壁,壁,壁,bì,bi,4,ㄅㄧ
誐,誐,誐,é,e,2,ㄜ
侷,侷,侷,jú,ju,2,ㄐㄩ
诞,誕,诞,dàn,dan,4,ㄉㄢ
迕,迕,迕,wù,wu,4,ㄨ
薧,薧,薧,kǎo,kao,3,ㄎㄠ
衼,衼,衼,zhī,zhi,1,ㄓ
讷,訥,讷,nè,ne,4,ㄋㄜ
銑,銑,铣,xiǎn,xian,3,ㄒㄧㄢ
懶,懶,懒,lǎn,lan,3,ㄌㄢ
㕋,㕋,㕋,jìng,jing,4,ㄐㄧㄥ
䦩,䦩,䦩,䦩,䦩,,
圸,圸,圸,圸,圸,,
镺,镺,镺,ǎo,ao,3,ㄠ
頽,頽,頽,túi,tui,2,ㄊㄨㄟ
弛,弛,弛,chí,chi,2,ㄔ
煰,煰,煰,gào,gao,4,ㄍㄠ
揙,揙,揙,biàn,bian,4,ㄅㄧㄢ
茞,茞,茞,chén,chen,2,ㄔㄣ
掞,掞,掞,shàn,shan,4,ㄕㄢ
先,先,先,xiān,xian,1,ㄒㄧㄢ
冶,冶,冶,yě,ye,3,ㄧㄝ
澥,澥,澥,xiè,xie,4,ㄒㄧㄝ
焣,焣,焣,jù,ju,4,ㄐㄩ
坚,堅,坚,jiān,jian,1,ㄐㄧㄢ
鯥,鯥,鯥,lù,lu,4,ㄌㄨ
倉,倉,仓,cāng,cang,1,ㄘㄤ
攸,攸,攸,yōu,you,1,ㄧㄡ
殇,殤,殇,shāng,shang,1,ㄕㄤ
檨,檨,檨,shē,she,1,ㄕㄜ
蹅,蹅,蹅,chǎ,cha,3,ㄔㄚ
腡,腡,脶,guā,gua,1,ㄍㄨㄚ
这,這,这,zhè,zhe,4,ㄓㄜ
䆧,䆧,䆧,䆧,䆧,,
䛕,䛕,䛕,yù,yu,4,ㄩ
藩,藩,藩,fán,fan,2,ㄈㄢ
正,正,正,zhèng,zheng,4,ㄓㄥ
婉,婉,婉,wǎn,wan,3,ㄨㄢ
䬚,䬚,䬚,䬚,䬚,,
䠲,䠲,䠲,líng,ling,2,ㄌㄧㄥ
弄,弄,弄,nòng,nong,4,ㄋㄨㄥ
䑊,䑊,䑊,wéi,wei,2,ㄨㄟ
斿,斿,斿,yóu,you,2,ㄧㄡ
澱,澱,淀,diàn,dian,4,ㄉㄧㄢ
铽,鋱,铽,tè,te,4,ㄊㄜ
怫,怫,怫,fú,fu,2,ㄈㄨ
譙,譙,谯,qiáo,qiao,2,ㄑㄧㄠ
毗,毗,毗,pí,pi,2,ㄆㄧ
譯,譯,译,yì,yi,4,ㄧ
涳,涳,涳,kōng,kong,1,ㄎㄨㄥ
签,簽,签,qiān,qian,1,ㄑㄧㄢ
䳂,䳂,䳂,tiáo,tiao,2,ㄊㄧㄠ
薚,薚,薚,táng,tang,2,ㄊㄤ
箛,箛,箛,gū,gu,1,ㄍㄨ
聫,聫,聫,lián,lian,2,ㄌㄧㄢ
维,維,维,wéi,wei,2,ㄨㄟ
㬮,㬮,㬮,kuài,kuai,4,ㄎㄨㄞ
䲟,鮣,䲟,yìn,yin,4,ㄧㄣ
㓏,㓏,㓏,jiǒng,jiong,3,ㄐㄩㄥ
曲,麯,曲,qū,qu,1,ㄑㄩ
竌,竌,竌,chù,chu,4,ㄔㄨ
佄,佄,佄,hán,han,2,ㄏㄢ
霺,霺,霺,wéi,wei,2,ㄨㄟ
晎,晎,晎,hǒng,hong,3,ㄏㄨㄥ
㒚,㒚,㒚,wěn,wen,3,ㄨㄣ
翷,翷,翷,lín,lin,2,ㄌㄧㄣ
罜,罜,罜,zhǔ,zhu,3,ㄓㄨ
闳,閎,闳,hóng,hong,2,ㄏㄨㄥ
襬,襬,摆,bǎi,bai,3,ㄅㄞ
䌸,䌸,䌸,juàn,juan,4,ㄐㄩㄢ
麂,麂,麂,jǐ,ji,3,ㄐㄧ
劆,劆,劆,lián,lian,2,ㄌㄧㄢ
榿,榿,桤,qī,qi,1,ㄑㄧ
瞂,瞂,瞂,fā,fa,1,ㄈㄚ
㒉,㒉,㒉,tǎng,tang,3,ㄊㄤ
䃤,䃤,䃤,sù,su,4,ㄙㄨ
上,上,上,shàng,shang,4,ㄕㄤ
預,預,预,yù,yu,4,ㄩ
㮋,㮋,㮋,yǒu,you,3,ㄧㄡ
嵈,嵈,嵈,huǎn,huan,3,ㄏㄨㄢ
杋,杋,杋,fān,fan,1,ㄈㄢ
籇,籇,籇,háo,hao,2,ㄏㄠ
瑚,瑚,瑚,hú,hu,2,ㄏㄨ
㱇,㱇,㱇,sè,se,4,ㄙㄜ
嬫,嬫,嬫,嬫,嬫,,
䝻,䝻,䝻,䝻,䝻,,
繼,繼,继,jì,ji,4,ㄐㄧ
斯,斯,斯,sī,si,1,ㄙ
翹,翹,翘,qiáo,qiao,2,ㄑㄧㄠ
遒,遒,遒,qíu,qiu,2,ㄑㄧㄡ
讹,訛,讹,é,e,2,ㄜ
面,麵,面,miàn,mian,4,ㄇㄧㄢ
盭,盭,盭,lì,li,4,ㄌㄧ
鶏,鶏,鶏,jī,ji,1,ㄐㄧ
窜,竄,窜,cuàn,cuan,4,ㄘㄨㄢ
朻,朻,朻,jīu,jiu,1,ㄐㄧㄡ
昨,昨,昨,zuó,zuo,2,ㄗㄨㄛ
㜶,㜶,㜶,wǎn,wan,3,ㄨㄢ
坧,坧,坧,zhī,zhi,1,ㄓ
鶞,鶞,鶞,chūn,chun,1,ㄔㄨㄣ
漉,漉,漉,lù,lu,4,ㄌㄨ
抛,拋,抛,pāo,pao,1,ㄆㄠ
匣,匣,匣,xiá,xia,2,ㄒㄧㄚ
荿,荿,荿,chéng,cheng,2,ㄔㄥ
䨏,䨏,䨏,cí,ci,2,ㄘ
菼,菼,菼,tǎn,tan,3,ㄊㄢ
灊,灊,灊,qián,qian,2,ㄑㄧㄢ
邋,邋,邋,lá,la,2,ㄌㄚ
䳃,䳃,䳃,wǎn,wan,3,ㄨㄢ
蔺,藺,蔺,lìn,lin,4,ㄌㄧㄣ
骃,駰,骃,yīn,yin,1,ㄧㄣ
䂤,䂤,䂤,fù,fu,4,ㄈㄨ
謆,謆,謆,shàn,shan,4,ㄕㄢ
饣,饣,饣,shí,shi,2,ㄕ
鄊,鄊,鄊,xiāng,xiang,1,ㄒㄧㄤ
靣,靣,靣,miàn,mian,4,ㄇㄧㄢ
䅻,䅻,䅻,lí,li,2,ㄌㄧ
迼,迼,迼,jié,jie,2,ㄐㄧㄝ
刼,刼,刼,jié,jie,2,ㄐㄧㄝ
䂎,䂎,䂎,zuǎn,zuan,3,ㄗㄨㄢ
承,承,承,chéng,cheng,2,ㄔㄥ
䗮,䗮,䗮,shuǎng,shuang,3,ㄕㄨㄤ
棅,棅,棅,bìng,bing,4,ㄅㄧㄥ
䔦,䔦,䔦,䔦,䔦,,
湿,濕,湿,shī,shi,1,ㄕ
狮,獅,狮,shī,shi,1,ㄕ
沼,沼,沼,zhǎo,zhao,3,ㄓㄠ
䌙,䌙,䌙,huǎng,huang,3,ㄏㄨㄤ
叠,疊,叠,dié,die,2,ㄉㄧㄝ
鱲,鱲,鱲,liè,lie,4,ㄌㄧㄝ
蟗,蟗,蟗,qīu,qiu,1,ㄑㄧㄡ
圠,圠,圠,yà,ya,4,ㄧㄚ
墚,墚,墚,liáng,liang,2,ㄌㄧㄤ
肅,肅,肃,sù,su,4,ㄙㄨ
䄅,䄅,䄅,juàn,juan,4,ㄐㄩㄢ
苖,苖,苖,dǐ,di,3,ㄉㄧ
辊,輥,辊,gǔn,gun,3,ㄍㄨㄣ
拼,拼,拼,pīn,pin,1,ㄆㄧㄣ
㳫,㳫,㳫,tà,ta,4,ㄊㄚ
䑖,䑖,䑖,䑖,䑖,,
劊,劊,刽,gùi,gui,4,ㄍㄨㄟ
惗,惗,惗,niē,nie,1,ㄋㄧㄝ
岶,岶,岶,pò,po,4,ㄆㄛ
曹,曹,曹,cáo,cao,2,ㄘㄠ
㣒,㣒,㣒,cèng,ceng,4,ㄘㄥ
錓,錓,錓,kōng,kong,1,ㄎㄨㄥ
揨,揨,揨,chéng,cheng,2,ㄔㄥ
䕳,䕳,䕳,mí,mi,2,ㄇㄧ
䋟,䋟,䋟,jì,ji,4,ㄐㄧ
鉣,鉣,鉣,jié,jie,2,ㄐㄧㄝ
繳,繳,缴,jiǎo,jiao,3,ㄐㄧㄠ
腬,腬,腬,róu,rou,2,ㄖㄡ
勇,勇,勇,yǒng,yong,3,ㄩㄥ
嚋,嚋,嚋,chóu,chou,2,ㄔㄡ
貯,貯,贮,zhǔ,zhu,3,ㄓㄨ
硹,硹,硹,sōng,song,1,ㄙㄨㄥ
夭,夭,夭,yāo,yao,1,ㄧㄠ
裸,裸,裸,luǒ,luo,3,ㄌㄨㄛ
杨,楊,杨,yáng,yang,2,ㄧㄤ
䳬,䳬,䳬,è,e,4,ㄜ
麳,麳,麳,lái,lai,2,ㄌㄞ
诰,誥,诰,gào,gao,4,ㄍㄠ
䚄,䚄,䚄,lù,lu,4,ㄌㄨ
焮,焮,焮,xìn,xin,4,ㄒㄧㄣ
擅,擅,擅,shàn,shan,4,ㄕㄢ
蛐,蛐,蛐,qū,qu,1,ㄑㄩ
答,答,答,dá,da,2,ㄉㄚ
㭃,㭃,㭃,㭃,㭃,,
䕏,䕏,䕏,é,e,2,ㄜ
壈,壈,壈,lǎn,lan,3,ㄌㄢ
詫,詫,诧,chà,cha,4,ㄔㄚ
店,店,店,diàn,dian,4,ㄉㄧㄢ
禿,禿,秃,tū,tu,1,ㄊㄨ
蠙,蠙,蠙,bīn,bin,1,ㄅㄧㄣ
韂,韂,韂,chàn,chan,4,ㄔㄢ
鰳,鰳,鳓,lè,le,4,ㄌㄜ
鹮,鹮,鹮,xuán,xuan,2,ㄒㄩㄢ
驭,馭,驭,yù,yu,4,ㄩ
䏦,䏦,䏦,huá,hua,2,ㄏㄨㄚ
怞,怞,怞,chōu,chou,1,ㄔㄡ
㕆,㕆,㕆,hù,hu,4,ㄏㄨ
㷡,㷡,㷡,jiǒng,jiong,3,ㄐㄩㄥ
䓠,䓠,䓠,tà,ta,4,ㄊㄚ
逓,逓,逓,dì,di,4,ㄉㄧ
嵅,嵅,嵅,gān,gan,1,ㄍㄢ
縪,縪,縪,bì,bi,4,ㄅㄧ
嘒,嘒,嘒,hùi,hui,4,ㄏㄨㄟ
眴,眴,眴,xuàn,xuan,4,ㄒㄩㄢ
䤡,䤡,䤡,rǎn,ran,3,ㄖㄢ
埢,埢,埢,juǎn,juan,3,ㄐㄩㄢ
酉,酉,酉,yǒu,you,3,ㄧㄡ
突,突,突,tū,tu,1,ㄊㄨ
皞,皞,皞,hào,hao,4,ㄏㄠ
顸,頇,顸,hān,han,1,ㄏㄢ
㦚,㦚,㦚,biǎn,bian,3,ㄅㄧㄢ
陪,陪,陪,péi,pei,2,ㄆㄟ
䊡,䊡,䊡,mán,man,2,ㄇㄢ
輄,輄,輄,guāng,guang,1,ㄍㄨㄤ
㑼,㑼,㑼,lvè,lue,4,
潼,潼,潼,tóng,tong,2,ㄊㄨㄥ
陬,陬,陬,zōu,zou,1,ㄗㄡ
浠,浠,浠,xī,xi,1,ㄒㄧ
檂,檂,檂,nóng,nong,2,ㄋㄨㄥ
㒷,㒷,㒷,guǎ,gua,3,ㄍㄨㄚ
夊,夊,夊,sūi,sui,1,ㄙㄨㄟ
賉,賉,賉,xù,xu,4,ㄒㄩ
豗,豗,豗,hūi,hui,1,ㄏㄨㄟ
軨,軨,軨,líng,ling,2,ㄌㄧㄥ
爭,爭,争,zhēng,zheng,1,ㄓㄥ
㙂,㙂,㙂,dùi,dui,4,ㄉㄨㄟ
褪,褪,褪,tùn,tun,4,ㄊㄨㄣ
貢,貢,贡,gòng,gong,4,ㄍㄨㄥ
䏨,䏨,䏨,hǔi,hui,3,ㄏㄨㄟ
䗃,䗃,䗃,zhàn,zhan,4,ㄓㄢ
翜,翜,翜,sè,se,4,ㄙㄜ
綻,綻,绽,zhàn,zhan,4,ㄓㄢ
锩,錈,锩,juàn,juan,4,ㄐㄩㄢ
湴,湴,湴,bàn,ban,4,ㄅㄢ
邳,邳,邳,péi,pei,2,ㄆㄟ
愵,愵,愵,nì,ni,4,ㄋㄧ
邓,鄧,邓,dèng,deng,4,ㄉㄥ
皼,皼,皼,gǔ,gu,3,ㄍㄨ
庖,庖,庖,páo,pao,2,ㄆㄠ
躵,躵,躵,躵,躵,,
炊,炊,炊,chūi,chui,1,ㄔㄨㄟ
萪,萪,萪,kē,ke,1,ㄎㄜ
旔,旔,旔,jiàn,jian,4,ㄐㄧㄢ
㰻,㰻,㰻,yǐ,yi,3,ㄧ
蠴,蠴,蠴,蠴,蠴,,
隞,隞,隞,áo,ao,2,ㄠ
兗,兗,兖,yǎn,yan,3,ㄧㄢ
扥,扥,扥,tuō,tuo,1,ㄊㄨㄛ
㛋,㛋,㛋,㛋,㛋,,
㺞,㺞,㺞,yú,yu,2,ㄩ
籷,籷,籷,zhé,zhe,2,ㄓㄜ
遵,遵,遵,zūn,zun,1,ㄗㄨㄣ
婯,婯,婯,lì,li,4,ㄌㄧ
臱,臱,臱,mián,mian,2,ㄇㄧㄢ
矴,矴,矴,dìng,ding,4,ㄉㄧㄥ
䂷,䂷,䂷,䂷,䂷,,
䟢,䟢,䟢,chén,chen,2,ㄔㄣ
伯,伯,伯,bó,bo,2,ㄅㄛ
㣧,㣧,㣧,yìn,yin,4,ㄧㄣ
㨊,㨊,㨊,wěi,wei,3,ㄨㄟ
蘐,蘐,蘐,xiān,xian,1,ㄒㄧㄢ
珼,珼,珼,bèi,bei,4,ㄅㄟ
攊,攊,攊,lì,li,4,ㄌㄧ
穮,穮,穮,biāo,biao,1,ㄅㄧㄠ
浗,浗,浗,qíu,qiu,2,ㄑㄧㄡ
絗,絗,絗,hú,hu,2,ㄏㄨ
嶻,嶻,嶻,zá,za,2,ㄗㄚ
䃧,䃧,䃧,lóng,long,2,ㄌㄨㄥ
锲,鍥,锲,qiè,qie,4,ㄑㄧㄝ
語,語,语,yǔ,yu,3,ㄩ
㕍,㕍,㕍,㕍,㕍,,
帞,帞,帞,mò,mo,4,ㄇㄛ
遴,遴,遴,lín,lin,2,ㄌㄧㄣ
贷,貸,贷,dài,dai,4,ㄉㄞ
隯,隯,隯,dǎo,dao,3,ㄉㄠ
笻,笻,笻,qióng,qiong,2,ㄑㄩㄥ
鈀,鈀,钯,bǎ,ba,3,ㄅㄚ
䰶,䰶,䰶,䰶,䰶,,
猈,猈,猈,bà,ba,4,ㄅㄚ
葷,葷,荤,hūn,hun,1,ㄏㄨㄣ
霐,霐,霐,wēng,weng,1,ㄨㄥ
阅,閱,阅,yuè,yue,4,ㄩㄝ
㱃,㱃,㱃,yǐn,yin,3,ㄧㄣ
端,端,端,duān,duan,1,ㄉㄨㄢ
潄,潄,潄,shù,shu,4,ㄕㄨ
滆,滆,滆,hé,he,2,ㄏㄜ
埨,埨,埨,lǔn,lun,3,ㄌㄨㄣ
嗗,嗗,嗗,wā,wa,1,ㄨㄚ
㝱,㝱,㝱,mèng,meng,4,ㄇㄥ
䓌,䓌,䓌,zhì,zhi,4,ㄓ
珜,珜,珜,yáng,yang,2,ㄧㄤ
恬,恬,恬,tián,tian,2,ㄊㄧㄢ
䢗,䢗,䢗,hé,he,2,ㄏㄜ
殭,殭,殭,jiāng,jiang,1,ㄐㄧㄤ
郼,郼,郼,yī,yi,1,ㄧ
鷛,鷛,鷛,róng,rong,2,ㄖㄨㄥ
㦂,㦂,㦂,cháng,chang,2,ㄔㄤ
囟,囟,囟,xìn,xin,4,ㄒㄧㄣ
疈,疈,疈,bò,bo,4,ㄅㄛ
痜,痜,痜,tū,tu,1,ㄊㄨ
闡,闡,阐,chǎn,chan,3,ㄔㄢ
慅,慅,慅,sāo,sao,1,ㄙㄠ
玫,玫,玫,méi,mei,2,ㄇㄟ
䘹,䘹,䘹,zùi,zui,4,ㄗㄨㄟ
䛷,䛷,䛷,wǎn,wan,3,ㄨㄢ
処,処,処,chǔ,chu,3,ㄔㄨ
牘,牘,牍,dú,du,2,ㄉㄨ
讒,讒,谗,chán,chan,2,ㄔㄢ
褝,褝,褝,褝,褝,,
哲,哲,哲,zhé,zhe,2,ㄓㄜ
㩐,㩐,㩐,㩐,㩐,,
壯,壯,壮,zhuàng,zhuang,4,ㄓㄨㄤ
䃱,䃱,䃱,xiàn,xian,4,ㄒㄧㄢ
儜,儜,儜,níng,ning,2,ㄋㄧㄥ
蹌,蹌,跄,qiāng,qiang,1,ㄑㄧㄤ
邜,邜,邜,邜,邜,,
鿯,鿯,鿯,鿯,鿯,,
仲,仲,仲,zhòng,zhong,4,ㄓㄨㄥ
饢,饢,馕,nǎng,nang,3,ㄋㄤ
鵉,鵉,鵉,luán,luan,2,ㄌㄨㄢ
切,切,切,qiē,qie,1,ㄑㄧㄝ
桬,桬,桬,shā,sha,1,ㄕㄚ
珋,珋,珋,lǐu,liu,3,ㄌㄧㄡ
亡,亡,亡,wáng,wang,2,ㄨㄤ
焺,焺,焺,shēng,sheng,1,ㄕㄥ
婀,婀,婀,ē,e,1,ㄜ
鐭,鐭,鐭,yù,yu,4,ㄩ
愴,愴,怆,chuàng,chuang,4,ㄔㄨㄤ
珐,琺,珐,fà,fa,4,ㄈㄚ
貕,貕,貕,xī,xi,1,ㄒㄧ
䧉,䧉,䧉,lǐ,li,3,ㄌㄧ
㾑,㾑,㾑,dá,da,2,ㄉㄚ
幘,幘,帻,zé,ze,2,ㄗㄜ
鲟,鱘,鲟,xún,xun,2,ㄒㄩㄣ
㫫,㫫,㫫,xiǎn,xian,3,ㄒㄧㄢ
倡,倡,倡,chàng,chang,4,ㄔㄤ
弦,弦,弦,xián,xian,2,ㄒㄧㄢ
滵,滵,滵,mì,mi,4,ㄇㄧ
駭,駭,骇,hài,hai,4,ㄏㄞ
紥,紥,紥,zhá,zha,2,ㄓㄚ
吹,吹,吹,chūi,chui,1,ㄔㄨㄟ
㧸,㧸,㧸,㧸,㧸,,
㩖,㩖,㩖,qiáng,qiang,2,ㄑㄧㄤ
輱,輱,輱,xián,xian,2,ㄒㄧㄢ
偿,償,偿,cháng,chang,2,ㄔㄤ
脭,脭,脭,chéng,cheng,2,ㄔㄥ
麼,麼,么,me,me,5,ㄇㄜ
偼,偼,偼,jié,jie,2,ㄐㄧㄝ
睦,睦,睦,mù,mu,4,ㄇㄨ
䖁,䖁,䖁,yì,yi,4,ㄧ
媍,媍,媍,fù,fu,4,ㄈㄨ
㪺,㪺,㪺,㪺,㪺,,
䞕,䞕,䞕,dié,die,2,ㄉㄧㄝ
㧳,㧳,㧳,bó,bo,2,ㄅㄛ
䀕,䀕,䀕,chèng,cheng,4,ㄔㄥ
褫,褫,褫,chǐ,chi,3,ㄔ
䩐,䩐,䩐,gé,ge,2,ㄍㄜ
赆,贐,赆,jìn,jin,4,ㄐㄧㄣ
韼,韼,韼,péng,peng,2,ㄆㄥ
搣,搣,搣,miè,mie,4,ㄇㄧㄝ
鐫,鐫,镌,juān,juan,1,ㄐㄩㄢ
䉳,䉳,䉳,xiǎn,xian,3,ㄒㄧㄢ
拄,拄,拄,zhǔ,zhu,3,ㄓㄨ
鰎,鰎,鰎,jiàn,jian,4,ㄐㄧㄢ
枷,枷,枷,jiā,jia,1,ㄐㄧㄚ
畦,畦,畦,qí,qi,2,ㄑㄧ
㾾,㾾,㾾,lián,lian,2,ㄌㄧㄢ
懅,懅,懅,qú,qu,2,ㄑㄩ
耴,耴,耴,zhé,zhe,2,ㄓㄜ
臡,臡,臡,ní,ni,2,ㄋㄧ
檛,檛,檛,zhuā,zhua,1,ㄓㄨㄚ
輾,輾,辗,zhǎn,zhan,3,ㄓㄢ
㳆,㳆,㳆,shǔ,shu,3,ㄕㄨ
谌,諶,谌,chén,chen,2,ㄔㄣ
䐗,䐗,䐗,dǔ,du,3,ㄉㄨ
鎫,鎫,鎫,wàn,wan,4,ㄨㄢ
鯒,鯒,鲬,yǒng,yong,3,ㄩㄥ
升,升,升,shēng,sheng,1,ㄕㄥ
寐,寐,寐,mèi,mei,4,ㄇㄟ
悾,悾,悾,kōng,kong,1,ㄎㄨㄥ
晭,晭,晭,zhǒu,zhou,3,ㄓㄡ
聸,聸,聸,dān,dan,1,ㄉㄢ
噆,噆,噆,zǎn,zan,3,ㄗㄢ
瘾,癮,瘾,yǐn,yin,3,ㄧㄣ
硳,硳,硳,硳,硳,,
䵬,䵬,䵬,tà,ta,4,ㄊㄚ
憙,憙,憙,xǐ,xi,3,ㄒㄧ
埏,埏,埏,yán,yan,2,ㄧㄢ
墇,墇,墇,zhāng,zhang,1,ㄓㄤ
淲,淲,淲,piáo,piao,2,ㄆㄧㄠ
蓡,蓡,蓡,cān,can,1,ㄘㄢ
㥸,㥸,㥸,mǐn,min,3,ㄇㄧㄣ
榾,榾,榾,gù,gu,4,ㄍㄨ
馱,馱,驮,tuó,tuo,2,ㄊㄨㄛ
䔊,䔊,䔊,䔊,䔊,,
䋓,䋓,䋓,zhòu,zhou,4,ㄓㄡ
僚,僚,僚,liáo,liao,2,ㄌㄧㄠ
趉,趉,趉,zhú,zhu,2,ㄓㄨ
㢶,㢶,㢶,bì,bi,4,ㄅㄧ
鬣,鬣,鬣,liè,lie,4,ㄌㄧㄝ
鈻,鈻,鈻,sì,si,4,ㄙ
蝨,蝨,蝨,shī,shi,1,ㄕ
䳁,䳁,䳁,bá,ba,2,ㄅㄚ
㞑,㞑,㞑,wěi,wei,3,ㄨㄟ
婨,婨,婨,lún,lun,2,ㄌㄨㄣ
蕜,蕜,蕜,fěi,fei,3,ㄈㄟ
暍,暍,暍,hè,he,4,ㄏㄜ
㐞,㐞,㐞,㐞,㐞,,
觽,觽,觽,xī,xi,1,ㄒㄧ
昐,昐,昐,fēn,fen,1,ㄈㄣ
䑼,䑼,䑼,䑼,䑼,,
䜋,䜋,䜋,hùi,hui,4,ㄏㄨㄟ
痙,痙,痉,jìng,jing,4,ㄐㄧㄥ
氈,氈,毡,zhān,zhan,1,ㄓㄢ
亖,亖,亖,sì,si,4,ㄙ
䓋,䓋,䓋,䓋,䓋,,
搖,搖,摇,yáo,yao,2,ㄧㄠ
余,餘,余,yú,yu,2,ㄩ
闿,闓,闿,kǎi,kai,3,ㄎㄞ
㔼,㔼,㔼,sǔn,sun,3,ㄙㄨㄣ
缷,缷,缷,xiè,xie,4,ㄒㄧㄝ
㰆,㰆,㰆,bèi,bei,4,ㄅㄟ
镢,鐝,镢,jué,jue,2,ㄐㄩㄝ
紾,紾,紾,zhěn,zhen,3,ㄓㄣ
纳,納,纳,nà,na,4,ㄋㄚ
諊,諊,諊,jú,ju,2,ㄐㄩ
衈,衈,衈,èr,er,4,ㄦ
㐿,㐿,㐿,㐿,㐿,,
笾,籩,笾,biān,bian,1,ㄅㄧㄢ
㼱,㼱,㼱,ruǎn,ruan,3,ㄖㄨㄢ
鴫,鴫,鴫,鴫,鴫,,
誻,誻,誻,tà,ta,4,ㄊㄚ
藉,藉,借,jiè,jie,4,ㄐㄧㄝ
䍁,䍁,䍁,sùi,sui,4,ㄙㄨㄟ
㙻,㙻,㙻,chán,chan,2,ㄔㄢ
虡,虡,虡,jù,ju,4,ㄐㄩ
昼,晝,昼,zhòu,zhou,4,ㄓㄡ
䏰,䏰,䏰,rěn,ren,3,ㄖㄣ
浙,浙,浙,zhè,zhe,4,ㄓㄜ
㰼,㰼,㰼,qiè,qie,4,ㄑㄧㄝ
镩,鑹,镩,cuàn,cuan,4,ㄘㄨㄢ
幈,幈,幈,píng,ping,2,ㄆㄧㄥ
駐,駐,驻,zhù,zhu,4,ㄓㄨ
埞,埞,埞,dǐ,di,3,ㄉㄧ
屵,屵,屵,xuē,xue,1,ㄒㄩㄝ
㪍,㪍,㪍,bó,bo,2,ㄅㄛ
偗,偗,偗,shěng,sheng,3,ㄕㄥ
捈,捈,捈,tú,tu,2,ㄊㄨ
羝,羝,羝,dī,di,1,ㄉㄧ
糝,糝,糁,sǎn,san,3,ㄙㄢ
㽃,㽃,㽃,㽃,㽃,,
簌,簌,簌,sù,su,4,ㄙㄨ
怣,怣,怣,yóu,you,2,ㄧㄡ
䎧,䎧,䎧,bàng,bang,4,ㄅㄤ
纨,紈,纨,wán,wan,2,ㄨㄢ
䂟,䂟,䂟,䂟,䂟,,
铞,銱,铞,diào,diao,4,ㄉㄧㄠ
䟖,䟖,䟖,tàng,tang,4,ㄊㄤ
葼,葼,葼,zōng,zong,1,ㄗㄨㄥ
鲴,鯝,鲴,gù,gu,4,ㄍㄨ
戈,戈,戈,gē,ge,1,ㄍㄜ
㦹,㦹,㦹,àng,ang,4,ㄤ
丈,丈,丈,zhàng,zhang,4,ㄓㄤ
䋊,䋊,䋊,䋊,䋊,,
鵪,鵪,鹌,ān,an,1,ㄢ
訁,訁,讠,訁,訁,,
叿,叿,叿,hōng,hong,1,ㄏㄨㄥ
缜,縝,缜,zhēn,zhen,1,ㄓㄣ
崸,崸,崸,dùn,dun,4,ㄉㄨㄣ
䊓,䊓,䊓,shì,shi,4,ㄕ
璉,璉,琏,lián,lian,2,ㄌㄧㄢ
攫,攫,攫,jué,jue,2,ㄐㄩㄝ
噬,噬,噬,shì,shi,4,ㄕ
舩,舩,舩,chuán,chuan,2,ㄔㄨㄢ
鵕,鵕,鵕,xùn,xun,4,ㄒㄩㄣ
七,七,七,qī,qi,1,ㄑㄧ
檼,檼,檼,yìn,yin,4,ㄧㄣ
瓜,瓜,瓜,guā,gua,1,ㄍㄨㄚ
徾,徾,徾,méi,mei,2,ㄇㄟ
沎,沎,沎,huò,huo,4,ㄏㄨㄛ
摊,攤,摊,tān,tan,1,ㄊㄢ
觩,觩,觩,qíu,qiu,2,ㄑㄧㄡ
茨,茨,茨,cí,ci,2,ㄘ
㫏,㫏,㫏,yǎo,yao,3,ㄧㄠ
潔,潔,洁,jié,jie,2,ㄐㄧㄝ
蜴,蜴,蜴,yì,yi,4,ㄧ
鐔,鐔,镡,tán,tan,2,ㄊㄢ
㲔,㲔,㲔,㲔,㲔,,
記,記,记,jì,ji,4,ㄐㄧ
谓,謂,谓,wèi,wei,4,ㄨㄟ
旕,旕,旕,旕,旕,,
搦,搦,搦,nuò,nuo,4,ㄋㄨㄛ
堕,墮,堕,duò,duo,4,ㄉㄨㄛ
鲽,鰈,鲽,dié,die,2,ㄉㄧㄝ
㬓,㬓,㬓,piào,piao,4,ㄆㄧㄠ
蛯,蛯,蛯,蛯,蛯,,
㗄,㗄,㗄,mán,man,2,ㄇㄢ
敮,敮,敮,xiá,xia,2,ㄒㄧㄚ
铰,鉸,铰,jiǎo,jiao,3,ㄐㄧㄠ
爂,爂,爂,biāo,biao,1,ㄅㄧㄠ
㻻,㻻,㻻,㻻,㻻,,
目,目,目,mù,mu,4,ㄇㄨ
涥,涥,涥,涥,涥,,
鬻,鬻,鬻,yù,yu,4,ㄩ
䶙,䶙,䶙,jù,ju,4,ㄐㄩ
攷,攷,攷,kǎo,kao,3,ㄎㄠ
㰓,㰓,㰓,㰓,㰓,,
迀,迀,迀,gān,gan,1,ㄍㄢ
潿,潿,涠,wéi,wei,2,ㄨㄟ
僔,僔,僔,zǔn,zun,3,ㄗㄨㄣ
㔍,㔍,㔍,duǒ,duo,3,ㄉㄨㄛ
㭶,㭶,㭶,㭶,㭶,,
鐀,鐀,鐀,kùi,kui,4,ㄎㄨㄟ
蹭,蹭,蹭,cèng,ceng,4,ㄘㄥ
膦,膦,膦,liǎn,lian,3,ㄌㄧㄢ
紖,紖,纼,yǐn,yin,3,ㄧㄣ
鴴,鴴,鸻,héng,heng,2,ㄏㄥ
睪,睪,睪,yì,yi,4,ㄧ
醬,醬,酱,jiàng,jiang,4,ㄐㄧㄤ
芰,芰,芰,jì,ji,4,ㄐㄧ
起,起,起,qǐ,qi,3,ㄑㄧ
揋,揋,揋,wēi,wei,1,ㄨㄟ
瞒,瞞,瞒,mán,man,2,ㄇㄢ
恽,惲,恽,yùn,yun,4,ㄩㄣ
䳷,䳷,䳷,cóng,cong,2,ㄘㄨㄥ
䒔,䒔,䒔,bài,bai,4,ㄅㄞ
将,將,将,jiāng,jiang,1,ㄐㄧㄤ
㿂,㿂,㿂,㿂,㿂,,
綦,綦,綦,qí,qi,2,ㄑㄧ
圖,圖,图,tú,tu,2,ㄊㄨ
䨂,䨂,䨂,䨂,䨂,,
弽,弽,弽,shè,she,4,ㄕㄜ
㢉,㢉,㢉,chá,cha,2,ㄔㄚ
䶊,䶊,䶊,nv̀,nu,4,ㄋㄨ
韽,韽,韽,yīn,yin,1,ㄧㄣ
䎍,䎍,䎍,䎍,䎍,,
駵,駵,駵,líu,liu,2,ㄌㄧㄡ
柩,柩,柩,jìu,jiu,4,ㄐㄧㄡ
睍,睍,睍,xiàn,xian,4,ㄒㄧㄢ
汄,汄,汄,zè,ze,4,ㄗㄜ
罦,罦,罦,fú,fu,2,ㄈㄨ
赡,贍,赡,shàn,shan,4,ㄕㄢ
蹴,蹴,蹴,cù,cu,4,ㄘㄨ
軴,軴,軴,zhù,zhu,4,ㄓㄨ
廞,廞,廞,xīn,xin,1,ㄒㄧㄣ
傤,傤,傤,zài,zai,4,ㄗㄞ
苈,藶,苈,lì,li,4,ㄌㄧ
団,団,団,tuán,tuan,2,ㄊㄨㄢ
瀄,瀄,瀄,jié,jie,2,ㄐㄧㄝ
鹕,鶘,鹕,hú,hu,2,ㄏㄨ
䝨,䝨,䝨,xián,xian,2,ㄒㄧㄢ
鮓,鮓,鲊,zhǎ,zha,3,ㄓㄚ
㺾,㺾,㺾,㺾,㺾,,
㛠,㛠,㛠,㛠,㛠,,
鯻,鯻,鯻,là,la,4,ㄌㄚ
掓,掓,掓,shú,shu,2,ㄕㄨ
匾,匾,匾,biǎn,bian,3,ㄅㄧㄢ
艩,艩,艩,qí,qi,2,ㄑㄧ
䌛,䌛,䌛,yáo,yao,2,ㄧㄠ
僈,僈,僈,màn,man,4,ㄇㄢ
砺,礪,砺,lì,li,4,ㄌㄧ
䐭,䐭,䐭,zhì,zhi,4,ㄓ
泛,泛,泛,fàn,fan,4,ㄈㄢ
䴱,䴱,䴱,tuó,tuo,2,ㄊㄨㄛ
払,払,払,fú,fu,2,ㄈㄨ
宥,宥,宥,yòu,you,4,ㄧㄡ
闺,閨,闺,gūi,gui,1,ㄍㄨㄟ
杦,杦,杦,杦,杦,,
溵,溵,溵,yīn,yin,1,ㄧㄣ
麚,麚,麚,jiā,jia,1,ㄐㄧㄚ
愒,愒,愒,kài,kai,4,ㄎㄞ
蠇,蠇,蠇,lì,li,4,ㄌㄧ
㠱,㠱,㠱,jì,ji,4,ㄐㄧ
臓,臓,臓,zàng,zang,4,ㄗㄤ
獖,獖,獖,fén,fen,2,ㄈㄣ
䱥,䱥,䱥,zhí,zhi,2,ㄓ
疊,疊,叠,dié,die,2,ㄉㄧㄝ
雨,雨,雨,yǔ,yu,3,ㄩ
䑁,䑁,䑁,wù,wu,4,ㄨ
啵,啵,啵,bo,bo,5,ㄅㄛ
嘰,嘰,叽,jī,ji,1,ㄐㄧ
汍,汍,汍,wán,wan,2,ㄨㄢ
龥,龥,龥,yù,yu,4,ㄩ
剬,剬,剬,duān,duan,1,ㄉㄨㄢ
樉,樉,樉,shuǎng,shuang,3,ㄕㄨㄤ
累,纍,累,lèi,lei,4,ㄌㄟ
镭,鐳,镭,léi,lei,2,ㄌㄟ
澝,澝,澝,澝,澝,,
烎,烎,烎,yín,yin,2,ㄧㄣ
羄,羄,羄,zhào,zhao,4,ㄓㄠ
䙼,䙼,䙼,shào,shao,4,ㄕㄠ
浤,浤,浤,hóng,hong,2,ㄏㄨㄥ
䭒,䭒,䭒,䭒,䭒,,
偷,偷,偷,tōu,tou,1,ㄊㄡ
庅,庅,庅,mo,mo,5,ㄇㄛ
㓌,㓌,㓌,㓌,㓌,,
矠,矠,矠,cè,ce,4,ㄘㄜ
胊,胊,胊,qú,qu,2,ㄑㄩ
荟,薈,荟,hùi,hui,4,ㄏㄨㄟ
变,變,变,biàn,bian,4,ㄅㄧㄢ
蜢,蜢,蜢,měng,meng,3,ㄇㄥ
㡼,㡼,㡼,yì,yi,4,ㄧ
跣,跣,跣,xiǎn,xian,3,ㄒㄧㄢ
圍,圍,围,wéi,wei,2,ㄨㄟ
鎴,鎴,鎴,xí,xi,2,ㄒㄧ
嫢,嫢,嫢,gūi,gui,1,ㄍㄨㄟ
协,協,协,xié,xie,2,ㄒㄧㄝ
橪,橪,橪,rǎn,ran,3,ㄖㄢ
殐,殐,殐,sù,su,4,ㄙㄨ
䋄,䋄,䋄,wǎng,wang,3,ㄨㄤ
鼅,鼅,鼅,zhī,zhi,1,ㄓ
狓,狓,狓,pī,pi,1,ㄆㄧ
䩓,䩓,䩓,qí,qi,2,ㄑㄧ
兛,兛,兛,qiān,qian,1,ㄑㄧㄢ
馔,饌,馔,zhuàn,zhuan,4,ㄓㄨㄢ
䉻,䉻,䉻,qí,qi,2,ㄑㄧ
㫇,㫇,㫇,㫇,㫇,,
轎,轎,轿,jiào,jiao,4,ㄐㄧㄠ
赊,賒,赊,shē,she,1,ㄕㄜ
䴎,䴎,䴎,lěi,lei,3,ㄌㄟ
隫,隫,隫,fēn,fen,1,ㄈㄣ
爯,爯,爯,chēng,cheng,1,ㄔㄥ
㴵,㴵,㴵,mì,mi,4,ㄇㄧ
墹,墹,墹,墹,墹,,
鲿,鱨,鲿,cháng,chang,2,ㄔㄤ
巍,巍,巍,wēi,wei,1,ㄨㄟ
锪,锪,锪,huō,huo,1,ㄏㄨㄛ
墻,墻,墻,qiáng,qiang,2,ㄑㄧㄤ
地,地,地,dì,di,4,ㄉㄧ
㒋,㒋,㒋,㒋,㒋,,
剌,剌,剌,là,la,4,ㄌㄚ
怴,怴,怴,xù,xu,4,ㄒㄩ
洋,洋,洋,yáng,yang,2,ㄧㄤ
叁,叁,叁,sān,san,1,ㄙㄢ
箎,箎,箎,chí,chi,2,ㄔ
弯,彎,弯,wān,wan,1,ㄨㄢ
䵎,䵎,䵎,䵎,䵎,,
撎,撎,撎,yì,yi,4,ㄧ
㰤,㰤,㰤,kě,ke,3,ㄎㄜ
䏽,䏽,䏽,bù,bu,4,ㄅㄨ
樽,樽,樽,zūn,zun,1,ㄗㄨㄣ
䬵,䬵,䬵,ài,ai,4,ㄞ
觛,觛,觛,dàn,dan,4,ㄉㄢ
䮛,䮛,䮛,fù,fu,4,ㄈㄨ
曅,曅,曅,yè,ye,4,ㄧㄝ
泓,泓,泓,hóng,hong,2,ㄏㄨㄥ
床,床,床,chuáng,chuang,2,ㄔㄨㄤ
殄,殄,殄,tiǎn,tian,3,ㄊㄧㄢ
加,加,加,jiā,jia,1,ㄐㄧㄚ
䘅,䘅,䘅,nái,nai,2,ㄋㄞ
湼,湼,湼,niè,nie,4,ㄋㄧㄝ
㽸,㽸,㽸,chén,chen,2,ㄔㄣ
嗶,嗶,哔,bì,bi,4,ㄅㄧ
䲓,䲓,䲓,yǎn,yan,3,ㄧㄢ
垓,垓,垓,gāi,gai,1,ㄍㄞ
庽,庽,庽,yù,yu,4,ㄩ
釳,釳,釳,xì,xi,4,ㄒㄧ
钲,鉦,钲,zhēng,zheng,1,ㄓㄥ
髇,髇,髇,xiāo,xiao,1,ㄒㄧㄠ
㳓,㳓,㳓,㳓,㳓,,
业,業,业,yè,ye,4,ㄧㄝ
温,溫,温,wēn,wen,1,ㄨㄣ
桽,桽,桽,wěn,wen,3,ㄨㄣ
屎,屎,屎,shǐ,shi,3,ㄕ
陯,陯,陯,lún,lun,2,ㄌㄨㄣ
讨,討,讨,tǎo,tao,3,ㄊㄠ
㥲,㥲,㥲,shèn,shen,4,ㄕㄣ
跼,跼,跼,jú,ju,2,ㄐㄩ
㨾,㨾,㨾,yàng,yang,4,ㄧㄤ
陆,陸,陆,lù,lu,4,ㄌㄨ
黽,黽,黾,mǐn,min,3,ㄇㄧㄣ
䢔,䢔,䢔,gé,ge,2,ㄍㄜ
䦵,䦵,䦵,nǐ,ni,3,ㄋㄧ
馤,馤,馤,ǎi,ai,3,ㄞ
梊,梊,梊,dì,di,4,ㄉㄧ
殍,殍,殍,piǎo,piao,3,ㄆㄧㄠ
頣,頣,頣,shěn,shen,3,ㄕㄣ
覮,覮,覮,yíng,ying,2,ㄧㄥ
廖,廖,廖,liào,liao,4,ㄌㄧㄠ
锼,鎪,锼,sōu,sou,1,ㄙㄡ
銬,銬,铐,kào,kao,4,ㄎㄠ
㓺,㓺,㓺,jiàn,jian,4,ㄐㄧㄢ
獁,獁,犸,mà,ma,4,ㄇㄚ
䴟,䴟,䴟,huán,huan,2,ㄏㄨㄢ
剕,剕,剕,fèi,fei,4,ㄈㄟ
幟,幟,帜,zhì,zhi,4,ㄓ
迨,迨,迨,dài,dai,4,ㄉㄞ
䡝,䡝,䡝,yǔn,yun,3,ㄩㄣ
䂵,䂵,䂵,䂵,䂵,,
阤,阤,阤,tuó,tuo,2,ㄊㄨㄛ
革,革,革,gé,ge,2,ㄍㄜ
冇,冇,没,mǎo,mao,3,ㄇㄠ
黓,黓,黓,yì,yi,4,ㄧ
朧,朧,胧,lóng,long,2,ㄌㄨㄥ
鬁,鬁,疬,lì,li,4,ㄌㄧ
惼,惼,惼,biǎn,bian,3,ㄅㄧㄢ
跓,跓,跓,zhù,zhu,4,ㄓㄨ
蝝,蝝,蝝,yuán,yuan,2,ㄩㄢ
週,週,週,zhōu,zhou,1,ㄓㄡ
哖,哖,哖,哖,哖,,
嶺,嶺,岭,lǐng,ling,3,ㄌㄧㄥ
褅,褅,褅,tì,ti,4,ㄊㄧ
㴛,㴛,㴛,zhì,zhi,4,ㄓ
漿,漿,浆,jiāng,jiang,1,ㄐㄧㄤ
鏌,鏌,镆,mò,mo,4,ㄇㄛ
㬊,㬊,㬊,huǎn,huan,3,ㄏㄨㄢ
虘,虘,虘,cuó,cuo,2,ㄘㄨㄛ
䞙,䞙,䞙,zá,za,2,ㄗㄚ
邸,邸,邸,dǐ,di,3,ㄉㄧ
哇,哇,哇,wā,wa,1,ㄨㄚ
缔,締,缔,dì,di,4,ㄉㄧ
陵,陵,陵,líng,ling,2,ㄌㄧㄥ
榏,榏,榏,yì,yi,4,ㄧ
媤,媤,媤,sī,si,1,ㄙ
谧,謐,谧,mì,mi,4,ㄇㄧ
㭅,㭅,㭅,㭅,㭅,,
篕,篕,篕,hé,he,2,ㄏㄜ
奆,奆,奆,quǎn,quan,3,ㄑㄩㄢ
雒,雒,雒,luò,luo,4,ㄌㄨㄛ
鴓,鴓,鴓,miè,mie,4,ㄇㄧㄝ
䊳,䊳,䊳,mí,mi,2,ㄇㄧ
㸿,㸿,㸿,dú,du,2,ㄉㄨ
拱,拱,拱,gǒng,gong,3,ㄍㄨㄥ
枥,櫪,枥,lì,li,4,ㄌㄧ
珠,珠,珠,zhū,zhu,1,ㄓㄨ
爻,爻,爻,yáo,yao,2,ㄧㄠ
各,各,各,gè,ge,4,ㄍㄜ
漦,漦,漦,lí,li,2,ㄌㄧ
慺,慺,慺,lóu,lou,2,ㄌㄡ
柞,柞,柞,zuò,zuo,4,ㄗㄨㄛ
裌,裌,裌,jiá,jia,2,ㄐㄧㄚ
㿴,㿴,㿴,㿴,㿴,,
葜,葜,葜,jié,jie,2,ㄐㄧㄝ
躅,躅,躅,zhú,zhu,2,ㄓㄨ
䂢,䂢,䂢,dǒng,dong,3,ㄉㄨㄥ
牒,牒,牒,dié,die,2,ㄉㄧㄝ
䢲,䢲,䢲,yuè,yue,4,ㄩㄝ
砫,砫,砫,zhǔ,zhu,3,ㄓㄨ
侪,儕,侪,chái,chai,2,ㄔㄞ
颕,頴,颕,yǐng,ying,3,ㄧㄥ
运,運,运,yùn,yun,4,ㄩㄣ
偎,偎,偎,wēi,wei,1,ㄨㄟ
汥,汥,汥,zhī,zhi,1,ㄓ
卧,臥,卧,wò,wo,4,ㄨㄛ
邻,鄰,邻,lín,lin,2,ㄌㄧㄣ
譼,譼,譼,jiàn,jian,4,ㄐㄧㄢ
避,避,避,bì,bi,4,ㄅㄧ
鴝,鴝,鸲,qú,qu,2,ㄑㄩ
櫍,櫍,櫍,zhì,zhi,4,ㄓ
颳,颳,刮,guā,gua,1,ㄍㄨㄚ
敲,敲,敲,qiāo,qiao,1,ㄑㄧㄠ
傺,傺,傺,chì,chi,4,ㄔ
巿,巿,巿,fú,fu,2,ㄈㄨ
働,働,働,dòng,dong,4,ㄉㄨㄥ
艊,艊,艊,bó,bo,2,ㄅㄛ
䵗,䵗,䵗,fú,fu,2,ㄈㄨ
粉,粉,粉,fěn,fen,3,ㄈㄣ
嬶,嬶,嬶,嬶,嬶,,
挙,挙,挙,jǔ,ju,3,ㄐㄩ
綪,綪,綪,qiàn,qian,4,ㄑㄧㄢ
槞,槞,槞,槞,槞,,
㙙,㙙,㙙,lǒng,long,3,ㄌㄨㄥ
孒,孒,孒,jué,jue,2,ㄐㄩㄝ
禦,禦,御,yù,yu,4,ㄩ
霼,霼,霼,xǐ,xi,3,ㄒㄧ
鮮,鮮,鲜,xiān,xian,1,ㄒㄧㄢ
䟛,䟛,䟛,bó,bo,2,ㄅㄛ
䪭,䪭,䪭,ruǎn,ruan,3,ㄖㄨㄢ
子,子,子,zǐ,zi,3,ㄗ
摡,摡,摡,gài,gai,4,ㄍㄞ
嗇,嗇,啬,sè,se,4,ㄙㄜ
㺽,㺽,㺽,㺽,㺽,,
禂,禂,禂,dǎo,dao,3,ㄉㄠ
䐓,䐓,䐓,róu,rou,2,ㄖㄡ
僁,僁,僁,xī,xi,1,ㄒㄧ
涵,涵,涵,hán,han,2,ㄏㄢ
䖝,䖝,䖝,chóng,chong,2,ㄔㄨㄥ
葋,葋,葋,qú,qu,2,ㄑㄩ
権,権,権,quán,quan,2,ㄑㄩㄢ
瀳,瀳,瀳,jiàn,jian,4,ㄐㄧㄢ
譪,譪,譪,ài,ai,4,ㄞ
獎,獎,奖,jiǎng,jiang,3,ㄐㄧㄤ
㖻,㖻,㖻,róu,rou,2,ㄖㄡ
㕿,㕿,㕿,㕿,㕿,,
糬,糬,糬,糬,糬,,
闔,闔,阖,hé,he,2,ㄏㄜ
臇,臇,臇,juǎn,juan,3,ㄐㄩㄢ
㖇,㖇,㖇,ér,er,2,ㄦ
䪟,䪟,䪟,䪟,䪟,,
輦,輦,辇,niǎn,nian,3,ㄋㄧㄢ
椀,椀,椀,wǎn,wan,3,ㄨㄢ
甯,甯,甯,níng,ning,2,ㄋㄧㄥ
蔲,蔲,蔲,kòu,kou,4,ㄎㄡ
㐃,㐃,㐃,㐃,㐃,,
銏,銏,銏,shàn,shan,4,ㄕㄢ
圿,圿,圿,jiá,jia,2,ㄐㄧㄚ
殞,殞,殒,yǔn,yun,3,ㄩㄣ
蕫,蕫,蕫,tóng,tong,2,ㄊㄨㄥ
蕻,蕻,蕻,hòng,hong,4,ㄏㄨㄥ
錛,錛,锛,bēn,ben,1,ㄅㄣ
䍈,䍈,䍈,píng,ping,2,ㄆㄧㄥ
餐,餐,餐,cān,can,1,ㄘㄢ
拒,拒,拒,jù,ju,4,ㄐㄩ
喠,喠,喠,zhǒng,zhong,3,ㄓㄨㄥ
鿂,鿂,鿂,鿂,鿂,,
鮿,鮿,鮿,zhé,zhe,2,ㄓㄜ
䟃,䟃,䟃,cà,ca,4,ㄘㄚ
嶊,嶊,嶊,zǔi,zui,3,ㄗㄨㄟ
鱖,鱖,鳜,gùi,gui,4,ㄍㄨㄟ
䅒,䅒,䅒,máng,mang,2,ㄇㄤ
㸦,㸦,㸦,hù,hu,4,ㄏㄨ
呅,呅,呅,méi,mei,2,ㄇㄟ
㧀,㧀,㧀,jí,ji,2,ㄐㄧ
廅,廅,廅,hé,he,2,ㄏㄜ
馑,饉,馑,jǐn,jin,3,ㄐㄧㄣ
䕱,䕱,䕱,dǒu,dou,3,ㄉㄡ
窆,窆,窆,biǎn,bian,3,ㄅㄧㄢ
另,另,另,lìng,ling,4,ㄌㄧㄥ
皱,皺,皱,zhòu,zhou,4,ㄓㄡ
啁,啁,啁,zhōu,zhou,1,ㄓㄡ
䵁,䵁,䵁,qiàng,qiang,4,ㄑㄧㄤ
頤,頤,颐,yí,yi,2,ㄧ
剭,剭,剭,wū,wu,1,ㄨ
鏒,鏒,鏒,qiāo,qiao,1,ㄑㄧㄠ
儍,儍,儍,shǎ,sha,3,ㄕㄚ
盚,盚,盚,qíu,qiu,2,ㄑㄧㄡ
覂,覂,覂,fěng,feng,3,ㄈㄥ
巭,巭,巭,巭,巭,,
秩,秩,秩,zhì,zhi,4,ㄓ
酩,酩,酩,míng,ming,2,ㄇㄧㄥ
䮵,䮵,䮵,tóng,tong,2,ㄊㄨㄥ
萹,萹,萹,piān,pian,1,ㄆㄧㄢ
䄀,䄀,䄀,huò,huo,4,ㄏㄨㄛ
骩,骩,骩,wěi,wei,3,ㄨㄟ
咛,嚀,咛,níng,ning,2,ㄋㄧㄥ
蠲,蠲,蠲,juān,juan,1,ㄐㄩㄢ
瞎,瞎,瞎,xiā,xia,1,ㄒㄧㄚ
䕆,䕆,䕆,dòu,dou,4,ㄉㄡ
秎,秎,秎,fén,fen,2,ㄈㄣ
䭮,䭮,䭮,bì,bi,4,ㄅㄧ
歹,歹,歹,dǎi,dai,3,ㄉㄞ
莭,莭,莭,jié,jie,2,ㄐㄧㄝ
㬐,㬐,㬐,jǐn,jin,3,ㄐㄧㄣ
沽,沽,沽,gū,gu,1,ㄍㄨ
㬫,㬫,㬫,yàn,yan,4,ㄧㄢ
䣒,䣒,䣒,䣒,䣒,,
衵,衵,衵,rì,ri,4,ㄖ
篈,篈,篈,fēng,feng,1,ㄈㄥ
脓,膿,脓,nóng,nong,2,ㄋㄨㄥ
㙺,㙺,㙺,gùi,gui,4,ㄍㄨㄟ
葺,葺,葺,qì,qi,4,ㄑㄧ
鳑,鰟,鳑,fáng,fang,2,ㄈㄤ
㳈,㳈,㳈,pèi,pei,4,ㄆㄟ
羘,羘,羘,zāng,zang,1,ㄗㄤ
欗,欗,欗,lán,lan,2,ㄌㄢ
䣑,䣑,䣑,chán,chan,2,ㄔㄢ
净,淨,净,jìng,jing,4,ㄐㄧㄥ
菬,菬,菬,zhǎo,zhao,3,ㄓㄠ
犩,犩,犩,wèi,wei,4,ㄨㄟ
羣,羣,羣,qún,qun,2,ㄑㄩㄣ
霌,霌,霌,chōu,chou,1,ㄔㄡ
辰,辰,辰,chén,chen,2,ㄔㄣ
觜,觜,觜,zī,zi,1,ㄗ
廁,廁,厕,cè,ce,4,ㄘㄜ
葁,葁,葁,jiāng,jiang,1,ㄐㄧㄤ
潍,濰,潍,wéi,wei,2,ㄨㄟ
拽,拽,拽,yè,ye,4,ㄧㄝ
斁,斁,斁,yì,yi,4,ㄧ
㕵,㕵,㕵,guó,guo,2,ㄍㄨㄛ
逥,逥,逥,húi,hui,2,ㄏㄨㄟ
韌,韌,韧,rèn,ren,4,ㄖㄣ
底,底,底,dǐ,di,3,ㄉㄧ
晳,晳,晳,xì,xi,4,ㄒㄧ
鳐,鰩,鳐,yáo,yao,2,ㄧㄠ
渭,渭,渭,wèi,wei,4,ㄨㄟ
舢,舢,舢,shān,shan,1,ㄕㄢ
嗦,嗦,嗦,suō,suo,1,ㄙㄨㄛ
搳,搳,搳,xiá,xia,2,ㄒㄧㄚ
䖇,䖇,䖇,yù,yu,4,ㄩ
巩,鞏,巩,gǒng,gong,3,ㄍㄨㄥ
恧,恧,恧,nv̀,nu,4,ㄋㄨ
鐮,鐮,镰,lián,lian,2,ㄌㄧㄢ
撍,撍,撍,zǎn,zan,3,ㄗㄢ
熮,熮,熮,liáo,liao,2,ㄌㄧㄠ
偧,偧,偧,zhā,zha,1,ㄓㄚ
搃,搃,搃,zǒng,zong,3,ㄗㄨㄥ
俾,俾,俾,bǐ,bi,3,ㄅㄧ
泪,淚,泪,lèi,lei,4,ㄌㄟ
葽,葽,葽,yāo,yao,1,ㄧㄠ
鎓,鎓,鎓,wēng,weng,1,ㄨㄥ
㶠,㶠,㶠,yì,yi,4,ㄧ
矬,矬,矬,cuó,cuo,2,ㄘㄨㄛ
醜,醜,丑,chǒu,chou,3,ㄔㄡ
绍,紹,绍,shào,shao,4,ㄕㄠ
蛲,蟯,蛲,ráo,rao,2,ㄖㄠ
玣,玣,玣,biàn,bian,4,ㄅㄧㄢ
㸡,㸡,㸡,㸡,㸡,,
胵,胵,胵,zhì,zhi,4,ㄓ
筣,筣,筣,lì,li,4,ㄌㄧ
䡥,䡥,䡥,róng,rong,2,ㄖㄨㄥ
钤,鈐,钤,qián,qian,2,ㄑㄧㄢ
岡,岡,冈,gāng,gang,1,ㄍㄤ
疑,疑,疑,yí,yi,2,ㄧ
佷,佷,佷,hěn,hen,3,ㄏㄣ
穌,穌,稣,sū,su,1,ㄙㄨ
告,告,告,gào,gao,4,ㄍㄠ
鱭,鱭,鲚,jì,ji,4,ㄐㄧ
㣖,㣖,㣖,㣖,㣖,,
䊶,䊶,䊶,zhèn,zhen,4,ㄓㄣ
紪,紪,紪,cǐ,ci,3,ㄘ
㝾,㝾,㝾,zuǒ,zuo,3,ㄗㄨㄛ
埴,埴,埴,zhí,zhi,2,ㄓ
䱻,䱻,䱻,huá,hua,2,ㄏㄨㄚ
歭,歭,歭,chí,chi,2,ㄔ
錞,錞,錞,dùi,dui,4,ㄉㄨㄟ
竝,竝,竝,bìng,bing,4,ㄅㄧㄥ
鯧,鯧,鲳,chāng,chang,1,ㄔㄤ
諕,諕,諕,háo,hao,2,ㄏㄠ
㓱,㓱,㓱,tóu,tou,2,ㄊㄡ
㡳,㡳,㡳,dǐ,di,3,ㄉㄧ
岾,岾,岾,岾,岾,,
㛷,㛷,㛷,㛷,㛷,,
蔅,蔅,蔅,yán,yan,2,ㄧㄢ
隢,隢,隢,rào,rao,4,ㄖㄠ
䁂,䁂,䁂,xiàn,xian,4,ㄒㄧㄢ
邲,邲,邲,bì,bi,4,ㄅㄧ
牄,牄,牄,qiāng,qiang,1,ㄑㄧㄤ
䱞,䱞,䱞,líu,liu,2,ㄌㄧㄡ
陂,陂,陂,bēi,bei,1,ㄅㄟ
槼,槼,槼,gūi,gui,1,ㄍㄨㄟ
㒣,㒣,㒣,㒣,㒣,,
華,華,华,huá,hua,2,ㄏㄨㄚ
憻,憻,憻,tǎn,tan,3,ㄊㄢ
鵐,鵐,鹀,wú,wu,2,ㄨ
㘗,㘗,㘗,㘗,㘗,,
璽,璽,玺,xǐ,xi,3,ㄒㄧ
佘,佘,畲,shé,she,2,ㄕㄜ
稶,稶,稶,yù,yu,4,ㄩ
團,團,团,tuán,tuan,2,ㄊㄨㄢ
褋,褋,褋,dié,die,2,ㄉㄧㄝ
煔,煔,煔,tiàn,tian,4,ㄊㄧㄢ
魳,魳,魳,zá,za,2,ㄗㄚ
㫗,㫗,㫗,hòu,hou,4,ㄏㄡ
餽,餽,餽,kùi,kui,4,ㄎㄨㄟ
醨,醨,醨,lí,li,2,ㄌㄧ
璃,璃,璃,lí,li,2,ㄌㄧ
孼,孼,孼,niè,nie,4,ㄋㄧㄝ
囦,囦,囦,yuān,yuan,1,ㄩㄢ
椉,椉,椉,chéng,cheng,2,ㄔㄥ
玍,玍,玍,gǎ,ga,3,ㄍㄚ
罙,罙,罙,mí,mi,2,ㄇㄧ
夯,夯,夯,hāng,hang,1,ㄏㄤ
姀,姀,姀,hé,he,2,ㄏㄜ
缚,縛,缚,fú,fu,2,ㄈㄨ
宇,宇,宇,yǔ,yu,3,ㄩ
㨮,㨮,㨮,dōu,dou,1,ㄉㄡ
鲍,鮑,鲍,bào,bao,4,ㄅㄠ
噴,噴,喷,pēn,pen,1,ㄆㄣ
闌,闌,阑,lán,lan,2,ㄌㄢ
恫,恫,恫,tōng,tong,1,ㄊㄨㄥ
覻,覻,覻,qù,qu,4,ㄑㄩ
䀆,䀆,䀆,jìn,jin,4,ㄐㄧㄣ
彿,彿,彿,fú,fu,2,ㄈㄨ
㱊,㱊,㱊,㱊,㱊,,
姝,姝,姝,shū,shu,1,ㄕㄨ
鹷,鹷,鹷,líng,ling,2,ㄌㄧㄥ
脹,脹,胀,zhàng,zhang,4,ㄓㄤ
㻊,㻊,㻊,máng,mang,2,ㄇㄤ
睧,睧,睧,hūn,hun,1,ㄏㄨㄣ
聃,聃,聃,dān,dan,1,ㄉㄢ
菄,菄,菄,dōng,dong,1,ㄉㄨㄥ
鲷,鯛,鲷,diāo,diao,1,ㄉㄧㄠ
庾,庾,庾,yǔ,yu,3,ㄩ
泘,泘,泘,hū,hu,1,ㄏㄨ
柍,柍,柍,yāng,yang,1,ㄧㄤ
䨐,䨐,䨐,qià,qia,4,ㄑㄧㄚ
曑,曑,曑,sēn,sen,1,ㄙㄣ
㝣,㝣,㝣,yè,ye,4,ㄧㄝ
龭,龭,龭,龭,龭,,
恃,恃,恃,shì,shi,4,ㄕ
醮,醮,醮,jiào,jiao,4,ㄐㄧㄠ
閏,閏,闰,rùn,run,4,ㄖㄨㄣ
㣰,㣰,㣰,xiè,xie,4,ㄒㄧㄝ
雾,霧,雾,wù,wu,4,ㄨ
䣄,䣄,䣄,tú,tu,2,ㄊㄨ
袕,袕,袕,shù,shu,4,ㄕㄨ
蹾,蹾,蹾,dūn,dun,1,ㄉㄨㄣ
䃲,䃲,䃲,pán,pan,2,ㄆㄢ
㯁,㯁,㯁,bàng,bang,4,ㄅㄤ
攛,攛,撺,cuān,cuan,1,ㄘㄨㄢ
㢞,㢞,㢞,yì,yi,4,ㄧ
鲪,鮶,鲪,jūn,jun,1,ㄐㄩㄣ
僅,僅,仅,jǐn,jin,3,ㄐㄧㄣ
鯛,鯛,鲷,diāo,diao,1,ㄉㄧㄠ
匪,匪,匪,fěi,fei,3,ㄈㄟ
哾,哾,哾,shuō,shuo,1,ㄕㄨㄛ
稝,稝,稝,péng,peng,2,ㄆㄥ
㶮,㶮,㶮,㶮,㶮,,
吨,噸,吨,dūn,dun,1,ㄉㄨㄣ
䔩,䔩,䔩,䔩,䔩,,
荋,荋,荋,ér,er,2,ㄦ
戣,戣,戣,kúi,kui,2,ㄎㄨㄟ
劝,勸,劝,quàn,quan,4,ㄑㄩㄢ
藦,藦,藦,mò,mo,4,ㄇㄛ
䏓,䏓,䏓,guǎn,guan,3,ㄍㄨㄢ
畾,畾,畾,léi,lei,2,ㄌㄟ
䫳,䫳,䫳,dú,du,2,ㄉㄨ
應,應,应,yīng,ying,1,ㄧㄥ
喈,喈,喈,jiē,jie,1,ㄐㄧㄝ
大,大,大,dà,da,4,ㄉㄚ
䋳,䋳,䋳,bèi,bei,4,ㄅㄟ
舗,舗,舗,pù,pu,4,ㄆㄨ
隆,隆,隆,lóng,long,2,ㄌㄨㄥ
蹋,蹋,蹋,tà,ta,4,ㄊㄚ
鴣,鴣,鸪,gū,gu,1,ㄍㄨ
猙,猙,狰,zhēng,zheng,1,ㄓㄥ
餧,餧,餧,wèi,wei,4,ㄨㄟ
殘,殘,残,cán,can,2,ㄘㄢ
尵,尵,尵,túi,tui,2,ㄊㄨㄟ
籝,籝,籝,yíng,ying,2,ㄧㄥ
懎,懎,懎,sè,se,4,ㄙㄜ
堵,堵,堵,dǔ,du,3,ㄉㄨ
氂,氂,氂,máo,mao,2,ㄇㄠ
噉,噉,噉,dàn,dan,4,ㄉㄢ
筤,筤,筤,láng,lang,2,ㄌㄤ
唓,唓,唓,chē,che,1,ㄔㄜ
漲,漲,涨,zhǎng,zhang,3,ㄓㄤ
苔,苔,苔,tái,tai,2,ㄊㄞ
格,格,格,gé,ge,2,ㄍㄜ
巹,巹,卺,jǐn,jin,3,ㄐㄧㄣ
帔,帔,帔,pèi,pei,4,ㄆㄟ
頯,頯,頯,kúi,kui,2,ㄎㄨㄟ
噢,噢,噢,ō,o,1,ㄛ
麜,麜,麜,lì,li,4,ㄌㄧ
鎅,鎅,鎅,jiè,jie,4,ㄐㄧㄝ
塨,塨,塨,gōng,gong,1,ㄍㄨㄥ
羃,羃,羃,mì,mi,4,ㄇㄧ
隼,隼,隼,zhǔn,zhun,3,ㄓㄨㄣ
鹧,鷓,鹧,zhè,zhe,4,ㄓㄜ
㟗,㟗,㟗,㟗,㟗,,
䴩,䴩,䴩,piáo,piao,2,ㄆㄧㄠ
觰,觰,觰,zhā,zha,1,ㄓㄚ
鯃,鯃,鯃,wú,wu,2,ㄨ
楯,楯,楯,shǔn,shun,3,ㄕㄨㄣ
䍰,䍰,䍰,䍰,䍰,,
惒,惒,惒,hé,he,2,ㄏㄜ
灲,灲,灲,xiāo,xiao,1,ㄒㄧㄠ
胨,腖,胨,dòng,dong,4,ㄉㄨㄥ
䊏,䊏,䊏,䊏,䊏,,
斓,斕,斓,lán,lan,2,ㄌㄢ
嬻,嬻,嬻,dú,du,2,ㄉㄨ
仌,仌,仌,bīng,bing,1,ㄅㄧㄥ
災,災,灾,zāi,zai,1,ㄗㄞ
緁,緁,緁,qiè,qie,4,ㄑㄧㄝ
鞸,鞸,鞸,bì,bi,4,ㄅㄧ
腨,腨,腨,chuǎn,chuan,3,ㄔㄨㄢ
觕,觕,觕,cū,cu,1,ㄘㄨ
追,追,追,zhūi,zhui,1,ㄓㄨㄟ
䣚,䣚,䣚,lóu,lou,2,ㄌㄡ
戞,戞,戞,jiá,jia,2,ㄐㄧㄚ
蕶,蕶,蕶,líng,ling,2,ㄌㄧㄥ
橙,橙,橙,chéng,cheng,2,ㄔㄥ
隽,雋,隽,jùn,jun,4,ㄐㄩㄣ
孖,孖,孖,zī,zi,1,ㄗ
障,障,障,zhàng,zhang,4,ㄓㄤ
㦸,㦸,㦸,jǐ,ji,3,ㄐㄧ
䊨,䊨,䊨,luó,luo,2,ㄌㄨㄛ
愯,愯,愯,sǒng,song,3,ㄙㄨㄥ
䚣,䚣,䚣,tí,ti,2,ㄊㄧ
箿,箿,箿,jí,ji,2,ㄐㄧ
叟,叟,叟,sǒu,sou,3,ㄙㄡ
唼,唼,唼,shà,sha,4,ㄕㄚ
枖,枖,枖,yāo,yao,1,ㄧㄠ
霓,霓,霓,ní,ni,2,ㄋㄧ
䟉,䟉,䟉,zhú,zhu,2,ㄓㄨ
樵,樵,樵,qiáo,qiao,2,ㄑㄧㄠ
屴,屴,屴,lì,li,4,ㄌㄧ
䳡,䳡,䳡,䳡,䳡,,
手,手,手,shǒu,shou,3,ㄕㄡ
鲚,鱭,鲚,jì,ji,4,ㄐㄧ
靏,靏,靏,hè,he,4,ㄏㄜ
薵,薵,薵,chóu,chou,2,ㄔㄡ
䦡,䦡,䦡,huán,huan,2,ㄏㄨㄢ
壦,壦,壦,xūn,xun,1,ㄒㄩㄣ
秀,秀,秀,xìu,xiu,4,ㄒㄧㄡ
䍉,䍉,䍉,qián,qian,2,ㄑㄧㄢ
紆,紆,纡,yū,yu,1,ㄩ
㨘,㨘,㨘,xǐng,xing,3,ㄒㄧㄥ
偆,偆,偆,chǔn,chun,3,ㄔㄨㄣ
㵥,㵥,㵥,bì,bi,4,ㄅㄧ
沭,沭,沭,shù,shu,4,ㄕㄨ
帖,帖,帖,tiē,tie,1,ㄊㄧㄝ
䲘,䲘,䲘,guǎn,guan,3,ㄍㄨㄢ
幭,幭,幭,miè,mie,4,ㄇㄧㄝ
䈼,䈼,䈼,miè,mie,4,ㄇㄧㄝ
揕,揕,揕,zhèn,zhen,4,ㄓㄣ
掌,掌,掌,zhǎng,zhang,3,ㄓㄤ
蘅,蘅,蘅,héng,heng,2,ㄏㄥ
㽞,㽞,㽞,líu,liu,2,ㄌㄧㄡ
泺,濼,泺,bó,bo,2,ㄅㄛ
㰠,㰠,㰠,kàng,kang,4,ㄎㄤ
锇,鋨,锇,tiě,tie,3,ㄊㄧㄝ
焔,焔,焔,yàn,yan,4,ㄧㄢ
䐢,䐢,䐢,zhù,zhu,4,ㄓㄨ
桉,桉,桉,ān,an,1,ㄢ
兕,兕,兕,sì,si,4,ㄙ
蛇,蛇,蛇,shé,she,2,ㄕㄜ
腾,騰,腾,téng,teng,2,ㄊㄥ
醝,醝,醝,cuó,cuo,2,ㄘㄨㄛ
嬮,嬮,嬮,yān,yan,1,ㄧㄢ
䢙,䢙,䢙,bài,bai,4,ㄅㄞ
妑,妑,妑,pā,pa,1,ㄆㄚ
䆄,䆄,䆄,shàn,shan,4,ㄕㄢ
䬛,䬛,䬛,bì,bi,4,ㄅㄧ
蟈,蟈,蝈,guō,guo,1,ㄍㄨㄛ
淭,淭,淭,qú,qu,2,ㄑㄩ
犱,犱,犱,jǐ,ji,3,ㄐㄧ
药,藥,药,yào,yao,4,ㄧㄠ
嗴,嗴,嗴,嗴,嗴,,
唚,唚,吣,qìn,qin,4,ㄑㄧㄣ
闘,闘,闘,dòu,dou,4,ㄉㄡ
宻,宻,宻,mì,mi,4,ㄇㄧ
鰢,鰢,鰢,mǎ,ma,3,ㄇㄚ
薇,薇,薇,wéi,wei,2,ㄨㄟ
跎,跎,跎,tuó,tuo,2,ㄊㄨㄛ
朊,朊,朊,ruǎn,ruan,3,ㄖㄨㄢ
䴪,䴪,䴪,lù,lu,4,ㄌㄨ
戕,戕,戕,qiāng,qiang,1,ㄑㄧㄤ
䵞,䵞,䵞,jìng,jing,4,ㄐㄧㄥ
睩,睩,睩,lù,lu,4,ㄌㄨ
睼,睼,睼,tì,ti,4,ㄊㄧ
嶪,嶪,嶪,yè,ye,4,ㄧㄝ
苘,檾,苘,qiǒng,qiong,3,ㄑㄩㄥ
魓,魓,魓,bì,bi,4,ㄅㄧ
抌,抌,抌,zhěn,zhen,3,ㄓㄣ
溄,溄,溄,溄,溄,,
蔘,蔘,蔘,sēn,sen,1,ㄙㄣ
醞,醞,酝,yùn,yun,4,ㄩㄣ
桒,桒,桒,sāng,sang,1,ㄙㄤ
龬,龬,龬,龬,龬,,
扞,扞,扞,hàn,han,4,ㄏㄢ
牨,牨,牨,gāng,gang,1,ㄍㄤ
右,右,右,yòu,you,4,ㄧㄡ
䆸,䆸,䆸,chéng,cheng,2,ㄔㄥ
鴬,鴬,鸴,yīng,ying,1,ㄧㄥ
㬾,㬾,㬾,㬾,㬾,,
專,專,专,zhuān,zhuan,1,ㄓㄨㄢ
呶,呶,呶,náo,nao,2,ㄋㄠ
抖,抖,抖,dǒu,dou,3,ㄉㄡ
㧇,㧇,㧇,mǎo,mao,3,ㄇㄠ
翌,翌,翌,yì,yi,4,ㄧ
帑,帑,帑,tǎng,tang,3,ㄊㄤ
媷,媷,媷,rù,ru,4,ㄖㄨ
㾃,㾃,㾃,tuó,tuo,2,ㄊㄨㄛ
捥,捥,捥,wàn,wan,4,ㄨㄢ
䲳,䲳,䲳,háng,hang,2,ㄏㄤ
珮,珮,珮,pèi,pei,4,ㄆㄟ
䃭,䃭,䃭,gǎn,gan,3,ㄍㄢ
旨,旨,旨,zhǐ,zhi,3,ㄓ
射,射,射,shè,she,4,ㄕㄜ
㽡,㽡,㽡,㽡,㽡,,
䌐,䌐,䌐,mì,mi,4,ㄇㄧ
啳,啳,啳,quán,quan,2,ㄑㄩㄢ
共,共,共,gòng,gong,4,ㄍㄨㄥ
愇,愇,愇,wěi,wei,3,ㄨㄟ
赠,贈,赠,zèng,zeng,4,ㄗㄥ
俙,俙,俙,xī,xi,1,ㄒㄧ
䣛,䣛,䣛,䣛,䣛,,
漺,漺,漺,chuǎng,chuang,3,ㄔㄨㄤ
婑,婑,婑,wǒ,wo,3,ㄨㄛ
袲,袲,袲,yí,yi,2,ㄧ
䛀,䛀,䛀,fǎn,fan,3,ㄈㄢ
鑁,鑁,鑁,zōng,zong,1,ㄗㄨㄥ
㥷,㥷,㥷,yè,ye,4,ㄧㄝ
㠄,㠄,㠄,xí,xi,2,ㄒㄧ
蔨,蔨,蔨,jùn,jun,4,ㄐㄩㄣ
緕,緕,緕,緕,緕,,
工,工,工,gōng,gong,1,ㄍㄨㄥ
薱,薱,薱,dùi,dui,4,ㄉㄨㄟ
貏,貏,貏,bǐ,bi,3,ㄅㄧ
䃜,䃜,䃜,䃜,䃜,,
濽,濽,濽,zàn,zan,4,ㄗㄢ
㢝,㢝,㢝,㢝,㢝,,
䖩,䖩,䖩,bì,bi,4,ㄅㄧ
琟,琟,琟,wéi,wei,2,ㄨㄟ
捖,捖,捖,huán,huan,2,ㄏㄨㄢ
詇,詇,詇,yàng,yang,4,ㄧㄤ
藀,藀,藀,yíng,ying,2,ㄧㄥ
陔,陔,陔,gāi,gai,1,ㄍㄞ
胏,胏,胏,zǐ,zi,3,ㄗ
鐓,鐓,镦,dùi,dui,4,ㄉㄨㄟ
珗,珗,珗,xiān,xian,1,ㄒㄧㄢ
塻,塻,塻,mò,mo,4,ㄇㄛ
鷠,鷠,鷠,yú,yu,2,ㄩ
魑,魑,魑,chī,chi,1,ㄔ
譒,譒,譒,bò,bo,4,ㄅㄛ
塜,塜,塜,péng,peng,2,ㄆㄥ
弻,弻,弻,bì,bi,4,ㄅㄧ
锰,錳,锰,měng,meng,3,ㄇㄥ
匍,匍,匍,pú,pu,2,ㄆㄨ
鰕,鰕,鰕,xiá,xia,2,ㄒㄧㄚ
蠓,蠓,蠓,měng,meng,3,ㄇㄥ
袭,襲,袭,xí,xi,2,ㄒㄧ
䥧,䥧,䥧,huán,huan,2,ㄏㄨㄢ
倝,倝,倝,gàn,gan,4,ㄍㄢ
懱,懱,懱,miè,mie,4,ㄇㄧㄝ
闅,闅,闅,wén,wen,2,ㄨㄣ
帩,帩,帩,qiào,qiao,4,ㄑㄧㄠ
琚,琚,琚,jū,ju,1,ㄐㄩ
稃,稃,稃,fū,fu,1,ㄈㄨ
䝄,䝄,䝄,䝄,䝄,,
鱆,鱆,鱆,zhāng,zhang,1,ㄓㄤ
矪,矪,矪,zhōu,zhou,1,ㄓㄡ
緞,緞,缎,duàn,duan,4,ㄉㄨㄢ
籮,籮,箩,luó,luo,2,ㄌㄨㄛ
雱,雱,雱,páng,pang,2,ㄆㄤ
泣,泣,泣,qì,qi,4,ㄑㄧ
㭜,㭜,㭜,róng,rong,2,ㄖㄨㄥ
䜎,䜎,䜎,láo,lao,2,ㄌㄠ
峼,峼,峼,hào,hao,4,ㄏㄠ
窳,窳,窳,yǔ,yu,3,ㄩ
蜌,蜌,蜌,bì,bi,4,ㄅㄧ
檦,檦,檦,biǎo,biao,3,ㄅㄧㄠ
岰,岰,岰,yǒu,you,3,ㄧㄡ
乤,乤,乤,乤,乤,,
鄯,鄯,鄯,shàn,shan,4,ㄕㄢ
㛘,㛘,㛘,pò,po,4,ㄆㄛ
瑗,瑗,瑗,yuàn,yuan,4,ㄩㄢ
凈,凈,凈,jìng,jing,4,ㄐㄧㄥ
疘,疘,疘,gāng,gang,1,ㄍㄤ
㛸,㛸,㛸,shù,shu,4,ㄕㄨ
栞,栞,栞,kān,kan,1,ㄎㄢ
咰,咰,咰,shuài,shuai,4,ㄕㄨㄞ
鞧,鞧,鞧,qīu,qiu,1,ㄑㄧㄡ
舌,舌,舌,shé,she,2,ㄕㄜ
㝏,㝏,㝏,jiè,jie,4,ㄐㄧㄝ
鑂,鑂,鑂,xùn,xun,4,ㄒㄩㄣ
鲸,鯨,鲸,jīng,jing,1,ㄐㄧㄥ
鿎,鿎,鿎,鿎,鿎,,
殆,殆,殆,dài,dai,4,ㄉㄞ
唿,呼,唿,hū,hu,1,ㄏㄨ
繶,繶,繶,yì,yi,4,ㄧ
铣,銑,铣,xiǎn,xian,3,ㄒㄧㄢ
杙,杙,杙,yì,yi,4,ㄧ
蔔,蔔,卜,bo,bo,5,ㄅㄛ
鱏,鱏,鱏,xún,xun,2,ㄒㄩㄣ
拀,拀,拀,chù,chu,4,ㄔㄨ
邷,邷,邷,wǎ,wa,3,ㄨㄚ
瀟,瀟,潇,xiāo,xiao,1,ㄒㄧㄠ
蝱,蝱,蝱,méng,meng,2,ㄇㄥ
橵,橵,橵,橵,橵,,
籤,籤,签,qiān,qian,1,ㄑㄧㄢ
摑,摑,掴,guó,guo,2,ㄍㄨㄛ
祄,祄,祄,xiè,xie,4,ㄒㄧㄝ
冯,馮,冯,féng,feng,2,ㄈㄥ
尮,尮,尮,duò,duo,4,ㄉㄨㄛ
䎛,䎛,䎛,䎛,䎛,,
㓁,㓁,㓁,wǎng,wang,3,ㄨㄤ
䤞,䤞,䤞,yǔn,yun,3,ㄩㄣ
㜚,㜚,㜚,sù,su,4,ㄙㄨ
枛,枛,枛,zhào,zhao,4,ㄓㄠ
䯷,䯷,䯷,䯷,䯷,,
獤,獤,獤,獤,獤,,
拡,拡,拡,kuò,kuo,4,ㄎㄨㄛ
暶,暶,暶,xuán,xuan,2,ㄒㄩㄢ
旝,旝,旝,guài,guai,4,ㄍㄨㄞ
軎,軎,軎,wèi,wei,4,ㄨㄟ
峽,峽,崃,xiá,xia,2,ㄒㄧㄚ
巾,巾,巾,jīn,jin,1,ㄐㄧㄣ
㺶,㺶,㺶,㺶,㺶,,
測,測,测,cè,ce,4,ㄘㄜ
霬,霬,霬,yì,yi,4,ㄧ
童,童,童,tóng,tong,2,ㄊㄨㄥ
幆,幆,幆,yì,yi,4,ㄧ
蜾,蜾,蜾,guǒ,guo,3,ㄍㄨㄛ
昩,昩,昩,mò,mo,4,ㄇㄛ
巯,巰,巯,qíu,qiu,2,ㄑㄧㄡ
藛,藛,藛,xiě,xie,3,ㄒㄧㄝ
䶡,䶡,䶡,shí,shi,2,ㄕ
自,自,自,zì,zi,4,ㄗ
鮆,鮆,鮆,jì,ji,4,ㄐㄧ
䐵,䐵,䐵,huáng,huang,2,ㄏㄨㄤ
塽,塽,塽,shuǎng,shuang,3,ㄕㄨㄤ
僭,僭,僭,jiàn,jian,4,ㄐㄧㄢ
輜,輜,辎,zī,zi,1,ㄗ
娍,娍,娍,chéng,cheng,2,ㄔㄥ
䋙,䋙,䋙,ěr,er,3,ㄦ
硒,硒,硒,xī,xi,1,ㄒㄧ
袆,褘,袆,hūi,hui,1,ㄏㄨㄟ
呝,呝,呝,è,e,4,ㄜ
䐩,䐩,䐩,kǎi,kai,3,ㄎㄞ
早,早,早,zǎo,zao,3,ㄗㄠ
雛,雛,雏,chú,chu,2,ㄔㄨ
撝,撝,撝,hūi,hui,1,ㄏㄨㄟ
瞯,瞯,瞯,xián,xian,2,ㄒㄧㄢ
軚,軚,軚,dài,dai,4,ㄉㄞ
顒,顒,颙,yóng,yong,2,ㄩㄥ
蔫,蔫,蔫,yān,yan,1,ㄧㄢ
掆,掆,㧏,gāng,gang,1,ㄍㄤ
歝,歝,歝,yì,yi,4,ㄧ
蔰,蔰,蔰,hù,hu,4,ㄏㄨ
袐,袐,袐,bì,bi,4,ㄅㄧ
掎,掎,掎,jǐ,ji,3,ㄐㄧ
躭,躭,躭,dān,dan,1,ㄉㄢ
旚,旚,旚,piāo,piao,1,ㄆㄧㄠ
㹆,㹆,㹆,㹆,㹆,,
濂,濂,濂,lián,lian,2,ㄌㄧㄢ
㸩,㸩,㸩,àn,an,4,ㄢ
醑,醑,醑,xǔ,xu,3,ㄒㄩ
鱢,鱢,鱢,sāo,sao,1,ㄙㄠ
㱂,㱂,㱂,㱂,㱂,,
禨,禨,禨,jī,ji,1,ㄐㄧ
聨,聨,聨,聨,聨,,
痉,痙,痉,jìng,jing,4,ㄐㄧㄥ
吔,吔,吔,yě,ye,3,ㄧㄝ
贕,贕,贕,dú,du,2,ㄉㄨ
㹜,㹜,㹜,yín,yin,2,ㄧㄣ
鄫,鄫,鄫,céng,ceng,2,ㄘㄥ
渴,渴,渴,kě,ke,3,ㄎㄜ
针,針,针,zhēn,zhen,1,ㄓㄣ
仒,仒,仒,仒,仒,,
㖓,㖓,㖓,hóng,hong,2,ㄏㄨㄥ
㤭,㤭,㤭,㤭,㤭,,
駋,駋,駋,zhāo,zhao,1,ㄓㄠ
訦,訦,訦,chén,chen,2,ㄔㄣ
志,誌,志,zhì,zhi,4,ㄓ
䚩,䚩,䚩,jiǎo,jiao,3,ㄐㄧㄠ
苶,苶,苶,nié,nie,2,ㄋㄧㄝ
喀,喀,喀,kā,ka,1,ㄎㄚ
絋,絋,絋,絋,絋,,
㱄,㱄,㱄,mò,mo,4,ㄇㄛ
談,談,谈,tán,tan,2,ㄊㄢ
謟,謟,謟,tāo,tao,1,ㄊㄠ
慻,慻,慻,juàn,juan,4,ㄐㄩㄢ
䜦,䜦,䜦,䜦,䜦,,
綘,綘,綘,féng,feng,2,ㄈㄥ
䨛,䨛,䨛,sè,se,4,ㄙㄜ
蘶,蘶,蘶,wèi,wei,4,ㄨㄟ
堀,堀,堀,kū,ku,1,ㄎㄨ
戧,戧,戗,chuāng,chuang,1,ㄔㄨㄤ
㗍,㗍,㗍,㗍,㗍,,
飯,飯,饭,fàn,fan,4,ㄈㄢ
抶,抶,抶,chì,chi,4,ㄔ
㮝,㮝,㮝,hé,he,2,ㄏㄜ
兎,兎,兎,tù,tu,4,ㄊㄨ
䜻,䜻,䜻,chǐ,chi,3,ㄔ
侾,侾,侾,hāo,hao,1,ㄏㄠ
撰,撰,撰,zhuàn,zhuan,4,ㄓㄨㄢ
砗,硨,砗,chē,che,1,ㄔㄜ
润,潤,润,rùn,run,4,ㄖㄨㄣ
㩠,㩠,㩠,piǎo,piao,3,ㄆㄧㄠ
矺,矺,矺,tuō,tuo,1,ㄊㄨㄛ
䳖,䳖,䳖,nèi,nei,4,ㄋㄟ
鲑,鮭,鲑,gūi,gui,1,ㄍㄨㄟ
搨,搨,搨,tà,ta,4,ㄊㄚ
垹,垹,垹,bāng,bang,1,ㄅㄤ
憲,憲,宪,xiàn,xian,4,ㄒㄧㄢ
淮,淮,淮,huái,huai,2,ㄏㄨㄞ
囹,囹,囹,líng,ling,2,ㄌㄧㄥ
藋,藋,藋,diào,diao,4,ㄉㄧㄠ
寘,寘,寘,zhì,zhi,4,ㄓ
珿,珿,珿,chuò,chuo,4,ㄔㄨㄛ
鄡,鄡,鄡,qiāo,qiao,1,ㄑㄧㄠ
銯,銯,銯,銯,銯,,
馳,馳,驰,chí,chi,2,ㄔ
柢,柢,柢,dǐ,di,3,ㄉㄧ
㡝,㡝,㡝,fèng,feng,4,ㄈㄥ
娧,娧,娧,tùi,tui,4,ㄊㄨㄟ
䂺,䂺,䂺,wǎn,wan,3,ㄨㄢ
麱,麱,麱,fū,fu,1,ㄈㄨ
堐,堐,堐,yá,ya,2,ㄧㄚ
䇤,䇤,䇤,dùi,dui,4,ㄉㄨㄟ
㩌,㩌,㩌,fèi,fei,4,ㄈㄟ
栥,栥,栥,zī,zi,1,ㄗ
轍,轍,辙,chè,che,4,ㄔㄜ
嶖,嶖,嶖,yǎn,yan,3,ㄧㄢ
䎸,䎸,䎸,wù,wu,4,ㄨ
鋌,鋌,铤,tǐng,ting,3,ㄊㄧㄥ
汳,汳,汳,biàn,bian,4,ㄅㄧㄢ
耇,耇,耇,gǒu,gou,3,ㄍㄡ
䌒,䌒,䌒,lù,lu,4,ㄌㄨ
㼢,㼢,㼢,ě,e,3,ㄜ
䰾,䰾,䰾,bà,ba,4,ㄅㄚ
䕅,䕅,䕅,sǎo,sao,3,ㄙㄠ
熥,熥,熥,tōng,tong,1,ㄊㄨㄥ
津,津,津,jīn,jin,1,ㄐㄧㄣ
綕,綕,綕,zhī,zhi,1,ㄓ
爚,爚,爚,yuè,yue,4,ㄩㄝ
賹,賹,賹,ài,ai,4,ㄞ
邵,邵,邵,shào,shao,4,ㄕㄠ
䱟,䱟,䱟,jù,ju,4,ㄐㄩ
狏,狏,狏,tuó,tuo,2,ㄊㄨㄛ
残,殘,残,cán,can,2,ㄘㄢ
鄧,鄧,邓,dèng,deng,4,ㄉㄥ
秃,禿,秃,tū,tu,1,ㄊㄨ
视,視,视,shì,shi,4,ㄕ
撴,撴,撴,dūn,dun,1,ㄉㄨㄣ
惕,惕,惕,tì,ti,4,ㄊㄧ
䊷,䊷,䊷,䊷,䊷,,
䲋,䲋,䲋,cén,cen,2,ㄘㄣ
嘣,嘣,嘣,bēng,beng,1,ㄅㄥ
㑟,㑟,㑟,běng,beng,3,ㄅㄥ
賤,賤,贱,jiàn,jian,4,ㄐㄧㄢ
㷩,㷩,㷩,㷩,㷩,,
㧤,㧤,㧤,chòng,chong,4,ㄔㄨㄥ
伋,伋,伋,jí,ji,2,ㄐㄧ
棘,棘,棘,jí,ji,2,ㄐㄧ
额,額,额,é,e,2,ㄜ
滷,滷,卤,lǔ,lu,3,ㄌㄨ
蔼,藹,蔼,ǎi,ai,3,ㄞ
浻,浻,浻,wěng,weng,3,ㄨㄥ
茸,茸,茸,róng,rong,2,ㄖㄨㄥ
㑓,㑓,㑓,㑓,㑓,,
嚉,嚉,嚉,duō,duo,1,ㄉㄨㄛ
螁,螁,螁,螁,螁,,
㵍,㵍,㵍,mèn,men,4,ㄇㄣ
筭,筭,筭,suàn,suan,4,ㄙㄨㄢ
梶,梶,梶,wěi,wei,3,ㄨㄟ
滼,滼,滼,fàn,fan,4,ㄈㄢ
伥,倀,伥,chāng,chang,1,ㄔㄤ
蔕,蔕,蔕,dì,di,4,ㄉㄧ
镽,镽,镽,liǎo,liao,3,ㄌㄧㄠ
茦,茦,茦,cè,ce,4,ㄘㄜ
錆,錆,锖,qiāng,qiang,1,ㄑㄧㄤ
搆,搆,搆,gòu,gou,4,ㄍㄡ
㼆,㼆,㼆,㼆,㼆,,
鏏,鏏,鏏,wèi,wei,4,ㄨㄟ
啛,啛,啛,cùi,cui,4,ㄘㄨㄟ
崂,嶗,崂,láo,lao,2,ㄌㄠ
䦹,䦹,䦹,shí,shi,2,ㄕ
䈕,䈕,䈕,chí,chi,2,ㄔ
郟,郟,郏,jiá,jia,2,ㄐㄧㄚ
咢,咢,咢,è,e,4,ㄜ
怙,怙,怙,hù,hu,4,ㄏㄨ
倢,倢,倢,jié,jie,2,ㄐㄧㄝ
稅,稅,税,shùi,shui,4,ㄕㄨㄟ
欿,欿,欿,kǎn,kan,3,ㄎㄢ
伾,伾,伾,pī,pi,1,ㄆㄧ
弉,弉,弉,zàng,zang,4,ㄗㄤ
懘,懘,懘,chì,chi,4,ㄔ
娵,娵,娵,jū,ju,1,ㄐㄩ
㟒,㟒,㟒,㟒,㟒,,
岂,豈,岂,qǐ,qi,3,ㄑㄧ
嬱,嬱,嬱,cán,can,2,ㄘㄢ
嬛,嬛,嬛,huán,huan,2,ㄏㄨㄢ
特,特,特,tè,te,4,ㄊㄜ
欩,欩,欩,chāo,chao,1,ㄔㄠ
捫,捫,扪,mén,men,2,ㄇㄣ
迒,迒,迒,háng,hang,2,ㄏㄤ
㨈,㨈,㨈,jǐ,ji,3,ㄐㄧ
炢,炢,炢,zhú,zhu,2,ㄓㄨ
嫶,嫶,嫶,jiáo,jiao,2,ㄐㄧㄠ
忡,忡,忡,chōng,chong,1,ㄔㄨㄥ
嬄,嬄,嬄,嬄,嬄,,
鍞,鍞,鍞,kēng,keng,1,ㄎㄥ
㦿,㦿,㦿,hù,hu,4,ㄏㄨ
唉,唉,唉,āi,ai,1,ㄞ
㖝,㖝,㖝,㖝,㖝,,
坂,阪,坂,bǎn,ban,3,ㄅㄢ
疆,疆,疆,jiāng,jiang,1,ㄐㄧㄤ
荖,荖,荖,lǎo,lao,3,ㄌㄠ
嵲,嵲,嵲,niè,nie,4,ㄋㄧㄝ
恭,恭,恭,gōng,gong,1,ㄍㄨㄥ
鵑,鵑,鹃,juān,juan,1,ㄐㄩㄢ
㞄,㞄,㞄,㞄,㞄,,
倨,倨,倨,jù,ju,4,ㄐㄩ
岋,岋,岋,è,e,4,ㄜ
帙,帙,帙,zhì,zhi,4,ㄓ
孔,孔,孔,kǒng,kong,3,ㄎㄨㄥ
篓,簍,篓,lǒu,lou,3,ㄌㄡ
繭,繭,茧,jiǎn,jian,3,ㄐㄧㄢ
酝,醞,酝,yùn,yun,4,ㄩㄣ
杇,杇,杇,wū,wu,1,ㄨ
幜,幜,幜,jiǒng,jiong,3,ㄐㄩㄥ
㒻,㒻,㒻,mào,mao,4,ㄇㄠ
葍,葍,葍,fú,fu,2,ㄈㄨ
牿,牿,牿,gù,gu,4,ㄍㄨ
覘,覘,觇,zhān,zhan,1,ㄓㄢ
軀,軀,躯,qū,qu,1,ㄑㄩ
姵,姵,姵,pèi,pei,4,ㄆㄟ
䣐,䣐,䣐,䣐,䣐,,
缻,缻,缻,fǒu,fou,3,ㄈㄡ
进,進,进,jìn,jin,4,ㄐㄧㄣ
读,讀,读,dú,du,2,ㄉㄨ
簞,簞,箪,dān,dan,1,ㄉㄢ
发,發,发,fā,fa,1,ㄈㄚ
陉,陘,陉,xíng,xing,2,ㄒㄧㄥ
剺,剺,剺,lí,li,2,ㄌㄧ
楔,楔,楔,xiē,xie,1,ㄒㄧㄝ
肢,肢,肢,zhī,zhi,1,ㄓ
艣,艣,艣,lǔ,lu,3,ㄌㄨ
訮,訮,訮,xiān,xian,1,ㄒㄧㄢ
紩,紩,紩,zhì,zhi,4,ㄓ
蛎,蠣,蛎,lì,li,4,ㄌㄧ
澲,澲,澲,yè,ye,4,ㄧㄝ
埡,埡,垭,yà,ya,4,ㄧㄚ
偌,偌,偌,ruò,ruo,4,ㄖㄨㄛ
扢,扢,扢,gǔ,gu,3,ㄍㄨ
洫,洫,洫,xù,xu,4,ㄒㄩ
粲,粲,粲,càn,can,4,ㄘㄢ
詉,詉,詉,náo,nao,2,ㄋㄠ
䂼,䂼,䂼,niè,nie,4,ㄋㄧㄝ
䔅,䔅,䔅,䔅,䔅,,
惵,惵,惵,diè,die,4,ㄉㄧㄝ
葘,葘,葘,zī,zi,1,ㄗ
戂,戂,戂,mí,mi,2,ㄇㄧ
詍,詍,詍,yì,yi,4,ㄧ
㓸,㓸,㓸,jué,jue,2,ㄐㄩㄝ
齅,齅,齅,xìu,xiu,4,ㄒㄧㄡ
椦,椦,椦,椦,椦,,
戺,戺,戺,shì,shi,4,ㄕ
畮,畮,畮,mǔ,mu,3,ㄇㄨ
膆,膆,膆,sù,su,4,ㄙㄨ
茜,茜,茜,qiàn,qian,4,ㄑㄧㄢ
鎉,鎉,鎉,tà,ta,4,ㄊㄚ
鳒,鰜,鳒,jiān,jian,1,ㄐㄧㄢ
勰,勰,勰,xié,xie,2,ㄒㄧㄝ
髁,髁,髁,kē,ke,1,ㄎㄜ
軕,軕,軕,shān,shan,1,ㄕㄢ
㱕,㱕,㱕,㱕,㱕,,
䤇,䤇,䤇,䤇,䤇,,
瑕,瑕,瑕,xiá,xia,2,ㄒㄧㄚ
嫞,嫞,嫞,yóng,yong,2,ㄩㄥ
距,距,距,jù,ju,4,ㄐㄩ
槧,槧,椠,qiàn,qian,4,ㄑㄧㄢ
㱤,㱤,㱤,㱤,㱤,,
㕀,㕀,㕀,㕀,㕀,,
踓,踓,踓,wěi,wei,3,ㄨㄟ
垧,坰,垧,jiōng,jiong,1,ㄐㄩㄥ
惭,慚,惭,cán,can,2,ㄘㄢ
綩,綩,綩,wǎn,wan,3,ㄨㄢ
濒,瀕,濒,bīn,bin,1,ㄅㄧㄣ
焍,焍,焍,dì,di,4,ㄉㄧ
分,分,分,fēn,fen,1,ㄈㄣ
吃,吃,吃,chī,chi,1,ㄔ
胪,臚,胪,lú,lu,2,ㄌㄨ
滁,滁,滁,chú,chu,2,ㄔㄨ
虺,虺,虺,hǔi,hui,3,ㄏㄨㄟ
唦,唦,唦,shā,sha,1,ㄕㄚ
蘳,蘳,蘳,huǎ,hua,3,ㄏㄨㄚ
嘪,嘪,嘪,mǎi,mai,3,ㄇㄞ
襹,襹,襹,shī,shi,1,ㄕ
䫉,䫉,䫉,mào,mao,4,ㄇㄠ
菆,菆,菆,zōu,zou,1,ㄗㄡ
䖥,䖥,䖥,lí,li,2,ㄌㄧ
现,現,现,xiàn,xian,4,ㄒㄧㄢ
䇰,䇰,䇰,䇰,䇰,,
丹,丹,丹,dān,dan,1,ㄉㄢ
㳿,㳿,㳿,xiè,xie,4,ㄒㄧㄝ
穋,穋,穋,lù,lu,4,ㄌㄨ
旇,旇,旇,pī,pi,1,ㄆㄧ
酤,酤,酤,gū,gu,1,ㄍㄨ
㡽,㡽,㡽,zhào,zhao,4,ㄓㄠ
潰,潰,溃,kùi,kui,4,ㄎㄨㄟ
嗔,嗔,嗔,tián,tian,2,ㄊㄧㄢ
廸,廸,廸,dí,di,2,ㄉㄧ
㕧,㕧,㕧,㕧,㕧,,
䭈,䭈,䭈,jiàn,jian,4,ㄐㄧㄢ
燳,燳,燳,zhào,zhao,4,ㄓㄠ
鷿,鷿,䴙,pì,pi,4,ㄆㄧ
笩,笩,笩,pèi,pei,4,ㄆㄟ
邌,邌,邌,lí,li,2,ㄌㄧ
䆠,䆠,䆠,huàn,huan,4,ㄏㄨㄢ
姬,姬,姬,jī,ji,1,ㄐㄧ
歸,歸,归,gūi,gui,1,ㄍㄨㄟ
牵,牽,牵,qiān,qian,1,ㄑㄧㄢ
辕,轅,辕,yuán,yuan,2,ㄩㄢ
䝞,䝞,䝞,hào,hao,4,ㄏㄠ
晏,晏,晏,yàn,yan,4,ㄧㄢ
昙,曇,昙,tán,tan,2,ㄊㄢ
機,機,机,jī,ji,1,ㄐㄧ
鱧,鱧,鳢,lǐ,li,3,ㄌㄧ
㰵,㰵,㰵,zú,zu,2,ㄗㄨ
輎,輎,輎,shāo,shao,1,ㄕㄠ
㐡,㐡,㐡,nuò,nuo,4,ㄋㄨㄛ
瘯,瘯,瘯,cù,cu,4,ㄘㄨ
䧶,䧶,䧶,kúi,kui,2,ㄎㄨㄟ
鋐,鋐,鋐,hóng,hong,2,ㄏㄨㄥ
俴,俴,俴,jiàn,jian,4,ㄐㄧㄢ
䚵,䚵,䚵,tǎo,tao,3,ㄊㄠ
粴,粴,粴,lǐ,li,3,ㄌㄧ
砥,砥,砥,dǐ,di,3,ㄉㄧ
餹,餹,餹,táng,tang,2,ㄊㄤ
钯,鈀,钯,bǎ,ba,3,ㄅㄚ
暯,暯,暯,mò,mo,4,ㄇㄛ
鈳,鈳,钶,kē,ke,1,ㄎㄜ
佊,佊,佊,bǐ,bi,3,ㄅㄧ
㧙,㧙,㧙,bì,bi,4,ㄅㄧ
偋,偋,偋,bǐng,bing,3,ㄅㄧㄥ
㩰,㩰,㩰,jiǎo,jiao,3,ㄐㄧㄠ
到,到,到,dào,dao,4,ㄉㄠ
饶,饒,饶,ráo,rao,2,ㄖㄠ
臿,臿,臿,chā,cha,1,ㄔㄚ
躔,躔,躔,chán,chan,2,ㄔㄢ
彗,彗,彗,hùi,hui,4,ㄏㄨㄟ
茅,茅,茅,máo,mao,2,ㄇㄠ
駀,駀,駀,yóu,you,2,ㄧㄡ
忨,忨,忨,wàn,wan,4,ㄨㄢ
䰡,䰡,䰡,chì,chi,4,ㄔ
皦,皦,皦,jiǎo,jiao,3,ㄐㄧㄠ
巇,巇,巇,xī,xi,1,ㄒㄧ
庁,庁,庁,tīng,ting,1,ㄊㄧㄥ
㟺,㟺,㟺,lóu,lou,2,ㄌㄡ
太,太,太,tài,tai,4,ㄊㄞ
仧,仧,仧,cháng,chang,2,ㄔㄤ
沯,沯,沯,zǎn,zan,3,ㄗㄢ
叀,叀,叀,zhuān,zhuan,1,ㄓㄨㄢ
邡,邡,邡,fāng,fang,1,ㄈㄤ
封,封,封,fēng,feng,1,ㄈㄥ
䡿,䡿,䡿,líng,ling,2,ㄌㄧㄥ
䆛,䆛,䆛,chá,cha,2,ㄔㄚ
䔨,䔨,䔨,䔨,䔨,,
薮,藪,薮,sǒu,sou,3,ㄙㄡ
慥,慥,慥,zào,zao,4,ㄗㄠ
霥,霥,霥,mèng,meng,4,ㄇㄥ
鯉,鯉,鲤,lǐ,li,3,ㄌㄧ
莹,瑩,莹,yíng,ying,2,ㄧㄥ
鷉,鷉,䴘,tī,ti,1,ㄊㄧ
宏,宏,宏,hóng,hong,2,ㄏㄨㄥ
阼,阼,阼,zuò,zuo,4,ㄗㄨㄛ
䲆,䲆,䲆,䲆,䲆,,
㓑,㓑,㓑,xìng,xing,4,ㄒㄧㄥ
惏,惏,惏,lín,lin,2,ㄌㄧㄣ
罋,罋,罋,wèng,weng,4,ㄨㄥ
孩,孩,孩,hái,hai,2,ㄏㄞ
菮,菮,菮,gēng,geng,1,ㄍㄥ
蜿,蜿,蜿,wān,wan,1,ㄨㄢ
剗,剗,刬,chǎn,chan,3,ㄔㄢ
銔,銔,銔,pī,pi,1,ㄆㄧ
望,望,望,wàng,wang,4,ㄨㄤ
乪,乪,乪,náng,nang,2,ㄋㄤ
鮱,鮱,鮱,鮱,鮱,,
某,某,某,mǒu,mou,3,ㄇㄡ
鼐,鼐,鼐,nài,nai,4,ㄋㄞ
㪓,㪓,㪓,chuái,chuai,2,ㄔㄨㄞ
暼,暼,暼,piē,pie,1,ㄆㄧㄝ
灓,灓,灓,luán,luan,2,ㄌㄨㄢ
閠,閠,閠,rùn,run,4,ㄖㄨㄣ
跒,跒,跒,qiǎ,qia,3,ㄑㄧㄚ
閜,閜,閜,xiǎ,xia,3,ㄒㄧㄚ
㤰,㤰,㤰,zǎn,zan,3,ㄗㄢ
鼻,鼻,鼻,bí,bi,2,ㄅㄧ
鸜,鸜,鸜,qú,qu,2,ㄑㄩ
㔞,㔞,㔞,kuài,kuai,4,ㄎㄨㄞ
哝,噥,哝,nóng,nong,2,ㄋㄨㄥ
㽰,㽰,㽰,shù,shu,4,ㄕㄨ
匏,匏,匏,páo,pao,2,ㄆㄠ
鍓,鍓,鍓,jí,ji,2,ㄐㄧ
㣿,㣿,㣿,zhuó,zhuo,2,ㄓㄨㄛ
彧,彧,彧,yù,yu,4,ㄩ
買,買,买,mǎi,mai,3,ㄇㄞ
侦,偵,侦,zhēn,zhen,1,ㄓㄣ
聐,聐,聐,yà,ya,4,ㄧㄚ
驥,驥,骥,jì,ji,4,ㄐㄧ
蜟,蜟,蜟,yù,yu,4,ㄩ
靫,靫,靫,chā,cha,1,ㄔㄚ
戸,戸,戸,hù,hu,4,ㄏㄨ
䥉,䥉,䥉,䥉,䥉,,
䑶,䑶,䑶,cán,can,2,ㄘㄢ
櫱,櫱,櫱,niè,nie,4,ㄋㄧㄝ
㻭,㻭,㻭,sè,se,4,ㄙㄜ
䆖,䆖,䆖,hóng,hong,2,ㄏㄨㄥ
蜁,蜁,蜁,xuán,xuan,2,ㄒㄩㄢ
䦷,䦟,䦷,chuài,chuai,4,ㄔㄨㄞ
蜑,蜑,蜑,dàn,dan,4,ㄉㄢ
䠡,䠡,䠡,cuó,cuo,2,ㄘㄨㄛ
楍,楍,楍,běn,ben,3,ㄅㄣ
萾,萾,萾,yíng,ying,2,ㄧㄥ
更,更,更,gèng,geng,4,ㄍㄥ
䯛,䯛,䯛,jiǎn,jian,3,ㄐㄧㄢ
婲,婲,婲,婲,婲,,
甔,甔,甔,dān,dan,1,ㄉㄢ
緫,緫,緫,cōng,cong,1,ㄘㄨㄥ
毹,毹,毹,shū,shu,1,ㄕㄨ
啩,啩,啩,guà,gua,4,ㄍㄨㄚ
巌,巌,巌,yán,yan,2,ㄧㄢ
梿,梿,梿,lián,lian,2,ㄌㄧㄢ
㴯,㴯,㴯,㴯,㴯,,
梾,棶,梾,lái,lai,2,ㄌㄞ
䀽,䀽,䀽,yán,yan,2,ㄧㄢ
諼,諼,谖,xuān,xuan,1,ㄒㄩㄢ
噋,噋,噋,tūn,tun,1,ㄊㄨㄣ
骈,駢,骈,pián,pian,2,ㄆㄧㄢ
岱,岱,岱,dài,dai,4,ㄉㄞ
区,區,区,qū,qu,1,ㄑㄩ
㛳,㛳,㛳,chà,cha,4,ㄔㄚ
龰,龰,龰,龰,龰,,
又,又,又,yòu,you,4,ㄧㄡ
息,息,息,xī,xi,1,ㄒㄧ
緅,緅,緅,zōu,zou,1,ㄗㄡ
餯,餯,餯,hùi,hui,4,ㄏㄨㄟ
兽,獸,兽,shòu,shou,4,ㄕㄡ
腀,腀,腀,lún,lun,2,ㄌㄨㄣ
佽,佽,佽,cì,ci,4,ㄘ
㢪,㢪,㢪,㢪,㢪,,
眰,眰,眰,dié,die,2,ㄉㄧㄝ
縕,縕,缊,yūn,yun,1,ㄩㄣ
㔔,㔔,㔔,㔔,㔔,,
狱,獄,狱,yù,yu,4,ㄩ
盪,盪,盪,dàng,dang,4,ㄉㄤ
炅,炅,炅,jiǒng,jiong,3,ㄐㄩㄥ
秱,秱,秱,tóng,tong,2,ㄊㄨㄥ
囔,囔,囔,nāng,nang,1,ㄋㄤ
娙,娙,娙,xíng,xing,2,ㄒㄧㄥ
慛,慛,慛,cúi,cui,2,ㄘㄨㄟ
㗹,㗹,㗹,㗹,㗹,,
酢,酢,酢,zuò,zuo,4,ㄗㄨㄛ
嬣,嬣,嬣,néng,neng,2,ㄋㄥ
瓩,瓩,瓩,瓩,瓩,,
䅫,䅫,䅫,䅫,䅫,,
低,低,低,dī,di,1,ㄉㄧ
㘑,㘑,㘑,lì,li,4,ㄌㄧ
㟣,㟣,㟣,㟣,㟣,,
㚿,㚿,㚿,páo,pao,2,ㄆㄠ
㼧,㼧,㼧,tóng,tong,2,ㄊㄨㄥ
怬,怬,怬,xì,xi,4,ㄒㄧ
㔻,㔻,㔻,㔻,㔻,,
嫓,嫓,嫓,pì,pi,4,ㄆㄧ
漏,漏,漏,lòu,lou,4,ㄌㄡ
㲦,㲦,㲦,hàn,han,4,ㄏㄢ
歗,歗,歗,xiào,xiao,4,ㄒㄧㄠ
旞,旞,旞,sùi,sui,4,ㄙㄨㄟ
餛,餛,馄,hún,hun,2,ㄏㄨㄣ
觡,觡,觡,gé,ge,2,ㄍㄜ
龟,龜,龟,gūi,gui,1,ㄍㄨㄟ
㩧,㩧,㩧,bó,bo,2,ㄅㄛ
埝,埝,埝,niàn,nian,4,ㄋㄧㄢ
㑂,㑂,㑂,fǎng,fang,3,ㄈㄤ
驰,馳,驰,chí,chi,2,ㄔ
髲,髲,髲,pī,pi,1,ㄆㄧ
䐆,䐆,䐆,cǎi,cai,3,ㄘㄞ
緙,緙,缂,kè,ke,4,ㄎㄜ
訤,訤,訤,xiáo,xiao,2,ㄒㄧㄠ
坶,坶,坶,mù,mu,4,ㄇㄨ
躑,躑,踯,zhí,zhi,2,ㄓ
稕,稕,稕,zhùn,zhun,4,ㄓㄨㄣ
謥,謥,謥,còng,cong,4,ㄘㄨㄥ
况,況,况,kuàng,kuang,4,ㄎㄨㄤ
铑,銠,铑,lǎo,lao,3,ㄌㄠ
睄,睄,睄,shào,shao,4,ㄕㄠ
浟,浟,浟,yóu,you,2,ㄧㄡ
㫤,㫤,㫤,chǎng,chang,3,ㄔㄤ
嘉,嘉,嘉,jiā,jia,1,ㄐㄧㄚ
㠟,㠟,㠟,lí,li,2,ㄌㄧ
儽,儽,儽,lěi,lei,3,ㄌㄟ
怟,怟,怟,dì,di,4,ㄉㄧ
篰,篰,篰,bù,bu,4,ㄅㄨ
遦,遦,遦,guàn,guan,4,ㄍㄨㄢ
㸫,㸫,㸫,qián,qian,2,ㄑㄧㄢ
㓇,㓇,㓇,㓇,㓇,,
涃,涃,涃,kùn,kun,4,ㄎㄨㄣ
鉟,鉟,鉟,pī,pi,1,ㄆㄧ
咽,咽,咽,yān,yan,1,ㄧㄢ
䲡,鰌,䲡,䲡,䲡,,
緎,緎,緎,yù,yu,4,ㄩ
轨,軌,轨,gǔi,gui,3,ㄍㄨㄟ
钼,鉬,钼,mù,mu,4,ㄇㄨ
眆,眆,眆,fǎng,fang,3,ㄈㄤ
赸,赸,赸,shàn,shan,4,ㄕㄢ
崡,崡,崡,hán,han,2,ㄏㄢ
峓,峓,峓,yí,yi,2,ㄧ
誺,誺,誺,chī,chi,1,ㄔ
赒,賙,赒,zhōu,zhou,1,ㄓㄡ
鿪,鿪,鿪,鿪,鿪,,
元,元,元,yuán,yuan,2,ㄩㄢ
袑,袑,袑,shào,shao,4,ㄕㄠ
蝓,蝓,蝓,yú,yu,2,ㄩ
蒱,蒱,蒱,pú,pu,2,ㄆㄨ
䃬,䃬,䃬,wěi,wei,3,ㄨㄟ
悶,悶,闷,mèn,men,4,ㄇㄣ
硴,硴,硴,硴,硴,,
旂,旂,旂,qí,qi,2,ㄑㄧ
趨,趨,趋,qū,qu,1,ㄑㄩ
雷,雷,雷,léi,lei,2,ㄌㄟ
呬,呬,呬,xì,xi,4,ㄒㄧ
㶤,㶤,㶤,chǎo,chao,3,ㄔㄠ
檖,檖,檖,sùi,sui,4,ㄙㄨㄟ
噾,噾,噾,yīn,yin,1,ㄧㄣ
䯜,䯜,䯜,tì,ti,4,ㄊㄧ
鞘,鞘,鞘,qiào,qiao,4,ㄑㄧㄠ
渾,渾,浑,hún,hun,2,ㄏㄨㄣ
廻,廻,廻,húi,hui,2,ㄏㄨㄟ
糂,糂,糂,sǎn,san,3,ㄙㄢ
旀,旀,旀,旀,旀,,
薆,薆,薆,ài,ai,4,ㄞ
䍻,䍻,䍻,xuǎn,xuan,3,ㄒㄩㄢ
㞇,㞇,㞇,wěi,wei,3,ㄨㄟ
翮,翮,翮,hé,he,2,ㄏㄜ
叫,叫,叫,jiào,jiao,4,ㄐㄧㄠ
闞,闞,阚,kàn,kan,4,ㄎㄢ
砱,砱,砱,líng,ling,2,ㄌㄧㄥ
蕭,蕭,萧,xiāo,xiao,1,ㄒㄧㄠ
倌,倌,倌,guān,guan,1,ㄍㄨㄢ
麌,麌,麌,wú,wu,2,ㄨ
欹,欹,欹,yī,yi,1,ㄧ
䖙,䖙,䖙,䖙,䖙,,
专,專,专,zhuān,zhuan,1,ㄓㄨㄢ
齗,齗,龂,kěn,ken,3,ㄎㄣ
㫳,㫳,㫳,chén,chen,2,ㄔㄣ
圥,圥,圥,lù,lu,4,ㄌㄨ
柽,檉,柽,jué,jue,2,ㄐㄩㄝ
坐,坐,坐,zuò,zuo,4,ㄗㄨㄛ
碸,碸,砜,fēng,feng,1,ㄈㄥ
贳,貰,贳,shì,shi,4,ㄕ
㡈,㡈,㡈,mén,men,2,ㄇㄣ
潹,潹,潹,chán,chan,2,ㄔㄢ
䚙,䚙,䚙,䚙,䚙,,
螕,螕,螕,bī,bi,1,ㄅㄧ
影,影,影,yǐng,ying,3,ㄧㄥ
詐,詐,诈,zhà,zha,4,ㄓㄚ
甙,甙,甙,dài,dai,4,ㄉㄞ
㷿,㷿,㷿,㷿,㷿,,
谵,譫,谵,zhān,zhan,1,ㄓㄢ
䁽,䁽,䁽,liè,lie,4,ㄌㄧㄝ
㐲,㐲,㐲,dài,dai,4,ㄉㄞ
䚀,䚀,䚀,䚀,䚀,,
腱,腱,腱,jiàn,jian,4,ㄐㄧㄢ
杣,杣,杣,杣,杣,,
䗕,䗕,䗕,wǎn,wan,3,ㄨㄢ
尝,嘗,尝,cháng,chang,2,ㄔㄤ
蓽,蓽,荜,bì,bi,4,ㄅㄧ
諫,諫,谏,jiàn,jian,4,ㄐㄧㄢ
濕,濕,湿,shī,shi,1,ㄕ
鰌,鰌,䲡,qíu,qiu,2,ㄑㄧㄡ
攌,攌,攌,hàn,han,4,ㄏㄢ
蔵,蔵,蔵,zāng,zang,1,ㄗㄤ
宷,宷,宷,shěn,shen,3,ㄕㄣ
䯒,䯒,䯒,héng,heng,2,ㄏㄥ
秵,秵,秵,yīn,yin,1,ㄧㄣ
严,嚴,严,yán,yan,2,ㄧㄢ
㺦,㺦,㺦,lián,lian,2,ㄌㄧㄢ
詀,詀,詀,zhān,zhan,1,ㄓㄢ
漩,漩,漩,xuán,xuan,2,ㄒㄩㄢ
鄟,鄟,鄟,zhuān,zhuan,1,ㄓㄨㄢ
䀿,䀿,䀿,dì,di,4,ㄉㄧ
墱,墱,墱,dèng,deng,4,ㄉㄥ
鎟,鎟,鎟,sǎng,sang,3,ㄙㄤ
廕,廕,廕,yìn,yin,4,ㄧㄣ
铟,銦,铟,yīn,yin,1,ㄧㄣ
潎,潎,潎,pì,pi,4,ㄆㄧ
鳋,鰠,鳋,sāo,sao,1,ㄙㄠ
矤,矤,矤,shěn,shen,3,ㄕㄣ
挱,挱,挱,suō,suo,1,ㄙㄨㄛ
匄,匄,匄,gài,gai,4,ㄍㄞ
㹀,㹀,㹀,bó,bo,2,ㄅㄛ
鍂,鍂,鍂,鍂,鍂,,
剔,剔,剔,tī,ti,1,ㄊㄧ
㠗,㠗,㠗,ào,ao,4,ㄠ
腴,腴,腴,yú,yu,2,ㄩ
瀒,瀒,瀒,sè,se,4,ㄙㄜ
䘿,䘿,䘿,jué,jue,2,ㄐㄩㄝ
轋,轋,轋,hún,hun,2,ㄏㄨㄣ
䬒,䬒,䬒,䬒,䬒,,
釜,釜,釜,fǔ,fu,3,ㄈㄨ
醼,醼,醼,yàn,yan,4,ㄧㄢ
瀾,瀾,澜,lán,lan,2,ㄌㄢ
辗,輾,辗,zhǎn,zhan,3,ㄓㄢ
隓,隓,隓,hūi,hui,1,ㄏㄨㄟ
難,難,难,nán,nan,2,ㄋㄢ
缺,缺,缺,quē,que,1,ㄑㄩㄝ
嘬,嘬,嘬,zuō,zuo,1,ㄗㄨㄛ
蟁,蟁,蟁,wén,wen,2,ㄨㄣ
㝽,㝽,㝽,chúi,chui,2,ㄔㄨㄟ
䟭,䟭,䟭,tiáo,tiao,2,ㄊㄧㄠ
㗬,㗬,㗬,㗬,㗬,,
龸,龸,龸,龸,龸,,
㪜,㪜,㪜,chuǎi,chuai,3,ㄔㄨㄞ
爓,爓,爓,yàn,yan,4,ㄧㄢ
骺,骺,骺,gòu,gou,4,ㄍㄡ
僧,僧,僧,sēng,seng,1,ㄙㄥ
㓷,㓷,㓷,yì,yi,4,ㄧ
適,適,适,shì,shi,4,ㄕ
矕,矕,矕,mǎn,man,3,ㄇㄢ
瘭,瘭,瘭,biāo,biao,1,ㄅㄧㄠ
䘼,䘼,䘼,wǎn,wan,3,ㄨㄢ
勤,勤,勤,qín,qin,2,ㄑㄧㄣ
丕,丕,丕,pī,pi,1,ㄆㄧ
籃,籃,篮,lán,lan,2,ㄌㄢ
扠,扠,扠,chā,cha,1,ㄔㄚ
䫱,䫱,䫱,ná,na,2,ㄋㄚ
滀,滀,滀,chù,chu,4,ㄔㄨ
痕,痕,痕,hén,hen,2,ㄏㄣ
躃,躃,躃,bì,bi,4,ㄅㄧ
䆰,䆰,䆰,䆰,䆰,,
鋒,鋒,锋,fēng,feng,1,ㄈㄥ
钭,鈄,钭,dǒu,dou,3,ㄉㄡ
嶲,嶲,嶲,xī,xi,1,ㄒㄧ
鑔,鑔,镲,chǎ,cha,3,ㄔㄚ
莨,莨,莨,láng,lang,2,ㄌㄤ
賊,賊,贼,zéi,zei,2,ㄗㄟ
甽,甽,甽,quǎn,quan,3,ㄑㄩㄢ
訾,訾,訾,zǐ,zi,3,ㄗ
撫,撫,抚,fǔ,fu,3,ㄈㄨ
䟗,䟗,䟗,shì,shi,4,ㄕ
沊,沊,沊,dàn,dan,4,ㄉㄢ
䠪,䠪,䠪,duàn,duan,4,ㄉㄨㄢ
㠖,㠖,㠖,jì,ji,4,ㄐㄧ
縹,縹,缥,piǎo,piao,3,ㄆㄧㄠ
戱,戱,戱,xì,xi,4,ㄒㄧ
詟,讋,詟,zhé,zhe,2,ㄓㄜ
檆,檆,檆,shān,shan,1,ㄕㄢ
錏,錏,錏,yà,ya,4,ㄧㄚ
䚈,䚈,䚈,juàn,juan,4,ㄐㄩㄢ
䝕,䝕,䝕,zhé,zhe,2,ㄓㄜ
卽,卽,卽,jí,ji,2,ㄐㄧ
埳,埳,埳,kǎn,kan,3,ㄎㄢ
慢,慢,慢,màn,man,4,ㄇㄢ
䔸,䔸,䔸,biǎo,biao,3,ㄅㄧㄠ
䦚,䦚,䦚,huò,huo,4,ㄏㄨㄛ
偾,僨,偾,fèn,fen,4,ㄈㄣ
壏,壏,壏,làn,lan,4,ㄌㄢ
䱅,䱅,䱅,mò,mo,4,ㄇㄛ
鐋,鐋,铴,tàng,tang,4,ㄊㄤ
槽,槽,槽,cáo,cao,2,ㄘㄠ
䕓,䕓,䕓,chá,cha,2,ㄔㄚ
伺,伺,伺,sì,si,4,ㄙ
鴦,鴦,鸯,yāng,yang,1,ㄧㄤ
錉,錉,錉,mín,min,2,ㄇㄧㄣ
鴕,鴕,鸵,tuó,tuo,2,ㄊㄨㄛ
䤠,䤠,䤠,jī,ji,1,ㄐㄧ
忦,忦,忦,yè,ye,4,ㄧㄝ
迋,迋,迋,wàng,wang,4,ㄨㄤ
彭,彭,彭,péng,peng,2,ㄆㄥ
嶾,嶾,嶾,yǐn,yin,3,ㄧㄣ
羥,羥,羟,qiǎng,qiang,3,ㄑㄧㄤ
轐,轐,轐,pú,pu,2,ㄆㄨ
蕕,蕕,莸,yóu,you,2,ㄧㄡ
鋢,鋢,鋢,lvè,lue,4,
韔,韔,韔,chàng,chang,4,ㄔㄤ
渟,渟,渟,tíng,ting,2,ㄊㄧㄥ
㪪,㪪,㪪,sà,sa,4,ㄙㄚ
叅,叅,叅,cān,can,1,ㄘㄢ
那,那,那,nà,na,4,ㄋㄚ
㼤,㼤,㼤,qì,qi,4,ㄑㄧ
糴,糴,籴,dí,di,2,ㄉㄧ
䚁,䚁,䚁,䚁,䚁,,
襵,襵,襵,zhé,zhe,2,ㄓㄜ
妏,妏,妏,wèn,wen,4,ㄨㄣ
䑙,䑙,䑙,rán,ran,2,ㄖㄢ
鯋,鯋,鯋,shā,sha,1,ㄕㄚ
廟,廟,庙,miào,miao,4,ㄇㄧㄠ
㤊,㤊,㤊,xiào,xiao,4,ㄒㄧㄠ
誓,誓,誓,shì,shi,4,ㄕ
誥,誥,诰,gào,gao,4,ㄍㄠ
螛,螛,螛,hé,he,2,ㄏㄜ
旆,旆,旆,pèi,pei,4,ㄆㄟ
儻,儻,傥,tǎng,tang,3,ㄊㄤ
籺,籺,籺,xié,xie,2,ㄒㄧㄝ
籬,籬,篱,lí,li,2,ㄌㄧ
笥,笥,笥,sì,si,4,ㄙ
䈄,䈄,䈄,hán,han,2,ㄏㄢ
簖,籪,簖,duàn,duan,4,ㄉㄨㄢ
砓,砓,砓,zhé,zhe,2,ㄓㄜ
包,包,包,bāo,bao,1,ㄅㄠ
涐,涐,涐,é,e,2,ㄜ
倐,倐,倐,shū,shu,1,ㄕㄨ
䝗,䝗,䝗,䝗,䝗,,
秆,稈,秆,gǎn,gan,3,ㄍㄢ
岃,岃,岃,岃,岃,,
蝕,蝕,蚀,shí,shi,2,ㄕ
䰋,䰋,䰋,mán,man,2,ㄇㄢ
㬔,㬔,㬔,háo,hao,2,ㄏㄠ
焷,焷,焷,pí,pi,2,ㄆㄧ
盜,盜,盗,dào,dao,4,ㄉㄠ
綼,綼,綼,bēi,bei,1,ㄅㄟ
䝹,䝹,䝹,wǎn,wan,3,ㄨㄢ
簇,簇,簇,cù,cu,4,ㄘㄨ
韐,韐,韐,gé,ge,2,ㄍㄜ
䤬,䤬,䤬,䤬,䤬,,
輵,輵,輵,gé,ge,2,ㄍㄜ
䱔,䱔,䱔,tiáo,tiao,2,ㄊㄧㄠ
疖,癤,疖,jié,jie,2,ㄐㄧㄝ
㬴,㬴,㬴,hǒng,hong,3,ㄏㄨㄥ
䁼,䁼,䁼,mò,mo,4,ㄇㄛ
䋛,䋛,䋛,mí,mi,2,ㄇㄧ
鏭,鏭,鏭,xī,xi,1,ㄒㄧ
䇼,䇼,䇼,chì,chi,4,ㄔ
燭,燭,烛,zhú,zhu,2,ㄓㄨ
钘,鈃,钘,xíng,xing,2,ㄒㄧㄥ
鎸,鎸,镌,juān,juan,1,ㄐㄩㄢ
憫,憫,悯,mǐn,min,3,ㄇㄧㄣ
骨,骨,骨,gǔ,gu,3,ㄍㄨ
簀,簀,箦,zé,ze,2,ㄗㄜ
匊,匊,匊,jú,ju,2,ㄐㄩ
倛,倛,倛,qī,qi,1,ㄑㄧ
㠲,㠲,㠲,bǐ,bi,3,ㄅㄧ
䙓,䙓,䙓,bǎi,bai,3,ㄅㄞ
㞬,㞬,㞬,qìn,qin,4,ㄑㄧㄣ
䟻,䟻,䟻,dù,du,4,ㄉㄨ
芏,芏,芏,tǔ,tu,3,ㄊㄨ
忊,忊,忊,dìng,ding,4,ㄉㄧㄥ
勓,勓,勓,kài,kai,4,ㄎㄞ
效,效,效,xiào,xiao,4,ㄒㄧㄠ
橽,橽,橽,tà,ta,4,ㄊㄚ
䶗,䶗,䶗,kè,ke,4,ㄎㄜ
㒄,㒄,㒄,nàng,nang,4,ㄋㄤ
热,熱,热,rè,re,4,ㄖㄜ
蘒,蘒,蘒,蘒,蘒,,
汧,汧,汧,qiān,qian,1,ㄑㄧㄢ
笀,笀,笀,máng,mang,2,ㄇㄤ
蔍,蔍,蔍,lù,lu,4,ㄌㄨ
诪,譸,诪,zhōu,zhou,1,ㄓㄡ
绔,絝,绔,kù,ku,4,ㄎㄨ
窰,窰,窰,yáo,yao,2,ㄧㄠ
㑉,㑉,㑉,sù,su,4,ㄙㄨ
熺,熺,熺,xī,xi,1,ㄒㄧ
咲,咲,咲,xiào,xiao,4,ㄒㄧㄠ
㢟,㢟,㢟,chǎn,chan,3,ㄔㄢ
鷞,鷞,鷞,shuāng,shuang,1,ㄕㄨㄤ
㞸,㞸,㞸,sùi,sui,4,ㄙㄨㄟ
癶,癶,癶,bō,bo,1,ㄅㄛ
郡,郡,郡,jùn,jun,4,ㄐㄩㄣ
䥙,䥙,䥙,sùi,sui,4,ㄙㄨㄟ
粼,粼,粼,lín,lin,2,ㄌㄧㄣ
䶸,䶸,䶸,䶸,䶸,,
垨,垨,垨,shǒu,shou,3,ㄕㄡ
嶚,嶚,嶚,liáo,liao,2,ㄌㄧㄠ
䴦,䴦,䴦,rén,ren,2,ㄖㄣ
粏,粏,粏,粏,粏,,
䌕,䌕,䌕,mí,mi,2,ㄇㄧ
坵,坵,坵,qīu,qiu,1,ㄑㄧㄡ
檟,檟,槚,jiǎ,jia,3,ㄐㄧㄚ
抷,抷,抷,pī,pi,1,ㄆㄧ
櫞,櫞,橼,yuán,yuan,2,ㄩㄢ
峁,峁,峁,mǎo,mao,3,ㄇㄠ
衄,衄,衄,nv̀,nu,4,ㄋㄨ
摧,摧,摧,cūi,cui,1,ㄘㄨㄟ
穩,穩,稳,wěn,wen,3,ㄨㄣ
鼆,鼆,鼆,máng,mang,2,ㄇㄤ
劉,劉,刘,líu,liu,2,ㄌㄧㄡ
踜,踜,踜,lèng,leng,4,ㄌㄥ
䋪,䋪,䋪,䋪,䋪,,
鲧,鯀,鲧,gǔn,gun,3,ㄍㄨㄣ
䩭,䩭,䩭,䩭,䩭,,
出,齣,出,chū,chu,1,ㄔㄨ
㡡,㡡,㡡,chú,chu,2,ㄔㄨ
钓,釣,钓,diào,diao,4,ㄉㄧㄠ
㟀,㟀,㟀,lián,lian,2,ㄌㄧㄢ
蛤,蛤,蛤,há,ha,2,ㄏㄚ
㢁,㢁,㢁,chǐ,chi,3,ㄔ
蚮,蚮,蚮,tè,te,4,ㄊㄜ
霍,霍,霍,huò,huo,4,ㄏㄨㄛ
瑾,瑾,瑾,jǐn,jin,3,ㄐㄧㄣ
钡,鋇,钡,bèi,bei,4,ㄅㄟ
皐,皐,皐,gāo,gao,1,ㄍㄠ
腽,膃,腽,wà,wa,4,ㄨㄚ
逭,逭,逭,huàn,huan,4,ㄏㄨㄢ
癲,癲,癫,diān,dian,1,ㄉㄧㄢ
买,買,买,mǎi,mai,3,ㄇㄞ
䳲,䳲,䳲,zhèn,zhen,4,ㄓㄣ
騧,騧,騧,guā,gua,1,ㄍㄨㄚ
醊,醊,醊,chuò,chuo,4,ㄔㄨㄛ
槅,槅,槅,gé,ge,2,ㄍㄜ
湞,湞,浈,chéng,cheng,2,ㄔㄥ
㪄,㪄,㪄,fú,fu,2,ㄈㄨ
抏,抏,抏,wán,wan,2,ㄨㄢ
䌂,䌂,䌂,òu,ou,4,ㄡ
蹣,蹣,蹒,pán,pan,2,ㄆㄢ
閦,閦,閦,chù,chu,4,ㄔㄨ
詯,詯,詯,hùi,hui,4,ㄏㄨㄟ
䤌,䤌,䤌,䤌,䤌,,
缀,綴,缀,zhùi,zhui,4,ㄓㄨㄟ
䩲,䩲,䩲,䩲,䩲,,
堶,堶,堶,tuó,tuo,2,ㄊㄨㄛ
穿,穿,穿,chuān,chuan,1,ㄔㄨㄢ
塗,塗,涂,tú,tu,2,ㄊㄨ
寴,寴,寴,qìn,qin,4,ㄑㄧㄣ
拇,拇,拇,mǔ,mu,3,ㄇㄨ
莈,莈,莈,mò,mo,4,ㄇㄛ
㾡,㾡,㾡,què,que,4,ㄑㄩㄝ
䢤,䢤,䢤,shù,shu,4,ㄕㄨ
礞,礞,礞,méng,meng,2,ㄇㄥ
鷒,鷒,鷒,zhuān,zhuan,1,ㄓㄨㄢ
鍷,鍷,鍷,kūi,kui,1,ㄎㄨㄟ
鱁,鱁,鱁,zhú,zhu,2,ㄓㄨ
㓳,㓳,㓳,㓳,㓳,,
脠,脠,脠,shān,shan,1,ㄕㄢ
媗,媗,媗,xuān,xuan,1,ㄒㄩㄢ
濶,濶,濶,kuò,kuo,4,ㄎㄨㄛ
研,研,研,yán,yan,2,ㄧㄢ
僖,僖,僖,xī,xi,1,ㄒㄧ
蝍,蝍,蝍,jí,ji,2,ㄐㄧ
詬,詬,诟,gòu,gou,4,ㄍㄡ
㕳,㕳,㕳,㕳,㕳,,
䓒,䓒,䓒,kuǎi,kuai,3,ㄎㄨㄞ
祩,祩,祩,zhū,zhu,1,ㄓㄨ
䈠,䈠,䈠,huǎn,huan,3,ㄏㄨㄢ
镱,鐿,镱,yì,yi,4,ㄧ
茧,繭,茧,chóng,chong,2,ㄔㄨㄥ
篺,篺,篺,pái,pai,2,ㄆㄞ
甥,甥,甥,shēng,sheng,1,ㄕㄥ
闐,闐,阗,tián,tian,2,ㄊㄧㄢ
铅,鉛,铅,qiān,qian,1,ㄑㄧㄢ
㗧,㗧,㗧,zhì,zhi,4,ㄓ
梅,梅,梅,méi,mei,2,ㄇㄟ
㮘,㮘,㮘,mào,mao,4,ㄇㄠ
搷,搷,搷,tián,tian,2,ㄊㄧㄢ
莦,莦,莦,shāo,shao,1,ㄕㄠ
垳,垳,垳,垳,垳,,
䫞,䫞,䫞,ráo,rao,2,ㄖㄠ
啢,啢,唡,liǎng,liang,3,ㄌㄧㄤ
迍,迍,迍,zhūn,zhun,1,ㄓㄨㄣ
獇,獇,獇,獇,獇,,
骡,騾,骡,luó,luo,2,ㄌㄨㄛ
瘶,瘶,瘶,sòu,sou,4,ㄙㄡ
蔧,蔧,蔧,hùi,hui,4,ㄏㄨㄟ
鵊,鵊,鵊,jiá,jia,2,ㄐㄧㄚ
䏪,䏪,䏪,èr,er,4,ㄦ
㽪,㽪,㽪,zěng,zeng,3,ㄗㄥ
䦆,钁,䦆,jué,jue,2,ㄐㄩㄝ
屒,屒,屒,chén,chen,2,ㄔㄣ
㹇,㹇,㹇,hé,he,2,ㄏㄜ
厼,厼,厼,厼,厼,,
䐄,䐄,䐄,hàn,han,4,ㄏㄢ
袊,袊,袊,lǐng,ling,3,ㄌㄧㄥ
㰧,㰧,㰧,㰧,㰧,,
鰐,鰐,鳄,è,e,4,ㄜ
鳨,鳨,鳨,lì,li,4,ㄌㄧ
㠹,㠹,㠹,jiè,jie,4,ㄐㄧㄝ
㨝,㨝,㨝,xiè,xie,4,ㄒㄧㄝ
喍,喍,喍,chái,chai,2,ㄔㄞ
搫,搫,搫,pán,pan,2,ㄆㄢ
葨,葨,葨,wēi,wei,1,ㄨㄟ
藭,藭,䓖,qióng,qiong,2,ㄑㄩㄥ
倶,倶,倶,jù,ju,4,ㄐㄩ
远,遠,远,yuǎn,yuan,3,ㄩㄢ
釸,釸,釸,xì,xi,4,ㄒㄧ
疾,疾,疾,jí,ji,2,ㄐㄧ
妎,妎,妎,xiè,xie,4,ㄒㄧㄝ
焾,焾,焾,焾,焾,,
铚,銍,铚,zhì,zhi,4,ㄓ
邝,鄺,邝,kuàng,kuang,4,ㄎㄨㄤ
怵,怵,憷,chù,chu,4,ㄔㄨ
焖,燜,焖,mèn,men,4,ㄇㄣ
粓,粓,粓,gān,gan,1,ㄍㄢ
咍,咍,咍,hāi,hai,1,ㄏㄞ
笷,笷,笷,mǎo,mao,3,ㄇㄠ
剣,剣,剣,jiàn,jian,4,ㄐㄧㄢ
廉,廉,廉,lián,lian,2,ㄌㄧㄢ
弙,弙,弙,wū,wu,1,ㄨ
灶,竈,灶,zào,zao,4,ㄗㄠ
镃,鎡,镃,zī,zi,1,ㄗ
陝,陝,陕,shǎn,shan,3,ㄕㄢ
嫅,嫅,嫅,chā,cha,1,ㄔㄚ
艾,艾,艾,ài,ai,4,ㄞ
哦,哦,哦,é,e,2,ㄜ
礌,礌,礌,lèi,lei,4,ㄌㄟ
骠,驃,骠,piào,piao,4,ㄆㄧㄠ
鷗,鷗,鸥,ōu,ou,1,ㄡ
眷,眷,眷,juàn,juan,4,ㄐㄩㄢ
䆂,䆂,䆂,lián,lian,2,ㄌㄧㄢ
㧄,㧄,㧄,qiǎn,qian,3,ㄑㄧㄢ
龃,齟,龃,jǔ,ju,3,ㄐㄩ
㧞,㧞,㧞,㧞,㧞,,
灸,灸,灸,jǐu,jiu,3,ㄐㄧㄡ
㥧,㥧,㥧,shùn,shun,4,ㄕㄨㄣ
竣,竣,竣,jùn,jun,4,ㄐㄩㄣ
匠,匠,匠,jiàng,jiang,4,ㄐㄧㄤ
遭,遭,遭,zāo,zao,1,ㄗㄠ
硂,硂,硂,quán,quan,2,ㄑㄩㄢ
酼,酼,酼,hǎi,hai,3,ㄏㄞ
㢠,㢠,㢠,jiǒng,jiong,3,ㄐㄩㄥ
涂,塗,涂,tú,tu,2,ㄊㄨ
魩,魩,魩,mò,mo,4,ㄇㄛ
蕄,蕄,蕄,méng,meng,2,ㄇㄥ
泂,泂,泂,jiǒng,jiong,3,ㄐㄩㄥ
艟,艟,艟,tóng,tong,2,ㄊㄨㄥ
䩿,䩿,䩿,fén,fen,2,ㄈㄣ
涀,涀,涀,xiàn,xian,4,ㄒㄧㄢ
麰,麰,麰,móu,mou,2,ㄇㄡ
壻,壻,壻,xù,xu,4,ㄒㄩ
渉,渉,渉,shè,she,4,ㄕㄜ
䯅,䯅,䯅,niè,nie,4,ㄋㄧㄝ
癵,癵,癵,luán,luan,2,ㄌㄨㄢ
潝,潝,潝,xī,xi,1,ㄒㄧ
鱾,魢,鱾,jǐ,ji,3,ㄐㄧ
犫,犫,犫,chōu,chou,1,ㄔㄡ
㷆,㷆,㷆,dòu,dou,4,ㄉㄡ
簜,簜,簜,dàng,dang,4,ㄉㄤ
䯵,䯵,䯵,niè,nie,4,ㄋㄧㄝ
䝶,䝶,䝶,liáng,liang,2,ㄌㄧㄤ
牡,牡,牡,mǔ,mu,3,ㄇㄨ
埸,埸,埸,yì,yi,4,ㄧ
㻅,㻅,㻅,hùi,hui,4,ㄏㄨㄟ
嘿,嘿,嘿,hēi,hei,1,ㄏㄟ
嫱,嬙,嫱,qiáng,qiang,2,ㄑㄧㄤ
㚷,㚷,㚷,ěr,er,3,ㄦ
塛,塛,塛,lì,li,4,ㄌㄧ
鼜,鼜,鼜,qì,qi,4,ㄑㄧ
龈,齦,龈,kěn,ken,3,ㄎㄣ
㭇,㭇,㭇,yuàn,yuan,4,ㄩㄢ
䃮,䃮,䃮,dá,da,2,ㄉㄚ
鵃,鵃,鸼,zhōu,zhou,1,ㄓㄡ
䒃,䒃,䒃,cào,cao,4,ㄘㄠ
貐,貐,貐,yǔ,yu,3,ㄩ
㪠,㪠,㪠,qiàn,qian,4,ㄑㄧㄢ
㰩,㰩,㰩,㰩,㰩,,
䫮,䫮,䫮,cán,can,2,ㄘㄢ
鿺,鿺,鿺,鿺,鿺,,
罏,罏,罏,lú,lu,2,ㄌㄨ
產,產,产,chǎn,chan,3,ㄔㄢ
醷,醷,醷,yì,yi,4,ㄧ
慿,慿,慿,píng,ping,2,ㄆㄧㄥ
䰧,䰧,䰧,䰧,䰧,,
琈,琈,琈,fú,fu,2,ㄈㄨ
䑒,䑒,䑒,䑒,䑒,,
唊,唊,唊,jiá,jia,2,ㄐㄧㄚ
榔,榔,榔,láng,lang,2,ㄌㄤ
㷦,㷦,㷦,xù,xu,4,ㄒㄩ
䴧,䴧,䴧,䴧,䴧,,
樝,樝,樝,zhā,zha,1,ㄓㄚ
㪆,㪆,㪆,dǐ,di,3,ㄉㄧ
済,済,済,jì,ji,4,ㄐㄧ
劋,劋,劋,jiǎo,jiao,3,ㄐㄧㄠ
怾,怾,怾,怾,怾,,
䜌,䜌,䜌,luán,luan,2,ㄌㄨㄢ
䜨,䜨,䜨,䜨,䜨,,
䕹,䕹,䕹,zá,za,2,ㄗㄚ
㖥,㖥,㖥,jiǒng,jiong,3,ㄐㄩㄥ
允,允,允,yǔn,yun,3,ㄩㄣ
䮲,䮲,䮲,huáng,huang,2,ㄏㄨㄤ
鋄,鋄,鋄,wǎn,wan,3,ㄨㄢ
姎,姎,姎,yāng,yang,1,ㄧㄤ
埄,埄,埄,péng,peng,2,ㄆㄥ
愲,愲,愲,gǔ,gu,3,ㄍㄨ
鋖,鋖,鋖,sī,si,1,ㄙ
䭲,䭲,䭲,nǐ,ni,3,ㄋㄧ
戃,戃,戃,tǎng,tang,3,ㄊㄤ
獮,獮,狝,xiǎn,xian,3,ㄒㄧㄢ
鸙,鸙,鸙,yuè,yue,4,ㄩㄝ
䰇,䰇,䰇,qí,qi,2,ㄑㄧ
䚺,䚺,䚺,yáo,yao,2,ㄧㄠ
䞨,䞨,䞨,gǔi,gui,3,ㄍㄨㄟ
灹,灹,灹,zhà,zha,4,ㄓㄚ
藽,藽,藽,chèn,chen,4,ㄔㄣ
朵,朵,朵,duǒ,duo,3,ㄉㄨㄛ
䩽,䩽,䩽,䩽,䩽,,
宙,宙,宙,zhòu,zhou,4,ㄓㄡ
䂥,䂥,䂥,mín,min,2,ㄇㄧㄣ
涼,涼,凉,liáng,liang,2,ㄌㄧㄤ
膶,膶,膶,rùn,run,4,ㄖㄨㄣ
㡋,㡋,㡋,è,e,4,ㄜ
墌,墌,墌,zhī,zhi,1,ㄓ
螙,螙,螙,dù,du,4,ㄉㄨ
诅,詛,诅,zǔ,zu,3,ㄗㄨ
闣,闣,闣,dàng,dang,4,ㄉㄤ
兠,兠,兠,dōu,dou,1,ㄉㄡ
楣,楣,楣,méi,mei,2,ㄇㄟ
蜋,蜋,蜋,láng,lang,2,ㄌㄤ
缳,繯,缳,huán,huan,2,ㄏㄨㄢ
虽,雖,虽,sūi,sui,1,ㄙㄨㄟ
峵,峵,峵,hóng,hong,2,ㄏㄨㄥ
噊,噊,噊,yù,yu,4,ㄩ
䓖,藭,䓖,qióng,qiong,2,ㄑㄩㄥ
㪢,㪢,㪢,shǎo,shao,3,ㄕㄠ
馅,餡,馅,xiàn,xian,4,ㄒㄧㄢ
洬,洬,洬,shuò,shuo,4,ㄕㄨㄛ
㭊,㭊,㭊,㭊,㭊,,
穯,穯,穯,穯,穯,,
蟥,蟥,蟥,huáng,huang,2,ㄏㄨㄤ
䇊,䇊,䇊,䇊,䇊,,
㐂,㐂,㐂,㐂,㐂,,
㭚,㭚,㭚,lǔ,lu,3,ㄌㄨ
㯢,㯢,㯢,zhèn,zhen,4,ㄓㄣ
盃,盃,盃,bēi,bei,1,ㄅㄟ
㯼,㯼,㯼,㯼,㯼,,
疸,疸,疸,dǎn,dan,3,ㄉㄢ
巚,巚,巚,yǎn,yan,3,ㄧㄢ
楒,楒,楒,sī,si,1,ㄙ
頓,頓,顿,dùn,dun,4,ㄉㄨㄣ
濬,濬,濬,jùn,jun,4,ㄐㄩㄣ
雧,雧,雧,jí,ji,2,ㄐㄧ
果,果,果,guǒ,guo,3,ㄍㄨㄛ
挶,挶,挶,jú,ju,2,ㄐㄩ
㥺,㥺,㥺,hé,he,2,ㄏㄜ
慾,慾,慾,yù,yu,4,ㄩ
璊,璊,璊,mén,men,2,ㄇㄣ
豾,豾,豾,pī,pi,1,ㄆㄧ
檙,檙,檙,dǐng,ding,3,ㄉㄧㄥ
半,半,半,bàn,ban,4,ㄅㄢ
㸁,㸁,㸁,hǎn,han,3,ㄏㄢ
鳽,鳽,鳽,jiān,jian,1,ㄐㄧㄢ
渍,漬,渍,zì,zi,4,ㄗ
篙,篙,篙,gāo,gao,1,ㄍㄠ
惠,惠,惠,hùi,hui,4,ㄏㄨㄟ
瀆,瀆,渎,dú,du,2,ㄉㄨ
呜,嗚,呜,wū,wu,1,ㄨ
㻇,㻇,㻇,㻇,㻇,,
锿,鎄,锿,āi,ai,1,ㄞ
㖬,㖬,㖬,㖬,㖬,,
徽,徽,徽,hūi,hui,1,ㄏㄨㄟ
訨,訨,訨,zhǐ,zhi,3,ㄓ
颫,颫,颫,fú,fu,2,ㄈㄨ
鸊,鸊,䴙,pì,pi,4,ㄆㄧ
誒,誒,诶,è,e,4,ㄜ
鯑,鯑,鯑,鯑,鯑,,
㡷,㡷,㡷,běn,ben,3,ㄅㄣ
䱼,䱼,䱼,zhǎn,zhan,3,ㄓㄢ
蒮,蒮,蒮,yù,yu,4,ㄩ
昊,昊,昊,hào,hao,4,ㄏㄠ
襅,襅,襅,襅,襅,,
鵦,鵦,鵦,lù,lu,4,ㄌㄨ
鼒,鼒,鼒,zī,zi,1,ㄗ
揢,揢,揢,kè,ke,4,ㄎㄜ
謝,謝,谢,xiè,xie,4,ㄒㄧㄝ
卾,卾,卾,è,e,4,ㄜ
獬,獬,獬,xiè,xie,4,ㄒㄧㄝ
䈨,䈨,䈨,䈨,䈨,,
巘,巘,巘,yǎn,yan,3,ㄧㄢ
鶋,鶋,鶋,jū,ju,1,ㄐㄩ
踉,踉,踉,láng,lang,2,ㄌㄤ
榞,榞,榞,yuán,yuan,2,ㄩㄢ
嚙,嚙,啮,niè,nie,4,ㄋㄧㄝ
䋴,䋴,䋴,nìu,niu,4,ㄋㄧㄡ
礎,礎,础,chǔ,chu,3,ㄔㄨ
壞,壞,坏,huài,huai,4,ㄏㄨㄞ
謊,謊,谎,huǎng,huang,3,ㄏㄨㄤ
徦,徦,徦,jiǎ,jia,3,ㄐㄧㄚ
㘤,㘤,㘤,㘤,㘤,,
夛,夛,夛,duō,duo,1,ㄉㄨㄛ
筮,筮,筮,shì,shi,4,ㄕ
䠫,䠫,䠫,zòu,zou,4,ㄗㄡ
箔,箔,箔,bó,bo,2,ㄅㄛ
線,線,线,xiàn,xian,4,ㄒㄧㄢ
觠,觠,觠,quán,quan,2,ㄑㄩㄢ
鉳,鉳,鉳,běi,bei,3,ㄅㄟ
资,資,资,zī,zi,1,ㄗ
摹,摹,摹,mó,mo,2,ㄇㄛ
㳭,㳭,㳭,xián,xian,2,ㄒㄧㄢ
槮,槮,槮,sēn,sen,1,ㄙㄣ
鴑,鴑,鴑,nú,nu,2,ㄋㄨ
㖴,㖴,㖴,㖴,㖴,,
璐,璐,璐,lù,lu,4,ㄌㄨ
㴐,㴐,㴐,miàn,mian,4,ㄇㄧㄢ
頼,頼,頼,lài,lai,4,ㄌㄞ
糸,糸,纟,mì,mi,4,ㄇㄧ
鮜,鮜,鲘,hòu,hou,4,ㄏㄡ
㪞,㪞,㪞,mào,mao,4,ㄇㄠ
㠇,㠇,㠇,jìu,jiu,4,ㄐㄧㄡ
譁,譁,譁,huá,hua,2,ㄏㄨㄚ
㤚,㤚,㤚,háng,hang,2,ㄏㄤ
巃,巃,巃,lóng,long,2,ㄌㄨㄥ
聉,聉,聉,wā,wa,1,ㄨㄚ
紻,紻,紻,yāng,yang,1,ㄧㄤ
飹,飹,飹,lǐu,liu,3,ㄌㄧㄡ
堹,堹,堹,zhòng,zhong,4,ㄓㄨㄥ
礦,礦,矿,kuàng,kuang,4,ㄎㄨㄤ
筠,筠,筠,yún,yun,2,ㄩㄣ
携,攜,携,xié,xie,2,ㄒㄧㄝ
罠,罠,罠,mín,min,2,ㄇㄧㄣ
㝗,㝗,㝗,láng,lang,2,ㄌㄤ
㡞,㡞,㡞,lěi,lei,3,ㄌㄟ
狇,狇,狇,mù,mu,4,ㄇㄨ
䑄,䑄,䑄,pì,pi,4,ㄆㄧ
䵧,䵧,䵧,zài,zai,4,ㄗㄞ
与,與,与,yǔ,yu,3,ㄩ
㣎,㣎,㣎,mù,mu,4,ㄇㄨ
闏,闏,闏,闏,闏,,
剠,剠,剠,qíng,qing,2,ㄑㄧㄥ
荍,荍,荍,shōu,shou,1,ㄕㄡ
隘,隘,隘,ài,ai,4,ㄞ
㟏,㟏,㟏,hán,han,2,ㄏㄢ
涆,涆,涆,hàn,han,4,ㄏㄢ
勐,猛,勐,měng,meng,3,ㄇㄥ
䞹,䞹,䞹,huáng,huang,2,ㄏㄨㄤ
䥁,䥁,䥁,hán,han,2,ㄏㄢ
袣,袣,袣,yì,yi,4,ㄧ
骭,骭,骭,gàn,gan,4,ㄍㄢ
蚶,蚶,蚶,hān,han,1,ㄏㄢ
㚮,㚮,㚮,㚮,㚮,,
烖,烖,烖,zāi,zai,1,ㄗㄞ
伕,伕,伕,fū,fu,1,ㄈㄨ
約,約,约,yuē,yue,1,ㄩㄝ
䆣,䆣,䆣,chén,chen,2,ㄔㄣ
湀,湀,湀,kúi,kui,2,ㄎㄨㄟ
㔳,㔳,㔳,gǔi,gui,3,ㄍㄨㄟ
牷,牷,牷,quán,quan,2,ㄑㄩㄢ
捯,捯,捯,dǎo,dao,3,ㄉㄠ
鹎,鵯,鹎,bēi,bei,1,ㄅㄟ
悦,悅,悦,yuè,yue,4,ㄩㄝ
僣,僣,僣,jiàn,jian,4,ㄐㄧㄢ
喃,喃,喃,nán,nan,2,ㄋㄢ
媖,媖,媖,yīng,ying,1,ㄧㄥ
尿,尿,尿,niào,niao,4,ㄋㄧㄠ
肕,肕,肕,rèn,ren,4,ㄖㄣ
濙,濙,濙,yíng,ying,2,ㄧㄥ
瓪,瓪,瓪,fǎn,fan,3,ㄈㄢ
䛶,䛶,䛶,lěi,lei,3,ㄌㄟ
懗,懗,懗,xià,xia,4,ㄒㄧㄚ
穱,穱,穱,zhuō,zhuo,1,ㄓㄨㄛ
焐,焐,焐,wù,wu,4,ㄨ
谡,謖,谡,sù,su,4,ㄙㄨ
㣓,㣓,㣓,càn,can,4,ㄘㄢ
蓮,蓮,莲,lián,lian,2,ㄌㄧㄢ
镂,鏤,镂,lòu,lou,4,ㄌㄡ
忭,忭,忭,biàn,bian,4,ㄅㄧㄢ
㑍,㑍,㑍,lěi,lei,3,ㄌㄟ
慸,慸,慸,dì,di,4,ㄉㄧ
傔,傔,傔,qiàn,qian,4,ㄑㄧㄢ
幍,幍,幍,dāo,dao,1,ㄉㄠ
焲,焲,焲,yì,yi,4,ㄧ
鄄,鄄,鄄,juàn,juan,4,ㄐㄩㄢ
咧,咧,咧,liě,lie,3,ㄌㄧㄝ
㖲,㖲,㖲,㖲,㖲,,
秽,穢,秽,hùi,hui,4,ㄏㄨㄟ
鷄,鷄,鸡,jī,ji,1,ㄐㄧ
凟,凟,凟,dú,du,2,ㄉㄨ
䢧,䢧,䢧,liào,liao,4,ㄌㄧㄠ
丶,丶,丶,zhǔ,zhu,3,ㄓㄨ
㪱,㪱,㪱,huàn,huan,4,ㄏㄨㄢ
䅷,䅷,䅷,tú,tu,2,ㄊㄨ
鑗,鑗,鑗,lí,li,2,ㄌㄧ
搿,搿,搿,gé,ge,2,ㄍㄜ
䡪,䡪,䡪,chán,chan,2,ㄔㄢ
薈,薈,荟,hùi,hui,4,ㄏㄨㄟ
燌,燌,燌,fén,fen,2,ㄈㄣ
矆,矆,矆,huò,huo,4,ㄏㄨㄛ
鈽,鈽,钸,bù,bu,4,ㄅㄨ
挍,挍,挍,jiào,jiao,4,ㄐㄧㄠ
梒,梒,梒,hán,han,2,ㄏㄢ
彞,彞,彞,yí,yi,2,ㄧ
稽,稽,稽,jī,ji,1,ㄐㄧ
蜂,蜂,蜂,fēng,feng,1,ㄈㄥ
襞,襞,襞,bì,bi,4,ㄅㄧ
乃,乃,乃,nǎi,nai,3,ㄋㄞ
糱,糱,糱,niè,nie,4,ㄋㄧㄝ
簻,簻,簻,kē,ke,1,ㄎㄜ
劣,劣,劣,liè,lie,4,ㄌㄧㄝ
鈍,鈍,钝,dùn,dun,4,ㄉㄨㄣ
躲,躲,躲,duǒ,duo,3,ㄉㄨㄛ
瓛,瓛,瓛,huán,huan,2,ㄏㄨㄢ
虛,虛,虚,xū,xu,1,ㄒㄩ
橹,櫓,橹,lǔ,lu,3,ㄌㄨ
犻,犻,犻,bó,bo,2,ㄅㄛ
颰,颰,颰,bá,ba,2,ㄅㄚ
亮,亮,亮,liàng,liang,4,ㄌㄧㄤ
偭,偭,偭,miǎn,mian,3,ㄇㄧㄢ
鼏,鼏,鼏,mì,mi,4,ㄇㄧ
猓,猓,猓,guǒ,guo,3,ㄍㄨㄛ
㾄,㾄,㾄,dú,du,2,ㄉㄨ
䂇,䂇,䂇,náng,nang,2,ㄋㄤ
㰫,㰫,㰫,㰫,㰫,,
隩,隩,隩,yù,yu,4,ㄩ
閨,閨,闺,gūi,gui,1,ㄍㄨㄟ
㽛,㽛,㽛,kòu,kou,4,ㄎㄡ
鶸,鶸,鶸,ruò,ruo,4,ㄖㄨㄛ
驡,驡,驡,péng,peng,2,ㄆㄥ
邧,邧,邧,yuán,yuan,2,ㄩㄢ
茚,茚,茚,yìn,yin,4,ㄧㄣ
夲,夲,夲,běn,ben,3,ㄅㄣ
槠,櫧,槠,zhū,zhu,1,ㄓㄨ
秠,秠,秠,pī,pi,1,ㄆㄧ
頳,頳,頳,chēng,cheng,1,ㄔㄥ
炶,炶,炶,hān,han,1,ㄏㄢ
鋹,鋹,鋹,chǎng,chang,3,ㄔㄤ
钠,鈉,钠,nà,na,4,ㄋㄚ
䏆,䏆,䏆,cáo,cao,2,ㄘㄠ
鞤,鞤,鞤,bāng,bang,1,ㄅㄤ
欢,歡,欢,huān,huan,1,ㄏㄨㄢ
暂,暫,暂,zàn,zan,4,ㄗㄢ
麴,麴,麴,qú,qu,2,ㄑㄩ
綈,綈,绨,tí,ti,2,ㄊㄧ
轌,轌,轌,轌,轌,,
稥,稥,稥,稥,稥,,
蒝,蒝,蒝,yuán,yuan,2,ㄩㄢ
豏,豏,豏,xiàn,xian,4,ㄒㄧㄢ
耭,耭,耭,jī,ji,1,ㄐㄧ
趍,趍,趍,chí,chi,2,ㄔ
櫺,櫺,櫺,líng,ling,2,ㄌㄧㄥ
䑀,䑀,䑀,pì,pi,4,ㄆㄧ
艑,艑,艑,biàn,bian,4,ㄅㄧㄢ
灺,灺,灺,xiè,xie,4,ㄒㄧㄝ
䥽,鏺,䥽,䥽,䥽,,
诂,詁,诂,gǔ,gu,3,ㄍㄨ
嚼,嚼,嚼,jiáo,jiao,2,ㄐㄧㄠ
饡,饡,饡,zuàn,zuan,4,ㄗㄨㄢ
庣,庣,庣,tiāo,tiao,1,ㄊㄧㄠ
档,檔,档,dǎng,dang,3,ㄉㄤ
䮺,䮺,䮺,jì,ji,4,ㄐㄧ
㧧,㧧,㧧,㧧,㧧,,
礟,礟,礟,pào,pao,4,ㄆㄠ
疔,疔,疔,dīng,ding,1,ㄉㄧㄥ
缩,縮,缩,suō,suo,1,ㄙㄨㄛ
䜇,䜇,䜇,gǔn,gun,3,ㄍㄨㄣ
刖,刖,刖,yuè,yue,4,ㄩㄝ
騜,騜,騜,huáng,huang,2,ㄏㄨㄤ
鷱,鷱,鷱,kāo,kao,1,ㄎㄠ
爦,爦,爦,爦,爦,,
蘉,蘉,蘉,máng,mang,2,ㄇㄤ
眃,眃,眃,yún,yun,2,ㄩㄣ
䒞,䒞,䒞,chén,chen,2,ㄔㄣ
镗,鏜,镗,tāng,tang,1,ㄊㄤ
䑛,䑛,䑛,chǐ,chi,3,ㄔ
㡭,㡭,㡭,jì,ji,4,ㄐㄧ
鎤,鎤,鎤,huǎng,huang,3,ㄏㄨㄤ
壂,壂,壂,diàn,dian,4,ㄉㄧㄢ
鿡,鿡,鿡,鿡,鿡,,
謪,謪,謪,shāng,shang,1,ㄕㄤ
㹒,㹒,㹒,pǔ,pu,3,ㄆㄨ
㑖,㑖,㑖,㑖,㑖,,
䨘,䨘,䨘,xiàn,xian,4,ㄒㄧㄢ
䮳,䮳,䮳,fán,fan,2,ㄈㄢ
潉,潉,潉,潉,潉,,
䅮,䅮,䅮,càng,cang,4,ㄘㄤ
䥫,䥫,䥫,tiě,tie,3,ㄊㄧㄝ
莅,蒞,莅,lì,li,4,ㄌㄧ
硿,硿,硿,kōng,kong,1,ㄎㄨㄥ
帧,幀,帧,zhèng,zheng,4,ㄓㄥ
渪,渪,渪,rú,ru,2,ㄖㄨ
㙹,㙹,㙹,méng,meng,2,ㄇㄥ
砖,磚,砖,zhuān,zhuan,1,ㄓㄨㄢ
䑢,䑢,䑢,䑢,䑢,,
思,思,思,sī,si,1,ㄙ
緧,緧,緧,qīu,qiu,1,ㄑㄧㄡ
戜,戜,戜,dié,die,2,ㄉㄧㄝ
茍,茍,茍,jì,ji,4,ㄐㄧ
酺,酺,酺,pú,pu,2,ㄆㄨ
綔,綔,綔,hù,hu,4,ㄏㄨ
攮,攮,攮,nǎng,nang,3,ㄋㄤ
䙱,䙱,䙱,dú,du,2,ㄉㄨ
攺,攺,攺,yǐ,yi,3,ㄧ
枤,枤,枤,枤,枤,,
㓈,㓈,㓈,bìng,bing,4,ㄅㄧㄥ
脏,髒,脏,zāng,zang,1,ㄗㄤ
愀,愀,愀,qiǎo,qiao,3,ㄑㄧㄠ
領,領,领,lǐng,ling,3,ㄌㄧㄥ
䌘,䌘,䌘,mí,mi,2,ㄇㄧ
逆,逆,逆,nì,ni,4,ㄋㄧ
茘,茘,茘,lì,li,4,ㄌㄧ
陕,陝,陕,shǎn,shan,3,ㄕㄢ
䘜,䘜,䘜,䘜,䘜,,
㦓,㦓,㦓,xiàn,xian,4,ㄒㄧㄢ
龑,龑,䶮,yǎn,yan,3,ㄧㄢ
䡩,䡩,䡩,gǔ,gu,3,ㄍㄨ
墫,墫,墫,zūn,zun,1,ㄗㄨㄣ
惸,惸,惸,qióng,qiong,2,ㄑㄩㄥ
慚,慚,惭,cán,can,2,ㄘㄢ
铛,鐺,铛,dāng,dang,1,ㄉㄤ
裺,裺,裺,yǎn,yan,3,ㄧㄢ
穏,穏,穏,wěn,wen,3,ㄨㄣ
㕪,㕪,㕪,dǎn,dan,3,ㄉㄢ
嫨,嫨,嫨,hān,han,1,ㄏㄢ
拺,拺,拺,cè,ce,4,ㄘㄜ
炐,炐,炐,pàng,pang,4,ㄆㄤ
涝,澇,涝,lào,lao,4,ㄌㄠ
簣,簣,篑,kùi,kui,4,ㄎㄨㄟ
髵,髵,髵,ér,er,2,ㄦ
樟,樟,樟,zhāng,zhang,1,ㄓㄤ
踑,踑,踑,qí,qi,2,ㄑㄧ
䴁,䴁,䴁,yù,yu,4,ㄩ
莋,莋,莋,jí,ji,2,ㄐㄧ
桺,桺,桺,lǐu,liu,3,ㄌㄧㄡ
蹧,蹧,蹧,zāo,zao,1,ㄗㄠ
㦥,㦥,㦥,huán,huan,2,ㄏㄨㄢ
毪,毪,毪,mú,mu,2,ㄇㄨ
鍱,鍱,鍱,yè,ye,4,ㄧㄝ
鳟,鱒,鳟,zùn,zun,4,ㄗㄨㄣ
秲,秲,秲,zhì,zhi,4,ㄓ
㟜,㟜,㟜,mí,mi,2,ㄇㄧ
䁞,䁞,䁞,shěng,sheng,3,ㄕㄥ
䃿,䃿,䃿,䃿,䃿,,
诿,諉,诿,wěi,wei,3,ㄨㄟ
㧬,㧬,㧬,gǒng,gong,3,ㄍㄨㄥ
苋,莧,苋,xiàn,xian,4,ㄒㄧㄢ
蟳,蟳,蟳,xún,xun,2,ㄒㄩㄣ
感,感,感,gǎn,gan,3,ㄍㄢ
䥡,䥡,䥡,yè,ye,4,ㄧㄝ
鞿,鞿,鞿,jī,ji,1,ㄐㄧ
㠭,㠭,㠭,zhǎn,zhan,3,ㄓㄢ
了,了,了,le,le,5,ㄌㄜ
㨢,㨢,㨢,㨢,㨢,,
攐,攐,攐,qiān,qian,1,ㄑㄧㄢ
齑,齏,齑,jī,ji,1,ㄐㄧ
拪,拪,拪,qiān,qian,1,ㄑㄧㄢ
䜲,䜲,䜲,liè,lie,4,ㄌㄧㄝ
嚡,嚡,嚡,嚡,嚡,,
梄,梄,梄,yǒu,you,3,ㄧㄡ
犽,犽,犽,yá,ya,2,ㄧㄚ
峻,峻,峻,jùn,jun,4,ㄐㄩㄣ
似,似,似,sì,si,4,ㄙ
㦩,㦩,㦩,yǐn,yin,3,ㄧㄣ
西,西,西,xī,xi,1,ㄒㄧ
㼂,㼂,㼂,é,e,2,ㄜ
纏,纏,缠,chán,chan,2,ㄔㄢ
增,增,增,zēng,zeng,1,ㄗㄥ
疴,屙,疴,kē,ke,1,ㄎㄜ
浲,浲,浲,féng,feng,2,ㄈㄥ
诱,誘,诱,yòu,you,4,ㄧㄡ
隃,隃,隃,yú,yu,2,ㄩ
渗,滲,渗,shèn,shen,4,ㄕㄣ
聰,聰,聪,cōng,cong,1,ㄘㄨㄥ
圯,圯,圯,yí,yi,2,ㄧ
趫,趫,趫,qiáo,qiao,2,ㄑㄧㄠ
敿,敿,敿,jiǎo,jiao,3,ㄐㄧㄠ
矣,矣,矣,yǐ,yi,3,ㄧ
佇,佇,伫,zhù,zhu,4,ㄓㄨ
濌,濌,濌,tà,ta,4,ㄊㄚ
氤,氤,氤,yīn,yin,1,ㄧㄣ
箥,箥,箥,bǒ,bo,3,ㄅㄛ
蹡,蹡,蹡,qiāng,qiang,1,ㄑㄧㄤ
孁,孁,孁,líng,ling,2,ㄌㄧㄥ
蜇,蜇,蜇,zhé,zhe,2,ㄓㄜ
溁,溁,溁,yíng,ying,2,ㄧㄥ
㶽,㶽,㶽,㶽,㶽,,
唐,唐,唐,táng,tang,2,ㄊㄤ
䞧,䞧,䞧,hòu,hou,4,ㄏㄡ
䍨,䍨,䍨,bó,bo,2,ㄅㄛ
砯,砯,砯,pīng,ping,1,ㄆㄧㄥ
㫦,㫦,㫦,㫦,㫦,,
閣,閣,阁,gé,ge,2,ㄍㄜ
洀,洀,洀,zhōu,zhou,1,ㄓㄡ
捬,捬,捬,fǔ,fu,3,ㄈㄨ
㘏,㘏,㘏,㘏,㘏,,
㺟,㺟,㺟,zhuó,zhuo,2,ㄓㄨㄛ
呴,呴,呴,xū,xu,1,ㄒㄩ
蓙,蓙,蓙,蓙,蓙,,
鳰,鳰,鳰,鳰,鳰,,
䋼,䋼,䋼,tǐng,ting,3,ㄊㄧㄥ
㗸,㗸,㗸,㗸,㗸,,
岛,島,岛,dǎo,dao,3,ㄉㄠ
棻,棻,棻,fén,fen,2,ㄈㄣ
耤,耤,耤,jí,ji,2,ㄐㄧ
㣳,㣳,㣳,㣳,㣳,,
鈬,鈬,鈬,duó,duo,2,ㄉㄨㄛ
猩,猩,猩,xīng,xing,1,ㄒㄧㄥ
疺,疺,疺,fá,fa,2,ㄈㄚ
䆻,䆻,䆻,qiào,qiao,4,ㄑㄧㄠ
庛,庛,庛,cī,ci,1,ㄘ
閅,閅,閅,mén,men,2,ㄇㄣ
宭,宭,宭,qún,qun,2,ㄑㄩㄣ
剚,剚,剚,zì,zi,4,ㄗ
麩,麩,麸,fū,fu,1,ㄈㄨ
䲀,䲀,䲀,dié,die,2,ㄉㄧㄝ
屖,屖,屖,xī,xi,1,ㄒㄧ
崟,崟,崟,yín,yin,2,ㄧㄣ
忔,忔,忔,qì,qi,4,ㄑㄧ
㵾,㵾,㵾,jìng,jing,4,ㄐㄧㄥ
趛,趛,趛,yǐn,yin,3,ㄧㄣ
䣍,䣍,䣍,yǎn,yan,3,ㄧㄢ
耎,耎,耎,ruǎn,ruan,3,ㄖㄨㄢ
瓃,瓃,瓃,léi,lei,2,ㄌㄟ
飖,颻,飖,yáo,yao,2,ㄧㄠ
㙚,㙚,㙚,㙚,㙚,,
貤,貤,貤,yí,yi,2,ㄧ
匈,匈,匈,xiōng,xiong,1,ㄒㄩㄥ
䔞,䔞,䔞,lv̀,lu,4,ㄌㄨ
蒠,蒠,蒠,xí,xi,2,ㄒㄧ
䨊,䨊,䨊,䨊,䨊,,
嫜,嫜,嫜,zhāng,zhang,1,ㄓㄤ
獴,獴,獴,méng,meng,2,ㄇㄥ
莀,莀,莀,chén,chen,2,ㄔㄣ
磄,磄,磄,táng,tang,2,ㄊㄤ
裢,褳,裢,lián,lian,2,ㄌㄧㄢ
膔,膔,膔,lù,lu,4,ㄌㄨ
鹗,鶚,鹗,è,e,4,ㄜ
毢,毢,毢,sāi,sai,1,ㄙㄞ
鰂,鰂,鲗,zé,ze,2,ㄗㄜ
䣌,䣌,䣌,dǐ,di,3,ㄉㄧ
朶,朶,朶,duǒ,duo,3,ㄉㄨㄛ
虒,虒,虒,sī,si,1,ㄙ
㣣,㣣,㣣,shǎn,shan,3,ㄕㄢ
炉,爐,炉,lú,lu,2,ㄌㄨ
䔑,䔑,䔑,xié,xie,2,ㄒㄧㄝ
䈌,䈌,䈌,䈌,䈌,,
坣,坣,坣,tāng,tang,1,ㄊㄤ
嶩,嶩,嶩,náo,nao,2,ㄋㄠ
它,它,它,tā,ta,1,ㄊㄚ
䢚,䢚,䢚,gòng,gong,4,ㄍㄨㄥ
雄,雄,雄,xióng,xiong,2,ㄒㄩㄥ
洦,洦,洦,mò,mo,4,ㄇㄛ
蠧,蠧,蠧,dù,du,4,ㄉㄨ
釛,釛,釛,hé,he,2,ㄏㄜ
䆔,䆔,䆔,䆔,䆔,,
娳,娳,娳,娳,娳,,
炤,炤,炤,zhào,zhao,4,ㄓㄠ
鈘,鈘,鈘,jǐ,ji,3,ㄐㄧ
楕,楕,楕,tuǒ,tuo,3,ㄊㄨㄛ
溿,溿,溿,pàn,pan,4,ㄆㄢ
瓣,瓣,瓣,bàn,ban,4,ㄅㄢ
湖,湖,湖,hú,hu,2,ㄏㄨ
鳌,鰲,鳌,áo,ao,2,ㄠ
笮,笮,笮,zé,ze,2,ㄗㄜ
䛿,䛿,䛿,gé,ge,2,ㄍㄜ
儈,儈,侩,kuài,kuai,4,ㄎㄨㄞ
㶄,㶄,㶄,yán,yan,2,ㄧㄢ
靜,靜,静,jìng,jing,4,ㄐㄧㄥ
鹇,鷳,鹇,xián,xian,2,ㄒㄧㄢ
䰎,䰎,䰎,gùi,gui,4,ㄍㄨㄟ
如,如,如,rú,ru,2,ㄖㄨ
縱,縱,纵,zòng,zong,4,ㄗㄨㄥ
謎,謎,谜,mí,mi,2,ㄇㄧ
鱀,鱀,鱀,jì,ji,4,ㄐㄧ
䖿,䖿,䖿,lí,li,2,ㄌㄧ
呚,呚,呚,呚,呚,,
冧,冧,冧,冧,冧,,
聈,聈,聈,yǒu,you,3,ㄧㄡ
㾅,㾅,㾅,sì,si,4,ㄙ
䭖,䭖,䭖,zhù,zhu,4,ㄓㄨ
笠,笠,笠,lì,li,4,ㄌㄧ
釁,釁,衅,xìn,xin,4,ㄒㄧㄣ
䨡,䨡,䨡,hán,han,2,ㄏㄢ
鱞,鱞,鱞,guān,guan,1,ㄍㄨㄢ
㕂,㕂,㕂,yín,yin,2,ㄧㄣ
唬,唬,唬,hǔ,hu,3,ㄏㄨ
亢,亢,亢,kàng,kang,4,ㄎㄤ
汿,汿,汿,xù,xu,4,ㄒㄩ
璩,璩,璩,qú,qu,2,ㄑㄩ
㴰,㴰,㴰,néng,neng,2,ㄋㄥ
䛝,䛝,䛝,náo,nao,2,ㄋㄠ
噥,噥,哝,nóng,nong,2,ㄋㄨㄥ
冬,鼕,冬,dōng,dong,1,ㄉㄨㄥ
㐥,㐥,㐥,㐥,㐥,,
䏢,䏢,䏢,bǐ,bi,3,ㄅㄧ
桍,桍,桍,kū,ku,1,ㄎㄨ
腝,腝,腝,ruǎn,ruan,3,ㄖㄨㄢ
飇,飇,飇,biāo,biao,1,ㄅㄧㄠ
绊,絆,绊,bàn,ban,4,ㄅㄢ
煌,煌,煌,huáng,huang,2,ㄏㄨㄤ
霷,霷,霷,yáng,yang,2,ㄧㄤ
鮪,鮪,鲔,wěi,wei,3,ㄨㄟ
渤,渤,渤,bó,bo,2,ㄅㄛ
挵,挵,挵,lòng,long,4,ㄌㄨㄥ
繢,繢,缋,hùi,hui,4,ㄏㄨㄟ
裀,裀,裀,yīn,yin,1,ㄧㄣ
穕,穕,穕,qiè,qie,4,ㄑㄧㄝ
晽,晽,晽,lín,lin,2,ㄌㄧㄣ
髜,髜,髜,qiāo,qiao,1,ㄑㄧㄠ
癰,癰,痈,yōng,yong,1,ㄩㄥ
憗,憗,憗,yìn,yin,4,ㄧㄣ
鍧,鍧,鍧,hōng,hong,1,ㄏㄨㄥ
焃,焃,焃,hè,he,4,ㄏㄜ
冼,冼,冼,xiǎn,xian,3,ㄒㄧㄢ
彐,彐,彐,jì,ji,4,ㄐㄧ
炪,炪,炪,zhuó,zhuo,2,ㄓㄨㄛ
鰠,鰠,鳋,sāo,sao,1,ㄙㄠ
脸,臉,脸,liǎn,lian,3,ㄌㄧㄢ
滖,滖,滖,sūi,sui,1,ㄙㄨㄟ
䥢,䥢,䥢,lóng,long,2,ㄌㄨㄥ
閹,閹,阉,yān,yan,1,ㄧㄢ
貘,貘,貘,mò,mo,4,ㄇㄛ
瓗,瓗,瓗,xī,xi,1,ㄒㄧ
㪚,㪚,㪚,sàn,san,4,ㄙㄢ
䀗,䀗,䀗,jué,jue,2,ㄐㄩㄝ
醯,醯,醯,xī,xi,1,ㄒㄧ
䕄,䕄,䕄,䕄,䕄,,
杏,杏,杏,xìng,xing,4,ㄒㄧㄥ
捲,捲,卷,juǎn,juan,3,ㄐㄩㄢ
壾,壾,壾,mǎng,mang,3,ㄇㄤ
蛼,蛼,蛼,chē,che,1,ㄔㄜ
銺,銺,銺,zàng,zang,4,ㄗㄤ
苫,苫,苫,shān,shan,1,ㄕㄢ
䁍,䁍,䁍,jià,jia,4,ㄐㄧㄚ
橾,橾,橾,shū,shu,1,ㄕㄨ
討,討,讨,tǎo,tao,3,ㄊㄠ
䧀,䧀,䧀,䧀,䧀,,
菢,菢,菢,bào,bao,4,ㄅㄠ
㠾,㠾,㠾,㠾,㠾,,
嘎,嘎,嘎,gā,ga,1,ㄍㄚ
㝛,㝛,㝛,sù,su,4,ㄙㄨ
䜸,䜸,䜸,měi,mei,3,ㄇㄟ
鯤,鯤,鲲,kūn,kun,1,ㄎㄨㄣ
馸,馸,馸,xìn,xin,4,ㄒㄧㄣ
蠃,蠃,蠃,luǒ,luo,3,ㄌㄨㄛ
虲,虲,虲,虲,虲,,
鸐,鸐,鸐,dí,di,2,ㄉㄧ
䅭,䅭,䅭,páng,pang,2,ㄆㄤ
唽,唽,唽,xī,xi,1,ㄒㄧ
權,權,权,quán,quan,2,ㄑㄩㄢ
䠮,䠮,䠮,téng,teng,2,ㄊㄥ
桪,桪,桪,xún,xun,2,ㄒㄩㄣ
䗗,䗗,䗗,䗗,䗗,,
耊,耊,耊,diè,die,4,ㄉㄧㄝ
窛,窛,窛,kòu,kou,4,ㄎㄡ
寱,寱,寱,yì,yi,4,ㄧ
镓,鎵,镓,jiā,jia,1,ㄐㄧㄚ
芝,芝,芝,zhī,zhi,1,ㄓ
䓂,䓂,䓂,yán,yan,2,ㄧㄢ
䳭,䳭,䳭,jí,ji,2,ㄐㄧ
炚,炚,炚,炚,炚,,
謄,謄,誊,téng,teng,2,ㄊㄥ
鵎,鵎,鵎,tuǒ,tuo,3,ㄊㄨㄛ
喓,喓,喓,yāo,yao,1,ㄧㄠ
覹,覹,覹,wéi,wei,2,ㄨㄟ
嗻,嗻,嗻,zhē,zhe,1,ㄓㄜ
玱,瑲,玱,qiāng,qiang,1,ㄑㄧㄤ
宰,宰,宰,zǎi,zai,3,ㄗㄞ
骏,駿,骏,jùn,jun,4,ㄐㄩㄣ
綤,綤,綤,shào,shao,4,ㄕㄠ
㱲,㱲,㱲,yì,yi,4,ㄧ
㶎,㶎,㶎,huán,huan,2,ㄏㄨㄢ
迌,迌,迌,迌,迌,,
偛,偛,偛,chā,cha,1,ㄔㄚ
箣,箣,箣,cè,ce,4,ㄘㄜ
剃,剃,剃,tì,ti,4,ㄊㄧ
㹣,㹣,㹣,㹣,㹣,,
瀵,瀵,瀵,fèn,fen,4,ㄈㄣ
簦,簦,簦,dēng,deng,1,ㄉㄥ
沒,沒,没,méi,mei,2,ㄇㄟ
氷,氷,氷,bīng,bing,1,ㄅㄧㄥ
㔯,㔯,㔯,suǎn,suan,3,ㄙㄨㄢ
烐,烐,烐,zhōu,zhou,1,ㄓㄡ
㔫,㔫,㔫,㔫,㔫,,
㩿,㩿,㩿,㩿,㩿,,
再,再,再,zài,zai,4,ㄗㄞ
段,段,段,duàn,duan,4,ㄉㄨㄢ
䄉,䄉,䄉,é,e,2,ㄜ
銗,銗,銗,hóu,hou,2,ㄏㄡ
䞐,䞐,䞐,chǔn,chun,3,ㄔㄨㄣ
裲,裲,裲,liǎng,liang,3,ㄌㄧㄤ
攓,攓,攓,qiān,qian,1,ㄑㄧㄢ
䄃,䄃,䄃,䄃,䄃,,
㬹,㬹,㬹,㬹,㬹,,
諮,諮,谘,zī,zi,1,ㄗ
鹪,鷦,鹪,jiāo,jiao,1,ㄐㄧㄠ
㮰,㮰,㮰,bí,bi,2,ㄅㄧ
鏢,鏢,镖,biāo,biao,1,ㄅㄧㄠ
䏟,䏟,䏟,biè,bie,4,ㄅㄧㄝ
憓,憓,憓,hùi,hui,4,ㄏㄨㄟ
滎,滎,荥,xíng,xing,2,ㄒㄧㄥ
湝,湝,湝,jiē,jie,1,ㄐㄧㄝ
䵢,䵢,䵢,mèi,mei,4,ㄇㄟ
鍻,鍻,鍻,jié,jie,2,ㄐㄧㄝ
艂,艂,艂,féng,feng,2,ㄈㄥ
措,措,措,cuò,cuo,4,ㄘㄨㄛ
䅵,䅵,䅵,zhuó,zhuo,2,ㄓㄨㄛ
凎,凎,凎,gàn,gan,4,ㄍㄢ
飔,颸,飔,sī,si,1,ㄙ
涩,澀,涩,sè,se,4,ㄙㄜ
灝,灝,灏,hào,hao,4,ㄏㄠ
搪,搪,搪,táng,tang,2,ㄊㄤ
開,開,开,kāi,kai,1,ㄎㄞ
傧,儐,傧,bìn,bin,4,ㄅㄧㄣ
䃏,䃏,䃏,䃏,䃏,,
夿,夿,夿,pā,pa,1,ㄆㄚ
嚌,嚌,哜,jì,ji,4,ㄐㄧ
埮,埮,埮,tàn,tan,4,ㄊㄢ
耟,耟,耟,jù,ju,4,ㄐㄩ
軯,軯,軯,pēng,peng,1,ㄆㄥ
袩,袩,袩,chān,chan,1,ㄔㄢ
癛,癛,癛,lǐn,lin,3,ㄌㄧㄣ
䶵,䶵,䶵,chí,chi,2,ㄔ
祉,祉,祉,zhǐ,zhi,3,ㄓ
潓,潓,潓,hùi,hui,4,ㄏㄨㄟ
駂,駂,駂,bǎo,bao,3,ㄅㄠ
䡴,䡴,䡴,chuáng,chuang,2,ㄔㄨㄤ
恌,恌,恌,tiāo,tiao,1,ㄊㄧㄠ
鴛,鴛,鸳,yuān,yuan,1,ㄩㄢ
蹓,蹓,蹓,līu,liu,1,ㄌㄧㄡ
觻,觻,觻,lù,lu,4,ㄌㄨ
弩,弩,弩,nǔ,nu,3,ㄋㄨ
蹕,蹕,跸,bì,bi,4,ㄅㄧ
驸,駙,驸,fù,fu,4,ㄈㄨ
譥,譥,譥,jiào,jiao,4,ㄐㄧㄠ
䤀,䤀,䤀,䤀,䤀,,
魧,魧,魧,háng,hang,2,ㄏㄤ
霢,霢,霢,mài,mai,4,ㄇㄞ
橻,橻,橻,橻,橻,,
墢,墢,墢,bá,ba,2,ㄅㄚ
瀹,瀹,瀹,yuè,yue,4,ㄩㄝ
誑,誑,诳,kuáng,kuang,2,ㄎㄨㄤ
脄,脄,脄,méi,mei,2,ㄇㄟ
塑,塑,塑,sù,su,4,ㄙㄨ
僻,僻,僻,pì,pi,4,ㄆㄧ
袰,袰,袰,袰,袰,,
嫄,嫄,嫄,yuán,yuan,2,ㄩㄢ
婖,婖,婖,tiān,tian,1,ㄊㄧㄢ
謦,謦,謦,qìng,qing,4,ㄑㄧㄥ
輹,輹,輹,fù,fu,4,ㄈㄨ
賑,賑,赈,zhèn,zhen,4,ㄓㄣ
趑,趑,趑,cī,ci,1,ㄘ
鋽,鋽,鋽,diào,diao,4,ㄉㄧㄠ
齦,齦,龈,kěn,ken,3,ㄎㄣ
蜫,蜫,蜫,kūn,kun,1,ㄎㄨㄣ
鋀,鋀,鋀,dòu,dou,4,ㄉㄡ
䦥,䦥,䦥,xián,xian,2,ㄒㄧㄢ
鶭,鶭,鶭,fǎng,fang,3,ㄈㄤ
梳,梳,梳,shū,shu,1,ㄕㄨ
颙,顒,颙,yóng,yong,2,ㄩㄥ
氃,氃,氃,tóng,tong,2,ㄊㄨㄥ
泹,泹,泹,泹,泹,,
罻,罻,罻,wèi,wei,4,ㄨㄟ
墑,墑,墑,dī,di,1,ㄉㄧ
踱,踱,踱,duò,duo,4,ㄉㄨㄛ
愬,愬,愬,sù,su,4,ㄙㄨ
慷,慷,慷,kāng,kang,1,ㄎㄤ
搄,搄,搄,gēng,geng,1,ㄍㄥ
缴,繳,缴,jiǎo,jiao,3,ㄐㄧㄠ
豝,豝,豝,bā,ba,1,ㄅㄚ
姩,姩,姩,niàn,nian,4,ㄋㄧㄢ
䳎,䳎,䳎,jìu,jiu,4,ㄐㄧㄡ
麬,麬,麬,fū,fu,1,ㄈㄨ
慀,慀,慀,xié,xie,2,ㄒㄧㄝ
哠,哠,哠,hào,hao,4,ㄏㄠ
抴,抴,抴,yì,yi,4,ㄧ
䦨,䦨,䦨,lán,lan,2,ㄌㄢ
黇,黇,黇,tiān,tian,1,ㄊㄧㄢ
程,程,程,chéng,cheng,2,ㄔㄥ
䏌,䏌,䏌,qì,qi,4,ㄑㄧ
橮,橮,橮,lǐu,liu,3,ㄌㄧㄡ
溸,溸,溸,sù,su,4,ㄙㄨ
揓,揓,揓,shì,shi,4,ㄕ
䧠,䧠,䧠,shuàn,shuan,4,ㄕㄨㄢ
罨,罨,罨,yǎn,yan,3,ㄧㄢ
奯,奯,奯,huò,huo,4,ㄏㄨㄛ
㣗,㣗,㣗,㣗,㣗,,
僥,僥,侥,jiǎo,jiao,3,ㄐㄧㄠ
昛,昛,昛,jù,ju,4,ㄐㄩ
湰,湰,湰,lóng,long,2,ㄌㄨㄥ
垺,垺,垺,pēi,pei,1,ㄆㄟ
芉,芉,芉,gān,gan,1,ㄍㄢ
扼,扼,扼,è,e,4,ㄜ
蕌,蕌,蕌,lěi,lei,3,ㄌㄟ
嚕,嚕,噜,lū,lu,1,ㄌㄨ
䮊,䮊,䮊,yí,yi,2,ㄧ
覰,覰,覰,qù,qu,4,ㄑㄩ
飣,飣,饤,dìng,ding,4,ㄉㄧㄥ
饲,飼,饲,sì,si,4,ㄙ
虭,虭,虭,diāo,diao,1,ㄉㄧㄠ
瑹,瑹,瑹,tú,tu,2,ㄊㄨ
屻,屻,屻,rèn,ren,4,ㄖㄣ
㚶,㚶,㚶,sì,si,4,ㄙ
㾉,㾉,㾉,líng,ling,2,ㄌㄧㄥ
屚,屚,屚,lòu,lou,4,ㄌㄡ
獕,獕,獕,cūi,cui,1,ㄘㄨㄟ
扌,扌,扌,扌,扌,,
驧,驧,驧,jú,ju,2,ㄐㄩ
㫯,㫯,㫯,mào,mao,4,ㄇㄠ
渲,渲,渲,xuàn,xuan,4,ㄒㄩㄢ
氦,氦,氦,hài,hai,4,ㄏㄞ
䃌,䃌,䃌,䃌,䃌,,
艱,艱,艰,jiān,jian,1,ㄐㄧㄢ
阥,阥,阥,yīn,yin,1,ㄧㄣ
惌,惌,惌,yuān,yuan,1,ㄩㄢ
驂,驂,骖,cān,can,1,ㄘㄢ
屣,屣,屣,xǐ,xi,3,ㄒㄧ
㠼,㠼,㠼,㠼,㠼,,
㼾,㼾,㼾,lù,lu,4,ㄌㄨ
皺,皺,皱,zhòu,zhou,4,ㄓㄡ
䘩,䘩,䘩,xuàn,xuan,4,ㄒㄩㄢ
珰,璫,珰,dāng,dang,1,ㄉㄤ
梉,梉,梉,zhuāng,zhuang,1,ㄓㄨㄤ
犊,犢,犊,dú,du,2,ㄉㄨ
鐎,鐎,鐎,jiāo,jiao,1,ㄐㄧㄠ
䩎,䩎,䩎,䩎,䩎,,
厅,廳,厅,tīng,ting,1,ㄊㄧㄥ
盇,盇,盇,hé,he,2,ㄏㄜ
棣,棣,棣,dì,di,4,ㄉㄧ
愍,湣,愍,mǐn,min,3,ㄇㄧㄣ
嬊,嬊,嬊,yàn,yan,4,ㄧㄢ
㣴,㣴,㣴,㣴,㣴,,
弇,弇,弇,yǎn,yan,3,ㄧㄢ
捛,捛,捛,lǔ,lu,3,ㄌㄨ
㙁,㙁,㙁,mǎng,mang,3,ㄇㄤ
霽,霽,霁,jì,ji,4,ㄐㄧ
瓼,瓼,瓼,瓼,瓼,,
綶,綶,綶,guǒ,guo,3,ㄍㄨㄛ
锑,銻,锑,tì,ti,4,ㄊㄧ
燾,燾,焘,dào,dao,4,ㄉㄠ
扁,扁,扁,biǎn,bian,3,ㄅㄧㄢ
㠚,㠚,㠚,dùi,dui,4,ㄉㄨㄟ
髖,髖,髋,kuān,kuan,1,ㄎㄨㄢ
坌,坌,坌,bèn,ben,4,ㄅㄣ
軒,軒,轩,xuān,xuan,1,ㄒㄩㄢ
讝,讝,讝,zhān,zhan,1,ㄓㄢ
嘔,嘔,呕,ōu,ou,1,ㄡ
驩,驩,驩,huān,huan,1,ㄏㄨㄢ
玟,玟,玟,mín,min,2,ㄇㄧㄣ
谕,諭,谕,yù,yu,4,ㄩ
闱,闈,闱,wéi,wei,2,ㄨㄟ
籄,籄,籄,kùi,kui,4,ㄎㄨㄟ
鰹,鰹,鲣,jiān,jian,1,ㄐㄧㄢ
翄,翄,翄,chì,chi,4,ㄔ
窖,窖,窖,jiào,jiao,4,ㄐㄧㄠ
墺,墺,墺,ào,ao,4,ㄠ
矽,矽,硅,xì,xi,4,ㄒㄧ
嫮,嫮,嫮,hù,hu,4,ㄏㄨ
曚,曚,曚,méng,meng,2,ㄇㄥ
氢,氫,氢,qīng,qing,1,ㄑㄧㄥ
铠,鎧,铠,kǎi,kai,3,ㄎㄞ
櫒,櫒,櫒,sà,sa,4,ㄙㄚ
骮,骮,骮,yì,yi,4,ㄧ
鮍,鮍,鲏,pī,pi,1,ㄆㄧ
骰,骰,骰,tóu,tou,2,ㄊㄡ
嗢,嗢,嗢,wà,wa,4,ㄨㄚ
懥,懥,懥,zhì,zhi,4,ㄓ
鉰,鉰,鉰,sī,si,1,ㄙ
瘟,瘟,瘟,wēn,wen,1,ㄨㄣ
㶿,㶿,㶿,bó,bo,2,ㄅㄛ
䯇,䯇,䯇,䯇,䯇,,
酱,醬,酱,jiàng,jiang,4,ㄐㄧㄤ
垝,垝,垝,gǔi,gui,3,ㄍㄨㄟ
侑,侑,侑,yòu,you,4,ㄧㄡ
䱉,䱉,䱉,shàn,shan,4,ㄕㄢ
碼,碼,码,mǎ,ma,3,ㄇㄚ
枧,梘,枧,jiàn,jian,4,ㄐㄧㄢ
齝,齝,齝,chī,chi,1,ㄔ
䪗,䪗,䪗,xiá,xia,2,ㄒㄧㄚ
亾,亾,亾,wáng,wang,2,ㄨㄤ
桂,桂,桂,gùi,gui,4,ㄍㄨㄟ
圾,圾,圾,jí,ji,2,ㄐㄧ
鰷,鰷,鲦,tiáo,tiao,2,ㄊㄧㄠ
葉,葉,叶,yè,ye,4,ㄧㄝ
䙍,䙍,䙍,䙍,䙍,,
瞢,瞢,瞢,méng,meng,2,ㄇㄥ
餑,餑,饽,bō,bo,1,ㄅㄛ
衱,衱,衱,jié,jie,2,ㄐㄧㄝ
䣗,䣗,䣗,䣗,䣗,,
㐜,㐜,㐜,chóu,chou,2,ㄔㄡ
断,斷,断,duàn,duan,4,ㄉㄨㄢ
詘,詘,诎,qū,qu,1,ㄑㄩ
翓,翓,翓,xié,xie,2,ㄒㄧㄝ
䃺,䃺,䃺,mó,mo,2,ㄇㄛ
鷰,鷰,鷰,yàn,yan,4,ㄧㄢ
噓,噓,嘘,xū,xu,1,ㄒㄩ
烠,烠,烠,hǔi,hui,3,ㄏㄨㄟ
硄,硄,硄,kuāng,kuang,1,ㄎㄨㄤ
气,氣,气,qì,qi,4,ㄑㄧ
儖,儖,儖,lán,lan,2,ㄌㄢ
躚,躚,跹,xiān,xian,1,ㄒㄧㄢ
忤,忤,忤,wǔ,wu,3,ㄨ
鱂,鱂,鳉,jiāng,jiang,1,ㄐㄧㄤ
硝,硝,硝,xiāo,xiao,1,ㄒㄧㄠ
税,稅,税,shùi,shui,4,ㄕㄨㄟ
皉,皉,皉,cǐ,ci,3,ㄘ
䮮,䮮,䮮,mài,mai,4,ㄇㄞ
粪,糞,粪,fèn,fen,4,ㄈㄣ
呁,呁,呁,jùn,jun,4,ㄐㄩㄣ
䴽,䴽,䴽,bài,bai,4,ㄅㄞ
䡒,䡒,䡒,tián,tian,2,ㄊㄧㄢ
忎,忎,忎,rén,ren,2,ㄖㄣ
洇,洇,洇,yīn,yin,1,ㄧㄣ
莤,莤,莤,yóu,you,2,ㄧㄡ
㹨,㹨,㹨,yòu,you,4,ㄧㄡ
郕,郕,郕,chéng,cheng,2,ㄔㄥ
訯,訯,訯,shǎ,sha,3,ㄕㄚ
藓,蘚,藓,xiǎn,xian,3,ㄒㄧㄢ
覶,覶,覶,luó,luo,2,ㄌㄨㄛ
竬,竬,竬,qǔ,qu,3,ㄑㄩ
觷,觷,觷,xué,xue,2,ㄒㄩㄝ
萀,萀,萀,hǔ,hu,3,ㄏㄨ
乸,乸,乸,nǎ,na,3,ㄋㄚ
錑,錑,錑,lèi,lei,4,ㄌㄟ
㨸,㨸,㨸,mà,ma,4,ㄇㄚ
㿭,㿭,㿭,chè,che,4,ㄔㄜ
毠,毠,毠,jiā,jia,1,ㄐㄧㄚ
滽,滽,滽,yóng,yong,2,ㄩㄥ
廔,廔,廔,lóu,lou,2,ㄌㄡ
䪝,䪝,䪝,hù,hu,4,ㄏㄨ
礰,礰,礰,lì,li,4,ㄌㄧ
覭,覭,覭,míng,ming,2,ㄇㄧㄥ
賗,賗,賗,chuàn,chuan,4,ㄔㄨㄢ
碒,碒,碒,yín,yin,2,ㄧㄣ
尜,尜,尜,gá,ga,2,ㄍㄚ
鉩,鉩,鉩,niē,nie,1,ㄋㄧㄝ
擲,擲,掷,zhì,zhi,4,ㄓ
砸,砸,砸,zá,za,2,ㄗㄚ
喛,喛,喛,huàn,huan,4,ㄏㄨㄢ
曃,曃,曃,tài,tai,4,ㄊㄞ
石,石,石,shí,shi,2,ㄕ
围,圍,围,wéi,wei,2,ㄨㄟ
邦,邦,邦,bāng,bang,1,ㄅㄤ
傊,傊,傊,yǔn,yun,3,ㄩㄣ
張,張,张,zhāng,zhang,1,ㄓㄤ
㽵,㽵,㽵,㽵,㽵,,
㲧,㲧,㲧,zào,zao,4,ㄗㄠ
曶,曶,曶,hū,hu,1,ㄏㄨ
䮣,䮣,䮣,䮣,䮣,,
潇,瀟,潇,xiāo,xiao,1,ㄒㄧㄠ
妌,妌,妌,jìng,jing,4,ㄐㄧㄥ
糒,糒,糒,bèi,bei,4,ㄅㄟ
耩,耩,耩,jiǎng,jiang,3,ㄐㄧㄤ
潋,瀲,潋,liàn,lian,4,ㄌㄧㄢ
戵,戵,戵,qú,qu,2,ㄑㄩ
蜷,蜷,蜷,quán,quan,2,ㄑㄩㄢ
窘,窘,窘,jiǒng,jiong,3,ㄐㄩㄥ
居,居,居,jū,ju,1,ㄐㄩ
恕,恕,恕,shù,shu,4,ㄕㄨ
繷,繷,繷,náo,nao,2,ㄋㄠ
眑,眑,眑,yǎo,yao,3,ㄧㄠ
䣧,䣧,䣧,yì,yi,4,ㄧ
秊,秊,秊,nián,nian,2,ㄋㄧㄢ
碋,碋,碋,hè,he,4,ㄏㄜ
曁,曁,曁,jì,ji,4,ㄐㄧ
䅟,穇,䅟,cǎn,can,3,ㄘㄢ
奶,奶,奶,nǎi,nai,3,ㄋㄞ
飝,飝,飝,fēi,fei,1,ㄈㄟ
髺,髺,髺,guà,gua,4,ㄍㄨㄚ
麣,麣,麣,yán,yan,2,ㄧㄢ
熦,熦,熦,jué,jue,2,ㄐㄩㄝ
蒊,蒊,蒊,蒊,蒊,,
姄,姄,姄,mín,min,2,ㄇㄧㄣ
賐,賐,賐,xùn,xun,4,ㄒㄩㄣ
䨿,䨿,䨿,qián,qian,2,ㄑㄧㄢ
嬙,嬙,嫱,qiáng,qiang,2,ㄑㄧㄤ
㻓,㻓,㻓,㻓,㻓,,
閡,閡,阂,hé,he,2,ㄏㄜ
禔,禔,禔,tí,ti,2,ㄊㄧ
恘,恘,恘,qīu,qiu,1,ㄑㄧㄡ
蠹,蠹,蠹,dù,du,4,ㄉㄨ
靝,靝,靝,tiān,tian,1,ㄊㄧㄢ
瑱,瑱,瑱,tiàn,tian,4,ㄊㄧㄢ
㫸,㫸,㫸,qiè,qie,4,ㄑㄧㄝ
㓠,㓠,㓠,diàn,dian,4,ㄉㄧㄢ
贊,贊,赞,zàn,zan,4,ㄗㄢ
䊧,䊧,䊧,bì,bi,4,ㄅㄧ
榙,榙,榙,tǎ,ta,3,ㄊㄚ
送,送,送,sòng,song,4,ㄙㄨㄥ
滨,濱,滨,bīn,bin,1,ㄅㄧㄣ
䗂,䗂,䗂,hǔ,hu,3,ㄏㄨ
窂,窂,窂,láo,lao,2,ㄌㄠ
纐,纐,纐,纐,纐,,
阚,闞,阚,kàn,kan,4,ㄎㄢ
鳦,鳦,鳦,yǐ,yi,3,ㄧ
䟍,䟍,䟍,dián,dian,2,ㄉㄧㄢ
編,編,编,biān,bian,1,ㄅㄧㄢ
濔,濔,沵,mǐ,mi,3,ㄇㄧ
鍠,鍠,锽,huáng,huang,2,ㄏㄨㄤ
㚡,㚡,㚡,jǐ,ji,3,ㄐㄧ
軾,軾,轼,shì,shi,4,ㄕ
埌,埌,埌,làng,lang,4,ㄌㄤ
滘,滘,滘,jiào,jiao,4,ㄐㄧㄠ
终,終,终,zhōng,zhong,1,ㄓㄨㄥ
䈀,䈀,䈀,䈀,䈀,,
㵜,㵜,㵜,㵜,㵜,,
鯼,鯼,鯼,zōng,zong,1,ㄗㄨㄥ
䬟,䬟,䬟,líu,liu,2,ㄌㄧㄡ
噷,噷,噷,xīn,xin,1,ㄒㄧㄣ
谥,謚,谥,shì,shi,4,ㄕ
衺,衺,衺,xié,xie,2,ㄒㄧㄝ
袮,袮,袮,袮,袮,,
磾,磾,磾,dī,di,1,ㄉㄧ
飴,飴,饴,yí,yi,2,ㄧ
烹,烹,烹,pēng,peng,1,ㄆㄥ
官,官,官,guān,guan,1,ㄍㄨㄢ
毥,毥,毥,xún,xun,2,ㄒㄩㄣ
咉,咉,咉,yāng,yang,1,ㄧㄤ
焗,焗,焗,jú,ju,2,ㄐㄩ
㸣,㸣,㸣,yè,ye,4,ㄧㄝ
袛,袛,袛,dī,di,1,ㄉㄧ
覬,覬,觊,jì,ji,4,ㄐㄧ
灠,灠,灠,lǎn,lan,3,ㄌㄢ
神,神,神,shén,shen,2,ㄕㄣ
㝕,㝕,㝕,níng,ning,2,ㄋㄧㄥ
㒑,㒑,㒑,hùi,hui,4,ㄏㄨㄟ
遱,遱,遱,lóu,lou,2,ㄌㄡ
緷,緷,緷,yùn,yun,4,ㄩㄣ
餞,餞,饯,jiàn,jian,4,ㄐㄧㄢ
厎,厎,厎,zhǐ,zhi,3,ㄓ
㝇,㝇,㝇,chún,chun,2,ㄔㄨㄣ
㦞,㦞,㦞,chóu,chou,2,ㄔㄡ
䞀,䞀,䞀,gòu,gou,4,ㄍㄡ
垖,垖,垖,dūi,dui,1,ㄉㄨㄟ
鬳,鬳,鬳,juàn,juan,4,ㄐㄩㄢ
痒,癢,痒,yǎng,yang,3,ㄧㄤ
䖯,䖯,䖯,gùi,gui,4,ㄍㄨㄟ
讁,讁,讁,zhé,zhe,2,ㄓㄜ
焞,焞,焞,tūn,tun,1,ㄊㄨㄣ
剢,剢,剢,zhuó,zhuo,2,ㄓㄨㄛ
藤,藤,藤,téng,teng,2,ㄊㄥ
了,瞭,了,le,le,5,ㄌㄜ
磶,磶,磶,xì,xi,4,ㄒㄧ
酿,釀,酿,niàng,niang,4,ㄋㄧㄤ
郀,郀,郀,kū,ku,1,ㄎㄨ
㢽,㢽,㢽,ěr,er,3,ㄦ
僒,僒,僒,jiǒng,jiong,3,ㄐㄩㄥ
譍,譍,譍,yìng,ying,4,ㄧㄥ
悰,悰,悰,cóng,cong,2,ㄘㄨㄥ
䒙,䒙,䒙,䒙,䒙,,
釞,釞,釞,zhí,zhi,2,ㄓ
諥,諥,諥,zhòng,zhong,4,ㄓㄨㄥ
赫,赫,赫,hè,he,4,ㄏㄜ
隊,隊,队,dùi,dui,4,ㄉㄨㄟ
辅,輔,辅,fǔ,fu,3,ㄈㄨ
㨭,㨭,㨭,hù,hu,4,ㄏㄨ
臂,臂,臂,bì,bi,4,ㄅㄧ
㺐,㺐,㺐,zhǎo,zhao,3,ㄓㄠ
趏,趏,趏,guā,gua,1,ㄍㄨㄚ
狲,猻,狲,sūn,sun,1,ㄙㄨㄣ
炟,炟,炟,dá,da,2,ㄉㄚ
䣁,䣁,䣁,yǔ,yu,3,ㄩ
郩,郩,郩,xiáo,xiao,2,ㄒㄧㄠ
曘,曘,曘,rú,ru,2,ㄖㄨ
厝,厝,厝,cuò,cuo,4,ㄘㄨㄛ
鉀,鉀,钾,jiǎ,jia,3,ㄐㄧㄚ
㔢,㔢,㔢,jué,jue,2,ㄐㄩㄝ
䗛,䗛,䗛,䗛,䗛,,
唲,唲,唲,ér,er,2,ㄦ
覨,覨,覨,è,e,4,ㄜ
惰,惰,惰,duò,duo,4,ㄉㄨㄛ
胑,胑,胑,zhī,zhi,1,ㄓ
縏,縏,縏,pán,pan,2,ㄆㄢ
兴,興,兴,xīng,xing,1,ㄒㄧㄥ
镁,鎂,镁,měi,mei,3,ㄇㄟ
枎,枎,枎,fú,fu,2,ㄈㄨ
礝,礝,礝,ruǎn,ruan,3,ㄖㄨㄢ
㲜,㲜,㲜,tán,tan,2,ㄊㄢ
他,他,他,tā,ta,1,ㄊㄚ
遺,遺,遗,yí,yi,2,ㄧ
誄,誄,诔,lěi,lei,3,ㄌㄟ
䌧,䌧,䌧,chóu,chou,2,ㄔㄡ
誝,誝,誝,ān,an,1,ㄢ
參,參,参,cān,can,1,ㄘㄢ
阓,闠,阓,hùi,hui,4,ㄏㄨㄟ
夁,夁,夁,yī,yi,1,ㄧ
絜,絜,絜,xié,xie,2,ㄒㄧㄝ
䟾,䟾,䟾,juě,jue,3,ㄐㄩㄝ
溑,溑,溑,suǒ,suo,3,ㄙㄨㄛ
萖,萖,萖,wǎn,wan,3,ㄨㄢ
墭,墭,墭,shèng,sheng,4,ㄕㄥ
㐭,㐭,㐭,lǐn,lin,3,ㄌㄧㄣ
蛝,蛝,蛝,xián,xian,2,ㄒㄧㄢ
朂,朂,朂,xù,xu,4,ㄒㄩ
菇,菇,菇,gū,gu,1,ㄍㄨ
䮭,䮭,䮭,mì,mi,4,ㄇㄧ
翍,翍,翍,pī,pi,1,ㄆㄧ
斻,斻,斻,háng,hang,2,ㄏㄤ
蝏,蝏,蝏,tíng,ting,2,ㄊㄧㄥ
埁,埁,埁,cén,cen,2,ㄘㄣ
䔴,䔴,䔴,cè,ce,4,ㄘㄜ
锸,鍤,锸,chá,cha,2,ㄔㄚ
癹,癹,癹,pō,po,1,ㄆㄛ
駑,駑,驽,nú,nu,2,ㄋㄨ
卙,卙,卙,jí,ji,2,ㄐㄧ
勌,勌,勌,juàn,juan,4,ㄐㄩㄢ
䄌,䄌,䄌,zhùi,zhui,4,ㄓㄨㄟ
漕,漕,漕,cáo,cao,2,ㄘㄠ
蚽,蚽,蚽,pí,pi,2,ㄆㄧ
碷,碷,碷,碷,碷,,
伅,伅,伅,dùn,dun,4,ㄉㄨㄣ
鏍,鏍,镙,luó,luo,2,ㄌㄨㄛ
衍,衍,衍,yǎn,yan,3,ㄧㄢ
鎍,鎍,鎍,suǒ,suo,3,ㄙㄨㄛ
丸,丸,丸,wán,wan,2,ㄨㄢ
鲶,鯰,鲶,nián,nian,2,ㄋㄧㄢ
躩,躩,躩,jué,jue,2,ㄐㄩㄝ
牱,牱,牱,gē,ge,1,ㄍㄜ
秨,秨,秨,zuó,zuo,2,ㄗㄨㄛ
悤,悤,悤,cōng,cong,1,ㄘㄨㄥ
賡,賡,赓,gēng,geng,1,ㄍㄥ
鼣,鼣,鼣,fèi,fei,4,ㄈㄟ
㮗,㮗,㮗,qín,qin,2,ㄑㄧㄣ
粸,粸,粸,qí,qi,2,ㄑㄧ
舙,舙,舙,huà,hua,4,ㄏㄨㄚ
腍,腍,腍,rěn,ren,3,ㄖㄣ
䊬,䊬,䊬,chà,cha,4,ㄔㄚ
讂,讂,讂,xuàn,xuan,4,ㄒㄩㄢ
瞰,瞰,瞰,kàn,kan,4,ㄎㄢ
詥,詥,詥,hé,he,2,ㄏㄜ
岄,岄,岄,yuè,yue,4,ㄩㄝ
畍,畍,畍,jiè,jie,4,ㄐㄧㄝ
歲,歲,岁,sùi,sui,4,ㄙㄨㄟ
㨎,㨎,㨎,rú,ru,2,ㄖㄨ
鸺,鵂,鸺,xīu,xiu,1,ㄒㄧㄡ
嵒,嵒,嵒,yán,yan,2,ㄧㄢ
販,販,贩,fàn,fan,4,ㄈㄢ
㽀,㽀,㽀,zhèng,zheng,4,ㄓㄥ
洜,洜,洜,洜,洜,,
跳,跳,跳,tiào,tiao,4,ㄊㄧㄠ
淠,淠,淠,pì,pi,4,ㄆㄧ
䲾,䲾,䲾,qiǎo,qiao,3,ㄑㄧㄠ
怘,怘,怘,gù,gu,4,ㄍㄨ
㣆,㣆,㣆,mí,mi,2,ㄇㄧ
䎡,䎡,䎡,nuǎn,nuan,3,ㄋㄨㄢ
櫈,櫈,櫈,dèng,deng,4,ㄉㄥ
鎢,鎢,钨,wū,wu,1,ㄨ
缒,縋,缒,zhùi,zhui,4,ㄓㄨㄟ
吠,吠,吠,fèi,fei,4,ㄈㄟ
还,還,还,huán,huan,2,ㄏㄨㄢ
㥵,㥵,㥵,hùn,hun,4,ㄏㄨㄣ
押,押,押,yā,ya,1,ㄧㄚ
踼,踼,踼,táng,tang,2,ㄊㄤ
阎,閻,阎,yán,yan,2,ㄧㄢ
稄,稄,稄,zè,ze,4,ㄗㄜ
䨾,䨾,䨾,fěi,fei,3,ㄈㄟ
躊,躊,踌,chóu,chou,2,ㄔㄡ
癩,癩,癞,lài,lai,4,ㄌㄞ
劸,劸,劸,wā,wa,1,ㄨㄚ
㷠,㷠,㷠,lín,lin,2,ㄌㄧㄣ
鬖,鬖,鬖,sān,san,1,ㄙㄢ
意,意,意,yì,yi,4,ㄧ
瘙,瘙,瘙,sāo,sao,1,ㄙㄠ
跅,跅,跅,tuò,tuo,4,ㄊㄨㄛ
睶,睶,睶,chǔn,chun,3,ㄔㄨㄣ
刮,颳,刮,guā,gua,1,ㄍㄨㄚ
奨,奨,奨,jiǎng,jiang,3,ㄐㄧㄤ
酘,酘,酘,tóu,tou,2,ㄊㄡ
鮦,鮦,鲖,tóng,tong,2,ㄊㄨㄥ
龘,龘,龘,tà,ta,4,ㄊㄚ
淬,淬,淬,cùi,cui,4,ㄘㄨㄟ
疿,疿,疿,fèi,fei,4,ㄈㄟ
奇,奇,奇,qí,qi,2,ㄑㄧ
璂,璂,璂,qí,qi,2,ㄑㄧ
翚,翬,翚,hūi,hui,1,ㄏㄨㄟ
䪰,䪰,䪰,䪰,䪰,,
剂,劑,剂,jì,ji,4,ㄐㄧ
䐞,䐞,䐞,ruò,ruo,4,ㄖㄨㄛ
䱸,䱸,䱸,䱸,䱸,,
獱,獱,獱,pín,pin,2,ㄆㄧㄣ
皳,皳,皳,qíu,qiu,2,ㄑㄧㄡ
罺,罺,罺,chāo,chao,1,ㄔㄠ
劥,劥,劥,kēng,keng,1,ㄎㄥ
刟,刟,刟,jū,ju,1,ㄐㄩ
螓,螓,螓,qín,qin,2,ㄑㄧㄣ
鎂,鎂,镁,měi,mei,3,ㄇㄟ
姼,姼,姼,chǐ,chi,3,ㄔ
欰,欰,欰,xū,xu,1,ㄒㄩ
遯,遯,遯,dùn,dun,4,ㄉㄨㄣ
蒵,蒵,蒵,xī,xi,1,ㄒㄧ
礹,礹,礹,yán,yan,2,ㄧㄢ
鯿,鯿,鳊,biān,bian,1,ㄅㄧㄢ
鮄,鮄,鮄,fú,fu,2,ㄈㄨ
蒿,蒿,蒿,hāo,hao,1,ㄏㄠ
䴺,䴺,䴺,bù,bu,4,ㄅㄨ
莕,莕,莕,xìng,xing,4,ㄒㄧㄥ
㝿,㝿,㝿,bó,bo,2,ㄅㄛ
鲯,鯕,鲯,qí,qi,2,ㄑㄧ
亝,亝,亝,qí,qi,2,ㄑㄧ
㿯,㿯,㿯,dá,da,2,ㄉㄚ
络,絡,络,luò,luo,4,ㄌㄨㄛ
龗,龗,龗,líng,ling,2,ㄌㄧㄥ
㰗,㰗,㰗,cù,cu,4,ㄘㄨ
㿀,㿀,㿀,㿀,㿀,,
仴,仴,仴,wàn,wan,4,ㄨㄢ
騡,騡,騡,quán,quan,2,ㄑㄩㄢ
爠,爠,爠,爠,爠,,
噽,噽,噽,pǐ,pi,3,ㄆㄧ
嵳,嵳,嵳,cuó,cuo,2,ㄘㄨㄛ
蕒,蕒,荬,mǎi,mai,3,ㄇㄞ
檔,檔,档,dàng,dang,4,ㄉㄤ
屝,屝,屝,fèi,fei,4,ㄈㄟ
䅥,䅥,䅥,jié,jie,2,ㄐㄧㄝ
㸗,㸗,㸗,tóng,tong,2,ㄊㄨㄥ
䔣,䔣,䔣,lí,li,2,ㄌㄧ
鲭,鯖,鲭,qīng,qing,1,ㄑㄧㄥ
熼,熼,熼,yì,yi,4,ㄧ
娖,娖,娖,chuò,chuo,4,ㄔㄨㄛ
腙,腙,腙,zōng,zong,1,ㄗㄨㄥ
賚,賚,赉,lài,lai,4,ㄌㄞ
㬒,㬒,㬒,mǎng,mang,3,ㄇㄤ
㐑,㐑,㐑,㐑,㐑,,
甩,甩,甩,shuǎi,shuai,3,ㄕㄨㄞ
㗺,㗺,㗺,㗺,㗺,,
瞌,瞌,瞌,kē,ke,1,ㄎㄜ
憊,憊,惫,bèi,bei,4,ㄅㄟ
㚭,㚭,㚭,yóu,you,2,ㄧㄡ
燐,燐,燐,lín,lin,2,ㄌㄧㄣ
苵,苵,苵,dié,die,2,ㄉㄧㄝ
帳,帳,帐,zhàng,zhang,4,ㄓㄤ
瘝,瘝,瘝,guān,guan,1,ㄍㄨㄢ
炸,炸,炸,zhà,zha,4,ㄓㄚ
湍,湍,湍,tuān,tuan,1,ㄊㄨㄢ
鬈,鬈,鬈,quán,quan,2,ㄑㄩㄢ
靅,靅,靅,fèi,fei,4,ㄈㄟ
䎎,䎎,䎎,nà,na,4,ㄋㄚ
劙,劙,劙,lí,li,2,ㄌㄧ
䁐,䁐,䁐,yìng,ying,4,ㄧㄥ
斣,斣,斣,chù,chu,4,ㄔㄨ
麀,麀,麀,yōu,you,1,ㄧㄡ
碯,碯,碯,nǎo,nao,3,ㄋㄠ
礂,礂,礂,礂,礂,,
聬,聬,聬,wěng,weng,3,ㄨㄥ
粎,粎,粎,chǐ,chi,3,ㄔ
䧔,䧔,䧔,mù,mu,4,ㄇㄨ
䫐,䫐,䫐,lín,lin,2,ㄌㄧㄣ
回,迴,回,húi,hui,2,ㄏㄨㄟ
㔨,㔨,㔨,bèi,bei,4,ㄅㄟ
鬇,鬇,鬇,zhēng,zheng,1,ㄓㄥ
颴,颴,颴,xuàn,xuan,4,ㄒㄩㄢ
䲚,䲚,䲚,lài,lai,4,ㄌㄞ
幱,幱,幱,lán,lan,2,ㄌㄢ
濜,濜,浕,jìn,jin,4,ㄐㄧㄣ
蜤,蜤,蜤,sī,si,1,ㄙ
镲,鑔,镲,chǎ,cha,3,ㄔㄚ
㞶,㞶,㞶,mǐn,min,3,ㄇㄧㄣ
蚍,蚍,蚍,bǐ,bi,3,ㄅㄧ
毱,毱,毱,jú,ju,2,ㄐㄩ
娛,娛,娱,yú,yu,2,ㄩ
岦,岦,岦,lì,li,4,ㄌㄧ
禸,禸,禸,róu,rou,2,ㄖㄡ
覸,覸,覸,jiàn,jian,4,ㄐㄧㄢ
䶦,䶦,䶦,zé,ze,2,ㄗㄜ
偝,偝,偝,bèi,bei,4,ㄅㄟ
㜷,㜷,㜷,mí,mi,2,ㄇㄧ
痈,癰,痈,yōng,yong,1,ㄩㄥ
䑚,䑚,䑚,tián,tian,2,ㄊㄧㄢ
䬮,䬮,䬮,yí,yi,2,ㄧ
䯓,䯓,䯓,kúi,kui,2,ㄎㄨㄟ
骉,驫,骉,biāo,biao,1,ㄅㄧㄠ
欶,欶,欶,shuò,shuo,4,ㄕㄨㄛ
凢,凢,凢,fán,fan,2,ㄈㄢ
䤦,䤦,䤦,yuè,yue,4,ㄩㄝ
䨞,䨞,䨞,yǔ,yu,3,ㄩ
䨅,䨅,䨅,liáo,liao,2,ㄌㄧㄠ
友,友,友,yǒu,you,3,ㄧㄡ
咜,咜,咜,咜,咜,,
蝴,蝴,蝴,hú,hu,2,ㄏㄨ
械,械,械,xiè,xie,4,ㄒㄧㄝ
鑞,鑞,镴,là,la,4,ㄌㄚ
畓,畓,畓,畓,畓,,
嚗,嚗,嚗,bó,bo,2,ㄅㄛ
奒,奒,奒,kāi,kai,1,ㄎㄞ
黥,黥,黥,qíng,qing,2,ㄑㄧㄥ
䨚,䨚,䨚,䨚,䨚,,
馊,餿,馊,sōu,sou,1,ㄙㄡ
䡰,䡰,䡰,kěng,keng,3,ㄎㄥ
螶,螶,螶,qú,qu,2,ㄑㄩ
釈,釈,釈,shì,shi,4,ㄕ
鴚,鴚,鴚,gē,ge,1,ㄍㄜ
苞,苞,苞,bāo,bao,1,ㄅㄠ
弧,弧,弧,hú,hu,2,ㄏㄨ
躂,躂,跶,tà,ta,4,ㄊㄚ
揇,揇,揇,nǎn,nan,3,ㄋㄢ
搅,攪,搅,jiǎo,jiao,3,ㄐㄧㄠ
䛃,䛃,䛃,wàng,wang,4,ㄨㄤ
玩,玩,玩,wán,wan,2,ㄨㄢ
蟯,蟯,蛲,ráo,rao,2,ㄖㄠ
桌,桌,桌,zhuō,zhuo,1,ㄓㄨㄛ
返,返,返,fǎn,fan,3,ㄈㄢ
㿫,㿫,㿫,bì,bi,4,ㄅㄧ
牢,牢,牢,láo,lao,2,ㄌㄠ
言,言,言,yán,yan,2,ㄧㄢ
鏬,鏬,鏬,xià,xia,4,ㄒㄧㄚ
嫰,嫰,嫰,nèn,nen,4,ㄋㄣ
贗,贗,赝,yàn,yan,4,ㄧㄢ
獨,獨,独,dú,du,2,ㄉㄨ
㲥,㲥,㲥,táng,tang,2,ㄊㄤ
䗩,䗩,䗩,䗩,䗩,,
絬,絬,絬,xiè,xie,4,ㄒㄧㄝ
㒆,㒆,㒆,chì,chi,4,ㄔ
㽔,㽔,㽔,㽔,㽔,,
羸,羸,羸,léi,lei,2,ㄌㄟ
嗎,嗎,吗,ma,ma,5,ㄇㄚ
砒,砒,砒,pī,pi,1,ㄆㄧ
诘,詰,诘,jié,jie,2,ㄐㄧㄝ
䫀,䫀,䫀,gěn,gen,3,ㄍㄣ
霜,霜,霜,shuāng,shuang,1,ㄕㄨㄤ
醐,醐,醐,hú,hu,2,ㄏㄨ
媯,媯,妫,gūi,gui,1,ㄍㄨㄟ
䙚,䙚,䙚,niǎo,niao,3,ㄋㄧㄠ
祭,祭,祭,jì,ji,4,ㄐㄧ
抉,抉,抉,jué,jue,2,ㄐㄩㄝ
恍,恍,恍,huǎng,huang,3,ㄏㄨㄤ
㓆,㓆,㓆,㓆,㓆,,
杘,杘,杘,chì,chi,4,ㄔ
撬,撬,撬,qiào,qiao,4,ㄑㄧㄠ
䄆,䄆,䄆,huó,huo,2,ㄏㄨㄛ
銨,銨,铵,ǎn,an,3,ㄢ
䦑,䦑,䦑,xiè,xie,4,ㄒㄧㄝ
㕹,㕹,㕹,fá,fa,2,ㄈㄚ
礚,礚,礚,kài,kai,4,ㄎㄞ
訵,訵,訵,chī,chi,1,ㄔ
謺,謺,謺,zhé,zhe,2,ㄓㄜ
擱,擱,搁,gē,ge,1,ㄍㄜ
邪,邪,邪,xié,xie,2,ㄒㄧㄝ
典,典,典,diǎn,dian,3,ㄉㄧㄢ
䃖,䃖,䃖,wù,wu,4,ㄨ
乐,樂,乐,lè,le,4,ㄌㄜ
鐌,鐌,鐌,xiàng,xiang,4,ㄒㄧㄤ
齸,齸,齸,yì,yi,4,ㄧ
㑌,㑌,㑌,wāng,wang,1,ㄨㄤ
㗓,㗓,㗓,㗓,㗓,,
扷,扷,扷,ào,ao,4,ㄠ
輋,輋,輋,shē,she,1,ㄕㄜ
媵,媵,媵,yìng,ying,4,ㄧㄥ
汨,汨,汨,mì,mi,4,ㄇㄧ
贂,贂,贂,chěn,chen,3,ㄔㄣ
閆,閆,闫,yán,yan,2,ㄧㄢ
蹩,蹩,蹩,bié,bie,2,ㄅㄧㄝ
頒,頒,颁,bān,ban,1,ㄅㄢ
泼,潑,泼,pō,po,1,ㄆㄛ
濰,濰,潍,wéi,wei,2,ㄨㄟ
罐,罐,罐,guàn,guan,4,ㄍㄨㄢ
㤔,㤔,㤔,fú,fu,2,ㄈㄨ
浇,澆,浇,jiāo,jiao,1,ㄐㄧㄠ
木,木,木,mù,mu,4,ㄇㄨ
貚,貚,貚,tán,tan,2,ㄊㄢ
喊,喊,喊,hǎn,han,3,ㄏㄢ
椿,椿,椿,chūn,chun,1,ㄔㄨㄣ
胓,胓,胓,píng,ping,2,ㄆㄧㄥ
䍩,䍩,䍩,ǎng,ang,3,ㄤ
彅,彅,彅,彅,彅,,
膝,膝,膝,xī,xi,1,ㄒㄧ
曢,曢,曢,曢,曢,,
翃,翃,翃,hóng,hong,2,ㄏㄨㄥ
嬷,嬤,嬷,mā,ma,1,ㄇㄚ
靪,靪,靪,dīng,ding,1,ㄉㄧㄥ
䑵,䑵,䑵,mù,mu,4,ㄇㄨ
褁,褁,褁,zhí,zhi,2,ㄓ
傛,傛,傛,yǒng,yong,3,ㄩㄥ
兮,兮,兮,xī,xi,1,ㄒㄧ
峱,峱,峱,náo,nao,2,ㄋㄠ
㵚,㵚,㵚,㵚,㵚,,
觸,觸,触,chù,chu,4,ㄔㄨ
㜇,㜇,㜇,hùi,hui,4,ㄏㄨㄟ
䦴,䦴,䦴,yì,yi,4,ㄧ
鄭,鄭,郑,zhèng,zheng,4,ㄓㄥ
疓,疓,疓,nǎi,nai,3,ㄋㄞ
顀,顀,顀,chúi,chui,2,ㄔㄨㄟ
硫,硫,硫,líu,liu,2,ㄌㄧㄡ
蕖,蕖,蕖,qú,qu,2,ㄑㄩ
䠜,䠜,䠜,róng,rong,2,ㄖㄨㄥ
鉕,鉕,钷,pō,po,1,ㄆㄛ
䮈,䮈,䮈,chí,chi,2,ㄔ
道,道,道,dào,dao,4,ㄉㄠ
貁,貁,貁,yòu,you,4,ㄧㄡ
衛,衛,卫,wèi,wei,4,ㄨㄟ
䝼,䝼,䞍,qíng,qing,2,ㄑㄧㄥ
瞱,瞱,瞱,yè,ye,4,ㄧㄝ
誵,誵,誵,xiáo,xiao,2,ㄒㄧㄠ
汘,汘,汘,qiān,qian,1,ㄑㄧㄢ
唖,唖,唖,yǎ,ya,3,ㄧㄚ
悊,悊,悊,zhé,zhe,2,ㄓㄜ
餌,餌,饵,ěr,er,3,ㄦ
犭,犭,犭,犭,犭,,
肓,肓,肓,huāng,huang,1,ㄏㄨㄤ
䒭,䒭,䒭,děng,deng,3,ㄉㄥ
㯎,㯎,㯎,nèn,nen,4,ㄋㄣ
彇,彇,彇,xiāo,xiao,1,ㄒㄧㄠ
怜,憐,怜,lián,lian,2,ㄌㄧㄢ
燪,燪,燪,cōng,cong,1,ㄘㄨㄥ
鮵,鮵,鮵,duó,duo,2,ㄉㄨㄛ
䵚,䵚,䵚,tǎo,tao,3,ㄊㄠ
璞,璞,璞,pú,pu,2,ㄆㄨ
诜,詵,诜,shēn,shen,1,ㄕㄣ
鉔,鉔,鉔,zā,za,1,ㄗㄚ
脥,脥,脥,qiǎn,qian,3,ㄑㄧㄢ
䨹,䨹,䨹,䨹,䨹,,
砚,硯,砚,yàn,yan,4,ㄧㄢ
噸,噸,吨,dūn,dun,1,ㄉㄨㄣ
蝾,蠑,蝾,róng,rong,2,ㄖㄨㄥ
㣑,㣑,㣑,róng,rong,2,ㄖㄨㄥ
㖺,㖺,㖺,chǔn,chun,3,ㄔㄨㄣ
娐,娐,娐,娐,娐,,
䝊,䝊,䝊,shà,sha,4,ㄕㄚ
曀,曀,曀,yì,yi,4,ㄧ
䑯,䑯,䑯,dì,di,4,ㄉㄧ
犘,犘,犘,má,ma,2,ㄇㄚ
㦕,㦕,㦕,lóng,long,2,ㄌㄨㄥ
䰻,䰻,䰻,yú,yu,2,ㄩ
拢,攏,拢,lǒng,long,3,ㄌㄨㄥ
瞏,瞏,瞏,qióng,qiong,2,ㄑㄩㄥ
霿,霿,霿,mèng,meng,4,ㄇㄥ
躸,躸,躸,jī,ji,1,ㄐㄧ
瀯,瀯,瀯,yíng,ying,2,ㄧㄥ
羟,羥,羟,qiān,qian,1,ㄑㄧㄢ
靧,靧,靧,hùi,hui,4,ㄏㄨㄟ
砬,砬,砬,lì,li,4,ㄌㄧ
鸅,鸅,鸅,zhé,zhe,2,ㄓㄜ
薦,薦,荐,jiàn,jian,4,ㄐㄧㄢ
芢,芢,芢,rén,ren,2,ㄖㄣ
鈎,鈎,钩,gōu,gou,1,ㄍㄡ
蟚,蟚,蟚,péng,peng,2,ㄆㄥ
珚,珚,珚,yān,yan,1,ㄧㄢ
衰,衰,衰,shuāi,shuai,1,ㄕㄨㄞ
敇,敇,敇,cè,ce,4,ㄘㄜ
挄,挄,挄,kuò,kuo,4,ㄎㄨㄛ
篢,篢,篢,gōng,gong,1,ㄍㄨㄥ
鱌,鱌,鱌,xiàng,xiang,4,ㄒㄧㄤ
淝,淝,淝,féi,fei,2,ㄈㄟ
狤,狤,狤,jí,ji,2,ㄐㄧ
锧,鑕,锧,zhì,zhi,4,ㄓ
鷵,鷵,鷵,tú,tu,2,ㄊㄨ
䀰,䀰,䀰,gǔ,gu,3,ㄍㄨ
鹫,鷲,鹫,jìu,jiu,4,ㄐㄧㄡ
輮,輮,輮,róu,rou,2,ㄖㄡ
橶,橶,橶,jí,ji,2,ㄐㄧ
撠,撠,撠,jǐ,ji,3,ㄐㄧ
嚣,囂,嚣,xiāo,xiao,1,ㄒㄧㄠ
䓈,䓈,䓈,yì,yi,4,ㄧ
浭,浭,浭,gēng,geng,1,ㄍㄥ
㠀,㠀,㠀,dǎo,dao,3,ㄉㄠ
霑,霑,霑,zhān,zhan,1,ㄓㄢ
㪒,㪒,㪒,ní,ni,2,ㄋㄧ
㶬,㶬,㶬,méi,mei,2,ㄇㄟ
輝,輝,辉,hūi,hui,1,ㄏㄨㄟ
塴,塴,塴,bèng,beng,4,ㄅㄥ
䳚,䳚,䳚,hé,he,2,ㄏㄜ
僲,僲,僲,僲,僲,,
指,指,指,zhǐ,zhi,3,ㄓ
䫃,䫃,䫃,chún,chun,2,ㄔㄨㄣ
減,減,减,jiǎn,jian,3,ㄐㄧㄢ
䎖,䎖,䎖,䎖,䎖,,
钉,釘,钉,dīng,ding,1,ㄉㄧㄥ
剹,剹,剹,lù,lu,4,ㄌㄨ
矶,磯,矶,jī,ji,1,ㄐㄧ
蘑,蘑,蘑,mó,mo,2,ㄇㄛ
鰵,鰵,鳘,mǐn,min,3,ㄇㄧㄣ
宪,憲,宪,xiàn,xian,4,ㄒㄧㄢ
客,客,客,kè,ke,4,ㄎㄜ
榱,榱,榱,cūi,cui,1,ㄘㄨㄟ
帏,幃,帏,wéi,wei,2,ㄨㄟ
忣,忣,忣,jí,ji,2,ㄐㄧ
焼,焼,焼,shāo,shao,1,ㄕㄠ
瞃,瞃,瞃,wēn,wen,1,ㄨㄣ
鈠,鈠,鈠,yì,yi,4,ㄧ
䆎,䆎,䆎,䆎,䆎,,
鈮,鈮,铌,ní,ni,2,ㄋㄧ
媲,媲,媲,pì,pi,4,ㄆㄧ
缍,綞,缍,duǒ,duo,3,ㄉㄨㄛ
擂,擂,擂,léi,lei,2,ㄌㄟ
卉,卉,卉,hùi,hui,4,ㄏㄨㄟ
熜,熜,熜,zǒng,zong,3,ㄗㄨㄥ
乾,乾,干,gān,gan,1,ㄍㄢ
銣,銣,铷,rú,ru,2,ㄖㄨ
償,償,偿,cháng,chang,2,ㄔㄤ
䚲,䚲,䚲,shàn,shan,4,ㄕㄢ
顭,顭,顭,hōng,hong,1,ㄏㄨㄥ
釦,釦,釦,kòu,kou,4,ㄎㄡ
䫸,䫸,䫸,náo,nao,2,ㄋㄠ
槪,槪,槪,gài,gai,4,ㄍㄞ
擀,擀,擀,gǎn,gan,3,ㄍㄢ
瞷,瞷,瞷,xián,xian,2,ㄒㄧㄢ
罁,罁,罁,gāng,gang,1,ㄍㄤ
嶱,嶱,嶱,kě,ke,3,ㄎㄜ
铂,鉑,铂,bó,bo,2,ㄅㄛ
禟,禟,禟,táng,tang,2,ㄊㄤ
浅,淺,浅,qiǎn,qian,3,ㄑㄧㄢ
堉,堉,堉,yù,yu,4,ㄩ
㢎,㢎,㢎,chà,cha,4,ㄔㄚ
㢼,㢼,㢼,biè,bie,4,ㄅㄧㄝ
櫠,櫠,櫠,fèi,fei,4,ㄈㄟ
㐗,㐗,㐗,㐗,㐗,,
掰,掰,掰,bāi,bai,1,ㄅㄞ
嬪,嬪,嫔,pín,pin,2,ㄆㄧㄣ
綏,綏,绥,sūi,sui,1,ㄙㄨㄟ
䧍,䧍,䧍,xì,xi,4,ㄒㄧ
鍤,鍤,锸,chá,cha,2,ㄔㄚ
縌,縌,縌,nì,ni,4,ㄋㄧ
箻,箻,箻,lv̀,lu,4,ㄌㄨ
劾,劾,劾,hé,he,2,ㄏㄜ
矻,矻,矻,kù,ku,4,ㄎㄨ
卆,卆,卆,zú,zu,2,ㄗㄨ
蓧,蓧,莜,diào,diao,4,ㄉㄧㄠ
岢,岢,岢,kě,ke,3,ㄎㄜ
釴,釴,釴,yì,yi,4,ㄧ
㼙,㼙,㼙,zhòu,zhou,4,ㄓㄡ
顣,顣,顣,qī,qi,1,ㄑㄧ
拜,拜,拜,bài,bai,4,ㄅㄞ
䒁,䒁,䒁,jì,ji,4,ㄐㄧ
渷,渷,渷,yǎn,yan,3,ㄧㄢ
经,經,经,jīng,jing,1,ㄐㄧㄥ
庞,龐,庞,páng,pang,2,ㄆㄤ
㞛,㞛,㞛,jǐ,ji,3,ㄐㄧ
攨,攨,攨,wā,wa,1,ㄨㄚ
婥,婥,婥,chuò,chuo,4,ㄔㄨㄛ
㥛,㥛,㥛,jí,ji,2,ㄐㄧ
㦔,㦔,㦔,yàn,yan,4,ㄧㄢ
耫,耫,耫,zé,ze,2,ㄗㄜ
醩,醩,醩,záo,zao,2,ㄗㄠ
覡,覡,觋,xí,xi,2,ㄒㄧ
隹,隹,隹,zhūi,zhui,1,ㄓㄨㄟ
鞏,鞏,巩,gǒng,gong,3,ㄍㄨㄥ
滬,滬,沪,hù,hu,4,ㄏㄨ
鼕,鼕,冬,dōng,dong,1,ㄉㄨㄥ
瞁,瞁,瞁,xù,xu,4,ㄒㄩ
樇,樇,樇,xīu,xiu,1,ㄒㄧㄡ
㱹,㱹,㱹,lì,li,4,ㄌㄧ
矘,矘,矘,tǎng,tang,3,ㄊㄤ
㭰,㭰,㭰,jì,ji,4,ㄐㄧ
駚,駚,駚,yǎng,yang,3,ㄧㄤ
㪿,㪿,㪿,zhé,zhe,2,ㄓㄜ
釾,釾,䥺,yé,ye,2,ㄧㄝ
甁,甁,甁,píng,ping,2,ㄆㄧㄥ
瀛,瀛,瀛,yíng,ying,2,ㄧㄥ
䣏,䣏,䣏,䣏,䣏,,
䠂,䠂,䠂,chú,chu,2,ㄔㄨ
媴,媴,媴,yuán,yuan,2,ㄩㄢ
簰,簰,簰,pái,pai,2,ㄆㄞ
岑,岑,岑,cén,cen,2,ㄘㄣ
帰,帰,帰,gūi,gui,1,ㄍㄨㄟ
耏,耏,耏,ér,er,2,ㄦ
肗,肗,肗,rǔ,ru,3,ㄖㄨ
䎀,䎀,䎀,xuè,xue,4,ㄒㄩㄝ
銅,銅,铜,tóng,tong,2,ㄊㄨㄥ
韇,韇,韇,dú,du,2,ㄉㄨ
禛,禛,禛,zhēn,zhen,1,ㄓㄣ
㨇,㨇,㨇,pó,po,2,ㄆㄛ
䌎,䌎,䌎,lvè,lue,4,
淿,淿,淿,mì,mi,4,ㄇㄧ
䁹,䁹,䁹,bì,bi,4,ㄅㄧ
㧏,掆,㧏,㧏,㧏,,
戙,戙,戙,dòng,dong,4,ㄉㄨㄥ
雙,雙,双,shuāng,shuang,1,ㄕㄨㄤ
㐾,㐾,㐾,㐾,㐾,,
尊,尊,尊,zūn,zun,1,ㄗㄨㄣ
攪,攪,搅,jiǎo,jiao,3,ㄐㄧㄠ
鱮,鱮,鱮,xù,xu,4,ㄒㄩ
殂,殂,殂,cú,cu,2,ㄘㄨ
琮,琮,琮,cóng,cong,2,ㄘㄨㄥ
蓫,蓫,蓫,zhú,zhu,2,ㄓㄨ
橔,橔,橔,túi,tui,2,ㄊㄨㄟ
腹,腹,腹,fù,fu,4,ㄈㄨ
䱩,䱩,䱩,䱩,䱩,,
㚝,㚝,㚝,kúi,kui,2,ㄎㄨㄟ
䒫,䒫,䒫,dài,dai,4,ㄉㄞ
㒂,㒂,㒂,kù,ku,4,ㄎㄨ
毘,毘,毘,pí,pi,2,ㄆㄧ
㮸,㮸,㮸,sòng,song,4,ㄙㄨㄥ
灟,灟,灟,zhú,zhu,2,ㄓㄨ
㜠,㜠,㜠,㜠,㜠,,
㨼,㨼,㨼,lvè,lue,4,
㫟,㫟,㫟,yán,yan,2,ㄧㄢ
釮,釮,釮,qí,qi,2,ㄑㄧ
裃,裃,裃,裃,裃,,
獒,獒,獒,áo,ao,2,ㄠ
㪩,㪩,㪩,sù,su,4,ㄙㄨ
壅,壅,壅,yōng,yong,1,ㄩㄥ
㴁,㴁,㴁,yì,yi,4,ㄧ
楌,楌,楌,yán,yan,2,ㄧㄢ
灵,靈,灵,líng,ling,2,ㄌㄧㄥ
梐,梐,梐,bì,bi,4,ㄅㄧ
閐,閐,閐,sàn,san,4,ㄙㄢ
葫,葫,葫,hú,hu,2,ㄏㄨ
椻,椻,椻,yàn,yan,4,ㄧㄢ
鸽,鴿,鸽,gē,ge,1,ㄍㄜ
嗒,嗒,嗒,tà,ta,4,ㄊㄚ
䔀,䔀,䔀,䔀,䔀,,
㭪,㭪,㭪,㭪,㭪,,
姆,姆,姆,mǔ,mu,3,ㄇㄨ
繝,繝,繝,jiàn,jian,4,ㄐㄧㄢ
䖉,䖉,䖉,䖉,䖉,,
鐬,鐬,鐬,hùi,hui,4,ㄏㄨㄟ
矚,矚,瞩,zhǔ,zhu,3,ㄓㄨ
薹,薹,薹,tái,tai,2,ㄊㄞ
甗,甗,甗,yǎn,yan,3,ㄧㄢ
葱,蔥,葱,cōng,cong,1,ㄘㄨㄥ
唄,唄,呗,bài,bai,4,ㄅㄞ
瘇,瘇,瘇,zhǒng,zhong,3,ㄓㄨㄥ
㭨,㭨,㭨,xié,xie,2,ㄒㄧㄝ
爈,爈,爈,lv́,lu,2,ㄌㄨ
蜆,蜆,蚬,xiàn,xian,4,ㄒㄧㄢ
璾,璾,璾,jì,ji,4,ㄐㄧ
嘛,嘛,嘛,ma,ma,5,ㄇㄚ
育,育,育,yù,yu,4,ㄩ
汎,汎,汎,fàn,fan,4,ㄈㄢ
㸈,㸈,㸈,㸈,㸈,,
崑,崑,崑,kūn,kun,1,ㄎㄨㄣ
嶫,嶫,嶫,yè,ye,4,ㄧㄝ
騖,騖,骛,wù,wu,4,ㄨ
弭,弭,弭,mǐ,mi,3,ㄇㄧ
妯,妯,妯,zhóu,zhou,2,ㄓㄡ
褑,褑,褑,yuàn,yuan,4,ㄩㄢ
鋚,鋚,鋚,tiáo,tiao,2,ㄊㄧㄠ
匽,匽,匽,yǎn,yan,3,ㄧㄢ
荊,荊,荆,jīng,jing,1,ㄐㄧㄥ
浌,浌,浌,浌,浌,,
䳝,䳝,䳝,bù,bu,4,ㄅㄨ
芊,芊,芊,qiān,qian,1,ㄑㄧㄢ
啶,啶,啶,dìng,ding,4,ㄉㄧㄥ
鄌,鄌,鄌,táng,tang,2,ㄊㄤ
巆,巆,巆,yíng,ying,2,ㄧㄥ
䈤,䈤,䈤,qián,qian,2,ㄑㄧㄢ
溔,溔,溔,yǎo,yao,3,ㄧㄠ
瀔,瀔,瀔,gǔ,gu,3,ㄍㄨ
䘻,䘻,䘻,sù,su,4,ㄙㄨ
帀,帀,帀,zā,za,1,ㄗㄚ
䅌,䅌,䅌,䅌,䅌,,
欼,欼,欼,chǐ,chi,3,ㄔ
缐,缐,缐,xiàn,xian,4,ㄒㄧㄢ
钕,釹,钕,nǔ,nu,3,ㄋㄨ
课,課,课,kè,ke,4,ㄎㄜ
髆,髆,髆,bó,bo,2,ㄅㄛ
奟,奟,奟,kēng,keng,1,ㄎㄥ
㷍,㷍,㷍,lún,lun,2,ㄌㄨㄣ
嫟,嫟,嫟,nì,ni,4,ㄋㄧ
槖,槖,槖,tuò,tuo,4,ㄊㄨㄛ
餓,餓,饿,è,e,4,ㄜ
妾,妾,妾,qiè,qie,4,ㄑㄧㄝ
塅,塅,塅,duàn,duan,4,ㄉㄨㄢ
鋴,鋴,鋴,鋴,鋴,,
樄,樄,樄,chén,chen,2,ㄔㄣ
碬,碬,碬,xiá,xia,2,ㄒㄧㄚ
俆,俆,俆,xú,xu,2,ㄒㄩ
驟,驟,骤,zòu,zou,4,ㄗㄡ
㳄,㳄,㳄,xián,xian,2,ㄒㄧㄢ
䠀,䠀,䠀,chǎng,chang,3,ㄔㄤ
㳎,㳎,㳎,biàn,bian,4,ㄅㄧㄢ
鿈,鿈,鿈,鿈,鿈,,
偸,偸,偸,tōu,tou,1,ㄊㄡ
燡,燡,燡,yì,yi,4,ㄧ
躽,躽,躽,yǎn,yan,3,ㄧㄢ
愜,愜,惬,qiè,qie,4,ㄑㄧㄝ
殒,殞,殒,yǔn,yun,3,ㄩㄣ
欦,欦,欦,qiān,qian,1,ㄑㄧㄢ
丰,豐,丰,fēng,feng,1,ㄈㄥ
骇,駭,骇,hài,hai,4,ㄏㄞ
㣩,㣩,㣩,㣩,㣩,,
烷,烷,烷,wán,wan,2,ㄨㄢ
壇,壇,坛,tán,tan,2,ㄊㄢ
櫘,櫘,櫘,hùi,hui,4,ㄏㄨㄟ
蛆,蛆,蛆,qū,qu,1,ㄑㄩ
獧,獧,獧,juàn,juan,4,ㄐㄩㄢ
䂶,䂶,䂶,jié,jie,2,ㄐㄧㄝ
唟,唟,唟,唟,唟,,
欎,欎,欎,yù,yu,4,ㄩ
恚,恚,恚,hùi,hui,4,ㄏㄨㄟ
嶑,嶑,嶑,xiǎng,xiang,3,ㄒㄧㄤ
繡,繡,绣,xìu,xiu,4,ㄒㄧㄡ
鑲,鑲,镶,xiāng,xiang,1,ㄒㄧㄤ
阈,閾,阈,yù,yu,4,ㄩ
䗏,䗏,䗏,䗏,䗏,,
涖,涖,涖,lì,li,4,ㄌㄧ
麮,麮,麮,qù,qu,4,ㄑㄩ
箵,箵,箵,shěng,sheng,3,ㄕㄥ
訔,訔,訔,yín,yin,2,ㄧㄣ
㷪,㷪,㷪,cùi,cui,4,ㄘㄨㄟ
習,習,习,xí,xi,2,ㄒㄧ
糢,糢,糢,mó,mo,2,ㄇㄛ
摾,摾,摾,jiàng,jiang,4,ㄐㄧㄤ
紈,紈,纨,wán,wan,2,ㄨㄢ
凷,凷,凷,kuài,kuai,4,ㄎㄨㄞ
语,語,语,yǔ,yu,3,ㄩ
挼,挼,挼,nuò,nuo,4,ㄋㄨㄛ
䞻,䞻,䞻,yǒng,yong,3,ㄩㄥ
捀,捀,捀,fēng,feng,1,ㄈㄥ
霏,霏,霏,fēi,fei,1,ㄈㄟ
鈡,鈡,鈡,zhōng,zhong,1,ㄓㄨㄥ
㰐,㰐,㰐,jué,jue,2,ㄐㄩㄝ
苺,苺,苺,méi,mei,2,ㄇㄟ
䌔,䌔,䌔,òu,ou,4,ㄡ
䬕,䬕,䬕,shǎng,shang,3,ㄕㄤ
煬,煬,炀,yáng,yang,2,ㄧㄤ
疽,疽,疽,jū,ju,1,ㄐㄩ
缕,縷,缕,lǔ,lu,3,ㄌㄨ
䐣,䐣,䐣,cuò,cuo,4,ㄘㄨㄛ
紇,紇,纥,hé,he,2,ㄏㄜ
襦,襦,襦,rú,ru,2,ㄖㄨ
靁,靁,靁,léi,lei,2,ㄌㄟ
䝋,䝋,䝋,zòng,zong,4,ㄗㄨㄥ
顇,顇,顇,cùi,cui,4,ㄘㄨㄟ
鐹,鐹,鐹,guǒ,guo,3,ㄍㄨㄛ
㩴,㩴,㩴,jú,ju,2,ㄐㄩ
㯆,㯆,㯆,chǎn,chan,3,ㄔㄢ
伡,伡,伡,chē,che,1,ㄔㄜ
䥊,䥊,䥊,䥊,䥊,,
夋,夋,夋,qūn,qun,1,ㄑㄩㄣ
橇,橇,橇,qiāo,qiao,1,ㄑㄧㄠ
滇,滇,滇,diān,dian,1,ㄉㄧㄢ
挿,挿,挿,chā,cha,1,ㄔㄚ
鑡,鑡,鑡,chuò,chuo,4,ㄔㄨㄛ
棽,棽,棽,chēn,chen,1,ㄔㄣ
谚,諺,谚,yàn,yan,4,ㄧㄢ
鄈,鄈,鄈,kúi,kui,2,ㄎㄨㄟ
槾,槾,槾,mán,man,2,ㄇㄢ
笐,笐,笐,gāng,gang,1,ㄍㄤ
㩏,㩏,㩏,㩏,㩏,,
䶻,䶻,䶻,䶻,䶻,,
富,富,富,fù,fu,4,ㄈㄨ
琝,琝,琝,wén,wen,2,ㄨㄣ
盅,盅,盅,zhōng,zhong,1,ㄓㄨㄥ
叵,叵,叵,pǒ,po,3,ㄆㄛ
曒,曒,曒,jiǎo,jiao,3,ㄐㄧㄠ
铖,铖,铖,chéng,cheng,2,ㄔㄥ
瀲,瀲,潋,liàn,lian,4,ㄌㄧㄢ
呂,呂,吕,lǔ,lu,3,ㄌㄨ
鰫,鰫,鰫,róng,rong,2,ㄖㄨㄥ
恻,惻,恻,cè,ce,4,ㄘㄜ
墶,墶,垯,dā,da,1,ㄉㄚ
澤,澤,泽,zé,ze,2,ㄗㄜ
鳈,鰁,鳈,quán,quan,2,ㄑㄩㄢ
肇,肇,肇,zhào,zhao,4,ㄓㄠ
㵊,㵊,㵊,shěn,shen,3,ㄕㄣ
䇬,䇬,䇬,chuǎng,chuang,3,ㄔㄨㄤ
箞,箞,箞,quān,quan,1,ㄑㄩㄢ
㛶,㛶,㛶,chóu,chou,2,ㄔㄡ
䗑,䗑,䗑,yì,yi,4,ㄧ
么,麼,么,yāo,yao,1,ㄧㄠ
旰,旰,旰,gàn,gan,4,ㄍㄢ
挮,挮,挮,tǐ,ti,3,ㄊㄧ
㿒,㿒,㿒,dǎo,dao,3,ㄉㄠ
晡,晡,晡,bū,bu,1,ㄅㄨ
锳,鍈,锳,yīng,ying,1,ㄧㄥ
㥒,㥒,㥒,cǎi,cai,3,ㄘㄞ
鯊,鯊,鲨,shā,sha,1,ㄕㄚ
䊀,䊀,䊀,hú,hu,2,ㄏㄨ
渝,渝,渝,yú,yu,2,ㄩ
躙,躙,躙,lìn,lin,4,ㄌㄧㄣ
䋂,䋂,䋂,yáo,yao,2,ㄧㄠ
凸,凸,凸,tū,tu,1,ㄊㄨ
蹑,躡,蹑,niè,nie,4,ㄋㄧㄝ
僀,僀,僀,dì,di,4,ㄉㄧ
嫩,嫩,嫩,nèn,nen,4,ㄋㄣ
綿,綿,绵,mián,mian,2,ㄇㄧㄢ
婄,婄,婄,pǒu,pou,3,ㄆㄡ
愭,愭,愭,qí,qi,2,ㄑㄧ
碲,碲,碲,dì,di,4,ㄉㄧ
揯,揯,揯,gēng,geng,1,ㄍㄥ
爸,爸,爸,bà,ba,4,ㄅㄚ
䭱,䭱,䭱,bié,bie,2,ㄅㄧㄝ
趙,趙,赵,zhào,zhao,4,ㄓㄠ
懓,懓,懓,ài,ai,4,ㄞ
喉,喉,喉,hóu,hou,2,ㄏㄡ
䖪,䖪,䖪,cí,ci,2,ㄘ
䫛,䫛,䫛,hóu,hou,2,ㄏㄡ
釖,釖,釖,dāo,dao,1,ㄉㄠ
摐,摐,摐,chuāng,chuang,1,ㄔㄨㄤ
䚧,䚧,䚧,líu,liu,2,ㄌㄧㄡ
弍,弍,弍,èr,er,4,ㄦ
顥,顥,颢,hào,hao,4,ㄏㄠ
煠,煠,煠,yè,ye,4,ㄧㄝ
㨵,㨵,㨵,jiǎn,jian,3,ㄐㄧㄢ
䍯,䍯,䍯,gǔi,gui,3,ㄍㄨㄟ
銌,銌,銌,zùn,zun,4,ㄗㄨㄣ
濸,濸,濸,濸,濸,,
㢐,㢐,㢐,㢐,㢐,,
潡,潡,潡,dùn,dun,4,ㄉㄨㄣ
浃,浹,浃,jiá,jia,2,ㄐㄧㄚ
吽,吽,吽,ōu,ou,1,ㄡ
㙒,㙒,㙒,yě,ye,3,ㄧㄝ
㾛,㾛,㾛,qǐn,qin,3,ㄑㄧㄣ
鶴,鶴,鹤,hè,he,4,ㄏㄜ
綑,綑,綑,kǔn,kun,3,ㄎㄨㄣ
髎,髎,髎,liáo,liao,2,ㄌㄧㄠ
䝔,䝔,䝔,䝔,䝔,,
䁈,䁈,䁈,qì,qi,4,ㄑㄧ
喿,喿,喿,sào,sao,4,ㄙㄠ
侮,侮,侮,wǔ,wu,3,ㄨ
瑶,瑤,瑶,yáo,yao,2,ㄧㄠ
孆,孆,孆,yīng,ying,1,ㄧㄥ
㣵,㣵,㣵,tà,ta,4,ㄊㄚ
瞻,瞻,瞻,zhān,zhan,1,ㄓㄢ
詾,詾,詾,xiōng,xiong,1,ㄒㄩㄥ
陰,陰,阴,yīn,yin,1,ㄧㄣ
铋,鉍,铋,bì,bi,4,ㄅㄧ
谣,謠,谣,yáo,yao,2,ㄧㄠ
䕇,䕇,䕇,hùi,hui,4,ㄏㄨㄟ
眒,眒,眒,shèn,shen,4,ㄕㄣ
䴚,䴚,䴚,gǎng,gang,3,ㄍㄤ
貉,貉,貉,hé,he,2,ㄏㄜ
豕,豕,豕,shǐ,shi,3,ㄕ
磤,磤,磤,yǐn,yin,3,ㄧㄣ
鄘,鄘,鄘,yōng,yong,1,ㄩㄥ
垥,垥,垥,xié,xie,2,ㄒㄧㄝ
侅,侅,侅,gāi,gai,1,ㄍㄞ
抹,抹,抹,mǒ,mo,3,ㄇㄛ
鮕,鮕,鮕,gū,gu,1,ㄍㄨ
舊,舊,旧,jìu,jiu,4,ㄐㄧㄡ
赝,贋,赝,yàn,yan,4,ㄧㄢ
萒,萒,萒,yǎn,yan,3,ㄧㄢ
閾,閾,阈,yù,yu,4,ㄩ
䦲,䦲,䦲,qiàn,qian,4,ㄑㄧㄢ
赜,賾,赜,zé,ze,2,ㄗㄜ
䐜,䐜,䐜,䐜,䐜,,
铯,銫,铯,sè,se,4,ㄙㄜ
腶,腶,腶,duàn,duan,4,ㄉㄨㄢ
妊,妊,妊,rèn,ren,4,ㄖㄣ
嗥,嗥,嗥,háo,hao,2,ㄏㄠ
諎,諎,諎,zé,ze,2,ㄗㄜ
锁,鎖,锁,suǒ,suo,3,ㄙㄨㄛ
捒,捒,捒,sǒng,song,3,ㄙㄨㄥ
墙,牆,墙,qiáng,qiang,2,ㄑㄧㄤ
滅,滅,灭,miè,mie,4,ㄇㄧㄝ
㷞,㷞,㷞,㷞,㷞,,
涌,湧,涌,yǒng,yong,3,ㄩㄥ
尹,尹,尹,yǐn,yin,3,ㄧㄣ
樲,樲,樲,èr,er,4,ㄦ
㢮,㢮,㢮,chí,chi,2,ㄔ
嫆,嫆,嫆,yóng,yong,2,ㄩㄥ
妙,妙,妙,miào,miao,4,ㄇㄧㄠ
闢,闢,辟,pì,pi,4,ㄆㄧ
詤,詤,詤,huǎng,huang,3,ㄏㄨㄤ
䟯,䟯,䟯,kuò,kuo,4,ㄎㄨㄛ
庐,廬,庐,lú,lu,2,ㄌㄨ
矯,矯,矫,jiǎo,jiao,3,ㄐㄧㄠ
獸,獸,兽,shòu,shou,4,ㄕㄡ
㟰,㟰,㟰,mǐng,ming,3,ㄇㄧㄥ
諻,諻,諻,hēng,heng,1,ㄏㄥ
㥹,㥹,㥹,fěn,fen,3,ㄈㄣ
㭞,㭞,㭞,liè,lie,4,ㄌㄧㄝ
㶘,㶘,㶘,diàn,dian,4,ㄉㄧㄢ
耬,耬,耧,lóu,lou,2,ㄌㄡ
䅛,䅛,䅛,䅛,䅛,,
慶,慶,庆,qìng,qing,4,ㄑㄧㄥ
㞫,㞫,㞫,jù,ju,4,ㄐㄩ
䆱,䆱,䆱,tǎn,tan,3,ㄊㄢ
燏,燏,燏,yù,yu,4,ㄩ
㚁,㚁,㚁,qiáo,qiao,2,ㄑㄧㄠ
岞,岞,岞,zuò,zuo,4,ㄗㄨㄛ
揿,撳,揿,qìn,qin,4,ㄑㄧㄣ
䥏,䥏,䥏,yǔ,yu,3,ㄩ
薒,薒,薒,càn,can,4,ㄘㄢ
謻,謻,謻,yí,yi,2,ㄧ
肠,腸,肠,cháng,chang,2,ㄔㄤ
散,散,散,sàn,san,4,ㄙㄢ
猯,猯,猯,tuān,tuan,1,ㄊㄨㄢ
軜,軜,軜,nà,na,4,ㄋㄚ
末,末,末,mò,mo,4,ㄇㄛ
㗢,㗢,㗢,dòng,dong,4,ㄉㄨㄥ
枘,枘,枘,rùi,rui,4,ㄖㄨㄟ
蘫,蘫,蘫,lán,lan,2,ㄌㄢ
鎼,鎼,鎼,鎼,鎼,,
䵰,䵰,䵰,䵰,䵰,,
胱,胱,胱,guāng,guang,1,ㄍㄨㄤ
鎧,鎧,铠,kǎi,kai,3,ㄎㄞ
峜,峜,峜,jī,ji,1,ㄐㄧ
缉,緝,缉,qì,qi,4,ㄑㄧ
螒,螒,螒,hàn,han,4,ㄏㄢ
杺,杺,杺,xīn,xin,1,ㄒㄧㄣ
蘮,蘮,蘮,jì,ji,4,ㄐㄧ
畕,畕,畕,jiāng,jiang,1,ㄐㄧㄤ
䍕,䍕,䍕,dǐ,di,3,ㄉㄧ
仝,仝,仝,tóng,tong,2,ㄊㄨㄥ
䳞,䳞,䳞,běng,beng,3,ㄅㄥ
㻏,㻏,㻏,líng,ling,2,ㄌㄧㄥ
嵇,嵇,嵇,jī,ji,1,ㄐㄧ
蝇,蠅,蝇,yíng,ying,2,ㄧㄥ
䊤,䊤,䊤,tán,tan,2,ㄊㄢ
衆,衆,衆,zhòng,zhong,4,ㄓㄨㄥ
䙉,䙉,䙉,xún,xun,2,ㄒㄩㄣ
鐶,鐶,镮,huán,huan,2,ㄏㄨㄢ
藥,藥,药,yào,yao,4,ㄧㄠ
蚸,蚸,蚸,lì,li,4,ㄌㄧ
㤢,㤢,㤢,xù,xu,4,ㄒㄩ
諝,諝,谞,xǔ,xu,3,ㄒㄩ
䠶,䠶,䠶,shè,she,4,ㄕㄜ
䠃,䠃,䠃,liǎng,liang,3,ㄌㄧㄤ
毌,毌,毌,guàn,guan,4,ㄍㄨㄢ
偊,偊,偊,yǔ,yu,3,ㄩ
添,添,添,tiān,tian,1,ㄊㄧㄢ
輸,輸,输,shū,shu,1,ㄕㄨ
階,階,阶,jiē,jie,1,ㄐㄧㄝ
䍘,䍘,䍘,mí,mi,2,ㄇㄧ
皨,皨,皨,xīng,xing,1,ㄒㄧㄥ
㯹,㯹,㯹,biǎo,biao,3,ㄅㄧㄠ
译,譯,译,yì,yi,4,ㄧ
成,成,成,chéng,cheng,2,ㄔㄥ
䅧,䅧,䅧,yàn,yan,4,ㄧㄢ
㶞,㶞,㶞,nǎng,nang,3,ㄋㄤ
們,們,们,men,men,5,ㄇㄣ
冉,冉,冉,rǎn,ran,3,ㄖㄢ
慓,慓,慓,piào,piao,4,ㄆㄧㄠ
鿇,鿇,鿇,鿇,鿇,,
䔢,䔢,䔢,huá,hua,2,ㄏㄨㄚ
轾,輊,轾,zhì,zhi,4,ㄓ
縊,縊,缢,yì,yi,4,ㄧ
䄼,䄼,䄼,tiǎn,tian,3,ㄊㄧㄢ
㫃,㫃,㫃,yǎn,yan,3,ㄧㄢ
扳,扳,扳,bān,ban,1,ㄅㄢ
屁,屁,屁,pì,pi,4,ㄆㄧ
莍,莍,莍,qíu,qiu,2,ㄑㄧㄡ
錷,錷,錷,gá,ga,2,ㄍㄚ
酂,酂,酂,zàn,zan,4,ㄗㄢ
猶,猶,犹,yóu,you,2,ㄧㄡ
㭁,㭁,㭁,réng,reng,2,ㄖㄥ
槊,槊,槊,shuò,shuo,4,ㄕㄨㄛ
簢,簢,簢,mǐn,min,3,ㄇㄧㄣ
争,爭,争,zhēng,zheng,1,ㄓㄥ
兤,兤,兤,huáng,huang,2,ㄏㄨㄤ
誏,誏,誏,lǎng,lang,3,ㄌㄤ
凐,凐,凐,yīn,yin,1,ㄧㄣ
髼,髼,髼,péng,peng,2,ㄆㄥ
圮,圮,圮,pǐ,pi,3,ㄆㄧ
婴,嬰,婴,yīng,ying,1,ㄧㄥ
掬,掬,掬,jú,ju,2,ㄐㄩ
䆉,䆉,䆉,bà,ba,4,ㄅㄚ
鏩,鏩,鏩,jiàn,jian,4,ㄐㄧㄢ
㔦,㔦,㔦,yǎng,yang,3,ㄧㄤ
颤,顫,颤,zhàn,zhan,4,ㄓㄢ
箊,箊,箊,yū,yu,1,ㄩ
茆,茆,茆,mǎo,mao,3,ㄇㄠ
縇,縇,縇,縇,縇,,
䞂,䞂,䞂,ruǎn,ruan,3,ㄖㄨㄢ
䞃,䞃,䞃,zhì,zhi,4,ㄓ
糮,糮,糮,xiàn,xian,4,ㄒㄧㄢ
沐,沐,沐,mù,mu,4,ㄇㄨ
鈁,鈁,钫,fāng,fang,1,ㄈㄤ
珨,珨,珨,xiá,xia,2,ㄒㄧㄚ
鶷,鶷,鶷,xià,xia,4,ㄒㄧㄚ
稌,稌,稌,tú,tu,2,ㄊㄨ
聄,聄,聄,zhěn,zhen,3,ㄓㄣ
㑲,㑲,㑲,㑲,㑲,,
䒻,䒻,䒻,qǐ,qi,3,ㄑㄧ
㰦,㰦,㰦,qù,qu,4,ㄑㄩ
简,簡,简,jiǎn,jian,3,ㄐㄧㄢ
钸,鈽,钸,bù,bu,4,ㄅㄨ
簡,簡,简,jiǎn,jian,3,ㄐㄧㄢ
鵞,鵞,鵞,é,e,2,ㄜ
蜦,蜦,蜦,lún,lun,2,ㄌㄨㄣ
噔,噔,噔,dēng,deng,1,ㄉㄥ
蚳,蚳,蚳,chí,chi,2,ㄔ
㟌,㟌,㟌,máng,mang,2,ㄇㄤ
䬴,䬴,䬴,mò,mo,4,ㄇㄛ
㻂,㻂,㻂,píng,ping,2,ㄆㄧㄥ
烪,烪,烪,烪,烪,,
飶,飶,飶,bì,bi,4,ㄅㄧ
葢,葢,葢,gài,gai,4,ㄍㄞ
佛,佛,佛,fó,fo,2,ㄈㄛ
昵,昵,昵,nì,ni,4,ㄋㄧ
訙,訙,訙,xùn,xun,4,ㄒㄩㄣ
䃼,䃼,䃼,䃼,䃼,,
聧,聧,聧,kúi,kui,2,ㄎㄨㄟ
扴,扴,扴,jiá,jia,2,ㄐㄧㄚ
箉,箉,箉,guǎi,guai,3,ㄍㄨㄞ
隴,隴,陇,lǒng,long,3,ㄌㄨㄥ
霎,霎,霎,shà,sha,4,ㄕㄚ
邩,邩,邩,huǒ,huo,3,ㄏㄨㄛ
牭,牭,牭,sì,si,4,ㄙ
撪,撪,撪,bèn,ben,4,ㄅㄣ
鱐,鱐,鱐,sù,su,4,ㄙㄨ
論,論,论,lùn,lun,4,ㄌㄨㄣ
變,變,变,biàn,bian,4,ㄅㄧㄢ
陌,陌,陌,mò,mo,4,ㄇㄛ
戨,戨,戨,gē,ge,1,ㄍㄜ
魂,魂,魂,hún,hun,2,ㄏㄨㄣ
㘙,㘙,㘙,yán,yan,2,ㄧㄢ
军,軍,军,jūn,jun,1,ㄐㄩㄣ
䨢,䨢,䨢,dàn,dan,4,ㄉㄢ
䤁,䤁,䤁,cén,cen,2,ㄘㄣ
䊪,䊪,䊪,lì,li,4,ㄌㄧ
豩,豩,豩,bīn,bin,1,ㄅㄧㄣ
祒,祒,祒,tiáo,tiao,2,ㄊㄧㄠ
扒,扒,扒,bā,ba,1,ㄅㄚ
鮙,鮙,鮙,tà,ta,4,ㄊㄚ
枒,枒,枒,yá,ya,2,ㄧㄚ
鉞,鉞,钺,yuè,yue,4,ㄩㄝ
䴖,鶄,䴖,jīng,jing,1,ㄐㄧㄥ
跩,跩,跩,zhuǎi,zhuai,3,ㄓㄨㄞ
臘,臘,腊,là,la,4,ㄌㄚ
踺,踺,踺,jiàn,jian,4,ㄐㄧㄢ
垱,壋,垱,dàng,dang,4,ㄉㄤ
丄,丄,丄,shàng,shang,4,ㄕㄤ
塇,塇,塇,xuān,xuan,1,ㄒㄩㄢ
綷,綷,綷,cùi,cui,4,ㄘㄨㄟ
㞻,㞻,㞻,hào,hao,4,ㄏㄠ
韑,韑,韑,wěi,wei,3,ㄨㄟ
阃,閫,阃,kǔn,kun,3,ㄎㄨㄣ
粚,粚,粚,lí,li,2,ㄌㄧ
鄍,鄍,鄍,míng,ming,2,ㄇㄧㄥ
䒽,䒽,䒽,méi,mei,2,ㄇㄟ
櫯,櫯,櫯,sū,su,1,ㄙㄨ
蹞,蹞,蹞,kǔi,kui,3,ㄎㄨㄟ
㪧,㪧,㪧,㪧,㪧,,
䙗,䙗,䙗,tì,ti,4,ㄊㄧ
䓻,䓻,䓻,䓻,䓻,,
鵌,鵌,鵌,yú,yu,2,ㄩ
曬,曬,晒,shài,shai,4,ㄕㄞ
頏,頏,颃,háng,hang,2,ㄏㄤ
椌,椌,椌,qiāng,qiang,1,ㄑㄧㄤ
哱,哱,哱,bō,bo,1,ㄅㄛ
鍣,鍣,鍣,zhāo,zhao,1,ㄓㄠ
鐈,鐈,鐈,qiáo,qiao,2,ㄑㄧㄠ
兡,兡,兡,兡,兡,,
宦,宦,宦,huàn,huan,4,ㄏㄨㄢ
䌻,䌻,䌻,yì,yi,4,ㄧ
诓,誆,诓,kuāng,kuang,1,ㄎㄨㄤ
嘜,嘜,唛,mà,ma,4,ㄇㄚ
䇷,䇷,䇷,bǐ,bi,3,ㄅㄧ
殓,殮,殓,liàn,lian,4,ㄌㄧㄢ
螖,螖,螖,huá,hua,2,ㄏㄨㄚ
锥,錐,锥,zhūi,zhui,1,ㄓㄨㄟ
蠌,蠌,蠌,zé,ze,2,ㄗㄜ
袻,袻,袻,ér,er,2,ㄦ
笸,笸,笸,pǒ,po,3,ㄆㄛ
蹇,蹇,蹇,jiǎn,jian,3,ㄐㄧㄢ
扉,扉,扉,fēi,fei,1,ㄈㄟ
守,守,守,shǒu,shou,3,ㄕㄡ
嚎,嚎,嚎,háo,hao,2,ㄏㄠ
浣,浣,浣,wǎn,wan,3,ㄨㄢ
䲒,䲒,䲒,xiè,xie,4,ㄒㄧㄝ
䔘,䔘,䔘,zuò,zuo,4,ㄗㄨㄛ
褾,褾,褾,biǎo,biao,3,ㄅㄧㄠ
衖,衖,衖,lòng,long,4,ㄌㄨㄥ
驪,驪,骊,lí,li,2,ㄌㄧ
勳,勳,勋,xūn,xun,1,ㄒㄩㄣ
㡔,㡔,㡔,wù,wu,4,ㄨ
鋝,鋝,锊,lvè,lue,4,
刽,劊,刽,gùi,gui,4,ㄍㄨㄟ
䥘,䥘,䥘,cù,cu,4,ㄘㄨ
迾,迾,迾,liè,lie,4,ㄌㄧㄝ
䬯,䬯,䬯,nián,nian,2,ㄋㄧㄢ
陊,陊,陊,duò,duo,4,ㄉㄨㄛ
䛆,䛆,䛆,zhòu,zhou,4,ㄓㄡ
鹘,鶻,鹘,gú,gu,2,ㄍㄨ
帵,帵,帵,wān,wan,1,ㄨㄢ
䟴,䟴,䟴,zhèn,zhen,4,ㄓㄣ
瞧,瞧,瞧,qiáo,qiao,2,ㄑㄧㄠ
锶,鍶,锶,sōng,song,1,ㄙㄨㄥ
鷝,鷝,鷝,bì,bi,4,ㄅㄧ
㓾,㓾,㓾,chí,chi,2,ㄔ
驙,驙,驙,zhān,zhan,1,ㄓㄢ
勊,勊,勊,kè,ke,4,ㄎㄜ
涛,濤,涛,tāo,tao,1,ㄊㄠ
䪉,䪉,䪉,là,la,4,ㄌㄚ
埂,埂,埂,gěng,geng,3,ㄍㄥ
檲,檲,檲,檲,檲,,
哣,哣,哣,pǒu,pou,3,ㄆㄡ
阁,閣,阁,gé,ge,2,ㄍㄜ
㽭,㽭,㽭,ruǎn,ruan,3,ㄖㄨㄢ
蘝,蘝,蘝,liàn,lian,4,ㄌㄧㄢ
䅽,䅽,䅽,gǔ,gu,3,ㄍㄨ
樴,樴,樴,zhí,zhi,2,ㄓ
瀮,瀮,瀮,瀮,瀮,,
䙁,䙁,䙁,cán,can,2,ㄘㄢ
䶎,䶎,䶎,shà,sha,4,ㄕㄚ
㩊,㩊,㩊,㩊,㩊,,
肊,肊,肊,yì,yi,4,ㄧ
㜾,㜾,㜾,hái,hai,2,ㄏㄞ
頑,頑,顽,wán,wan,2,ㄨㄢ
齵,齵,齵,óu,ou,2,ㄡ
熣,熣,熣,sūi,sui,1,ㄙㄨㄟ
頔,頔,頔,dí,di,2,ㄉㄧ
誧,誧,誧,pǔ,pu,3,ㄆㄨ
饊,饊,馓,sǎn,san,3,ㄙㄢ
昑,昑,昑,qǐn,qin,3,ㄑㄧㄣ
殣,殣,殣,jìn,jin,4,ㄐㄧㄣ
氟,氟,氟,fú,fu,2,ㄈㄨ
埦,埦,埦,wǎn,wan,3,ㄨㄢ
漀,漀,漀,qìng,qing,4,ㄑㄧㄥ
焕,煥,焕,huàn,huan,4,ㄏㄨㄢ
㹦,㹦,㹦,㹦,㹦,,
颒,頮,颒,hùi,hui,4,ㄏㄨㄟ
錂,錂,錂,líng,ling,2,ㄌㄧㄥ
兦,兦,兦,wáng,wang,2,ㄨㄤ
苢,苢,苢,yǐ,yi,3,ㄧ
㟘,㟘,㟘,tiáo,tiao,2,ㄊㄧㄠ
鏓,鏓,鏓,cōng,cong,1,ㄘㄨㄥ
穉,穉,穉,zhì,zhi,4,ㄓ
䀦,䀦,䀦,gǔ,gu,3,ㄍㄨ
定,定,定,dìng,ding,4,ㄉㄧㄥ
㗅,㗅,㗅,hú,hu,2,ㄏㄨ
丬,爿,丬,qiáng,qiang,2,ㄑㄧㄤ
鶠,鶠,鶠,yǎn,yan,3,ㄧㄢ
璇,璿,璇,xuán,xuan,2,ㄒㄩㄢ
膙,膙,膙,jiǎng,jiang,3,ㄐㄧㄤ
縢,縢,縢,téng,teng,2,ㄊㄥ
胯,胯,胯,kuà,kua,4,ㄎㄨㄚ
绺,綹,绺,lǐu,liu,3,ㄌㄧㄡ
鲲,鯤,鲲,kūn,kun,1,ㄎㄨㄣ
覛,覛,覛,mì,mi,4,ㄇㄧ
㸕,㸕,㸕,jué,jue,2,ㄐㄩㄝ
䒢,䒢,䒢,áng,ang,2,ㄤ
葛,葛,葛,gé,ge,2,ㄍㄜ
屢,屢,屡,lǔ,lu,3,ㄌㄨ
充,充,充,chōng,chong,1,ㄔㄨㄥ
椞,椞,椞,xì,xi,4,ㄒㄧ
槉,槉,槉,jí,ji,2,ㄐㄧ
潌,潌,潌,zhì,zhi,4,ㄓ
糹,糹,糹,sī,si,1,ㄙ
鏆,鏆,鏆,guàn,guan,4,ㄍㄨㄢ
萙,萙,萙,萙,萙,,
雪,雪,雪,xuě,xue,3,ㄒㄩㄝ
梔,梔,栀,zhī,zhi,1,ㄓ
撺,攛,撺,cuān,cuan,1,ㄘㄨㄢ
蛭,蛭,蛭,zhì,zhi,4,ㄓ
忺,忺,忺,xiān,xian,1,ㄒㄧㄢ
镎,鎿,镎,ná,na,2,ㄋㄚ
棧,棧,栈,zhàn,zhan,4,ㄓㄢ
癒,癒,癒,yù,yu,4,ㄩ
㟇,㟇,㟇,cuó,cuo,2,ㄘㄨㄛ
盡,盡,尽,jìn,jin,4,ㄐㄧㄣ
揥,揥,揥,tì,ti,4,ㄊㄧ
薶,薶,薶,mái,mai,2,ㄇㄞ
鱄,鱄,鱄,zhuān,zhuan,1,ㄓㄨㄢ
栳,栳,栳,lǎo,lao,3,ㄌㄠ
尐,尐,尐,jī,ji,1,ㄐㄧ
閈,閈,闬,hàn,han,4,ㄏㄢ
痯,痯,痯,guǎn,guan,3,ㄍㄨㄢ
㨚,㨚,㨚,xún,xun,2,ㄒㄩㄣ
䰁,䰁,䰁,fèi,fei,4,ㄈㄟ
棜,棜,棜,yù,yu,4,ㄩ
淇,淇,淇,qí,qi,2,ㄑㄧ
穙,穙,穙,pú,pu,2,ㄆㄨ
渨,渨,渨,wēi,wei,1,ㄨㄟ
矀,矀,矀,wéi,wei,2,ㄨㄟ
庱,庱,庱,chěng,cheng,3,ㄔㄥ
葿,葿,葿,méi,mei,2,ㄇㄟ
䋤,䋤,䋤,yào,yao,4,ㄧㄠ
斫,斫,斫,zhuó,zhuo,2,ㄓㄨㄛ
䐿,䐿,䐿,áo,ao,2,ㄠ
䥵,䥵,䥵,xiǎo,xiao,3,ㄒㄧㄠ
䉖,䉖,䉖,líng,ling,2,ㄌㄧㄥ
䅋,䅋,䅋,wǎn,wan,3,ㄨㄢ
㑒,㑒,㑒,㑒,㑒,,
㛺,㛺,㛺,㛺,㛺,,
裨,裨,裨,bì,bi,4,ㄅㄧ
睚,睚,睚,yái,yai,2,
䧒,䧒,䧒,lái,lai,2,ㄌㄞ
䃪,䃪,䃪,tán,tan,2,ㄊㄢ
峠,峠,峠,峠,峠,,
碉,碉,碉,diāo,diao,1,ㄉㄧㄠ
墨,墨,墨,mò,mo,4,ㄇㄛ
伏,伏,伏,fú,fu,2,ㄈㄨ
橥,櫫,橥,zhū,zhu,1,ㄓㄨ
俭,儉,俭,jiǎn,jian,3,ㄐㄧㄢ
蛧,蛧,蛧,wǎng,wang,3,ㄨㄤ
两,兩,两,liǎng,liang,3,ㄌㄧㄤ
笫,笫,笫,zǐ,zi,3,ㄗ
䵺,䵺,䵺,tǐng,ting,3,ㄊㄧㄥ
鷑,鷑,鷑,lì,li,4,ㄌㄧ
鈞,鈞,钧,jūn,jun,1,ㄐㄩㄣ
暀,暀,暀,wǎng,wang,3,ㄨㄤ
薾,薾,薾,ěr,er,3,ㄦ
殀,殀,殀,yǎo,yao,3,ㄧㄠ
軔,軔,轫,rèn,ren,4,ㄖㄣ
軹,軹,轵,zhǐ,zhi,3,ㄓ
蒟,蒟,蒟,jǔ,ju,3,ㄐㄩ
闚,闚,闚,kūi,kui,1,ㄎㄨㄟ
祎,禕,祎,yī,yi,1,ㄧ
簺,簺,簺,sài,sai,4,ㄙㄞ
缮,繕,缮,shàn,shan,4,ㄕㄢ
焫,焫,焫,ruò,ruo,4,ㄖㄨㄛ
磒,磒,磒,yǔn,yun,3,ㄩㄣ
䪄,䪄,䪄,huáng,huang,2,ㄏㄨㄤ
馯,馯,馯,hàn,han,4,ㄏㄢ
縗,縗,缞,cūi,cui,1,ㄘㄨㄟ
㜩,㜩,㜩,ào,ao,4,ㄠ
叮,叮,叮,dīng,ding,1,ㄉㄧㄥ
夰,夰,夰,gǎo,gao,3,ㄍㄠ
䩆,䩆,䩆,jiǎn,jian,3,ㄐㄧㄢ
䅿,䅿,䅿,huá,hua,2,ㄏㄨㄚ
䢻,䢻,䢻,chén,chen,2,ㄔㄣ
溉,溉,溉,gài,gai,4,ㄍㄞ
努,努,努,nǔ,nu,3,ㄋㄨ
祪,祪,祪,gǔi,gui,3,ㄍㄨㄟ
喖,喖,喖,hú,hu,2,ㄏㄨ
设,設,设,shè,she,4,ㄕㄜ
㰏,㰏,㰏,㰏,㰏,,
姣,姣,姣,jiāo,jiao,1,ㄐㄧㄠ
世,世,世,shì,shi,4,ㄕ
驿,驛,驿,yì,yi,4,ㄧ
燎,燎,燎,liǎo,liao,3,ㄌㄧㄠ
慖,慖,慖,guó,guo,2,ㄍㄨㄛ
歚,歚,歚,歚,歚,,
舔,舔,舔,tiǎn,tian,3,ㄊㄧㄢ
䡎,䡎,䡎,lú,lu,2,ㄌㄨ
楀,楀,楀,yǔ,yu,3,ㄩ
缆,纜,缆,làn,lan,4,ㄌㄢ
顁,顁,顁,dìng,ding,4,ㄉㄧㄥ
䑫,䑫,䑫,䑫,䑫,,
䭷,䭷,䭷,líu,liu,2,ㄌㄧㄡ
冭,冭,冭,tái,tai,2,ㄊㄞ
嚘,嚘,嚘,yōu,you,1,ㄧㄡ
珔,珔,珔,jiàn,jian,4,ㄐㄧㄢ
薺,薺,荠,cí,ci,2,ㄘ
㧌,㧌,㧌,mào,mao,4,ㄇㄠ
䒾,䒾,䒾,䒾,䒾,,
瀻,瀻,瀻,dài,dai,4,ㄉㄞ
䄷,䄷,䄷,dàn,dan,4,ㄉㄢ
菔,菔,菔,fú,fu,2,ㄈㄨ
畧,畧,畧,lvè,lue,4,
㜦,㜦,㜦,hàn,han,4,ㄏㄢ
㜉,㜉,㜉,㜉,㜉,,
昂,昂,昂,áng,ang,2,ㄤ
婺,婺,婺,wù,wu,4,ㄨ
黾,黽,黾,mǐn,min,3,ㄇㄧㄣ
绒,絨,绒,róng,rong,2,ㄖㄨㄥ
聥,聥,聥,yǔ,yu,3,ㄩ
蒂,蒂,蒂,dì,di,4,ㄉㄧ
厥,厥,厥,jué,jue,2,ㄐㄩㄝ
樅,樅,枞,cōng,cong,1,ㄘㄨㄥ
墈,墈,墈,kàn,kan,4,ㄎㄢ
聑,聑,聑,dié,die,2,ㄉㄧㄝ
鰿,鰿,鰿,jī,ji,1,ㄐㄧ
鬪,鬪,鬪,dòu,dou,4,ㄉㄡ
㺲,㺲,㺲,nǐu,niu,3,ㄋㄧㄡ
蟍,蟍,蟍,lí,li,2,ㄌㄧ
吋,吋,吋,cùn,cun,4,ㄘㄨㄣ
鞩,鞩,鞩,xiào,xiao,4,ㄒㄧㄠ
乒,乒,乒,pīng,ping,1,ㄆㄧㄥ
䁓,䁓,䁓,jiè,jie,4,ㄐㄧㄝ
䧂,䧂,䧂,dào,dao,4,ㄉㄠ
䧵,䧵,䧵,qí,qi,2,ㄑㄧ
釘,釘,钉,dīng,ding,1,ㄉㄧㄥ
怮,怮,怮,yōu,you,1,ㄧㄡ
吷,吷,吷,xuè,xue,4,ㄒㄩㄝ
㔣,㔣,㔣,léi,lei,2,ㄌㄟ
齿,齒,齿,chǐ,chi,3,ㄔ
膫,膫,膫,liáo,liao,2,ㄌㄧㄠ
嘋,嘋,嘋,xiāo,xiao,1,ㄒㄧㄠ
揤,揤,揤,jí,ji,2,ㄐㄧ
罸,罸,罸,fá,fa,2,ㄈㄚ
峃,嶨,峃,xué,xue,2,ㄒㄩㄝ
蟵,蟵,蟵,蟵,蟵,,
拉,拉,拉,lā,la,1,ㄌㄚ
陥,陥,陥,xiàn,xian,4,ㄒㄧㄢ
䭕,䭕,䭕,jiàn,jian,4,ㄐㄧㄢ
蹢,蹢,蹢,dí,di,2,ㄉㄧ
鲼,鱝,鲼,fèn,fen,4,ㄈㄣ
枂,枂,枂,yuè,yue,4,ㄩㄝ
緔,緔,绱,zhàng,zhang,4,ㄓㄤ
踦,踦,踦,jǐ,ji,3,ㄐㄧ
湷,湷,湷,chúi,chui,2,ㄔㄨㄟ
㖢,㖢,㖢,jí,ji,2,ㄐㄧ
髻,髻,髻,jì,ji,4,ㄐㄧ
畴,疇,畴,chóu,chou,2,ㄔㄡ
貰,貰,贳,shì,shi,4,ㄕ
鰁,鰁,鳈,quán,quan,2,ㄑㄩㄢ
㴿,㴿,㴿,dǐng,ding,3,ㄉㄧㄥ
㾀,㾀,㾀,qiè,qie,4,ㄑㄧㄝ
䠥,䠥,䠥,bié,bie,2,ㄅㄧㄝ
犅,犅,犅,gāng,gang,1,ㄍㄤ
礪,礪,砺,lì,li,4,ㄌㄧ
㡎,㡎,㡎,㡎,㡎,,
之,之,之,zhī,zhi,1,ㄓ
嘆,嘆,叹,tàn,tan,4,ㄊㄢ
盷,盷,盷,tián,tian,2,ㄊㄧㄢ
襂,襂,襂,sēn,sen,1,ㄙㄣ
賔,賔,賔,bīn,bin,1,ㄅㄧㄣ
刘,劉,刘,líu,liu,2,ㄌㄧㄡ
聛,聛,聛,bì,bi,4,ㄅㄧ
料,料,料,liào,liao,4,ㄌㄧㄠ
魄,魄,魄,pò,po,4,ㄆㄛ
㦘,㦘,㦘,㦘,㦘,,
鐷,鐷,鐷,yè,ye,4,ㄧㄝ
臭,臭,臭,chòu,chou,4,ㄔㄡ
纎,纎,纎,xiān,xian,1,ㄒㄧㄢ
䠗,䠗,䠗,qìu,qiu,4,ㄑㄧㄡ
㽆,㽆,㽆,㽆,㽆,,
訠,訠,訠,shěn,shen,3,ㄕㄣ
灕,灕,漓,lí,li,2,ㄌㄧ
鴒,鴒,鸰,líng,ling,2,ㄌㄧㄥ
䓄,䓄,䓄,yín,yin,2,ㄧㄣ
烀,烀,烀,hū,hu,1,ㄏㄨ
穨,穨,穨,túi,tui,2,ㄊㄨㄟ
䭩,䭩,䭩,mì,mi,4,ㄇㄧ
㫖,㫖,㫖,㫖,㫖,,
㛯,㛯,㛯,miǎn,mian,3,ㄇㄧㄢ
㔷,㔷,㔷,lòu,lou,4,ㄌㄡ
馦,馦,馦,xiān,xian,1,ㄒㄧㄢ
猽,猽,猽,míng,ming,2,ㄇㄧㄥ
髞,髞,髞,zào,zao,4,ㄗㄠ
䫠,䫠,䫠,péi,pei,2,ㄆㄟ
诮,誚,诮,qiào,qiao,4,ㄑㄧㄠ
炛,炛,炛,guāng,guang,1,ㄍㄨㄤ
艚,艚,艚,cáo,cao,2,ㄘㄠ
冓,冓,冓,gòu,gou,4,ㄍㄡ
坓,坓,坓,xíng,xing,2,ㄒㄧㄥ
逾,逾,逾,yú,yu,2,ㄩ
峉,峉,峉,ē,e,1,ㄜ
䐴,䐴,䐴,gùi,gui,4,ㄍㄨㄟ
䡂,䡂,䡂,jìu,jiu,4,ㄐㄧㄡ
牑,牑,牑,biān,bian,1,ㄅㄧㄢ
鮇,鮇,鮇,wèi,wei,4,ㄨㄟ
匆,匆,匆,cōng,cong,1,ㄘㄨㄥ
喫,喫,喫,chī,chi,1,ㄔ
稜,稜,稜,léng,leng,2,ㄌㄥ
袳,袳,袳,chǐ,chi,3,ㄔ
珡,珡,珡,qín,qin,2,ㄑㄧㄣ
帶,帶,带,dài,dai,4,ㄉㄞ
齱,齱,齱,zōu,zou,1,ㄗㄡ
懩,懩,懩,yǎng,yang,3,ㄧㄤ
腕,腕,腕,wàn,wan,4,ㄨㄢ
仅,僅,仅,jǐn,jin,3,ㄐㄧㄣ
睵,睵,睵,睵,睵,,
曞,曞,曞,lì,li,4,ㄌㄧ
䭟,䭟,䭟,yè,ye,4,ㄧㄝ
獥,獥,獥,xí,xi,2,ㄒㄧ
鿆,鿆,鿆,鿆,鿆,,
亩,畝,亩,mǔ,mu,3,ㄇㄨ
毁,毀,毁,hǔi,hui,3,ㄏㄨㄟ
㠘,㠘,㠘,yǔ,yu,3,ㄩ
靊,靊,靊,fēng,feng,1,ㄈㄥ
毲,毲,毲,duó,duo,2,ㄉㄨㄛ
塿,塿,塿,lǒu,lou,3,ㄌㄡ
岻,岻,岻,chí,chi,2,ㄔ
紫,紫,紫,zǐ,zi,3,ㄗ
蕢,蕢,蒉,kùi,kui,4,ㄎㄨㄟ
洲,洲,洲,zhōu,zhou,1,ㄓㄡ
憧,憧,憧,chōng,chong,1,ㄔㄨㄥ
濗,濗,濗,mì,mi,4,ㄇㄧ
藍,藍,蓝,lán,lan,2,ㄌㄢ
謩,謩,謩,mò,mo,4,ㄇㄛ
葌,葌,葌,jiān,jian,1,ㄐㄧㄢ
穥,穥,穥,yù,yu,4,ㄩ
㻢,㻢,㻢,㻢,㻢,,
䘄,䘄,䘄,fù,fu,4,ㄈㄨ
埫,埫,埫,chǒng,chong,3,ㄔㄨㄥ
暏,暏,暏,dǔ,du,3,ㄉㄨ
籖,籖,籖,籖,籖,,
攻,攻,攻,gōng,gong,1,ㄍㄨㄥ
殊,殊,殊,shū,shu,1,ㄕㄨ
䫍,䫍,䫍,fǔ,fu,3,ㄈㄨ
氜,氜,氜,rì,ri,4,ㄖ
䌞,䌞,䌞,liǎn,lian,3,ㄌㄧㄢ
詝,詝,詝,zhǔ,zhu,3,ㄓㄨ
㶵,㶵,㶵,rèn,ren,4,ㄖㄣ
坅,坅,坅,qǐn,qin,3,ㄑㄧㄣ
䏚,䏚,䏚,chǎo,chao,3,ㄔㄠ
样,樣,样,yáng,yang,2,ㄧㄤ
寁,寁,寁,zǎn,zan,3,ㄗㄢ
㫢,㫢,㫢,qù,qu,4,ㄑㄩ
饐,饐,饐,yì,yi,4,ㄧ
坨,坨,坨,tuó,tuo,2,ㄊㄨㄛ
勗,勗,勗,xù,xu,4,ㄒㄩ
郑,鄭,郑,zhèng,zheng,4,ㄓㄥ
鈭,鈭,鈭,zī,zi,1,ㄗ
㣅,㣅,㣅,zàn,zan,4,ㄗㄢ
姞,姞,姞,jí,ji,2,ㄐㄧ
㙌,㙌,㙌,㙌,㙌,,
牾,牾,牾,wú,wu,2,ㄨ
軓,軓,軓,fàn,fan,4,ㄈㄢ
莵,莵,莵,莵,莵,,
廳,廳,厅,tīng,ting,1,ㄊㄧㄥ
筀,筀,筀,gùi,gui,4,ㄍㄨㄟ
菫,菫,菫,jǐn,jin,3,ㄐㄧㄣ
熓,熓,熓,wǔ,wu,3,ㄨ
瑡,瑡,瑡,瑡,瑡,,
䫰,䫰,䫰,lìn,lin,4,ㄌㄧㄣ
啘,啘,啘,yè,ye,4,ㄧㄝ
規,規,规,gūi,gui,1,ㄍㄨㄟ
䙟,䙟,䙟,duò,duo,4,ㄉㄨㄛ
怼,懟,怼,dùi,dui,4,ㄉㄨㄟ
㺕,㺕,㺕,fán,fan,2,ㄈㄢ
䯂,䯂,䯂,jí,ji,2,ㄐㄧ
曮,曮,曮,yǎn,yan,3,ㄧㄢ
壉,壉,壉,jù,ju,4,ㄐㄩ
羀,羀,羀,lǐu,liu,3,ㄌㄧㄡ
芇,芇,芇,mián,mian,2,ㄇㄧㄢ
嚤,嚤,嚤,mó,mo,2,ㄇㄛ
譧,譧,譧,lián,lian,2,ㄌㄧㄢ
䊴,䊴,䊴,qiàn,qian,4,ㄑㄧㄢ
卷,捲,卷,juàn,juan,4,ㄐㄩㄢ
漍,漍,漍,guó,guo,2,ㄍㄨㄛ
㭴,㭴,㭴,㭴,㭴,,
悽,悽,悽,qī,qi,1,ㄑㄧ
餾,餾,馏,lìu,liu,4,ㄌㄧㄡ
醂,醂,醂,lǎn,lan,3,ㄌㄢ
蜓,蜓,蜓,tíng,ting,2,ㄊㄧㄥ
㱋,㱋,㱋,què,que,4,ㄑㄩㄝ
㽄,㽄,㽄,㽄,㽄,,
份,份,份,fèn,fen,4,ㄈㄣ
畱,畱,畱,líu,liu,2,ㄌㄧㄡ
放,放,放,fàng,fang,4,ㄈㄤ
㡆,㡆,㡆,㡆,㡆,,
豻,豻,豻,àn,an,4,ㄢ
繉,繉,繉,hún,hun,2,ㄏㄨㄣ
忲,忲,忲,tài,tai,4,ㄊㄞ
徘,徘,徘,pái,pai,2,ㄆㄞ
彥,彥,彦,yàn,yan,4,ㄧㄢ
䃶,䃶,䃶,huái,huai,2,ㄏㄨㄞ
䏑,䏑,䏑,dì,di,4,ㄉㄧ
骼,骼,骼,gé,ge,2,ㄍㄜ
碞,碞,碞,yán,yan,2,ㄧㄢ
䁁,䁁,䁁,lǎng,lang,3,ㄌㄤ
䕊,䕊,䕊,tán,tan,2,ㄊㄢ
㘜,㘜,㘜,chǐ,chi,3,ㄔ
呎,呎,呎,chǐ,chi,3,ㄔ
㾔,㾔,㾔,lǔ,lu,3,ㄌㄨ
箅,箅,箅,bì,bi,4,ㄅㄧ
铡,鍘,铡,zhá,zha,2,ㄓㄚ
倳,倳,倳,zì,zi,4,ㄗ
濝,濝,濝,qí,qi,2,ㄑㄧ
輀,輀,輀,ér,er,2,ㄦ
侐,侐,侐,xù,xu,4,ㄒㄩ
汙,汙,污,wū,wu,1,ㄨ
䌌,䌌,䌌,qì,qi,4,ㄑㄧ
鶮,鶮,鶮,gù,gu,4,ㄍㄨ
秐,秐,秐,yún,yun,2,ㄩㄣ
螨,蟎,螨,mǎn,man,3,ㄇㄢ
㭬,㭬,㭬,zhuó,zhuo,2,ㄓㄨㄛ
檥,檥,檥,yǐ,yi,3,ㄧ
跈,跈,跈,niǎn,nian,3,ㄋㄧㄢ
㻫,㻫,㻫,bì,bi,4,ㄅㄧ
倵,倵,倵,wǔ,wu,3,ㄨ
驄,驄,骢,cōng,cong,1,ㄘㄨㄥ
鷖,鷖,鹥,yī,yi,1,ㄧ
壸,壼,壸,kǔn,kun,3,ㄎㄨㄣ
釲,釲,釲,sì,si,4,ㄙ
籢,籢,籢,lián,lian,2,ㄌㄧㄢ
來,來,来,lái,lai,2,ㄌㄞ
䳒,䳒,䳒,yuán,yuan,2,ㄩㄢ
耮,耮,耢,lào,lao,4,ㄌㄠ
鳘,鰵,鳘,mǐn,min,3,ㄇㄧㄣ
㵰,㵰,㵰,xù,xu,4,ㄒㄩ
猏,猏,猏,jiān,jian,1,ㄐㄧㄢ
齌,齌,齌,jì,ji,4,ㄐㄧ
近,近,近,jìn,jin,4,ㄐㄧㄣ
铿,鏗,铿,kēng,keng,1,ㄎㄥ
䎜,䎜,䎜,䎜,䎜,,
䃷,䃷,䃷,yíng,ying,2,ㄧㄥ
㗟,㗟,㗟,㗟,㗟,,
䊸,䊸,䊸,䊸,䊸,,
䓓,䓓,䓓,chóu,chou,2,ㄔㄡ
煊,煊,煊,xuān,xuan,1,ㄒㄩㄢ
唏,唏,唏,xī,xi,1,ㄒㄧ
濯,濯,濯,zhuó,zhuo,2,ㄓㄨㄛ
㜀,㜀,㜀,㜀,㜀,,
㰡,㰡,㰡,xiè,xie,4,ㄒㄧㄝ
縘,縘,縘,xī,xi,1,ㄒㄧ
䎺,䎺,䎺,zhǐ,zhi,3,ㄓ
毫,毫,毫,háo,hao,2,ㄏㄠ
血,血,血,xiě,xie,3,ㄒㄧㄝ
㩼,㩼,㩼,㩼,㩼,,
主,主,主,zhǔ,zhu,3,ㄓㄨ
敒,敒,敒,zhèn,zhen,4,ㄓㄣ
㦁,㦁,㦁,lián,lian,2,ㄌㄧㄢ
沦,淪,沦,lún,lun,2,ㄌㄨㄣ
芬,芬,芬,fēn,fen,1,ㄈㄣ
媘,媘,媘,媘,媘,,
餘,餘,余,yú,yu,2,ㄩ
㮪,㮪,㮪,qióng,qiong,2,ㄑㄩㄥ
狾,狾,狾,zhì,zhi,4,ㄓ
弹,彈,弹,dàn,dan,4,ㄉㄢ
猺,猺,猺,yáo,yao,2,ㄧㄠ
篊,篊,篊,hóng,hong,2,ㄏㄨㄥ
娔,娔,娔,kè,ke,4,ㄎㄜ
鳫,鳫,鳫,yàn,yan,4,ㄧㄢ
鵤,鵤,鵤,鵤,鵤,,
曷,曷,曷,hé,he,2,ㄏㄜ
桼,桼,桼,qī,qi,1,ㄑㄧ
㥜,㥜,㥜,wèi,wei,4,ㄨㄟ
齲,齲,龋,qǔ,qu,3,ㄑㄩ
忖,忖,忖,cǔn,cun,3,ㄘㄨㄣ
竴,竴,竴,cūi,cui,1,ㄘㄨㄟ
骓,騅,骓,zhūi,zhui,1,ㄓㄨㄟ
䑪,䑪,䑪,è,e,4,ㄜ
㜪,㜪,㜪,xiǎn,xian,3,ㄒㄧㄢ
傱,傱,傱,sǒng,song,3,ㄙㄨㄥ
䛙,䛙,䛙,xù,xu,4,ㄒㄩ
彏,彏,彏,jué,jue,2,ㄐㄩㄝ
瀤,瀤,瀤,huái,huai,2,ㄏㄨㄞ
䃙,䃙,䃙,lù,lu,4,ㄌㄨ
搐,搐,搐,chù,chu,4,ㄔㄨ
㸘,㸘,㸘,wàn,wan,4,ㄨㄢ
䴀,䴀,䴀,tóng,tong,2,ㄊㄨㄥ
蔗,蔗,蔗,zhè,zhe,4,ㄓㄜ
㐹,㐹,㐹,yì,yi,4,ㄧ
愩,愩,愩,gōng,gong,1,ㄍㄨㄥ
㣛,㣛,㣛,tà,ta,4,ㄊㄚ
恛,恛,恛,húi,hui,2,ㄏㄨㄟ
佦,佦,佦,佦,佦,,
础,礎,础,chǔ,chu,3,ㄔㄨ
絈,絈,絈,mò,mo,4,ㄇㄛ
㩉,㩉,㩉,xié,xie,2,ㄒㄧㄝ
㸾,㸾,㸾,rèn,ren,4,ㄖㄣ
䧧,䧧,䧧,yǐ,yi,3,ㄧ
昌,昌,昌,chāng,chang,1,ㄔㄤ
睡,睡,睡,shùi,shui,4,ㄕㄨㄟ
硢,硢,硢,yú,yu,2,ㄩ
襝,襝,裣,liàn,lian,4,ㄌㄧㄢ
㦏,㦏,㦏,sǔn,sun,3,ㄙㄨㄣ
煒,煒,炜,wěi,wei,3,ㄨㄟ
蘻,蘻,蘻,jì,ji,4,ㄐㄧ
㔺,㔺,㔺,shì,shi,4,ㄕ
雹,雹,雹,báo,bao,2,ㄅㄠ
澄,澄,澄,chéng,cheng,2,ㄔㄥ
抈,抈,抈,yuè,yue,4,ㄩㄝ
姚,姚,姚,yáo,yao,2,ㄧㄠ
瑅,瑅,瑅,tí,ti,2,ㄊㄧ
屿,嶼,屿,yǔ,yu,3,ㄩ
摟,摟,搂,lǒu,lou,3,ㄌㄡ
樓,樓,楼,lóu,lou,2,ㄌㄡ
簬,簬,簬,lù,lu,4,ㄌㄨ
轺,軺,轺,yáo,yao,2,ㄧㄠ
䌴,䌴,䌴,luò,luo,4,ㄌㄨㄛ
函,函,函,hán,han,2,ㄏㄢ
髰,髰,髰,tì,ti,4,ㄊㄧ
溗,溗,溗,shéng,sheng,2,ㄕㄥ
艽,艽,艽,qíu,qiu,2,ㄑㄧㄡ
䭡,䭡,䭡,èn,en,4,ㄣ
䕎,䕎,䕎,fú,fu,2,ㄈㄨ
痬,痬,痬,yì,yi,4,ㄧ
㩽,㩽,㩽,qí,qi,2,ㄑㄧ
倦,倦,倦,juàn,juan,4,ㄐㄩㄢ
蟌,蟌,蟌,cōng,cong,1,ㄘㄨㄥ
庇,庇,庇,bì,bi,4,ㄅㄧ
梺,梺,梺,梺,梺,,
扡,扡,扦,yǐ,yi,3,ㄧ
整,整,整,zhěng,zheng,3,ㄓㄥ
㛔,㛔,㛔,péng,peng,2,ㄆㄥ
刁,刁,刁,diāo,diao,1,ㄉㄧㄠ
觼,觼,觼,jué,jue,2,ㄐㄩㄝ
羠,羠,羠,yí,yi,2,ㄧ
镀,鍍,镀,dù,du,4,ㄉㄨ
深,深,深,shēn,shen,1,ㄕㄣ
鸪,鴣,鸪,gū,gu,1,ㄍㄨ
夫,夫,夫,fū,fu,1,ㄈㄨ
榊,榊,榊,榊,榊,,
㳍,㳍,㳍,bù,bu,4,ㄅㄨ
摄,攝,摄,shè,she,4,ㄕㄜ
䇺,䇺,䇺,chóu,chou,2,ㄔㄡ
顱,顱,颅,lú,lu,2,ㄌㄨ
䓺,䓺,䓺,měi,mei,3,ㄇㄟ
䲈,䲈,䲈,䲈,䲈,,
鍺,鍺,锗,zhě,zhe,3,ㄓㄜ
弪,弳,弪,jìng,jing,4,ㄐㄧㄥ
猥,猥,猥,wěi,wei,3,ㄨㄟ
噞,噞,噞,yǎn,yan,3,ㄧㄢ
㕘,㕘,㕘,㕘,㕘,,
魴,魴,鲂,fáng,fang,2,ㄈㄤ
诚,誠,诚,chéng,cheng,2,ㄔㄥ
罾,罾,罾,zēng,zeng,1,ㄗㄥ
晲,晲,晲,yǐ,yi,3,ㄧ
䧚,䧚,䧚,hào,hao,4,ㄏㄠ
㹤,㹤,㹤,qiè,qie,4,ㄑㄧㄝ
櫜,櫜,櫜,gāo,gao,1,ㄍㄠ
㙘,㙘,㙘,㙘,㙘,,
㯮,㯮,㯮,shǔ,shu,3,ㄕㄨ
䵆,䵆,䵆,méng,meng,2,ㄇㄥ
㓦,㓦,㓦,㓦,㓦,,
衶,衶,衶,zhòng,zhong,4,ㄓㄨㄥ
䞛,䞛,䞛,䞛,䞛,,
腁,腁,腁,pián,pian,2,ㄆㄧㄢ
縔,縔,縔,shuǎng,shuang,3,ㄕㄨㄤ
拖,拖,拖,tuō,tuo,1,ㄊㄨㄛ
糓,糓,糓,gǔ,gu,3,ㄍㄨ
毝,毝,毝,毝,毝,,
㥻,㥻,㥻,㥻,㥻,,
牋,牋,牋,jiān,jian,1,ㄐㄧㄢ
锵,鏘,锵,qiāng,qiang,1,ㄑㄧㄤ
艕,艕,艕,bàng,bang,4,ㄅㄤ
够,夠,够,gòu,gou,4,ㄍㄡ
斘,斘,斘,shēng,sheng,1,ㄕㄥ
跙,跙,跙,jǔ,ju,3,ㄐㄩ
肚,肚,肚,dù,du,4,ㄉㄨ
鑼,鑼,锣,luó,luo,2,ㄌㄨㄛ
憉,憉,憉,péng,peng,2,ㄆㄥ
䣔,䣔,䣔,suǒ,suo,3,ㄙㄨㄛ
紃,紃,紃,xún,xun,2,ㄒㄩㄣ
韗,韗,韗,xùn,xun,4,ㄒㄩㄣ
呰,呰,呰,zǐ,zi,3,ㄗ
绐,紿,绐,dài,dai,4,ㄉㄞ
䑠,䑠,䑠,liǎo,liao,3,ㄌㄧㄠ
廘,廘,廘,lù,lu,4,ㄌㄨ
襛,襛,襛,nóng,nong,2,ㄋㄨㄥ
㦨,㦨,㦨,lán,lan,2,ㄌㄢ
䊚,䊚,䊚,䊚,䊚,,
櫐,櫐,櫐,lěi,lei,3,ㄌㄟ
痳,痳,痳,lín,lin,2,ㄌㄧㄣ
机,機,机,jī,ji,1,ㄐㄧ
䑦,䑦,䑦,䑦,䑦,,
欜,欜,欜,náng,nang,2,ㄋㄤ
莼,蒓,莼,chún,chun,2,ㄔㄨㄣ
蒶,蒶,蒶,fén,fen,2,ㄈㄣ
咆,咆,咆,páo,pao,2,ㄆㄠ
鮈,鮈,鮈,jū,ju,1,ㄐㄩ
譅,譅,譅,sè,se,4,ㄙㄜ
窟,窟,窟,kū,ku,1,ㄎㄨ
樳,樳,樳,xín,xin,2,ㄒㄧㄣ
硛,硛,硛,硛,硛,,
腅,腅,腅,dàn,dan,4,ㄉㄢ
匇,匇,匇,匇,匇,,
该,該,该,gāi,gai,1,ㄍㄞ
憷,怵,憷,chǔ,chu,3,ㄔㄨ
撵,攆,撵,niǎn,nian,3,ㄋㄧㄢ
滹,滹,滹,hū,hu,1,ㄏㄨ
弡,弡,弡,jué,jue,2,ㄐㄩㄝ
蕰,蕰,蕰,yùn,yun,4,ㄩㄣ
䶈,䶈,䶈,bó,bo,2,ㄅㄛ
毯,毯,毯,tǎn,tan,3,ㄊㄢ
㫕,㫕,㫕,㫕,㫕,,
䳛,䳛,䳛,yàn,yan,4,ㄧㄢ
佢,佢,佢,qú,qu,2,ㄑㄩ
庯,庯,庯,bū,bu,1,ㄅㄨ
㚲,㚲,㚲,diǎn,dian,3,ㄉㄧㄢ
㵟,㵟,㵟,㵟,㵟,,
澢,澢,澢,dāng,dang,1,ㄉㄤ
蓪,蓪,蓪,tōng,tong,1,ㄊㄨㄥ
䨩,䨩,䨩,líng,ling,2,ㄌㄧㄥ
䋹,䋹,䋹,fú,fu,2,ㄈㄨ
匛,匛,匛,jìu,jiu,4,ㄐㄧㄡ
褦,褦,褦,nài,nai,4,ㄋㄞ
䬁,䬁,䬁,yí,yi,2,ㄧ
䩌,䩌,䩌,qiáo,qiao,2,ㄑㄧㄠ
礬,礬,矾,fán,fan,2,ㄈㄢ
㸀,㸀,㸀,tái,tai,2,ㄊㄞ
祗,祗,祗,zhī,zhi,1,ㄓ
薑,薑,姜,jiāng,jiang,1,ㄐㄧㄤ
玖,玖,玖,jǐu,jiu,3,ㄐㄧㄡ
贽,贄,贽,zhì,zhi,4,ㄓ
髟,髟,髟,biāo,biao,1,ㄅㄧㄠ
鄛,鄛,鄛,cháo,chao,2,ㄔㄠ
弰,弰,弰,shāo,shao,1,ㄕㄠ
灔,灔,灔,yàn,yan,4,ㄧㄢ
焿,焿,焿,焿,焿,,
狽,狽,狈,bèi,bei,4,ㄅㄟ
㽼,㽼,㽼,㽼,㽼,,
巫,巫,巫,wū,wu,1,ㄨ
沌,沌,沌,dùn,dun,4,ㄉㄨㄣ
抆,抆,抆,wèn,wen,4,ㄨㄣ
裾,裾,裾,jū,ju,1,ㄐㄩ
悠,悠,悠,yōu,you,1,ㄧㄡ
挎,挎,挎,kū,ku,1,ㄎㄨ
溛,溛,溛,wā,wa,1,ㄨㄚ
鱦,鱦,鱦,shéng,sheng,2,ㄕㄥ
鳃,鰓,鳃,sāi,sai,1,ㄙㄞ
鶫,鶫,鶫,鶫,鶫,,
㔵,㔵,㔵,xiàn,xian,4,ㄒㄧㄢ
駽,駽,駽,xuàn,xuan,4,ㄒㄩㄢ
䈓,䈓,䈓,gé,ge,2,ㄍㄜ
閱,閱,阅,yuè,yue,4,ㄩㄝ
濳,濳,濳,qián,qian,2,ㄑㄧㄢ
笎,笎,笎,yuán,yuan,2,ㄩㄢ
蠾,蠾,蠾,zhú,zhu,2,ㄓㄨ
揼,揼,揼,揼,揼,,
窾,窾,窾,kuǎn,kuan,3,ㄎㄨㄢ
蟔,蟔,蟔,mò,mo,4,ㄇㄛ
㺋,㺋,㺋,㺋,㺋,,
嫴,嫴,嫴,gū,gu,1,ㄍㄨ
淛,淛,淛,zhì,zhi,4,ㄓ
睛,睛,睛,jīng,jing,1,ㄐㄧㄥ
的,的,的,de,de,5,ㄉㄜ
犆,犆,犆,zhí,zhi,2,ㄓ
烝,烝,烝,zhēng,zheng,1,ㄓㄥ
饺,餃,饺,jiǎo,jiao,3,ㄐㄧㄠ
䃝,䃝,䃝,qiào,qiao,4,ㄑㄧㄠ
淺,淺,浅,qiǎn,qian,3,ㄑㄧㄢ
麘,麘,麘,xiāng,xiang,1,ㄒㄧㄤ
糤,糤,糤,sǎn,san,3,ㄙㄢ
䍎,䍎,䍎,cùn,cun,4,ㄘㄨㄣ
坁,坁,坁,zhǐ,zhi,3,ㄓ
㶆,㶆,㶆,chú,chu,2,ㄔㄨ
呛,嗆,呛,qiāng,qiang,1,ㄑㄧㄤ
轖,轖,轖,sè,se,4,ㄙㄜ
蓱,蓱,蓱,píng,ping,2,ㄆㄧㄥ
韰,韰,韰,xiè,xie,4,ㄒㄧㄝ
穛,穛,穛,zhuō,zhuo,1,ㄓㄨㄛ
襖,襖,袄,ǎo,ao,3,ㄠ
証,証,証,zhèng,zheng,4,ㄓㄥ
䖣,䖣,䖣,sào,sao,4,ㄙㄠ
䄏,䄏,䄏,yú,yu,2,ㄩ
㲪,㲪,㲪,㲪,㲪,,
兀,兀,兀,wù,wu,4,ㄨ
饪,飪,饪,rèn,ren,4,ㄖㄣ
梷,梷,梷,jìng,jing,4,ㄐㄧㄥ
㒳,㒳,㒳,liǎng,liang,3,ㄌㄧㄤ
髫,髫,髫,tiáo,tiao,2,ㄊㄧㄠ
麋,麋,麋,mí,mi,2,ㄇㄧ
孶,孶,孶,zī,zi,1,ㄗ
泭,泭,泭,fū,fu,1,ㄈㄨ
㧱,㧱,㧱,chèn,chen,4,ㄔㄣ
僄,僄,僄,piào,piao,4,ㄆㄧㄠ
貇,貇,貇,kūn,kun,1,ㄎㄨㄣ
㴖,㴖,㴖,luò,luo,4,ㄌㄨㄛ
䭊,䭊,䭊,yǐng,ying,3,ㄧㄥ
垠,垠,垠,yín,yin,2,ㄧㄣ
譸,譸,诪,zhōu,zhou,1,ㄓㄡ
晠,晠,晠,shéng,sheng,2,ㄕㄥ
㹬,㹬,㹬,shǐ,shi,3,ㄕ
㐋,㐋,㐋,㐋,㐋,,
䄶,䄶,䄶,bì,bi,4,ㄅㄧ
㤯,㤯,㤯,jiǒng,jiong,3,ㄐㄩㄥ
㬶,㬶,㬶,hào,hao,4,ㄏㄠ
飦,飦,飦,zhān,zhan,1,ㄓㄢ
連,連,连,lián,lian,2,ㄌㄧㄢ
鞢,鞢,鞢,xiè,xie,4,ㄒㄧㄝ
腫,腫,肿,zhǒng,zhong,3,ㄓㄨㄥ
轩,軒,轩,xuān,xuan,1,ㄒㄩㄢ
鱱,鱱,鱱,lì,li,4,ㄌㄧ
䧤,䧤,䧤,pú,pu,2,ㄆㄨ
螡,螡,螡,wén,wen,2,ㄨㄣ
琇,琇,琇,xìu,xiu,4,ㄒㄧㄡ
蚗,蚗,蚗,jué,jue,2,ㄐㄩㄝ
䔚,䔚,䔚,chún,chun,2,ㄔㄨㄣ
蹚,蹚,蹚,tāng,tang,1,ㄊㄤ
僽,僽,僽,zhòu,zhou,4,ㄓㄡ
塞,塞,塞,sāi,sai,1,ㄙㄞ
㬏,㬏,㬏,lì,li,4,ㄌㄧ
実,実,実,shí,shi,2,ㄕ
㥯,㥯,㥯,yǐn,yin,3,ㄧㄣ
螂,螂,螂,láng,lang,2,ㄌㄤ
騾,騾,骡,luó,luo,2,ㄌㄨㄛ
銓,銓,铨,quán,quan,2,ㄑㄩㄢ
枲,枲,枲,xǐ,xi,3,ㄒㄧ
䚴,䚴,䚴,wà,wa,4,ㄨㄚ
织,織,织,zhī,zhi,1,ㄓ
䊼,䊼,䊼,chǐ,chi,3,ㄔ
撢,撢,撢,dǎn,dan,3,ㄉㄢ
兓,兓,兓,xīn,xin,1,ㄒㄧㄣ
傑,傑,杰,jié,jie,2,ㄐㄧㄝ
䩤,䩤,䩤,xì,xi,4,ㄒㄧ
瘽,瘽,瘽,jìn,jin,4,ㄐㄧㄣ
鄮,鄮,鄮,mào,mao,4,ㄇㄠ
汞,汞,汞,gǒng,gong,3,ㄍㄨㄥ
鿶,鿶,鿶,鿶,鿶,,
筹,籌,筹,chóu,chou,2,ㄔㄡ
䅄,䅄,䅄,lì,li,4,ㄌㄧ
矓,矓,眬,lóng,long,2,ㄌㄨㄥ
滿,滿,满,mǎn,man,3,ㄇㄢ
魲,魲,魲,lú,lu,2,ㄌㄨ
鞎,鞎,鞎,hén,hen,2,ㄏㄣ
䀒,䀒,䀒,䀒,䀒,,
䛪,䛪,䛪,qióng,qiong,2,ㄑㄩㄥ
幗,幗,帼,guó,guo,2,ㄍㄨㄛ
佬,佬,佬,lǎo,lao,3,ㄌㄠ
鎭,鎭,鎭,zhèn,zhen,4,ㄓㄣ
皡,皡,皡,hào,hao,4,ㄏㄠ
冎,冎,冎,guǎ,gua,3,ㄍㄨㄚ
鏰,鏰,镚,bèng,beng,4,ㄅㄥ
嗐,嗐,嗐,hài,hai,4,ㄏㄞ
渄,渄,渄,fēi,fei,1,ㄈㄟ
苙,苙,苙,lì,li,4,ㄌㄧ
瘅,癉,瘅,dàn,dan,4,ㄉㄢ
長,長,长,cháng,chang,2,ㄔㄤ
睨,睨,睨,nì,ni,4,ㄋㄧ
䨶,䨶,䨶,yǔn,yun,3,ㄩㄣ
騮,騮,骝,líu,liu,2,ㄌㄧㄡ
搑,搑,搑,rǒng,rong,3,ㄖㄨㄥ
㿘,㿘,㿘,yíng,ying,2,ㄧㄥ
玐,玐,玐,bā,ba,1,ㄅㄚ
楮,楮,楮,chǔ,chu,3,ㄔㄨ
鿠,鿠,鿠,鿠,鿠,,
侯,侯,侯,hóu,hou,2,ㄏㄡ
曻,曻,曻,曻,曻,,
㞝,㞝,㞝,㞝,㞝,,
皁,皁,皁,zào,zao,4,ㄗㄠ
阶,階,阶,jiē,jie,1,ㄐㄧㄝ
篗,篗,篗,yuè,yue,4,ㄩㄝ
翟,翟,翟,dí,di,2,ㄉㄧ
礿,礿,礿,yuè,yue,4,ㄩㄝ
耂,耂,耂,耂,耂,,
㘀,㘀,㘀,zuò,zuo,4,ㄗㄨㄛ
惶,惶,惶,huáng,huang,2,ㄏㄨㄤ
䖈,䖈,䖈,nvè,nue,4,
䝚,䝚,䝚,ní,ni,2,ㄋㄧ
废,廢,废,fèi,fei,4,ㄈㄟ
橭,橭,橭,gū,gu,1,ㄍㄨ
䀹,䀹,䀹,jié,jie,2,ㄐㄧㄝ
釤,釤,钐,shàn,shan,4,ㄕㄢ
緯,緯,纬,wěi,wei,3,ㄨㄟ
釂,釂,釂,jiào,jiao,4,ㄐㄧㄠ
賦,賦,赋,fù,fu,4,ㄈㄨ
扶,扶,扶,fú,fu,2,ㄈㄨ
鶶,鶶,鶶,táng,tang,2,ㄊㄤ
䂘,䂘,䂘,䂘,䂘,,
惓,惓,惓,quán,quan,2,ㄑㄩㄢ
㺪,㺪,㺪,pú,pu,2,ㄆㄨ
池,池,池,chí,chi,2,ㄔ
蚧,蚧,蚧,jiè,jie,4,ㄐㄧㄝ
覵,覵,覵,jiàn,jian,4,ㄐㄧㄢ
㦅,㦅,㦅,dì,di,4,ㄉㄧ
䟆,䟆,䟆,bì,bi,4,ㄅㄧ
聢,聢,聢,聢,聢,,
䞬,䞬,䞬,tòu,tou,4,ㄊㄡ
躮,躮,躮,躮,躮,,
辇,輦,辇,niǎn,nian,3,ㄋㄧㄢ
鲕,鮞,鲕,ér,er,2,ㄦ
尨,尨,尨,máng,mang,2,ㄇㄤ
繘,繘,繘,yù,yu,4,ㄩ
煤,煤,煤,méi,mei,2,ㄇㄟ
脌,脌,脌,脌,脌,,
襇,襇,裥,jiǎn,jian,3,ㄐㄧㄢ
摣,摣,揸,zhā,zha,1,ㄓㄚ
羾,羾,羾,gòng,gong,4,ㄍㄨㄥ
詠,詠,咏,yǒng,yong,3,ㄩㄥ
籧,籧,籧,qú,qu,2,ㄑㄩ
蛣,蛣,蛣,jié,jie,2,ㄐㄧㄝ
䒓,䒓,䒓,kǎi,kai,3,ㄎㄞ
蛦,蛦,蛦,yí,yi,2,ㄧ
瞗,瞗,瞗,diāo,diao,1,ㄉㄧㄠ
㬯,㬯,㬯,liè,lie,4,ㄌㄧㄝ
薀,薀,薀,yùn,yun,4,ㄩㄣ
䱆,䱆,䱆,shéng,sheng,2,ㄕㄥ
宗,宗,宗,zōng,zong,1,ㄗㄨㄥ
嬢,嬢,嬢,niáng,niang,2,ㄋㄧㄤ
椤,欏,椤,luó,luo,2,ㄌㄨㄛ
湘,湘,湘,xiāng,xiang,1,ㄒㄧㄤ
㛭,㛭,㛭,㛭,㛭,,
坍,坍,坍,tān,tan,1,ㄊㄢ
藗,藗,藗,sù,su,4,ㄙㄨ
膹,膹,膹,fèn,fen,4,ㄈㄣ
羊,羊,羊,yáng,yang,2,ㄧㄤ
乯,乯,乯,乯,乯,,
鰟,鰟,鳑,fáng,fang,2,ㄈㄤ
仍,仍,仍,réng,reng,2,ㄖㄥ
䋩,䋩,䋩,ér,er,2,ㄦ
玙,璵,玙,yú,yu,2,ㄩ
懢,懢,懢,lán,lan,2,ㄌㄢ
剛,剛,刚,gāng,gang,1,ㄍㄤ
斝,斝,斝,jiǎ,jia,3,ㄐㄧㄚ
眭,眭,眭,sūi,sui,1,ㄙㄨㄟ
盔,盔,盔,kūi,kui,1,ㄎㄨㄟ
艐,艐,艐,zōng,zong,1,ㄗㄨㄥ
䧻,䧻,䧻,䧻,䧻,,
胢,胢,胢,kē,ke,1,ㄎㄜ
㾵,㾵,㾵,jì,ji,4,ㄐㄧ
愳,愳,愳,jù,ju,4,ㄐㄩ
惎,惎,惎,jì,ji,4,ㄐㄧ
禺,禺,禺,yú,yu,2,ㄩ
涾,涾,涾,tà,ta,4,ㄊㄚ
㸧,㸧,㸧,kèn,ken,4,ㄎㄣ
桐,桐,桐,tóng,tong,2,ㄊㄨㄥ
玜,玜,玜,gōng,gong,1,ㄍㄨㄥ
朳,朳,朳,bā,ba,1,ㄅㄚ
刯,刯,刯,gēn,gen,1,ㄍㄣ
砄,砄,砄,jué,jue,2,ㄐㄩㄝ
㴊,㴊,㴊,㴊,㴊,,
齾,齾,齾,yà,ya,4,ㄧㄚ
䖵,䖵,䖵,䖵,䖵,,
扟,扟,扟,shēn,shen,1,ㄕㄣ
䃩,䃩,䃩,náo,nao,2,ㄋㄠ
䏮,䏮,䏮,xí,xi,2,ㄒㄧ
辵,辵,辵,chuò,chuo,4,ㄔㄨㄛ
㕲,㕲,㕲,huá,hua,2,ㄏㄨㄚ
㞤,㞤,㞤,yín,yin,2,ㄧㄣ
鷩,鷩,鷩,bì,bi,4,ㄅㄧ
䯌,䯌,䯌,䯌,䯌,,
瘧,瘧,疟,nvè,nue,4,
圑,圑,圑,fù,fu,4,ㄈㄨ
蒖,蒖,蒖,zhēn,zhen,1,ㄓㄣ
鍈,鍈,锳,yīng,ying,1,ㄧㄥ
帼,幗,帼,guó,guo,2,ㄍㄨㄛ
綸,綸,纶,lún,lun,2,ㄌㄨㄣ
晄,晄,晄,huǎng,huang,3,ㄏㄨㄤ
䜄,䜄,䜄,chí,chi,2,ㄔ
䴄,䴄,䴄,lì,li,4,ㄌㄧ
狿,狿,狿,yán,yan,2,ㄧㄢ
儢,儢,儢,lǔ,lu,3,ㄌㄨ
䝣,䝣,䝣,qú,qu,2,ㄑㄩ
賨,賨,賨,cóng,cong,2,ㄘㄨㄥ
䏲,䏲,䏲,dié,die,2,ㄉㄧㄝ
篵,篵,篵,cōng,cong,1,ㄘㄨㄥ
炀,煬,炀,yáng,yang,2,ㄧㄤ
诌,謅,诌,zōu,zou,1,ㄗㄡ
馋,饞,馋,chán,chan,2,ㄔㄢ
藯,藯,藯,wèi,wei,4,ㄨㄟ
鱅,鱅,鳙,yóng,yong,2,ㄩㄥ
嚨,嚨,咙,lóng,long,2,ㄌㄨㄥ
斏,斏,斏,斏,斏,,
憰,憰,憰,jué,jue,2,ㄐㄩㄝ
唷,唷,唷,yō,yo,1,ㄧㄛ
艹,艸,艹,艹,艹,,
菻,菻,菻,lǐn,lin,3,ㄌㄧㄣ
忝,忝,忝,tiǎn,tian,3,ㄊㄧㄢ
画,畫,画,huà,hua,4,ㄏㄨㄚ
妡,妡,妡,xīn,xin,1,ㄒㄧㄣ
闓,闓,闿,kǎi,kai,3,ㄎㄞ
幣,幣,币,bì,bi,4,ㄅㄧ
蟩,蟩,蟩,jué,jue,2,ㄐㄩㄝ
遧,遧,遧,zhāng,zhang,1,ㄓㄤ
谭,譚,谭,tán,tan,2,ㄊㄢ
察,察,察,chá,cha,2,ㄔㄚ
浏,瀏,浏,líu,liu,2,ㄌㄧㄡ
覓,覓,觅,mì,mi,4,ㄇㄧ
諄,諄,谆,zhūn,zhun,1,ㄓㄨㄣ
蓓,蓓,蓓,bèi,bei,4,ㄅㄟ
㣼,㣼,㣼,rěn,ren,3,ㄖㄣ
㒔,㒔,㒔,shǔ,shu,3,ㄕㄨ
噛,噛,噛,niè,nie,4,ㄋㄧㄝ
璪,璪,璪,zǎo,zao,3,ㄗㄠ
鵿,鵿,鵿,shēng,sheng,1,ㄕㄥ
槏,槏,槏,qiǎn,qian,3,ㄑㄧㄢ
娣,娣,娣,dì,di,4,ㄉㄧ
擏,擏,擏,jìng,jing,4,ㄐㄧㄥ
阋,鬩,阋,xì,xi,4,ㄒㄧ
國,國,国,guó,guo,2,ㄍㄨㄛ
劧,劧,劧,zhǐ,zhi,3,ㄓ
㲤,㲤,㲤,㲤,㲤,,
㺠,㺠,㺠,yòu,you,4,ㄧㄡ
訇,訇,訇,hōng,hong,1,ㄏㄨㄥ
濲,濲,濲,gǔ,gu,3,ㄍㄨ
炭,炭,炭,tàn,tan,4,ㄊㄢ
蓀,蓀,荪,sūn,sun,1,ㄙㄨㄣ
踎,踎,踎,踎,踎,,
嬦,嬦,嬦,chóu,chou,2,ㄔㄡ
港,港,港,gǎng,gang,3,ㄍㄤ
稇,稇,稇,kǔn,kun,3,ㄎㄨㄣ
勶,勶,勶,chè,che,4,ㄔㄜ
衲,衲,衲,nà,na,4,ㄋㄚ
較,較,较,jiào,jiao,4,ㄐㄧㄠ
舡,舡,舡,gāng,gang,1,ㄍㄤ
节,節,节,jié,jie,2,ㄐㄧㄝ
猋,猋,猋,biāo,biao,1,ㄅㄧㄠ
鰽,鰽,鰽,qíu,qiu,2,ㄑㄧㄡ
䁏,䁏,䁏,yǎo,yao,3,ㄧㄠ
俖,俖,俖,pǎi,pai,3,ㄆㄞ
燰,燰,燰,wēi,wei,1,ㄨㄟ
曌,曌,曌,zhào,zhao,4,ㄓㄠ
幎,幎,幎,mì,mi,4,ㄇㄧ
滦,灤,滦,luán,luan,2,ㄌㄨㄢ
簵,簵,簵,dù,du,4,ㄉㄨ
啯,啯,啯,guo,guo,5,ㄍㄨㄛ
饽,餑,饽,bó,bo,2,ㄅㄛ
臈,臈,臈,là,la,4,ㄌㄚ
䔾,䔾,䔾,è,e,4,ㄜ
䝩,䝩,䝩,zhèn,zhen,4,ㄓㄣ
㣫,㣫,㣫,zhǒng,zhong,3,ㄓㄨㄥ
祑,祑,祑,zhì,zhi,4,ㄓ
䵊,䵊,䵊,䵊,䵊,,
詨,詨,詨,jiāo,jiao,1,ㄐㄧㄠ
念,念,念,niàn,nian,4,ㄋㄧㄢ
蕣,蕣,蕣,shùn,shun,4,ㄕㄨㄣ
倮,倮,倮,luǒ,luo,3,ㄌㄨㄛ
豿,豿,豿,gǒu,gou,3,ㄍㄡ
怤,怤,怤,fū,fu,1,ㄈㄨ
砤,砤,砤,tuó,tuo,2,ㄊㄨㄛ
㒁,㒁,㒁,yǔ,yu,3,ㄩ
䗈,䗈,䗈,méng,meng,2,ㄇㄥ
颼,颼,飕,sōu,sou,1,ㄙㄡ
攅,攅,攅,zǎn,zan,3,ㄗㄢ
懞,懞,蒙,méng,meng,2,ㄇㄥ
獅,獅,狮,shī,shi,1,ㄕ
吚,吚,吚,yī,yi,1,ㄧ
餅,餅,饼,bǐng,bing,3,ㄅㄧㄥ
绝,絕,绝,jué,jue,2,ㄐㄩㄝ
嵍,嵍,嵍,wù,wu,4,ㄨ
䞪,䞪,䞪,jiàng,jiang,4,ㄐㄧㄤ
啸,嘯,啸,xiào,xiao,4,ㄒㄧㄠ
鵷,鵷,鹓,yuān,yuan,1,ㄩㄢ
栊,櫳,栊,lóng,long,2,ㄌㄨㄥ
閎,閎,闳,hóng,hong,2,ㄏㄨㄥ
揰,揰,揰,chòng,chong,4,ㄔㄨㄥ
硲,硲,硲,yù,yu,4,ㄩ
妻,妻,妻,qī,qi,1,ㄑㄧ
䪓,䪓,䪓,䪓,䪓,,
䄠,䄠,䄠,shàn,shan,4,ㄕㄢ
壋,壋,垱,dàng,dang,4,ㄉㄤ
䀺,䀺,䀺,䀺,䀺,,
鵛,鵛,鵛,jīng,jing,1,ㄐㄧㄥ
刋,刋,刋,qiàn,qian,4,ㄑㄧㄢ
皯,皯,皯,gǎn,gan,3,ㄍㄢ
䆿,䆿,䆿,yì,yi,4,ㄧ
㠓,㠓,㠓,méng,meng,2,ㄇㄥ
輅,輅,辂,lù,lu,4,ㄌㄨ
亄,亄,亄,yì,yi,4,ㄧ
跥,跥,跥,duò,duo,4,ㄉㄨㄛ
㪌,㪌,㪌,tǒng,tong,3,ㄊㄨㄥ
䍼,䍼,䍼,cán,can,2,ㄘㄢ
櫵,櫵,櫵,櫵,櫵,,
饙,饙,饙,fēn,fen,1,ㄈㄣ
賮,賮,賮,jìn,jin,4,ㄐㄧㄣ
嶓,嶓,嶓,bō,bo,1,ㄅㄛ
䛦,䛦,䛦,sòng,song,4,ㄙㄨㄥ
喳,喳,喳,zhā,zha,1,ㄓㄚ
䄘,䄘,䄘,péng,peng,2,ㄆㄥ
䞔,䞔,䞔,wěi,wei,3,ㄨㄟ
甾,甾,甾,zī,zi,1,ㄗ
㽾,㽾,㽾,wù,wu,4,ㄨ
䳗,䳗,䳗,é,e,2,ㄜ
鱠,鱠,鲙,kuài,kuai,4,ㄎㄨㄞ
牫,牫,牫,gē,ge,1,ㄍㄜ
鼉,鼉,鼍,tuó,tuo,2,ㄊㄨㄛ
㻵,㻵,㻵,zhàn,zhan,4,ㄓㄢ
㠉,㠉,㠉,tóng,tong,2,ㄊㄨㄥ
奬,奬,奖,jiǎng,jiang,3,ㄐㄧㄤ
黉,黌,黉,héng,heng,2,ㄏㄥ
㢀,㢀,㢀,cì,ci,4,ㄘ
㷰,㷰,㷰,lí,li,2,ㄌㄧ
炜,煒,炜,wěi,wei,3,ㄨㄟ
只,隻,只,zhǐ,zhi,3,ㄓ
噫,噫,噫,yī,yi,1,ㄧ
裹,裹,裹,guǒ,guo,3,ㄍㄨㄛ
荁,荁,荁,huán,huan,2,ㄏㄨㄢ
点,點,点,diǎn,dian,3,ㄉㄧㄢ
㥌,㥌,㥌,jú,ju,2,ㄐㄩ
䖊,䖊,䖊,yí,yi,2,ㄧ
钪,鈧,钪,kàng,kang,4,ㄎㄤ
巑,巑,巑,cuán,cuan,2,ㄘㄨㄢ
勱,勱,劢,mài,mai,4,ㄇㄞ
襴,襴,襕,lán,lan,2,ㄌㄢ
厰,厰,厰,chǎng,chang,3,ㄔㄤ
㸚,㸚,㸚,lǐ,li,3,ㄌㄧ
䂀,䂀,䂀,xī,xi,1,ㄒㄧ
华,華,华,huá,hua,2,ㄏㄨㄚ
墧,墧,墧,què,que,4,ㄑㄩㄝ
質,質,质,zhì,zhi,4,ㄓ
侚,侚,侚,xùn,xun,4,ㄒㄩㄣ
頂,頂,顶,dǐng,ding,3,ㄉㄧㄥ
眯,眯,眯,mǐ,mi,3,ㄇㄧ
忆,憶,忆,yì,yi,4,ㄧ
㺴,㺴,㺴,㺴,㺴,,
鰚,鰚,鰚,鰚,鰚,,
繅,繅,缫,sāo,sao,1,ㄙㄠ
䉓,䉓,䉓,léi,lei,2,ㄌㄟ
梣,梣,梣,cén,cen,2,ㄘㄣ
弬,弬,弬,yí,yi,2,ㄧ
饿,餓,饿,è,e,4,ㄜ
惆,惆,惆,chóu,chou,2,ㄔㄡ
䙲,䙲,䙲,䙲,䙲,,
傽,傽,傽,zhāng,zhang,1,ㄓㄤ
䈪,䈪,䈪,xì,xi,4,ㄒㄧ
讘,讘,讘,zhé,zhe,2,ㄓㄜ
膜,膜,膜,mò,mo,4,ㄇㄛ
鑣,鑣,镳,biāo,biao,1,ㄅㄧㄠ
焉,焉,焉,yān,yan,1,ㄧㄢ
飉,飉,飉,liáo,liao,2,ㄌㄧㄠ
鏕,鏕,鏕,lù,lu,4,ㄌㄨ
疹,疹,疹,zhěn,zhen,3,ㄓㄣ
礒,礒,礒,yǐ,yi,3,ㄧ
闉,闉,闉,yīn,yin,1,ㄧㄣ
㐵,㐵,㐵,㐵,㐵,,
㓘,㓘,㓘,sù,su,4,ㄙㄨ
睉,睉,睉,cuō,cuo,1,ㄘㄨㄛ
睹,睹,睹,dǔ,du,3,ㄉㄨ
麓,麓,麓,lù,lu,4,ㄌㄨ
刧,刧,刧,jié,jie,2,ㄐㄧㄝ
篔,篔,篔,yún,yun,2,ㄩㄣ
瑎,瑎,瑎,jiē,jie,1,ㄐㄧㄝ
盉,盉,盉,hé,he,2,ㄏㄜ
䨨,䨨,䨨,䨨,䨨,,
㐨,㐨,㐨,xù,xu,4,ㄒㄩ
灎,灎,灎,yàn,yan,4,ㄧㄢ
䟝,䟝,䟝,tòu,tou,4,ㄊㄡ
㚬,㚬,㚬,㚬,㚬,,
視,視,视,shì,shi,4,ㄕ
䐤,䐤,䐤,chí,chi,2,ㄔ
姶,姶,姶,yǎn,yan,3,ㄧㄢ
搤,搤,搤,è,e,4,ㄜ
淧,淧,淧,mì,mi,4,ㄇㄧ
螐,螐,螐,wū,wu,1,ㄨ
㢂,㢂,㢂,yǎn,yan,3,ㄧㄢ
㘿,㘿,㘿,niè,nie,4,ㄋㄧㄝ
迻,迻,迻,yí,yi,2,ㄧ
㓊,㓊,㓊,dòng,dong,4,ㄉㄨㄥ
㿈,㿈,㿈,㿈,㿈,,
䲛,䲛,䲛,méng,meng,2,ㄇㄥ
筍,筍,笋,sǔn,sun,3,ㄙㄨㄣ
膣,膣,膣,zhì,zhi,4,ㄓ
棰,棰,棰,chúi,chui,2,ㄔㄨㄟ
勥,勥,勥,qiǎng,qiang,3,ㄑㄧㄤ
慱,慱,慱,tuán,tuan,2,ㄊㄨㄢ
骁,驍,骁,xiāo,xiao,1,ㄒㄧㄠ
㘼,㘼,㘼,㘼,㘼,,
鞛,鞛,鞛,běng,beng,3,ㄅㄥ
萝,蘿,萝,luó,luo,2,ㄌㄨㄛ
䓦,䓦,䓦,diǎn,dian,3,ㄉㄧㄢ
鉄,鉄,鉄,tiě,tie,3,ㄊㄧㄝ
迅,迅,迅,xùn,xun,4,ㄒㄩㄣ
镤,鏷,镤,pú,pu,2,ㄆㄨ
㵩,㵩,㵩,yì,yi,4,ㄧ
蚈,蚈,蚈,qiān,qian,1,ㄑㄧㄢ
亠,亠,亠,tóu,tou,2,ㄊㄡ
肸,肸,肸,xì,xi,4,ㄒㄧ
㺫,㺫,㺫,qíu,qiu,2,ㄑㄧㄡ
袝,袝,袝,fù,fu,4,ㄈㄨ
㘆,㘆,㘆,tái,tai,2,ㄊㄞ
䡡,䡡,䡡,xié,xie,2,ㄒㄧㄝ
狗,狗,狗,gǒu,gou,3,ㄍㄡ
勬,勬,勬,juàn,juan,4,ㄐㄩㄢ
盝,盝,盝,lù,lu,4,ㄌㄨ
遨,遨,遨,áo,ao,2,ㄠ
䆀,䆀,䆀,měi,mei,3,ㄇㄟ
鮌,鮌,鮌,gǔn,gun,3,ㄍㄨㄣ
㟁,㟁,㟁,àn,an,4,ㄢ
鮋,鮋,鲉,yóu,you,2,ㄧㄡ
瓠,瓠,瓠,hù,hu,4,ㄏㄨ
漋,漋,漋,lóng,long,2,ㄌㄨㄥ
䕬,䕬,䕬,䕬,䕬,,
岥,岥,岥,bēi,bei,1,ㄅㄟ
萋,萋,萋,qī,qi,1,ㄑㄧ
髶,髶,髶,róng,rong,2,ㄖㄨㄥ
冊,冊,册,cè,ce,4,ㄘㄜ
方,方,方,fāng,fang,1,ㄈㄤ
㒝,㒝,㒝,miè,mie,4,ㄇㄧㄝ
禴,禴,禴,yuè,yue,4,ㄩㄝ
醀,醀,醀,wéi,wei,2,ㄨㄟ
讃,讃,讃,zàn,zan,4,ㄗㄢ
衻,衻,衻,rán,ran,2,ㄖㄢ
䜁,䜁,䜁,xì,xi,4,ㄒㄧ
䌆,䌆,䌆,gùi,gui,4,ㄍㄨㄟ
炞,炞,炞,炞,炞,,
䉕,䉕,䉕,céng,ceng,2,ㄘㄥ
敍,敍,敍,xù,xu,4,ㄒㄩ
咦,咦,咦,yí,yi,2,ㄧ
螜,螜,螜,hú,hu,2,ㄏㄨ
琵,琵,琵,pí,pi,2,ㄆㄧ
喤,喤,喤,huáng,huang,2,ㄏㄨㄤ
虾,蝦,虾,xiā,xia,1,ㄒㄧㄚ
擧,擧,擧,jǔ,ju,3,ㄐㄩ
曊,曊,曊,fèi,fei,4,ㄈㄟ
湓,湓,湓,pén,pen,2,ㄆㄣ
瓦,瓦,瓦,wǎ,wa,3,ㄨㄚ
俩,倆,俩,liǎ,lia,3,ㄌㄧㄚ
己,己,己,jǐ,ji,3,ㄐㄧ
吿,吿,吿,gào,gao,4,ㄍㄠ
遈,遈,遈,shí,shi,2,ㄕ
榁,榁,榁,榁,榁,,
美,美,美,měi,mei,3,ㄇㄟ
彉,彉,彉,kuò,kuo,4,ㄎㄨㄛ
逝,逝,逝,shì,shi,4,ㄕ
篇,篇,篇,piān,pian,1,ㄆㄧㄢ
䲝,䲝,䲝,䲝,䲝,,
仭,仭,仭,rèn,ren,4,ㄖㄣ
垕,垕,垕,hòu,hou,4,ㄏㄡ
㽲,㽲,㽲,jiǎo,jiao,3,ㄐㄧㄠ
馎,餺,馎,bó,bo,2,ㄅㄛ
丁,丁,丁,dīng,ding,1,ㄉㄧㄥ
鼽,鼽,鼽,qíu,qiu,2,ㄑㄧㄡ
魬,魬,魬,fǎn,fan,3,ㄈㄢ
氯,氯,氯,lv̀,lu,4,ㄌㄨ
芨,芨,芨,jí,ji,2,ㄐㄧ
眦,眥,眦,zì,zi,4,ㄗ
藿,藿,藿,huò,huo,4,ㄏㄨㄛ
㮼,㮼,㮼,㮼,㮼,,
蔓,蔓,蔓,màn,man,4,ㄇㄢ
獝,獝,獝,yù,yu,4,ㄩ
栘,栘,栘,yǐ,yi,3,ㄧ
葃,葃,葃,zuó,zuo,2,ㄗㄨㄛ
鵻,鵻,鵻,zhūi,zhui,1,ㄓㄨㄟ
庰,庰,庰,dīng,ding,1,ㄉㄧㄥ
嶯,嶯,嶯,jí,ji,2,ㄐㄧ
窶,窶,窭,jù,ju,4,ㄐㄩ
镞,鏃,镞,zú,zu,2,ㄗㄨ
肜,肜,肜,róng,rong,2,ㄖㄨㄥ
鷴,鷴,鷴,xián,xian,2,ㄒㄧㄢ
刍,芻,刍,chú,chu,2,ㄔㄨ
䓸,䓸,䓸,䓸,䓸,,
诛,誅,诛,zhū,zhu,1,ㄓㄨ
暔,暔,暔,nán,nan,2,ㄋㄢ
琄,琄,琄,quǎn,quan,3,ㄑㄩㄢ
胇,胇,胇,fèi,fei,4,ㄈㄟ
䜡,䜡,䜡,xù,xu,4,ㄒㄩ
箤,箤,箤,jú,ju,2,ㄐㄩ
訒,訒,讱,rèn,ren,4,ㄖㄣ
鳻,鳻,鳻,fēn,fen,1,ㄈㄣ
蠩,蠩,蠩,zhū,zhu,1,ㄓㄨ
㡲,㡲,㡲,huán,huan,2,ㄏㄨㄢ
籉,籉,籉,tái,tai,2,ㄊㄞ
肁,肁,肁,zhào,zhao,4,ㄓㄠ
鲬,鯒,鲬,yǒng,yong,3,ㄩㄥ
遪,遪,遪,cè,ce,4,ㄘㄜ
㯺,㯺,㯺,jiàn,jian,4,ㄐㄧㄢ
壬,壬,壬,rén,ren,2,ㄖㄣ
松,鬆,松,sōng,song,1,ㄙㄨㄥ
㮿,㮿,㮿,bì,bi,4,ㄅㄧ
沉,沉,沉,chén,chen,2,ㄔㄣ
叕,叕,叕,zhuó,zhuo,2,ㄓㄨㄛ
㮍,㮍,㮍,㮍,㮍,,
㡉,㡉,㡉,xián,xian,2,ㄒㄧㄢ
墰,墰,墰,tán,tan,2,ㄊㄢ
裣,襝,裣,liàn,lian,4,ㄌㄧㄢ
籞,籞,籞,yù,yu,4,ㄩ
釽,釽,釽,pī,pi,1,ㄆㄧ
灨,灨,灨,gǎn,gan,3,ㄍㄢ
眉,眉,眉,méi,mei,2,ㄇㄟ
薐,薐,薐,léng,leng,2,ㄌㄥ
泚,泚,泚,cǐ,ci,3,ㄘ
曗,曗,曗,yè,ye,4,ㄧㄝ
郁,鬱,郁,yù,yu,4,ㄩ
㠑,㠑,㠑,zùi,zui,4,ㄗㄨㄟ
擗,擗,擗,pì,pi,4,ㄆㄧ
僕,僕,仆,pú,pu,2,ㄆㄨ
琔,琔,琔,diàn,dian,4,ㄉㄧㄢ
紂,紂,纣,zhòu,zhou,4,ㄓㄡ
勺,勺,勺,sháo,shao,2,ㄕㄠ
疀,疀,疀,chā,cha,1,ㄔㄚ
麎,麎,麎,chén,chen,2,ㄔㄣ
錌,錌,錌,àn,an,4,ㄢ
瑞,瑞,瑞,rùi,rui,4,ㄖㄨㄟ
曥,曥,曥,lú,lu,2,ㄌㄨ
讈,讈,讈,lì,li,4,ㄌㄧ
㘇,㘇,㘇,róng,rong,2,ㄖㄨㄥ
橸,橸,橸,橸,橸,,
弨,弨,弨,chāo,chao,1,ㄔㄠ
踹,踹,踹,chuài,chuai,4,ㄔㄨㄞ
艤,艤,舣,yǐ,yi,3,ㄧ
钃,钃,钃,shǔ,shu,3,ㄕㄨ
赩,赩,赩,xì,xi,4,ㄒㄧ
喦,喦,喦,niè,nie,4,ㄋㄧㄝ
曺,曺,曺,cáo,cao,2,ㄘㄠ
啱,啱,啱,yān,yan,1,ㄧㄢ
霱,霱,霱,yù,yu,4,ㄩ
唫,唫,唫,yín,yin,2,ㄧㄣ
䤈,䤈,䤈,䤈,䤈,,
㠌,㠌,㠌,㠌,㠌,,
勖,勖,勖,xù,xu,4,ㄒㄩ
妉,妉,妉,dān,dan,1,ㄉㄢ
煯,煯,煯,煯,煯,,
㹈,㹈,㹈,lí,li,2,ㄌㄧ
珷,珷,珷,wǔ,wu,3,ㄨ
㞿,㞿,㞿,chì,chi,4,ㄔ
䄹,䄹,䄹,nián,nian,2,ㄋㄧㄢ
去,去,去,qù,qu,4,ㄑㄩ
沱,沱,沱,tuó,tuo,2,ㄊㄨㄛ
霦,霦,霦,bīn,bin,1,ㄅㄧㄣ
偮,偮,偮,jí,ji,2,ㄐㄧ
㘴,㘴,㘴,zuò,zuo,4,ㄗㄨㄛ
镪,鏹,镪,qiāng,qiang,1,ㄑㄧㄤ
炋,炋,炋,pī,pi,1,ㄆㄧ
榩,榩,榩,qián,qian,2,ㄑㄧㄢ
秿,秿,秿,fǔ,fu,3,ㄈㄨ
竩,竩,竩,yì,yi,4,ㄧ
䲞,䲞,䲞,lì,li,4,ㄌㄧ
嚢,嚢,嚢,náng,nang,2,ㄋㄤ
豭,豭,豭,jiā,jia,1,ㄐㄧㄚ
䌯,䌯,䌯,guàn,guan,4,ㄍㄨㄢ
怅,悵,怅,chàng,chang,4,ㄔㄤ
荣,榮,荣,róng,rong,2,ㄖㄨㄥ
擽,擽,擽,lvè,lue,4,
䡻,䡻,䡻,mín,min,2,ㄇㄧㄣ
辷,辷,辷,辷,辷,,
霙,霙,霙,yīng,ying,1,ㄧㄥ
㮚,㮚,㮚,lì,li,4,ㄌㄧ
裋,裋,裋,shù,shu,4,ㄕㄨ
隔,隔,隔,gé,ge,2,ㄍㄜ
锄,鋤,锄,chú,chu,2,ㄔㄨ
䆙,䆙,䆙,yáo,yao,2,ㄧㄠ
胎,胎,胎,tāi,tai,1,ㄊㄞ
嫊,嫊,嫊,sù,su,4,ㄙㄨ
㧢,㧢,㧢,㧢,㧢,,
謴,謴,謴,guàn,guan,4,ㄍㄨㄢ
歋,歋,歋,yí,yi,2,ㄧ
㨓,㨓,㨓,láo,lao,2,ㄌㄠ
瀧,瀧,泷,lóng,long,2,ㄌㄨㄥ
嚰,嚰,嚰,mó,mo,2,ㄇㄛ
愠,慍,愠,yùn,yun,4,ㄩㄣ
檷,檷,檷,mí,mi,2,ㄇㄧ
夕,夕,夕,xī,xi,1,ㄒㄧ
懮,懮,懮,yǒu,you,3,ㄧㄡ
鞮,鞮,鞮,dī,di,1,ㄉㄧ
柇,柇,柇,hé,he,2,ㄏㄜ
巎,巎,巎,náo,nao,2,ㄋㄠ
趔,趔,趔,liè,lie,4,ㄌㄧㄝ
鹰,鷹,鹰,yīng,ying,1,ㄧㄥ
䮤,䮤,䮤,dí,di,2,ㄉㄧ
鶧,鶧,鶧,yīng,ying,1,ㄧㄥ
媊,媊,媊,qián,qian,2,ㄑㄧㄢ
椹,椹,椹,shèn,shen,4,ㄕㄣ
覦,覦,觎,yú,yu,2,ㄩ
迦,迦,迦,jiā,jia,1,ㄐㄧㄚ
㗒,㗒,㗒,ài,ai,4,ㄞ
轭,軛,轭,è,e,4,ㄜ
絔,絔,絔,bǎi,bai,3,ㄅㄞ
䏼,䏼,䏼,cán,can,2,ㄘㄢ
㸼,㸼,㸼,㸼,㸼,,
㐶,㐶,㐶,㐶,㐶,,
陋,陋,陋,lòu,lou,4,ㄌㄡ
㙈,㙈,㙈,hán,han,2,ㄏㄢ
烮,烮,烮,烮,烮,,
䪍,䪍,䪍,lán,lan,2,ㄌㄢ
囪,囪,囱,cōng,cong,1,ㄘㄨㄥ
辭,辭,辞,cí,ci,2,ㄘ
䤚,䤚,䤚,lǐ,li,3,ㄌㄧ
蓾,蓾,蓾,lǔ,lu,3,ㄌㄨ
獠,獠,獠,liáo,liao,2,ㄌㄧㄠ
䞄,䞄,䞄,biào,biao,4,ㄅㄧㄠ
鏈,鏈,链,liàn,lian,4,ㄌㄧㄢ
䪌,䪌,䪌,zhàn,zhan,4,ㄓㄢ
玓,玓,玓,dì,di,4,ㄉㄧ
心,心,心,xīn,xin,1,ㄒㄧㄣ
䏅,䏅,䏅,qì,qi,4,ㄑㄧ
奸,奸,奸,jiān,jian,1,ㄐㄧㄢ
磭,磭,磭,chuò,chuo,4,ㄔㄨㄛ
䏿,䏿,䏿,qǐ,qi,3,ㄑㄧ
鼑,鼑,鼑,dǐng,ding,3,ㄉㄧㄥ
痲,痲,痲,má,ma,2,ㄇㄚ
䄒,䄒,䄒,niè,nie,4,ㄋㄧㄝ
郠,郠,郠,gěng,geng,3,ㄍㄥ
䓘,䓘,䓘,jìu,jiu,4,ㄐㄧㄡ
䳫,䳫,䳫,kúi,kui,2,ㄎㄨㄟ
戌,戌,戌,xū,xu,1,ㄒㄩ
齷,齷,龌,wò,wo,4,ㄨㄛ
盂,盂,盂,yú,yu,2,ㄩ
䔆,䔆,䔆,lí,li,2,ㄌㄧ
縺,縺,縺,lián,lian,2,ㄌㄧㄢ
㢱,㢱,㢱,㢱,㢱,,
昦,昦,昦,hào,hao,4,ㄏㄠ
羋,羋,芈,mǐ,mi,3,ㄇㄧ
稰,稰,稰,xū,xu,1,ㄒㄩ
餱,餱,糇,hóu,hou,2,ㄏㄡ
欱,欱,欱,xià,xia,4,ㄒㄧㄚ
滢,瀅,滢,yìng,ying,4,ㄧㄥ
徺,徺,徺,jiǎo,jiao,3,ㄐㄧㄠ
鉻,鉻,铬,gè,ge,4,ㄍㄜ
枡,枡,枡,dǒu,dou,3,ㄉㄡ
熨,熨,熨,yùn,yun,4,ㄩㄣ
萼,萼,萼,è,e,4,ㄜ
睳,睳,睳,xī,xi,1,ㄒㄧ
队,隊,队,dùi,dui,4,ㄉㄨㄟ
㯧,㯧,㯧,㯧,㯧,,
祁,祁,祁,qí,qi,2,ㄑㄧ
㼳,㼳,㼳,shěng,sheng,3,ㄕㄥ
僜,僜,僜,dèng,deng,4,ㄉㄥ
緰,緰,緰,yú,yu,2,ㄩ
贪,貪,贪,tān,tan,1,ㄊㄢ
柮,柮,柮,duò,duo,4,ㄉㄨㄛ
痺,痺,痺,bì,bi,4,ㄅㄧ
箍,箍,箍,gū,gu,1,ㄍㄨ
鋰,鋰,锂,lǐ,li,3,ㄌㄧ
䜫,䜫,䜫,hóng,hong,2,ㄏㄨㄥ
䠺,䠺,䠺,䠺,䠺,,
硟,硟,硟,chàn,chan,4,ㄔㄢ
谟,謨,谟,mó,mo,2,ㄇㄛ
縳,縳,縳,zhuàn,zhuan,4,ㄓㄨㄢ
獆,獆,獆,háo,hao,2,ㄏㄠ
蒉,蕢,蒉,kùi,kui,4,ㄎㄨㄟ
䀐,䀐,䀐,sǎn,san,3,ㄙㄢ
鉗,鉗,钳,qián,qian,2,ㄑㄧㄢ
硤,硤,硖,xiá,xia,2,ㄒㄧㄚ
㼩,㼩,㼩,chéng,cheng,2,ㄔㄥ
鄤,鄤,鄤,màn,man,4,ㄇㄢ
渘,渘,渘,róu,rou,2,ㄖㄡ
貍,貍,貍,lí,li,2,ㄌㄧ
髒,髒,脏,zāng,zang,1,ㄗㄤ
㲏,㲏,㲏,bǎo,bao,3,ㄅㄠ
犰,犰,犰,qíu,qiu,2,ㄑㄧㄡ
㻐,㻐,㻐,㻐,㻐,,
敟,敟,敟,diǎn,dian,3,ㄉㄧㄢ
屜,屜,屉,tì,ti,4,ㄊㄧ
璢,璢,璢,líu,liu,2,ㄌㄧㄡ
硠,硠,硠,lǎng,lang,3,ㄌㄤ
祰,祰,祰,gào,gao,4,ㄍㄠ
縟,縟,缛,rù,ru,4,ㄖㄨ
佖,佖,佖,bì,bi,4,ㄅㄧ
㾭,㾭,㾭,zhòu,zhou,4,ㄓㄡ
㩥,㩥,㩥,㩥,㩥,,
橑,橑,橑,lǎo,lao,3,ㄌㄠ
㻎,㻎,㻎,lì,li,4,ㄌㄧ
紋,紋,纹,wén,wen,2,ㄨㄣ
㵐,㵐,㵐,jué,jue,2,ㄐㄩㄝ
䪃,䪃,䪃,䪃,䪃,,
慰,慰,慰,wèi,wei,4,ㄨㄟ
幵,幵,幵,qiān,qian,1,ㄑㄧㄢ
㪁,㪁,㪁,qín,qin,2,ㄑㄧㄣ
㸟,㸟,㸟,㸟,㸟,,
篩,篩,筛,shāi,shai,1,ㄕㄞ
蝙,蝙,蝙,biān,bian,1,ㄅㄧㄢ
邿,邿,邿,shī,shi,1,ㄕ
㵒,㵒,㵒,fèi,fei,4,ㄈㄟ
糭,糭,糭,zòng,zong,4,ㄗㄨㄥ
耥,耥,耥,tǎng,tang,3,ㄊㄤ
塟,塟,塟,zàng,zang,4,ㄗㄤ
犮,犮,犮,bá,ba,2,ㄅㄚ
䆟,䆟,䆟,gé,ge,2,ㄍㄜ
唴,唴,唴,qiàng,qiang,4,ㄑㄧㄤ
䦔,䦔,䦔,tǎn,tan,3,ㄊㄢ
矈,矈,矈,mián,mian,2,ㄇㄧㄢ
㜽,㜽,㜽,zǐ,zi,3,ㄗ
绋,紼,绋,fú,fu,2,ㄈㄨ
氖,氖,氖,nǎi,nai,3,ㄋㄞ
戚,戚,戚,qī,qi,1,ㄑㄧ
示,示,示,shì,shi,4,ㄕ
駡,駡,骂,mà,ma,4,ㄇㄚ
㿤,㿤,㿤,chǔn,chun,3,ㄔㄨㄣ
䕈,䕈,䕈,xiè,xie,4,ㄒㄧㄝ
墘,墘,墘,qí,qi,2,ㄑㄧ
叢,叢,丛,cóng,cong,2,ㄘㄨㄥ
滔,滔,滔,tāo,tao,1,ㄊㄠ
里,裏,里,lǐ,li,3,ㄌㄧ
扖,扖,扖,扖,扖,,
鱻,鱻,鱻,xiān,xian,1,ㄒㄧㄢ
㟓,㟓,㟓,qí,qi,2,ㄑㄧ
谻,谻,谻,jué,jue,2,ㄐㄩㄝ
㧠,㧠,㧠,㧠,㧠,,
烘,烘,烘,hōng,hong,1,ㄏㄨㄥ
㱞,㱞,㱞,jí,ji,2,ㄐㄧ
懤,懤,懤,chóu,chou,2,ㄔㄡ
齳,齳,齳,něn,nen,3,ㄋㄣ
骾,骾,骾,gěng,geng,3,ㄍㄥ
䩺,䩺,䩺,䩺,䩺,,
郥,郥,郥,bèi,bei,4,ㄅㄟ
㞈,㞈,㞈,㞈,㞈,,
栖,棲,栖,qī,qi,1,ㄑㄧ
毉,毉,毉,yī,yi,1,ㄧ
㭝,㭝,㭝,qíu,qiu,2,ㄑㄧㄡ
辘,轆,辘,lù,lu,4,ㄌㄨ
趿,趿,趿,sà,sa,4,ㄙㄚ
煷,煷,煷,煷,煷,,
遽,遽,遽,jù,ju,4,ㄐㄩ
颸,颸,飔,sī,si,1,ㄙ
㧚,㧚,㧚,wǎ,wa,3,ㄨㄚ
㞽,㞽,㞽,xuè,xue,4,ㄒㄩㄝ
棲,棲,栖,qī,qi,1,ㄑㄧ
侣,侶,侣,lǔ,lu,3,ㄌㄨ
㦺,㦺,㦺,rǔ,ru,3,ㄖㄨ
迿,迿,迿,xùn,xun,4,ㄒㄩㄣ
䑕,䑕,䑕,shǔ,shu,3,ㄕㄨ
婊,婊,婊,biǎo,biao,3,ㄅㄧㄠ
䝤,䝤,䝤,lǎo,lao,3,ㄌㄠ
斄,斄,斄,lì,li,4,ㄌㄧ
馒,饅,馒,mán,man,2,ㄇㄢ
嘗,嘗,尝,cháng,chang,2,ㄔㄤ
塏,塏,垲,kǎi,kai,3,ㄎㄞ
鍑,鍑,鍑,fù,fu,4,ㄈㄨ
㑳,㑳,㑇,zhòu,zhou,4,ㄓㄡ
㟥,㟥,㟥,㟥,㟥,,
怳,怳,怳,huǎng,huang,3,ㄏㄨㄤ
鐉,鐉,鐉,quān,quan,1,ㄑㄩㄢ
㡅,㡅,㡅,nuǒ,nuo,3,ㄋㄨㄛ
焑,焑,焑,焑,焑,,
㪬,㪬,㪬,zhuó,zhuo,2,ㄓㄨㄛ
䳘,䳘,䳘,é,e,2,ㄜ
鄸,鄸,鄸,méng,meng,2,ㄇㄥ
粷,粷,粷,jú,ju,2,ㄐㄩ
䂬,䂬,䂬,gǒng,gong,3,ㄍㄨㄥ
㟳,㟳,㟳,lì,li,4,ㄌㄧ
旉,旉,旉,fū,fu,1,ㄈㄨ
躛,躛,躛,wèi,wei,4,ㄨㄟ
柬,柬,柬,jiǎn,jian,3,ㄐㄧㄢ
梌,梌,梌,tú,tu,2,ㄊㄨ
䎽,䎽,䎽,wén,wen,2,ㄨㄣ
䫚,䫚,䫚,䫚,䫚,,
㫄,㫄,㫄,páng,pang,2,ㄆㄤ
捎,捎,捎,shāo,shao,1,ㄕㄠ
汣,汣,汣,汣,汣,,
黟,黟,黟,yī,yi,1,ㄧ
迫,迫,迫,pò,po,4,ㄆㄛ
㗝,㗝,㗝,㗝,㗝,,
練,練,练,liàn,lian,4,ㄌㄧㄢ
婔,婔,婔,婔,婔,,
凵,凵,凵,qū,qu,1,ㄑㄩ
陱,陱,陱,jū,ju,1,ㄐㄩ
藪,藪,薮,sǒu,sou,3,ㄙㄡ
赋,賦,赋,fù,fu,4,ㄈㄨ
沏,沏,沏,qī,qi,1,ㄑㄧ
豲,豲,豲,huán,huan,2,ㄏㄨㄢ
㓫,㓫,㓫,㓫,㓫,,
楩,楩,楩,pián,pian,2,ㄆㄧㄢ
蕈,蕈,蕈,xùn,xun,4,ㄒㄩㄣ
烥,烥,烥,烥,烥,,
齚,齚,齚,cuò,cuo,4,ㄘㄨㄛ
禎,禎,祯,zhēn,zhen,1,ㄓㄣ
䧄,䧄,䧄,gè,ge,4,ㄍㄜ
㷖,㷖,㷖,zhào,zhao,4,ㄓㄠ
扨,扨,扨,rèn,ren,4,ㄖㄣ
嬭,嬭,嬭,nǎi,nai,3,ㄋㄞ
绂,紱,绂,fú,fu,2,ㄈㄨ
㴣,㴣,㴣,㴣,㴣,,
蠭,蠭,蠭,fēng,feng,1,ㄈㄥ
㫽,㫽,㫽,lù,lu,4,ㄌㄨ
廒,廒,廒,áo,ao,2,ㄠ
瞄,瞄,瞄,miáo,miao,2,ㄇㄧㄠ
阔,闊,阔,kuò,kuo,4,ㄎㄨㄛ
黺,黺,黺,fěn,fen,3,ㄈㄣ
儗,儗,儗,nǐ,ni,3,ㄋㄧ
鐝,鐝,镢,jué,jue,2,ㄐㄩㄝ
寉,寉,寉,què,que,4,ㄑㄩㄝ
媽,媽,妈,mā,ma,1,ㄇㄚ
錡,錡,锜,qí,qi,2,ㄑㄧ
㯕,㯕,㯕,㯕,㯕,,
緪,緪,緪,gēng,geng,1,ㄍㄥ
萃,萃,萃,cùi,cui,4,ㄘㄨㄟ
皛,皛,皛,jiǒng,jiong,3,ㄐㄩㄥ
㿙,㿙,㿙,pì,pi,4,ㄆㄧ
莊,莊,庄,zhuāng,zhuang,1,ㄓㄨㄤ
閫,閫,阃,kǔn,kun,3,ㄎㄨㄣ
售,售,售,shòu,shou,4,ㄕㄡ
鰆,鰆,䲠,qūn,qun,1,ㄑㄩㄣ
捴,捴,捴,zǒng,zong,3,ㄗㄨㄥ
鯖,鯖,鲭,qīng,qing,1,ㄑㄧㄥ
蘡,蘡,蘡,yīng,ying,1,ㄧㄥ
馉,餶,馉,gǔ,gu,3,ㄍㄨ
㲱,㲱,㲱,liè,lie,4,ㄌㄧㄝ
镵,镵,镵,chán,chan,2,ㄔㄢ
棼,棼,棼,fén,fen,2,ㄈㄣ
威,威,威,wēi,wei,1,ㄨㄟ
珝,珝,珝,xǔ,xu,3,ㄒㄩ
槒,槒,槒,xù,xu,4,ㄒㄩ
酫,酫,酫,chuò,chuo,4,ㄔㄨㄛ
新,新,新,xīn,xin,1,ㄒㄧㄣ
嗈,嗈,嗈,yōng,yong,1,ㄩㄥ
螠,螠,螠,yì,yi,4,ㄧ
汇,匯,汇,hùi,hui,4,ㄏㄨㄟ
䘒,䘒,䘒,䘒,䘒,,
鱳,鱳,鱳,lì,li,4,ㄌㄧ
㕇,㕇,㕇,lá,la,2,ㄌㄚ
秹,秹,秹,rěn,ren,3,ㄖㄣ
婧,婧,婧,jìng,jing,4,ㄐㄧㄥ
甪,甪,甪,lù,lu,4,ㄌㄨ
浍,澮,浍,kuài,kuai,4,ㄎㄨㄞ
瓳,瓳,瓳,hú,hu,2,ㄏㄨ
㡀,㡀,㡀,bì,bi,4,ㄅㄧ
鍛,鍛,锻,duàn,duan,4,ㄉㄨㄢ
腌,醃,腌,yān,yan,1,ㄧㄢ
罯,罯,罯,ǎn,an,3,ㄢ
顧,顧,顾,gù,gu,4,ㄍㄨ
䡞,䡞,䡞,jú,ju,2,ㄐㄩ
費,費,费,fèi,fei,4,ㄈㄟ
蚐,蚐,蚐,jūn,jun,1,ㄐㄩㄣ
蚓,蚓,蚓,yǐn,yin,3,ㄧㄣ
䖀,䖀,䖀,䖀,䖀,,
肷,膁,肷,qiān,qian,1,ㄑㄧㄢ
趒,趒,趒,tiáo,tiao,2,ㄊㄧㄠ
亴,亴,亴,yòu,you,4,ㄧㄡ
冐,冐,冐,mào,mao,4,ㄇㄠ
湵,湵,湵,yǒu,you,3,ㄧㄡ
酈,酈,郦,lì,li,4,ㄌㄧ
逬,逬,逬,bèng,beng,4,ㄅㄥ
涷,涷,涷,dōng,dong,1,ㄉㄨㄥ
讯,訊,讯,xùn,xun,4,ㄒㄩㄣ
誖,誖,誖,bó,bo,2,ㄅㄛ
蹤,蹤,踪,zōng,zong,1,ㄗㄨㄥ
㩇,㩇,㩇,huà,hua,4,ㄏㄨㄚ
槆,槆,槆,xún,xun,2,ㄒㄩㄣ
䏳,䏳,䏳,zhè,zhe,4,ㄓㄜ
掀,掀,掀,xiān,xian,1,ㄒㄧㄢ
鉠,鉠,鉠,yāng,yang,1,ㄧㄤ
飁,飁,飁,xí,xi,2,ㄒㄧ
陁,陁,陁,tuó,tuo,2,ㄊㄨㄛ
渒,渒,渒,pì,pi,4,ㄆㄧ
䟧,䟧,䟧,tián,tian,2,ㄊㄧㄢ
綛,綛,綛,綛,綛,,
卐,卐,卐,wàn,wan,4,ㄨㄢ
捘,捘,捘,zùn,zun,4,ㄗㄨㄣ
躗,躗,躗,wèi,wei,4,ㄨㄟ
傂,傂,傂,zhì,zhi,4,ㄓ
吘,吘,吘,ǒu,ou,3,ㄡ
杽,杽,杽,chǒu,chou,3,ㄔㄡ
锛,錛,锛,bēn,ben,1,ㄅㄣ
修,修,修,xīu,xiu,1,ㄒㄧㄡ
质,質,质,zhí,zhi,2,ㄓ
丫,丫,丫,yā,ya,1,ㄧㄚ
魌,魌,魌,qī,qi,1,ㄑㄧ
诗,詩,诗,shī,shi,1,ㄕ
覤,覤,覤,xì,xi,4,ㄒㄧ
䳯,䳯,䳯,chóng,chong,2,ㄔㄨㄥ
䍟,䍟,䍟,zòng,zong,4,ㄗㄨㄥ
碜,磣,碜,chěn,chen,3,ㄔㄣ
缶,缶,缶,fǒu,fou,3,ㄈㄡ
㚨,㚨,㚨,㚨,㚨,,
䓹,䓹,䓹,yì,yi,4,ㄧ
轻,輕,轻,qīng,qing,1,ㄑㄧㄥ
騹,騹,騹,lí,li,2,ㄌㄧ
豣,豣,豣,jiān,jian,1,ㄐㄧㄢ
鋙,鋙,铻,wú,wu,2,ㄨ
荸,荸,荸,bí,bi,2,ㄅㄧ
鯌,鯌,鯌,gào,gao,4,ㄍㄠ
睐,睞,睐,lài,lai,4,ㄌㄞ
舥,舥,舥,pā,pa,1,ㄆㄚ
藵,藵,藵,藵,藵,,
芐,芐,芐,xià,xia,4,ㄒㄧㄚ
伆,伆,伆,wèn,wen,4,ㄨㄣ
氍,氍,氍,qú,qu,2,ㄑㄩ
喙,喙,喙,hùi,hui,4,ㄏㄨㄟ
暘,暘,旸,yáng,yang,2,ㄧㄤ
磀,磀,磀,é,e,2,ㄜ
墐,墐,墐,jìn,jin,4,ㄐㄧㄣ
崇,崇,崇,chóng,chong,2,ㄔㄨㄥ
鵾,鵾,鵾,kūn,kun,1,ㄎㄨㄣ
藱,藱,藱,hùi,hui,4,ㄏㄨㄟ
蟨,蟨,蟨,jué,jue,2,ㄐㄩㄝ
幌,幌,幌,huǎng,huang,3,ㄏㄨㄤ
媑,媑,媑,zhòng,zhong,4,ㄓㄨㄥ
䀧,䀧,䀧,hǒng,hong,3,ㄏㄨㄥ
踢,踢,踢,tī,ti,1,ㄊㄧ
殿,殿,殿,diàn,dian,4,ㄉㄧㄢ
柄,柄,柄,bǐng,bing,3,ㄅㄧㄥ
䦦,䦦,䦦,qín,qin,2,ㄑㄧㄣ
廪,廩,廪,lǐn,lin,3,ㄌㄧㄣ
鬴,鬴,鬴,fǔ,fu,3,ㄈㄨ
镚,鏰,镚,bèng,beng,4,ㄅㄥ
䛨,䛨,䛨,xìn,xin,4,ㄒㄧㄣ
稁,稁,稁,kǎo,kao,3,ㄎㄠ
鱈,鱈,鳕,xuě,xue,3,ㄒㄩㄝ
纻,紵,纻,zhù,zhu,4,ㄓㄨ
捏,捏,捏,niē,nie,1,ㄋㄧㄝ
卬,卬,卬,áng,ang,2,ㄤ
攗,攗,攗,méi,mei,2,ㄇㄟ
愾,愾,忾,kài,kai,4,ㄎㄞ
第,第,第,dì,di,4,ㄉㄧ
瑫,瑫,瑫,tāo,tao,1,ㄊㄠ
㓀,㓀,㓀,㓀,㓀,,
糾,糾,纠,jīu,jiu,1,ㄐㄧㄡ
訹,訹,訹,xù,xu,4,ㄒㄩ
勾,勾,勾,gōu,gou,1,ㄍㄡ
喅,喅,喅,yù,yu,4,ㄩ
衎,衎,衎,kàn,kan,4,ㄎㄢ
疢,疢,疢,chèn,chen,4,ㄔㄣ
韀,韀,韀,jiān,jian,1,ㄐㄧㄢ
䶪,䶪,䶪,chá,cha,2,ㄔㄚ
罥,罥,罥,juàn,juan,4,ㄐㄩㄢ
哷,哷,哷,lè,le,4,ㄌㄜ
䟚,䟚,䟚,qí,qi,2,ㄑㄧ
能,能,能,néng,neng,2,ㄋㄥ
䅹,䅹,䅹,lóu,lou,2,ㄌㄡ
䒚,䒚,䒚,shǎo,shao,3,ㄕㄠ
跍,跍,跍,kū,ku,1,ㄎㄨ
爴,爴,爴,jué,jue,2,ㄐㄩㄝ
圡,圡,圡,tǔ,tu,3,ㄊㄨ
礱,礱,砻,lóng,long,2,ㄌㄨㄥ
盆,盆,盆,pén,pen,2,ㄆㄣ
錯,錯,错,cuò,cuo,4,ㄘㄨㄛ
誣,誣,诬,wū,wu,1,ㄨ
䱦,䱦,䱦,䱦,䱦,,
熭,熭,熭,wèi,wei,4,ㄨㄟ
廣,廣,广,guǎng,guang,3,ㄍㄨㄤ
羌,羌,羌,qiāng,qiang,1,ㄑㄧㄤ
侭,侭,侭,jǐn,jin,3,ㄐㄧㄣ
呯,呯,呯,píng,ping,2,ㄆㄧㄥ
胄,胄,胄,zhòu,zhou,4,ㄓㄡ
飺,飺,飺,cí,ci,2,ㄘ
畅,暢,畅,chàng,chang,4,ㄔㄤ
塷,塷,塷,lǔ,lu,3,ㄌㄨ
頖,頖,頖,pàn,pan,4,ㄆㄢ
臨,臨,临,lín,lin,2,ㄌㄧㄣ
詛,詛,诅,zǔ,zu,3,ㄗㄨ
短,短,短,duǎn,duan,3,ㄉㄨㄢ
璶,璶,璶,jìn,jin,4,ㄐㄧㄣ
䬤,䬤,䬤,cháo,chao,2,ㄔㄠ
庫,庫,库,kù,ku,4,ㄎㄨ
䑧,䑧,䑧,fú,fu,2,ㄈㄨ
韵,韻,韵,yùn,yun,4,ㄩㄣ
燆,燆,燆,qiáo,qiao,2,ㄑㄧㄠ
淌,淌,淌,tǎng,tang,3,ㄊㄤ
闁,闁,闁,bāo,bao,1,ㄅㄠ
㭾,㭾,㭾,jué,jue,2,ㄐㄩㄝ
挔,挔,挔,lǔ,lu,3,ㄌㄨ
鶿,鶿,鹚,zī,zi,1,ㄗ
菟,菟,菟,tù,tu,4,ㄊㄨ
䯾,䯾,䯾,tiáo,tiao,2,ㄊㄧㄠ
問,問,问,wèn,wen,4,ㄨㄣ
媣,媣,媣,rǎn,ran,3,ㄖㄢ
顲,顲,顲,lǎn,lan,3,ㄌㄢ
摰,摰,摰,niè,nie,4,ㄋㄧㄝ
龅,齙,龅,páo,pao,2,ㄆㄠ
䣕,䣕,䣕,mǎ,ma,3,ㄇㄚ
絺,絺,絺,chī,chi,1,ㄔ
䍍,䍍,䍍,gǔ,gu,3,ㄍㄨ
薰,薰,薰,xūn,xun,1,ㄒㄩㄣ
䑨,䑨,䑨,duò,duo,4,ㄉㄨㄛ
灷,灷,灷,zhuàn,zhuan,4,ㄓㄨㄢ
肟,肟,肟,wò,wo,4,ㄨㄛ
澓,澓,澓,fú,fu,2,ㄈㄨ
卼,卼,卼,wù,wu,4,ㄨ
㙥,㙥,㙥,gǔn,gun,3,ㄍㄨㄣ
蝗,蝗,蝗,huáng,huang,2,ㄏㄨㄤ
䢨,䢨,䢨,䢨,䢨,,
霊,霊,霊,líng,ling,2,ㄌㄧㄥ
犖,犖,荦,luò,luo,4,ㄌㄨㄛ
宸,宸,宸,chén,chen,2,ㄔㄣ
謧,謧,謧,lí,li,2,ㄌㄧ
唈,唈,唈,yì,yi,4,ㄧ
䡚,䡚,䡚,mào,mao,4,ㄇㄠ
䗜,䗜,䗜,líu,liu,2,ㄌㄧㄡ
勲,勲,勲,xūn,xun,1,ㄒㄩㄣ
䨥,䨥,䨥,hù,hu,4,ㄏㄨ
继,繼,继,jì,ji,4,ㄐㄧ
帪,帪,帪,zhēn,zhen,1,ㄓㄣ
臌,臌,臌,gǔ,gu,3,ㄍㄨ
郋,郋,郋,xí,xi,2,ㄒㄧ
妘,妘,妘,yún,yun,2,ㄩㄣ
邊,邊,边,biān,bian,1,ㄅㄧㄢ
䲽,䲽,䲽,dǎo,dao,3,ㄉㄠ
㠮,㠮,㠮,㠮,㠮,,
㖏,㖏,㖏,nèi,nei,4,ㄋㄟ
佼,佼,佼,jiǎo,jiao,3,ㄐㄧㄠ
㤻,㤻,㤻,㤻,㤻,,
孷,孷,孷,lí,li,2,ㄌㄧ
啷,啷,啷,lāng,lang,1,ㄌㄤ
䇌,䇌,䇌,qiào,qiao,4,ㄑㄧㄠ
鑟,鑟,鑟,dú,du,2,ㄉㄨ
㢏,㢏,㢏,tóu,tou,2,ㄊㄡ
傈,傈,傈,lì,li,4,ㄌㄧ
犡,犡,犡,lì,li,4,ㄌㄧ
陽,陽,阳,yáng,yang,2,ㄧㄤ
轫,軔,轫,rèn,ren,4,ㄖㄣ
咏,詠,咏,yǒng,yong,3,ㄩㄥ
悛,悛,悛,quān,quan,1,ㄑㄩㄢ
痖,瘂,痖,yǎ,ya,3,ㄧㄚ
冒,冒,冒,mào,mao,4,ㄇㄠ
䞲,䞲,䞲,䞲,䞲,,
㩚,㩚,㩚,méng,meng,2,ㄇㄥ
㐼,㐼,㐼,chèng,cheng,4,ㄔㄥ
㙾,㙾,㙾,xì,xi,4,ㄒㄧ
椽,椽,椽,chuán,chuan,2,ㄔㄨㄢ
堯,堯,尧,yáo,yao,2,ㄧㄠ
猟,猟,猟,猟,猟,,
饉,饉,馑,jǐn,jin,3,ㄐㄧㄣ
㷀,㷀,㷀,qióng,qiong,2,ㄑㄩㄥ
躷,躷,躷,ǎi,ai,3,ㄞ
閁,閁,閁,mà,ma,4,ㄇㄚ
䰹,䰹,䰹,zé,ze,2,ㄗㄜ
廭,廭,廭,廭,廭,,
樀,樀,樀,dì,di,4,ㄉㄧ
磽,磽,硗,qiāo,qiao,1,ㄑㄧㄠ
祱,祱,祱,shùi,shui,4,ㄕㄨㄟ
敛,斂,敛,liàn,lian,4,ㄌㄧㄢ
拳,拳,拳,quán,quan,2,ㄑㄩㄢ
蘪,蘪,蘪,mí,mi,2,ㄇㄧ
佃,佃,佃,diàn,dian,4,ㄉㄧㄢ
蕲,蘄,蕲,qí,qi,2,ㄑㄧ
洯,洯,洯,qiè,qie,4,ㄑㄧㄝ
鼺,鼺,鼺,léi,lei,2,ㄌㄟ
㥗,㥗,㥗,㥗,㥗,,
軬,軬,軬,fàn,fan,4,ㄈㄢ
菶,菶,菶,běng,beng,3,ㄅㄥ
簲,簲,簲,pái,pai,2,ㄆㄞ
蝶,蝶,蝶,dié,die,2,ㄉㄧㄝ
抩,抩,抩,tān,tan,1,ㄊㄢ
睕,睕,睕,wǎn,wan,3,ㄨㄢ
澆,澆,浇,jiāo,jiao,1,ㄐㄧㄠ
㺆,㺆,㺆,㺆,㺆,,
衬,襯,衬,chèn,chen,4,ㄔㄣ
氾,氾,氾,fàn,fan,4,ㄈㄢ
䯞,䯞,䯞,䯞,䯞,,
㦮,㦮,㦮,qián,qian,2,ㄑㄧㄢ
饧,餳,饧,xíng,xing,2,ㄒㄧㄥ
浑,渾,浑,hún,hun,2,ㄏㄨㄣ
徏,徏,徏,zhì,zhi,4,ㄓ
䫜,䫜,䫜,䫜,䫜,,
秒,秒,秒,miǎo,miao,3,ㄇㄧㄠ
讳,諱,讳,hùi,hui,4,ㄏㄨㄟ
挢,撟,挢,jiǎo,jiao,3,ㄐㄧㄠ
攠,攠,攠,mí,mi,2,ㄇㄧ
疻,疻,疻,zhǐ,zhi,3,ㄓ
箏,箏,筝,zhēng,zheng,1,ㄓㄥ
唩,唩,唩,wō,wo,1,ㄨㄛ
箦,簀,箦,zé,ze,2,ㄗㄜ
瀪,瀪,瀪,fán,fan,2,ㄈㄢ
駅,駅,駅,yì,yi,4,ㄧ
蓣,蕷,蓣,yù,yu,4,ㄩ
鐵,鐵,铁,tiě,tie,3,ㄊㄧㄝ
窥,窺,窥,kūi,kui,1,ㄎㄨㄟ
茕,煢,茕,qióng,qiong,2,ㄑㄩㄥ
㿦,㿦,㿦,nìng,ning,4,ㄋㄧㄥ
鱚,鱚,鱚,xǐ,xi,3,ㄒㄧ
砑,砑,砑,yà,ya,4,ㄧㄚ
荻,荻,荻,dí,di,2,ㄉㄧ
镼,镼,镼,qū,qu,1,ㄑㄩ
榢,榢,榢,jià,jia,4,ㄐㄧㄚ
䑩,䑩,䑩,䑩,䑩,,
确,確,确,què,que,4,ㄑㄩㄝ
丽,麗,丽,lì,li,4,ㄌㄧ
凜,凜,凛,lǐn,lin,3,ㄌㄧㄣ
鮒,鮒,鲋,fù,fu,4,ㄈㄨ
䘭,䘭,䘭,dié,die,2,ㄉㄧㄝ
匷,匷,匷,qú,qu,2,ㄑㄩ
泃,泃,泃,jù,ju,4,ㄐㄩ
㛽,㛽,㛽,㛽,㛽,,
㙆,㙆,㙆,㙆,㙆,,
磓,磓,磓,dūi,dui,1,ㄉㄨㄟ
訡,訡,訡,yín,yin,2,ㄧㄣ
炫,炫,炫,xuàn,xuan,4,ㄒㄩㄢ
䗁,䗁,䗁,jì,ji,4,ㄐㄧ
鮲,鮲,鮲,鮲,鮲,,
鬸,鬸,鬸,lìu,liu,4,ㄌㄧㄡ
㮻,㮻,㮻,㮻,㮻,,
䭗,䭗,䭗,yǐng,ying,3,ㄧㄥ
峊,峊,峊,fù,fu,4,ㄈㄨ
皾,皾,皾,dú,du,2,ㄉㄨ
嬽,嬽,嬽,yuān,yuan,1,ㄩㄢ
畹,畹,畹,wǎn,wan,3,ㄨㄢ
忒,忒,忒,tè,te,4,ㄊㄜ
月,月,月,yuè,yue,4,ㄩㄝ
㝄,㝄,㝄,chún,chun,2,ㄔㄨㄣ
倱,倱,倱,hùn,hun,4,ㄏㄨㄣ
龕,龕,龛,kān,kan,1,ㄎㄢ
埖,埖,埖,埖,埖,,
蕐,蕐,蕐,huá,hua,2,ㄏㄨㄚ
阀,閥,阀,fá,fa,2,ㄈㄚ
㷯,㷯,㷯,bèng,beng,4,ㄅㄥ
粳,粳,粳,gēng,geng,1,ㄍㄥ
纫,紉,纫,rèn,ren,4,ㄖㄣ
䊵,䊵,䊵,qíu,qiu,2,ㄑㄧㄡ
戎,戎,戎,róng,rong,2,ㄖㄨㄥ
㠂,㠂,㠂,áo,ao,2,ㄠ
蜛,蜛,蜛,jū,ju,1,ㄐㄩ
汷,汷,汷,zhōng,zhong,1,ㄓㄨㄥ
苠,苠,苠,mín,min,2,ㄇㄧㄣ
圔,圔,圔,è,e,4,ㄜ
企,企,企,qǐ,qi,3,ㄑㄧ
莖,莖,茎,jīng,jing,1,ㄐㄧㄥ
躡,躡,蹑,niè,nie,4,ㄋㄧㄝ
澜,瀾,澜,lán,lan,2,ㄌㄢ
㙠,㙠,㙠,yì,yi,4,ㄧ
㟂,㟂,㟂,chǐ,chi,3,ㄔ
麝,麝,麝,shè,she,4,ㄕㄜ
鍽,鍽,鍽,biān,bian,1,ㄅㄧㄢ
㺘,㺘,㺘,zhàn,zhan,4,ㄓㄢ
壤,壤,壤,rǎng,rang,3,ㄖㄤ
閷,閷,閷,shài,shai,4,ㄕㄞ
簯,簯,簯,簯,簯,,
煟,煟,煟,wèi,wei,4,ㄨㄟ
堆,堆,堆,dūi,dui,1,ㄉㄨㄟ
擬,擬,拟,nǐ,ni,3,ㄋㄧ
豽,豽,豽,nà,na,4,ㄋㄚ
䣋,䣋,䣋,cǎi,cai,3,ㄘㄞ
䐾,䐾,䐾,duó,duo,2,ㄉㄨㄛ
癥,癥,症,zhēng,zheng,1,ㄓㄥ
羂,羂,羂,juàn,juan,4,ㄐㄩㄢ
獷,獷,犷,guǎng,guang,3,ㄍㄨㄤ
剶,剶,剶,juān,juan,1,ㄐㄩㄢ
惿,惿,惿,tí,ti,2,ㄊㄧ
懲,懲,惩,chéng,cheng,2,ㄔㄥ
鞁,鞁,鞁,tuó,tuo,2,ㄊㄨㄛ
峚,峚,峚,mì,mi,4,ㄇㄧ
恉,恉,恉,zhǐ,zhi,3,ㄓ
筂,筂,筂,chí,chi,2,ㄔ
㰨,㰨,㰨,㰨,㰨,,
蟃,蟃,蟃,wàn,wan,4,ㄨㄢ
跹,躚,跹,xiān,xian,1,ㄒㄧㄢ
喔,喔,喔,ō,o,1,ㄛ
閯,閯,閯,shà,sha,4,ㄕㄚ
缫,繅,缫,sāo,sao,1,ㄙㄠ
䞾,䞾,䞾,chí,chi,2,ㄔ
酋,酋,酋,qíu,qiu,2,ㄑㄧㄡ
䊗,䊗,䊗,huáng,huang,2,ㄏㄨㄤ
竎,竎,竎,fòu,fou,4,ㄈㄡ
㩻,㩻,㩻,gǔi,gui,3,ㄍㄨㄟ
褺,褺,褺,dié,die,2,ㄉㄧㄝ
䨬,䨬,䨬,lián,lian,2,ㄌㄧㄢ
慗,慗,慗,chì,chi,4,ㄔ
鋎,鋎,鋎,hàn,han,4,ㄏㄢ
币,幣,币,bì,bi,4,ㄅㄧ
搵,搵,搵,wèn,wen,4,ㄨㄣ
櫡,櫡,櫡,zhuó,zhuo,2,ㄓㄨㄛ
卡,卡,卡,qiǎ,qia,3,ㄑㄧㄚ
瘦,瘦,瘦,shòu,shou,4,ㄕㄡ
阻,阻,阻,zǔ,zu,3,ㄗㄨ
趐,趐,趐,xuè,xue,4,ㄒㄩㄝ
筟,筟,筟,fū,fu,1,ㄈㄨ
煙,煙,烟,yān,yan,1,ㄧㄢ
噕,噕,噕,hūi,hui,1,ㄏㄨㄟ
堛,堛,堛,bì,bi,4,ㄅㄧ
徻,徻,徻,wèi,wei,4,ㄨㄟ
噡,噡,噡,dān,dan,1,ㄉㄢ
朞,朞,朞,jī,ji,1,ㄐㄧ
桷,桷,桷,jué,jue,2,ㄐㄩㄝ
䀾,䀾,䀾,dǔ,du,3,ㄉㄨ
趆,趆,趆,dī,di,1,ㄉㄧ
韆,韆,千,qiān,qian,1,ㄑㄧㄢ
號,號,号,hào,hao,4,ㄏㄠ
跌,跌,跌,diē,die,1,ㄉㄧㄝ
檮,檮,梼,táo,tao,2,ㄊㄠ
婅,婅,婅,jú,ju,2,ㄐㄩ
聹,聹,聍,níng,ning,2,ㄋㄧㄥ
㘯,㘯,㘯,㘯,㘯,,
嵘,嶸,嵘,róng,rong,2,ㄖㄨㄥ
㢛,㢛,㢛,yàn,yan,4,ㄧㄢ
稸,稸,稸,xù,xu,4,ㄒㄩ
良,良,良,liáng,liang,2,ㄌㄧㄤ
髮,髮,发,fà,fa,4,ㄈㄚ
溡,溡,溡,shí,shi,2,ㄕ
䶚,䶚,䶚,qǔ,qu,3,ㄑㄩ
蒫,蒫,蒫,cuō,cuo,1,ㄘㄨㄛ
䅎,䅎,䅎,yǒu,you,3,ㄧㄡ
㼜,㼜,㼜,àng,ang,4,ㄤ
㸪,㸪,㸪,chún,chun,2,ㄔㄨㄣ
峝,峝,峝,tóng,tong,2,ㄊㄨㄥ
监,監,监,jiān,jian,1,ㄐㄧㄢ
㧴,㧴,㧴,wǒ,wo,3,ㄨㄛ
㶢,㶢,㶢,㶢,㶢,,
㽬,㽬,㽬,fù,fu,4,ㄈㄨ
头,頭,头,tóu,tou,2,ㄊㄡ
達,達,达,dá,da,2,ㄉㄚ
搾,搾,搾,zhà,zha,4,ㄓㄚ
辀,輈,辀,zhōu,zhou,1,ㄓㄡ
鍅,鍅,鍅,鍅,鍅,,
怄,慪,怄,òu,ou,4,ㄡ
単,単,単,dān,dan,1,ㄉㄢ
揆,揆,揆,kúi,kui,2,ㄎㄨㄟ
啇,啇,啇,dí,di,2,ㄉㄧ
㖼,㖼,㖼,duǒ,duo,3,ㄉㄨㄛ
黴,黴,霉,méi,mei,2,ㄇㄟ
唍,唍,唍,huǎn,huan,3,ㄏㄨㄢ
珃,珃,珃,rǎn,ran,3,ㄖㄢ
鬨,鬨,闹,hòng,hong,4,ㄏㄨㄥ
帉,帉,帉,fēn,fen,1,ㄈㄣ
孱,孱,孱,chán,chan,2,ㄔㄢ
鳸,鳸,鳸,hù,hu,4,ㄏㄨ
䚞,䚞,䚞,dǎi,dai,3,ㄉㄞ
弼,弼,弼,bì,bi,4,ㄅㄧ
矄,矄,矄,xūn,xun,1,ㄒㄩㄣ
糥,糥,糥,nuò,nuo,4,ㄋㄨㄛ
磅,磅,磅,bàng,bang,4,ㄅㄤ
燈,燈,灯,dēng,deng,1,ㄉㄥ
薠,薠,薠,fán,fan,2,ㄈㄢ
㨻,㨻,㨻,cán,can,2,ㄘㄢ
蚔,蚔,蚔,qí,qi,2,ㄑㄧ
䬪,䬪,䬪,bó,bo,2,ㄅㄛ
嵶,嵶,嵶,嵶,嵶,,
瑈,瑈,瑈,róu,rou,2,ㄖㄡ
㭿,㭿,㭿,áng,ang,2,ㄤ
溫,溫,温,wēn,wen,1,ㄨㄣ
㖦,㖦,㖦,dǒng,dong,3,ㄉㄨㄥ
㯭,㯭,㯭,lǔ,lu,3,ㄌㄨ
瘺,瘺,瘘,lòu,lou,4,ㄌㄡ
㸹,㸹,㸹,liè,lie,4,ㄌㄧㄝ
山,山,山,shān,shan,1,ㄕㄢ
㽹,㽹,㽹,fàn,fan,4,ㄈㄢ
㨠,㨠,㨠,mì,mi,4,ㄇㄧ
珱,珱,珱,珱,珱,,
䋜,䋜,䋜,qìng,qing,4,ㄑㄧㄥ
睈,睈,睈,chěng,cheng,3,ㄔㄥ
穪,穪,穪,chēng,cheng,1,ㄔㄥ
副,副,副,fù,fu,4,ㄈㄨ
騒,騒,騒,sāo,sao,1,ㄙㄠ
檠,檠,檠,qíng,qing,2,ㄑㄧㄥ
㪔,㪔,㪔,sàn,san,4,ㄙㄢ
拻,拻,拻,hūi,hui,1,ㄏㄨㄟ
桑,桑,桑,sāng,sang,1,ㄙㄤ
䌼,䌼,䌼,rùi,rui,4,ㄖㄨㄟ
皽,皽,皽,zhǎn,zhan,3,ㄓㄢ
蚿,蚿,蚿,xián,xian,2,ㄒㄧㄢ
蕿,蕿,蕿,xuān,xuan,1,ㄒㄩㄢ
曍,曍,曍,hào,hao,4,ㄏㄠ
薜,薜,薜,bì,bi,4,ㄅㄧ
䝉,䝉,䝉,䝉,䝉,,
蝮,蝮,蝮,fù,fu,4,ㄈㄨ
篘,篘,篘,chōu,chou,1,ㄔㄡ
攀,攀,攀,pān,pan,1,ㄆㄢ
㜝,㜝,㜝,ǎn,an,3,ㄢ
䍶,䍶,䍶,dòng,dong,4,ㄉㄨㄥ
荕,荕,荕,jīn,jin,1,ㄐㄧㄣ
嚑,嚑,嚑,嚑,嚑,,
鞆,鞆,鞆,鞆,鞆,,
䑻,䑻,䑻,yóu,you,2,ㄧㄡ
檅,檅,檅,sùi,sui,4,ㄙㄨㄟ
椴,椴,椴,duàn,duan,4,ㄉㄨㄢ
㰋,㰋,㰋,pín,pin,2,ㄆㄧㄣ
䕔,䕔,䕔,xián,xian,2,ㄒㄧㄢ
䥤,䥤,䥤,báo,bao,2,ㄅㄠ
匹,匹,匹,pǐ,pi,3,ㄆㄧ
捰,捰,捰,wǒ,wo,3,ㄨㄛ
㸨,㸨,㸨,㸨,㸨,,
㑦,㑦,㑦,lì,li,4,ㄌㄧ
䰝,䰝,䰝,zèng,zeng,4,ㄗㄥ
䧊,䧊,䧊,䧊,䧊,,
剉,剉,剉,cuò,cuo,4,ㄘㄨㄛ
潕,潕,潕,wǔ,wu,3,ㄨ
萦,縈,萦,yíng,ying,2,ㄧㄥ
聽,聽,听,tīng,ting,1,ㄊㄧㄥ
㞧,㞧,㞧,hùi,hui,4,ㄏㄨㄟ
䶹,䶹,䶹,䶹,䶹,,
図,図,図,tú,tu,2,ㄊㄨ
婘,婘,婘,quán,quan,2,ㄑㄩㄢ
貺,貺,贶,kuàng,kuang,4,ㄎㄨㄤ
莬,莬,莬,wèn,wen,4,ㄨㄣ
業,業,业,yè,ye,4,ㄧㄝ
䀠,䀠,䀠,qú,qu,2,ㄑㄩ
瞍,瞍,瞍,sǒu,sou,3,ㄙㄡ
鈕,鈕,钮,nǐu,niu,3,ㄋㄧㄡ
涑,涑,涑,sù,su,4,ㄙㄨ
菠,菠,菠,bō,bo,1,ㄅㄛ
蠣,蠣,蛎,lì,li,4,ㄌㄧ
从,從,从,cóng,cong,2,ㄘㄨㄥ
觌,覿,觌,dí,di,2,ㄉㄧ
䄵,䄵,䄵,䄵,䄵,,
毂,轂,毂,gǔ,gu,3,ㄍㄨ
殳,殳,殳,shū,shu,1,ㄕㄨ
豳,豳,豳,bīn,bin,1,ㄅㄧㄣ
㱵,㱵,㱵,bèn,ben,4,ㄅㄣ
摫,摫,摫,gūi,gui,1,ㄍㄨㄟ
炍,炍,炍,pàn,pan,4,ㄆㄢ
懒,懶,懒,lǎn,lan,3,ㄌㄢ
貥,貥,貥,háng,hang,2,ㄏㄤ
㶌,㶌,㶌,lián,lian,2,ㄌㄧㄢ
㻡,㻡,㻡,dié,die,2,ㄉㄧㄝ
燂,燂,燂,qián,qian,2,ㄑㄧㄢ
䞘,䞘,䞘,jí,ji,2,ㄐㄧ
氳,氳,氲,yūn,yun,1,ㄩㄣ
涮,涮,涮,shuàn,shuan,4,ㄕㄨㄢ
㵕,㵕,㵕,shèn,shen,4,ㄕㄣ
琏,璉,琏,lián,lian,2,ㄌㄧㄢ
䛰,䛰,䛰,hún,hun,2,ㄏㄨㄣ
崒,崒,崒,zú,zu,2,ㄗㄨ
沴,沴,沴,lì,li,4,ㄌㄧ
侁,侁,侁,shēn,shen,1,ㄕㄣ
㛿,㛿,㛿,zhì,zhi,4,ㄓ
䐒,䐒,䐒,䐒,䐒,,
䋾,䋾,䋾,zhǎ,zha,3,ㄓㄚ
嚶,嚶,嘤,yīng,ying,1,ㄧㄥ
勦,勦,勦,jiǎo,jiao,3,ㄐㄧㄠ
䐰,䐰,䐰,䐰,䐰,,
絉,絉,絉,shù,shu,4,ㄕㄨ
㑠,㑠,㑠,㑠,㑠,,
担,擔,担,dàn,dan,4,ㄉㄢ
焨,焨,焨,fèng,feng,4,ㄈㄥ
䭤,䭤,䭤,qiǎn,qian,3,ㄑㄧㄢ
㺥,㺥,㺥,chán,chan,2,ㄔㄢ
蒍,蒍,蒍,wéi,wei,2,ㄨㄟ
煘,煘,煘,chán,chan,2,ㄔㄢ
㙛,㙛,㙛,bǔ,bu,3,ㄅㄨ
㤷,㤷,㤷,㤷,㤷,,
䅩,䅩,䅩,zhǐ,zhi,3,ㄓ
髄,髄,髄,sǔi,sui,3,ㄙㄨㄟ
㱥,㱥,㱥,líng,ling,2,ㄌㄧㄥ
䞟,䞟,䞟,pò,po,4,ㄆㄛ
嫃,嫃,嫃,zhēn,zhen,1,ㄓㄣ
䢇,䢇,䢇,rǒng,rong,3,ㄖㄨㄥ
䒐,䒐,䒐,méng,meng,2,ㄇㄥ
鑐,鑐,鑐,xū,xu,1,ㄒㄩ
専,専,専,zhuān,zhuan,1,ㄓㄨㄢ
補,補,补,bǔ,bu,3,ㄅㄨ
濩,濩,濩,huò,huo,4,ㄏㄨㄛ
䝪,䝪,䝪,shú,shu,2,ㄕㄨ
殹,殹,殹,yì,yi,4,ㄧ
䝁,䝁,䝁,láo,lao,2,ㄌㄠ
巨,巨,巨,jù,ju,4,ㄐㄩ
掍,掍,掍,gǔn,gun,3,ㄍㄨㄣ
圚,圚,圚,hùi,hui,4,ㄏㄨㄟ
贒,贒,贒,xián,xian,2,ㄒㄧㄢ
烸,烸,烸,hǎi,hai,3,ㄏㄞ
㬚,㬚,㬚,chè,che,4,ㄔㄜ
㩺,㩺,㩺,㩺,㩺,,
鵯,鵯,鹎,bēi,bei,1,ㄅㄟ
閃,閃,闪,shǎn,shan,3,ㄕㄢ
蓚,蓚,蓚,xīu,xiu,1,ㄒㄧㄡ
㾮,㾮,㾮,huáng,huang,2,ㄏㄨㄤ
韯,韯,韯,xiān,xian,1,ㄒㄧㄢ
軲,軲,轱,kū,ku,1,ㄎㄨ
逤,逤,逤,suò,suo,4,ㄙㄨㄛ
䳸,䳸,䳸,má,ma,2,ㄇㄚ
絹,絹,绢,juàn,juan,4,ㄐㄩㄢ
㛌,㛌,㛌,㛌,㛌,,
歓,歓,歓,huān,huan,1,ㄏㄨㄢ
㷵,㷵,㷵,mò,mo,4,ㄇㄛ
鄪,鄪,鄪,bì,bi,4,ㄅㄧ
㽉,㽉,㽉,hǎn,han,3,ㄏㄢ
眿,眿,眿,mài,mai,4,ㄇㄞ
瓶,瓶,瓶,píng,ping,2,ㄆㄧㄥ
㳌,㳌,㳌,㳌,㳌,,
裱,裱,裱,biǎo,biao,3,ㄅㄧㄠ
䇥,䇥,䇥,zé,ze,2,ㄗㄜ
泡,泡,泡,pào,pao,4,ㄆㄠ
骧,驤,骧,xiāng,xiang,1,ㄒㄧㄤ
洤,洤,洤,quán,quan,2,ㄑㄩㄢ
䃓,䃓,䃓,gòu,gou,4,ㄍㄡ
苻,苻,苻,fú,fu,2,ㄈㄨ
囅,囅,冁,chǎn,chan,3,ㄔㄢ
疰,疰,疰,zhù,zhu,4,ㄓㄨ
鹹,鹹,咸,xián,xian,2,ㄒㄧㄢ
䨀,䨀,䨀,dí,di,2,ㄉㄧ
翬,翬,翚,hūi,hui,1,ㄏㄨㄟ
載,載,载,zài,zai,4,ㄗㄞ
踊,踴,踊,yǒng,yong,3,ㄩㄥ
䇛,䇛,䇛,zhǐ,zhi,3,ㄓ
歾,歾,歾,mò,mo,4,ㄇㄛ
们,們,们,men,men,5,ㄇㄣ
沁,沁,沁,qìn,qin,4,ㄑㄧㄣ
鸉,鸉,鸉,yáng,yang,2,ㄧㄤ
㟎,㟎,㟎,tuǒ,tuo,3,ㄊㄨㄛ
䇒,䇒,䇒,jiè,jie,4,ㄐㄧㄝ
枑,枑,枑,hù,hu,4,ㄏㄨ
啺,啺,啺,táng,tang,2,ㄊㄤ
尬,尬,尬,gà,ga,4,ㄍㄚ
袉,袉,袉,tuó,tuo,2,ㄊㄨㄛ
鏊,鏊,鏊,áo,ao,2,ㄠ
柂,柂,柂,yí,yi,2,ㄧ
潣,潣,潣,mǐn,min,3,ㄇㄧㄣ
舲,舲,舲,líng,ling,2,ㄌㄧㄥ
穔,穔,穔,huáng,huang,2,ㄏㄨㄤ
禒,禒,禒,xiǎn,xian,3,ㄒㄧㄢ
蔾,蔾,蔾,lí,li,2,ㄌㄧ
抮,抮,抮,zhěn,zhen,3,ㄓㄣ
婦,婦,妇,fù,fu,4,ㄈㄨ
㙱,㙱,㙱,hào,hao,4,ㄏㄠ
蟻,蟻,蚁,yǐ,yi,3,ㄧ
㲛,㲛,㲛,zhǐ,zhi,3,ㄓ
蕤,蕤,蕤,rúi,rui,2,ㄖㄨㄟ
贉,贉,贉,tǎn,tan,3,ㄊㄢ
狒,狒,狒,fèi,fei,4,ㄈㄟ
欙,欙,欙,léi,lei,2,ㄌㄟ
柊,柊,柊,zhōng,zhong,1,ㄓㄨㄥ
玢,玢,玢,bīn,bin,1,ㄅㄧㄣ
袠,袠,袠,zhì,zhi,4,ㄓ
㾴,㾴,㾴,㾴,㾴,,
眧,眧,眧,chǎo,chao,3,ㄔㄠ
量,量,量,liàng,liang,4,ㄌㄧㄤ
嘧,嘧,嘧,mì,mi,4,ㄇㄧ
猻,猻,狲,sūn,sun,1,ㄙㄨㄣ
蒗,蒗,蒗,làng,lang,4,ㄌㄤ
㩀,㩀,㩀,jù,ju,4,ㄐㄩ
䎞,䎞,䎞,䎞,䎞,,
澺,澺,澺,yì,yi,4,ㄧ
翿,翿,翿,dào,dao,4,ㄉㄠ
逐,逐,逐,zhú,zhu,2,ㄓㄨ
琘,琘,琘,mín,min,2,ㄇㄧㄣ
聗,聗,聗,liè,lie,4,ㄌㄧㄝ
叉,叉,叉,chā,cha,1,ㄔㄚ
鉌,鉌,鉌,hé,he,2,ㄏㄜ
印,印,印,yìn,yin,4,ㄧㄣ
鶱,鶱,鶱,xuān,xuan,1,ㄒㄩㄢ
䏍,䏍,䏍,yuàn,yuan,4,ㄩㄢ
螭,螭,螭,chī,chi,1,ㄔ
妵,妵,妵,tǒu,tou,3,ㄊㄡ
㠿,㠿,㠿,cǐ,ci,3,ㄘ
甭,甭,甭,béng,beng,2,ㄅㄥ
嗖,嗖,嗖,sōu,sou,1,ㄙㄡ
棫,棫,棫,yù,yu,4,ㄩ
次,次,次,cì,ci,4,ㄘ
窐,窐,窐,gūi,gui,1,ㄍㄨㄟ
䱴,䱴,䱴,gèng,geng,4,ㄍㄥ
慈,慈,慈,cí,ci,2,ㄘ
鷨,鷨,鷨,huā,hua,1,ㄏㄨㄚ
邼,邼,邼,kuāng,kuang,1,ㄎㄨㄤ
秙,秙,秙,kù,ku,4,ㄎㄨ
鱓,鱓,鱓,shàn,shan,4,ㄕㄢ
砼,砼,砼,tóng,tong,2,ㄊㄨㄥ
礢,礢,礢,礢,礢,,
咘,咘,咘,bù,bu,4,ㄅㄨ
戊,戊,戊,wù,wu,4,ㄨ
渠,渠,渠,qú,qu,2,ㄑㄩ
烬,燼,烬,jìn,jin,4,ㄐㄧㄣ
㟹,㟹,㟹,láo,lao,2,ㄌㄠ
羷,羷,羷,liǎn,lian,3,ㄌㄧㄢ
㳙,㳙,㳙,xuàn,xuan,4,ㄒㄩㄢ
萶,萶,萶,chǔn,chun,3,ㄔㄨㄣ
玉,玉,玉,yù,yu,4,ㄩ
鎝,鎝,鎝,sà,sa,4,ㄙㄚ
貞,貞,贞,zhēn,zhen,1,ㄓㄣ
㨍,㨍,㨍,㨍,㨍,,
㞗,㞗,㞗,qíu,qiu,2,ㄑㄧㄡ
竻,竻,竻,lè,le,4,ㄌㄜ
伈,伈,伈,xǐn,xin,3,ㄒㄧㄣ
凖,凖,凖,凖,凖,,
鲉,鮋,鲉,yóu,you,2,ㄧㄡ
亻,亻,亻,rén,ren,2,ㄖㄣ
寊,寊,寊,zhēn,zhen,1,ㄓㄣ
騻,騻,騻,shuǎng,shuang,3,ㄕㄨㄤ
铢,銖,铢,zhū,zhu,1,ㄓㄨ
貾,貾,貾,chí,chi,2,ㄔ
架,架,架,jià,jia,4,ㄐㄧㄚ
䭿,䭿,䭿,yì,yi,4,ㄧ
鐤,鐤,鐤,dǐng,ding,3,ㄉㄧㄥ
導,導,导,dǎo,dao,3,ㄉㄠ
䗾,䗾,䗾,xiǎn,xian,3,ㄒㄧㄢ
錝,錝,錝,cóng,cong,2,ㄘㄨㄥ
欴,欴,欴,láng,lang,2,ㄌㄤ
杗,杗,杗,máng,mang,2,ㄇㄤ
嗳,噯,嗳,ài,ai,4,ㄞ
蠗,蠗,蠗,zhuó,zhuo,2,ㄓㄨㄛ
滙,滙,滙,hùi,hui,4,ㄏㄨㄟ
鲣,鰹,鲣,jiān,jian,1,ㄐㄧㄢ
圹,壙,圹,kuàng,kuang,4,ㄎㄨㄤ
䦋,䦋,䦋,áo,ao,2,ㄠ
鯄,鯄,鯄,qíu,qiu,2,ㄑㄧㄡ
磍,磍,磍,xiá,xia,2,ㄒㄧㄚ
譨,譨,譨,nóu,nou,2,ㄋㄡ
昉,昉,昉,fǎng,fang,3,ㄈㄤ
濖,濖,濖,shù,shu,4,ㄕㄨ
诳,誑,诳,kuáng,kuang,2,ㄎㄨㄤ
嗙,嗙,嗙,pǎng,pang,3,ㄆㄤ
荌,荌,荌,àn,an,4,ㄢ
轱,軲,轱,kū,ku,1,ㄎㄨ
峤,嶠,峤,jiào,jiao,4,ㄐㄧㄠ
砨,砨,砨,ài,ai,4,ㄞ
咷,咷,咷,táo,tao,2,ㄊㄠ
運,運,运,yùn,yun,4,ㄩㄣ
諸,諸,诸,zhū,zhu,1,ㄓㄨ
蛽,蛽,蛽,bài,bai,4,ㄅㄞ
傠,傠,傠,fā,fa,1,ㄈㄚ
蕪,蕪,芜,wú,wu,2,ㄨ
颣,纇,颣,lèi,lei,4,ㄌㄟ
萗,萗,萗,cè,ce,4,ㄘㄜ
㭈,㭈,㭈,jué,jue,2,ㄐㄩㄝ
䤮,䤮,䤮,shè,she,4,ㄕㄜ
呪,呪,呪,zhòu,zhou,4,ㄓㄡ
瞕,瞕,瞕,zhàng,zhang,4,ㄓㄤ
餜,餜,馃,guǒ,guo,3,ㄍㄨㄛ
箯,箯,箯,biān,bian,1,ㄅㄧㄢ
疗,療,疗,liáo,liao,2,ㄌㄧㄠ
麖,麖,麖,jīng,jing,1,ㄐㄧㄥ
䳢,䳢,䳢,qí,qi,2,ㄑㄧ
瓆,瓆,瓆,zhí,zhi,2,ㄓ
閙,閙,閙,nào,nao,4,ㄋㄠ
鰩,鰩,鳐,yáo,yao,2,ㄧㄠ
默,默,默,mò,mo,4,ㄇㄛ
棭,棭,棭,yì,yi,4,ㄧ
袓,袓,袓,jǔ,ju,3,ㄐㄩ
渮,渮,渮,gē,ge,1,ㄍㄜ
讎,讎,雠,chóu,chou,2,ㄔㄡ
濱,濱,滨,bīn,bin,1,ㄅㄧㄣ
䈃,䈃,䈃,zhǎo,zhao,3,ㄓㄠ
办,辦,办,bàn,ban,4,ㄅㄢ
篻,篻,篻,piào,piao,4,ㄆㄧㄠ
阬,阬,阬,kēng,keng,1,ㄎㄥ
䅦,䅦,䅦,máo,mao,2,ㄇㄠ
倊,倊,倊,zòng,zong,4,ㄗㄨㄥ
潐,潐,潐,jiào,jiao,4,ㄐㄧㄠ
呾,呾,呾,dá,da,2,ㄉㄚ
囥,囥,囥,kàng,kang,4,ㄎㄤ
柹,柹,柹,shì,shi,4,ㄕ
覐,覐,覐,jué,jue,2,ㄐㄩㄝ
䯹,䯹,䯹,䯹,䯹,,
瓲,瓲,瓲,瓲,瓲,,
䓿,䓿,䓿,hǎn,han,3,ㄏㄢ
䬅,䬅,䬅,lì,li,4,ㄌㄧ
駺,駺,駺,liáng,liang,2,ㄌㄧㄤ
璜,璜,璜,huáng,huang,2,ㄏㄨㄤ
䁟,䁟,䁟,chá,cha,2,ㄔㄚ
麲,麲,麲,xiàn,xian,4,ㄒㄧㄢ
㙪,㙪,㙪,yè,ye,4,ㄧㄝ
浥,浥,浥,yì,yi,4,ㄧ
邇,邇,迩,ěr,er,3,ㄦ
竢,竢,竢,sì,si,4,ㄙ
肧,肧,肧,pēi,pei,1,ㄆㄟ
崓,崓,崓,gù,gu,4,ㄍㄨ
躁,躁,躁,zào,zao,4,ㄗㄠ
惚,惚,惚,hū,hu,1,ㄏㄨ
琐,瑣,琐,suǒ,suo,3,ㄙㄨㄛ
麅,麅,狍,biāo,biao,1,ㄅㄧㄠ
僂,僂,偻,lǔ,lu,3,ㄌㄨ
㙴,㙴,㙴,chàn,chan,4,ㄔㄢ
揎,揎,揎,xuān,xuan,1,ㄒㄩㄢ
櫻,櫻,樱,yīng,ying,1,ㄧㄥ
复,復,复,fù,fu,4,ㄈㄨ
褌,褌,裈,kūn,kun,1,ㄎㄨㄣ
汉,漢,汉,hàn,han,4,ㄏㄢ
湳,湳,湳,nǎn,nan,3,ㄋㄢ
䏷,䏷,䏷,hàn,han,4,ㄏㄢ
䜩,讌,䜩,yàn,yan,4,ㄧㄢ
楖,楖,楖,zhì,zhi,4,ㄓ
訃,訃,讣,fù,fu,4,ㄈㄨ
氐,氐,氐,dǐ,di,3,ㄉㄧ
蠋,蠋,蠋,zhú,zhu,2,ㄓㄨ
籵,籵,籵,fán,fan,2,ㄈㄢ
樐,樐,樐,lǔ,lu,3,ㄌㄨ
薬,薬,薬,yào,yao,4,ㄧㄠ
亥,亥,亥,hài,hai,4,ㄏㄞ
磺,磺,磺,huáng,huang,2,ㄏㄨㄤ
觝,觝,觝,dǐ,di,3,ㄉㄧ
虄,虄,虄,虄,虄,,
軽,軽,軽,qīng,qing,1,ㄑㄧㄥ
䒝,䒝,䒝,xiáo,xiao,2,ㄒㄧㄠ
酡,酡,酡,tuó,tuo,2,ㄊㄨㄛ
嚀,嚀,咛,níng,ning,2,ㄋㄧㄥ
褡,褡,褡,dā,da,1,ㄉㄚ
㑬,㑬,㑬,㑬,㑬,,
屈,屈,屈,qū,qu,1,ㄑㄩ
鯏,鯏,鯏,鯏,鯏,,
铉,鉉,铉,xuàn,xuan,4,ㄒㄩㄢ
崢,崢,峥,zhēng,zheng,1,ㄓㄥ
銁,銁,銁,jūn,jun,1,ㄐㄩㄣ
櫨,櫨,栌,lú,lu,2,ㄌㄨ
㢩,㢩,㢩,dì,di,4,ㄉㄧ
橦,橦,橦,chuáng,chuang,2,ㄔㄨㄤ
瞔,瞔,瞔,zé,ze,2,ㄗㄜ
媋,媋,媋,chūn,chun,1,ㄔㄨㄣ
幠,幠,幠,hū,hu,1,ㄏㄨ
姟,姟,姟,gāi,gai,1,ㄍㄞ
佐,佐,佐,zuǒ,zuo,3,ㄗㄨㄛ
㖗,㖗,㖗,yín,yin,2,ㄧㄣ
疂,疂,疂,疂,疂,,
岊,岊,岊,jié,jie,2,ㄐㄧㄝ
耋,耋,耋,diè,die,4,ㄉㄧㄝ
憶,憶,忆,yì,yi,4,ㄧ
楅,楅,楅,bì,bi,4,ㄅㄧ
緐,緐,緐,fán,fan,2,ㄈㄢ
鷽,鷽,鷽,xué,xue,2,ㄒㄩㄝ
䨙,䨙,䨙,cén,cen,2,ㄘㄣ
輢,輢,輢,yǐ,yi,3,ㄧ
稣,穌,稣,sū,su,1,ㄙㄨ
鉢,鉢,钵,bō,bo,1,ㄅㄛ
钞,鈔,钞,chāo,chao,1,ㄔㄠ
席,席,席,xí,xi,2,ㄒㄧ
娀,娀,娀,sōng,song,1,ㄙㄨㄥ
㹫,㹫,㹫,xì,xi,4,ㄒㄧ
嚄,嚄,嚄,huò,huo,4,ㄏㄨㄛ
鬿,鬿,鬿,qí,qi,2,ㄑㄧ
鸥,鷗,鸥,ōu,ou,1,ㄡ
䀨,䀨,䀨,huàn,huan,4,ㄏㄨㄢ
蝼,螻,蝼,lóu,lou,2,ㄌㄡ
偏,偏,偏,piān,pian,1,ㄆㄧㄢ
瓬,瓬,瓬,fǎng,fang,3,ㄈㄤ
荫,蔭,荫,yìn,yin,4,ㄧㄣ
萩,萩,萩,qīu,qiu,1,ㄑㄧㄡ
炓,炓,炓,liào,liao,4,ㄌㄧㄠ
誯,誯,誯,chàng,chang,4,ㄔㄤ
鶈,鶈,鶈,qī,qi,1,ㄑㄧ
芀,芀,芀,tiáo,tiao,2,ㄊㄧㄠ
爩,爩,爩,yù,yu,4,ㄩ
㷹,㷹,㷹,shào,shao,4,ㄕㄠ
䶿,䶿,䶿,䶿,䶿,,
諡,諡,谥,shì,shi,4,ㄕ
梽,梽,梽,zhì,zhi,4,ㄓ
裵,裵,裵,péi,pei,2,ㄆㄟ
轃,轃,轃,zhēn,zhen,1,ㄓㄣ
䦻,䦻,䦻,cì,ci,4,ㄘ
㴾,㴾,㴾,bó,bo,2,ㄅㄛ
嗱,嗱,嗱,ná,na,2,ㄋㄚ
㴪,㴪,㴪,niè,nie,4,ㄋㄧㄝ
称,稱,称,chēng,cheng,1,ㄔㄥ
䲙,䲙,䲙,jié,jie,2,ㄐㄧㄝ
筅,筅,筅,xiǎn,xian,3,ㄒㄧㄢ
壜,壜,壜,tán,tan,2,ㄊㄢ
熄,熄,熄,xí,xi,2,ㄒㄧ
炵,炵,炵,tōng,tong,1,ㄊㄨㄥ
抂,抂,抂,kuáng,kuang,2,ㄎㄨㄤ
㾳,㾳,㾳,㾳,㾳,,
蔿,蔿,蔿,wéi,wei,2,ㄨㄟ
㟧,㟧,㟧,è,e,4,ㄜ
邅,邅,邅,zhān,zhan,1,ㄓㄢ
䄕,䄕,䄕,shè,she,4,ㄕㄜ
䰤,䰤,䰤,䰤,䰤,,
騔,騔,騔,jié,jie,2,ㄐㄧㄝ
䟞,䟞,䟞,chú,chu,2,ㄔㄨ
䇡,䇡,䇡,zhù,zhu,4,ㄓㄨ
毰,毰,毰,péi,pei,2,ㄆㄟ
蓔,蓔,蓔,yǎo,yao,3,ㄧㄠ
飐,颭,飐,zhǎn,zhan,3,ㄓㄢ
耻,恥,耻,chǐ,chi,3,ㄔ
职,職,职,zhí,zhi,2,ㄓ
骯,骯,肮,āng,ang,1,ㄤ
㶳,㶳,㶳,jìn,jin,4,ㄐㄧㄣ
㥞,㥞,㥞,cùi,cui,4,ㄘㄨㄟ
验,驗,验,yàn,yan,4,ㄧㄢ
鉾,鉾,鉾,móu,mou,2,ㄇㄡ
㥣,㥣,㥣,hùi,hui,4,ㄏㄨㄟ
峣,嶢,峣,yáo,yao,2,ㄧㄠ
簈,簈,簈,píng,ping,2,ㄆㄧㄥ
禼,禼,禼,xiè,xie,4,ㄒㄧㄝ
氏,氏,氏,shì,shi,4,ㄕ
銉,銉,銉,yù,yu,4,ㄩ
㚙,㚙,㚙,㚙,㚙,,
瓂,瓂,瓂,gài,gai,4,ㄍㄞ
鵜,鵜,鹈,tí,ti,2,ㄊㄧ
籪,籪,簖,duàn,duan,4,ㄉㄨㄢ
襲,襲,袭,xí,xi,2,ㄒㄧ
㚽,㚽,㚽,qiǎo,qiao,3,ㄑㄧㄠ
呋,呋,呋,fū,fu,1,ㄈㄨ
㯬,㯬,㯬,liǎn,lian,3,ㄌㄧㄢ
甎,甎,甎,zhuān,zhuan,1,ㄓㄨㄢ
怽,怽,怽,怽,怽,,
䦏,䦏,䦏,xiè,xie,4,ㄒㄧㄝ
檕,檕,檕,jì,ji,4,ㄐㄧ
厞,厞,厞,fèi,fei,4,ㄈㄟ
斅,斅,斅,xiào,xiao,4,ㄒㄧㄠ
孇,孇,孇,shuāng,shuang,1,ㄕㄨㄤ
䳑,䳑,䳑,yǒu,you,3,ㄧㄡ
䆅,䆅,䆅,cí,ci,2,ㄘ
洕,洕,洕,yīn,yin,1,ㄧㄣ
㵅,㵅,㵅,dàn,dan,4,ㄉㄢ
蔈,蔈,蔈,piǎo,piao,3,ㄆㄧㄠ
矍,矍,矍,jué,jue,2,ㄐㄩㄝ
䟰,䟰,䟰,jiǎn,jian,3,ㄐㄧㄢ
㱷,㱷,㱷,㱷,㱷,,
絧,絧,絧,tóng,tong,2,ㄊㄨㄥ
㕸,㕸,㕸,lì,li,4,ㄌㄧ
隁,隁,隁,yàn,yan,4,ㄧㄢ
蟞,蟞,蟞,bié,bie,2,ㄅㄧㄝ
䘳,䘳,䘳,䘳,䘳,,
奤,奤,奤,pǎn,pan,3,ㄆㄢ
媼,媼,媪,ǎo,ao,3,ㄠ
銟,銟,銟,chā,cha,1,ㄔㄚ
鷺,鷺,鹭,lù,lu,4,ㄌㄨ
鍲,鍲,鍲,mín,min,2,ㄇㄧㄣ
㭘,㭘,㭘,hé,he,2,ㄏㄜ
赶,趕,赶,gǎn,gan,3,ㄍㄢ
㬰,㬰,㬰,yú,yu,2,ㄩ
欇,欇,欇,shè,she,4,ㄕㄜ
桜,桜,桜,yīng,ying,1,ㄧㄥ
䏐,䏐,䏐,jué,jue,2,ㄐㄩㄝ
䕞,䕞,䕞,làng,lang,4,ㄌㄤ
吂,吂,吂,máng,mang,2,ㄇㄤ
慹,慹,慹,zhí,zhi,2,ㄓ
㰙,㰙,㰙,nuó,nuo,2,ㄋㄨㄛ
敳,敳,敳,ái,ai,2,ㄞ
坝,壩,坝,bà,ba,4,ㄅㄚ
锝,鍀,锝,dé,de,2,ㄉㄜ
址,址,址,zhǐ,zhi,3,ㄓ
荗,荗,荗,shù,shu,4,ㄕㄨ
谂,諗,谂,shěn,shen,3,ㄕㄣ
瓥,瓥,瓥,lì,li,4,ㄌㄧ
漑,漑,漑,gài,gai,4,ㄍㄞ
癯,臒,癯,qú,qu,2,ㄑㄩ
槍,槍,枪,qiāng,qiang,1,ㄑㄧㄤ
鍔,鍔,锷,è,e,4,ㄜ
僸,僸,僸,jìn,jin,4,ㄐㄧㄣ
锚,錨,锚,máo,mao,2,ㄇㄠ
皠,皠,皠,cǔi,cui,3,ㄘㄨㄟ
蠥,蠥,蠥,niè,nie,4,ㄋㄧㄝ
弔,弔,弔,diào,diao,4,ㄉㄧㄠ
䨍,䨍,䨍,yǐng,ying,3,ㄧㄥ
臷,臷,臷,dié,die,2,ㄉㄧㄝ
阿,阿,阿,ā,a,1,ㄚ
鞗,鞗,鞗,tiáo,tiao,2,ㄊㄧㄠ
姦,姦,姦,jiān,jian,1,ㄐㄧㄢ
䩍,䩍,䩍,liǎo,liao,3,ㄌㄧㄠ
鲌,鮊,鲌,bó,bo,2,ㄅㄛ
歜,歜,歜,chù,chu,4,ㄔㄨ
狆,狆,狆,zhòng,zhong,4,ㄓㄨㄥ
䀄,䀄,䀄,méng,meng,2,ㄇㄥ
䈺,䈺,䈺,䈺,䈺,,
蕱,蕱,蕱,蕱,蕱,,
㶊,㶊,㶊,㶊,㶊,,
䇙,䇙,䇙,yǐn,yin,3,ㄧㄣ
辁,輇,辁,quán,quan,2,ㄑㄩㄢ
皫,皫,皫,piǎo,piao,3,ㄆㄧㄠ
柡,柡,柡,yǒng,yong,3,ㄩㄥ
笛,笛,笛,dí,di,2,ㄉㄧ
嵞,嵞,嵞,tú,tu,2,ㄊㄨ
铥,銩,铥,dīu,diu,1,ㄉㄧㄡ
䓟,䓟,䓟,liè,lie,4,ㄌㄧㄝ
毟,毟,毟,毟,毟,,
䛵,䛵,䛵,shòu,shou,4,ㄕㄡ
鷭,鷭,鷭,fán,fan,2,ㄈㄢ
䥣,䥣,䥣,záo,zao,2,ㄗㄠ
未,未,未,wèi,wei,4,ㄨㄟ
歒,歒,歒,tì,ti,4,ㄊㄧ
邾,邾,邾,zhū,zhu,1,ㄓㄨ
闟,闟,闟,xì,xi,4,ㄒㄧ
锦,錦,锦,jǐn,jin,3,ㄐㄧㄣ
綰,綰,绾,wǎn,wan,3,ㄨㄢ
骲,骲,骲,bāo,bao,1,ㄅㄠ
隇,隇,隇,wēi,wei,1,ㄨㄟ
狸,狸,狸,lí,li,2,ㄌㄧ
㚕,㚕,㚕,fú,fu,2,ㄈㄨ
続,続,続,続,続,,
讉,讉,讉,yí,yi,2,ㄧ
倪,倪,倪,ní,ni,2,ㄋㄧ
鮺,鮺,鲝,zǎ,za,3,ㄗㄚ
籲,籲,吁,yù,yu,4,ㄩ
尢,尢,尢,wāng,wang,1,ㄨㄤ
標,標,标,biāo,biao,1,ㄅㄧㄠ
㫀,㫀,㫀,dǐng,ding,3,ㄉㄧㄥ
椳,椳,椳,wēi,wei,1,ㄨㄟ
䇔,䇔,䇔,luò,luo,4,ㄌㄨㄛ
畩,畩,畩,畩,畩,,
萘,萘,萘,nài,nai,4,ㄋㄞ
鶺,鶺,鹡,jí,ji,2,ㄐㄧ
泉,泉,泉,quán,quan,2,ㄑㄩㄢ
䜃,䜃,䜃,䜃,䜃,,
饠,饠,饠,luó,luo,2,ㄌㄨㄛ
魐,魐,魐,jiān,jian,1,ㄐㄧㄢ
䥳,䥳,䥳,䥳,䥳,,
犏,犏,犏,piān,pian,1,ㄆㄧㄢ
律,律,律,lv̀,lu,4,ㄌㄨ
収,収,収,shōu,shou,1,ㄕㄡ
娭,娭,娭,xī,xi,1,ㄒㄧ
䭂,䭂,䭂,yì,yi,4,ㄧ
叹,嘆,叹,tàn,tan,4,ㄊㄢ
哩,哩,哩,lī,li,1,ㄌㄧ
嘳,嘳,嘳,kùi,kui,4,ㄎㄨㄟ
蒇,蕆,蒇,chǎn,chan,3,ㄔㄢ
泤,泤,泤,sì,si,4,ㄙ
逪,逪,逪,cuò,cuo,4,ㄘㄨㄛ
黀,黀,黀,zōu,zou,1,ㄗㄡ
燻,燻,燻,xūn,xun,1,ㄒㄩㄣ
旛,旛,旛,fān,fan,1,ㄈㄢ
嘯,嘯,啸,xiào,xiao,4,ㄒㄧㄠ
凬,凬,凬,fēng,feng,1,ㄈㄥ
访,訪,访,fǎng,fang,3,ㄈㄤ
壴,壴,壴,zhǔ,zhu,3,ㄓㄨ
鵋,鵋,鵋,jì,ji,4,ㄐㄧ
嗬,嗬,呵,hē,he,1,ㄏㄜ
䫏,䫏,䫏,䫏,䫏,,
猇,猇,猇,yáo,yao,2,ㄧㄠ
拔,拔,拔,bá,ba,2,ㄅㄚ
條,條,条,tiáo,tiao,2,ㄊㄧㄠ
䌦,䌦,䌦,dǎo,dao,3,ㄉㄠ
鹖,鶡,鹖,hé,he,2,ㄏㄜ
䰿,䰿,䰿,tuó,tuo,2,ㄊㄨㄛ
砉,砉,砉,huò,huo,4,ㄏㄨㄛ
峒,峒,峒,tóng,tong,2,ㄊㄨㄥ
嬵,嬵,嬵,mián,mian,2,ㄇㄧㄢ
稨,稨,稨,biān,bian,1,ㄅㄧㄢ
䑸,䑸,䑸,䑸,䑸,,
䛁,䛁,䛁,nán,nan,2,ㄋㄢ
闬,閈,闬,hàn,han,4,ㄏㄢ
蒚,蒚,蒚,hé,he,2,ㄏㄜ
鵫,鵫,鵫,zhào,zhao,4,ㄓㄠ
嶄,嶄,崭,zhǎn,zhan,3,ㄓㄢ
癆,癆,痨,láo,lao,2,ㄌㄠ
詹,詹,詹,zhān,zhan,1,ㄓㄢ
纘,纘,缵,zuǎn,zuan,3,ㄗㄨㄢ
绩,績,绩,jī,ji,1,ㄐㄧ
誢,誢,誢,xiàn,xian,4,ㄒㄧㄢ
纂,纂,纂,zuǎn,zuan,3,ㄗㄨㄢ
㿁,㿁,㿁,㿁,㿁,,
宀,宀,宀,mián,mian,2,ㄇㄧㄢ
崞,崞,崞,guō,guo,1,ㄍㄨㄛ
瑙,瑙,瑙,nǎo,nao,3,ㄋㄠ
齃,齃,齃,gé,ge,2,ㄍㄜ
檧,檧,檧,sōng,song,1,ㄙㄨㄥ
鍥,鍥,锲,qiè,qie,4,ㄑㄧㄝ
掫,掫,掫,zōu,zou,1,ㄗㄡ
焌,焌,焌,jùn,jun,4,ㄐㄩㄣ
齭,齭,齭,chǔ,chu,3,ㄔㄨ
猳,猳,猳,jiā,jia,1,ㄐㄧㄚ
齋,齋,斋,zhāi,zhai,1,ㄓㄞ
哃,哃,哃,tóng,tong,2,ㄊㄨㄥ
䝦,䝦,䝦,䝦,䝦,,
蜥,蜥,蜥,xī,xi,1,ㄒㄧ
燛,燛,燛,jǐng,jing,3,ㄐㄧㄥ
䓞,䓞,䓞,lì,li,4,ㄌㄧ
鯈,鯈,鯈,tiáo,tiao,2,ㄊㄧㄠ
觱,觱,觱,bì,bi,4,ㄅㄧ
鷹,鷹,鹰,yīng,ying,1,ㄧㄥ
郤,郤,郄,xì,xi,4,ㄒㄧ
獽,獽,獽,ráng,rang,2,ㄖㄤ
伇,伇,伇,yì,yi,4,ㄧ
妪,嫗,妪,yù,yu,4,ㄩ
崋,崋,崋,huá,hua,2,ㄏㄨㄚ
䆓,䆓,䆓,è,e,4,ㄜ
颋,頲,颋,tian,tian,5,ㄊㄧㄢ
䇅,䇅,䇅,fá,fa,2,ㄈㄚ
衴,衴,衴,dǎn,dan,3,ㄉㄢ
鏖,鏖,鏖,áo,ao,2,ㄠ
㪣,㪣,㪣,qiào,qiao,4,ㄑㄧㄠ
䎌,䎌,䎌,cù,cu,4,ㄘㄨ
㖧,㖧,㖧,wěn,wen,3,ㄨㄣ
紦,紦,紦,紦,紦,,
僞,僞,伪,wěi,wei,3,ㄨㄟ
縙,縙,縙,róng,rong,2,ㄖㄨㄥ
钬,鈥,钬,huó,huo,2,ㄏㄨㄛ
蝬,蝬,蝬,zōng,zong,1,ㄗㄨㄥ
㸆,㸆,㸆,㸆,㸆,,
钷,鉕,钷,pō,po,1,ㄆㄛ
喟,喟,喟,kùi,kui,4,ㄎㄨㄟ
鬗,鬗,鬗,màn,man,4,ㄇㄢ
䰟,䰟,䰟,hún,hun,2,ㄏㄨㄣ
㠝,㠝,㠝,cuán,cuan,2,ㄘㄨㄢ
容,容,容,róng,rong,2,ㄖㄨㄥ
坋,坋,坋,fèn,fen,4,ㄈㄣ
㓍,㓍,㓍,㓍,㓍,,
漸,漸,渐,jiàn,jian,4,ㄐㄧㄢ
呍,呍,呍,hōng,hong,1,ㄏㄨㄥ
䁎,䁎,䁎,chéng,cheng,2,ㄔㄥ
庥,庥,庥,xīu,xiu,1,ㄒㄧㄡ
匤,匤,匤,qū,qu,1,ㄑㄩ
鉦,鉦,钲,zhēng,zheng,1,ㄓㄥ
䞠,䞠,䞠,䞠,䞠,,
䋧,䋧,䋧,qú,qu,2,ㄑㄩ
毧,毧,毧,róng,rong,2,ㄖㄨㄥ
杀,殺,杀,shā,sha,1,ㄕㄚ
疛,疛,疛,zhǒu,zhou,3,ㄓㄡ
斗,鬥,斗,dǒu,dou,3,ㄉㄡ
獪,獪,狯,kuài,kuai,4,ㄎㄨㄞ
㠃,㠃,㠃,㠃,㠃,,
絨,絨,绒,róng,rong,2,ㄖㄨㄥ
㚆,㚆,㚆,fù,fu,4,ㄈㄨ
囶,囶,囶,guó,guo,2,ㄍㄨㄛ
议,議,议,yì,yi,4,ㄧ
㹵,㹵,㹵,jìng,jing,4,ㄐㄧㄥ
人,人,人,rén,ren,2,ㄖㄣ
迪,迪,迪,dí,di,2,ㄉㄧ
屛,屛,屛,píng,ping,2,ㄆㄧㄥ
唔,唔,唔,wú,wu,2,ㄨ
鰯,鰯,鰯,ruò,ruo,4,ㄖㄨㄛ
媱,媱,媱,yáo,yao,2,ㄧㄠ
㪵,㪵,㪵,bàn,ban,4,ㄅㄢ
椫,椫,椫,zhǎn,zhan,3,ㄓㄢ
鑈,鑈,鑈,niē,nie,1,ㄋㄧㄝ
裡,裡,里,lǐ,li,3,ㄌㄧ
䥔,䥔,䥔,sù,su,4,ㄙㄨ
㬄,㬄,㬄,chàn,chan,4,ㄔㄢ
惹,惹,惹,rě,re,3,ㄖㄜ
鹣,鶼,鹣,jiān,jian,1,ㄐㄧㄢ
䌾,䌾,䌾,rén,ren,2,ㄖㄣ
㿔,㿔,㿔,lěi,lei,3,ㄌㄟ
䨱,䨱,䨱,fù,fu,4,ㄈㄨ
輷,輷,輷,hōng,hong,1,ㄏㄨㄥ
劈,劈,噼,pī,pi,1,ㄆㄧ
滍,滍,滍,zhǐ,zhi,3,ㄓ
根,根,根,gēn,gen,1,ㄍㄣ
錃,錃,錃,bēi,bei,1,ㄅㄟ
訋,訋,訋,diào,diao,4,ㄉㄧㄠ
巉,巉,巉,chán,chan,2,ㄔㄢ
磝,磝,磝,áo,ao,2,ㄠ
榠,榠,榠,míng,ming,2,ㄇㄧㄥ
䅤,䅤,䅤,qì,qi,4,ㄑㄧ
犿,犿,犿,huān,huan,1,ㄏㄨㄢ
跞,躒,跞,lì,li,4,ㄌㄧ
䂨,䂨,䂨,䂨,䂨,,
豔,豔,艳,yàn,yan,4,ㄧㄢ
㭳,㭳,㭳,㭳,㭳,,
偯,偯,偯,yǐ,yi,3,ㄧ
凹,凹,凹,āo,ao,1,ㄠ
茙,茙,茙,róng,rong,2,ㄖㄨㄥ
塌,塌,塌,tā,ta,1,ㄊㄚ
裤,褲,裤,kù,ku,4,ㄎㄨ
茮,茮,茮,jiāo,jiao,1,ㄐㄧㄠ
粮,糧,粮,liáng,liang,2,ㄌㄧㄤ
阆,閬,阆,lǎng,lang,3,ㄌㄤ
䞰,䞰,䞰,zuó,zuo,2,ㄗㄨㄛ
螎,螎,螎,róng,rong,2,ㄖㄨㄥ
梢,梢,梢,shāo,shao,1,ㄕㄠ
弝,弝,弝,bà,ba,4,ㄅㄚ
觞,觴,觞,shāng,shang,1,ㄕㄤ
㨀,㨀,㨀,bǐng,bing,3,ㄅㄧㄥ
㴠,㴠,㴠,㴠,㴠,,
彼,彼,彼,bǐ,bi,3,ㄅㄧ
爀,爀,爀,hè,he,4,ㄏㄜ
歌,歌,歌,gē,ge,1,ㄍㄜ
耙,耙,耙,bà,ba,4,ㄅㄚ
妟,妟,妟,yàn,yan,4,ㄧㄢ
㶴,㶴,㶴,chǐ,chi,3,ㄔ
㳟,㳟,㳟,㳟,㳟,,
㱸,㱸,㱸,bì,bi,4,ㄅㄧ
欆,欆,欆,shuāng,shuang,1,ㄕㄨㄤ
瓡,瓡,瓡,zhí,zhi,2,ㄓ
艶,艶,艶,yàn,yan,4,ㄧㄢ
竭,竭,竭,jié,jie,2,ㄐㄧㄝ
尯,尯,尯,kùi,kui,4,ㄎㄨㄟ
愨,愨,悫,què,que,4,ㄑㄩㄝ
軻,軻,轲,kē,ke,1,ㄎㄜ
暭,暭,暭,hào,hao,4,ㄏㄠ
經,經,经,jīng,jing,1,ㄐㄧㄥ
婓,婓,婓,fēi,fei,1,ㄈㄟ
輁,輁,輁,qióng,qiong,2,ㄑㄩㄥ
鞹,鞹,鞹,kuò,kuo,4,ㄎㄨㄛ
閕,閕,閕,xiā,xia,1,ㄒㄧㄚ
祼,祼,祼,guàn,guan,4,ㄍㄨㄢ
襫,襫,襫,shì,shi,4,ㄕ
粑,粑,粑,bā,ba,1,ㄅㄚ
惖,惖,惖,tì,ti,4,ㄊㄧ
饛,饛,饛,méng,meng,2,ㄇㄥ
㧃,㧃,㧃,㧃,㧃,,
䨭,䨭,䨭,䨭,䨭,,
鲰,鯫,鲰,zōu,zou,1,ㄗㄡ
䴓,鳾,䴓,shī,shi,1,ㄕ
䤘,䤘,䤘,chǎn,chan,3,ㄔㄢ
仟,仟,仟,qiān,qian,1,ㄑㄧㄢ
婻,婻,婻,nàn,nan,4,ㄋㄢ
趖,趖,趖,suō,suo,1,ㄙㄨㄛ
毳,毳,毳,cùi,cui,4,ㄘㄨㄟ
酣,酣,酣,hān,han,1,ㄏㄢ
茢,茢,茢,liè,lie,4,ㄌㄧㄝ
鸾,鸞,鸾,luán,luan,2,ㄌㄨㄢ
鎚,鎚,鎚,chúi,chui,2,ㄔㄨㄟ
鐲,鐲,镯,zhuó,zhuo,2,ㄓㄨㄛ
䍤,䍤,䍤,jǐ,ji,3,ㄐㄧ
㫶,㫶,㫶,cǒu,cou,3,ㄘㄡ
䕥,䕥,䕥,nǐ,ni,3,ㄋㄧ
㒬,㒬,㒬,㒬,㒬,,
爗,爗,爗,yè,ye,4,ㄧㄝ
垜,垜,垜,duǒ,duo,3,ㄉㄨㄛ
圤,圤,圤,pǔ,pu,3,ㄆㄨ
榜,榜,榜,bǎng,bang,3,ㄅㄤ
䩡,䩡,䩡,jiá,jia,2,ㄐㄧㄚ
儂,儂,侬,nóng,nong,2,ㄋㄨㄥ
硑,硑,硑,pēng,peng,1,ㄆㄥ
䌵,䌵,䌵,zhú,zhu,2,ㄓㄨ
㼌,㼌,㼌,yǔ,yu,3,ㄩ
湶,湶,湶,quán,quan,2,ㄑㄩㄢ
超,超,超,chāo,chao,1,ㄔㄠ
鱗,鱗,鳞,lín,lin,2,ㄌㄧㄣ
盗,盜,盗,dào,dao,4,ㄉㄠ
䛾,䛾,䛾,sù,su,4,ㄙㄨ
骽,骽,骽,tǔi,tui,3,ㄊㄨㄟ
旳,旳,旳,dì,di,4,ㄉㄧ
撚,撚,捻,niǎn,nian,3,ㄋㄧㄢ
匘,匘,匘,nǎo,nao,3,ㄋㄠ
貨,貨,货,huò,huo,4,ㄏㄨㄛ
㧕,㧕,㧕,jìu,jiu,4,ㄐㄧㄡ
頊,頊,顼,xù,xu,4,ㄒㄩ
鎋,鎋,鎋,xiá,xia,2,ㄒㄧㄚ
䯗,䯗,䯗,bì,bi,4,ㄅㄧ
蓐,蓐,蓐,rù,ru,4,ㄖㄨ
鉷,鉷,鉷,hóng,hong,2,ㄏㄨㄥ
㧵,㧵,㧵,póu,pou,2,ㄆㄡ
陧,隉,陧,niè,nie,4,ㄋㄧㄝ
躟,躟,躟,ráng,rang,2,ㄖㄤ
鑙,鑙,鑙,jī,ji,1,ㄐㄧ
菂,菂,菂,dī,di,1,ㄉㄧ
屭,屭,屃,xì,xi,4,ㄒㄧ
蔎,蔎,蔎,shè,she,4,ㄕㄜ
鵘,鵘,鵘,jùn,jun,4,ㄐㄩㄣ
陴,陴,陴,pí,pi,2,ㄆㄧ
蓊,蓊,蓊,wěng,weng,3,ㄨㄥ
钿,鈿,钿,diàn,dian,4,ㄉㄧㄢ
找,找,找,zhǎo,zhao,3,ㄓㄠ
墊,墊,垫,diàn,dian,4,ㄉㄧㄢ
鉎,鉎,鉎,shēng,sheng,1,ㄕㄥ
祂,祂,祂,tā,ta,1,ㄊㄚ
涁,涁,涁,shèn,shen,4,ㄕㄣ
䢐,䢐,䢐,cú,cu,2,ㄘㄨ
祣,祣,祣,lǔ,lu,3,ㄌㄨ
釻,釻,釻,釻,釻,,
䪾,䪾,䪾,mí,mi,2,ㄇㄧ
孬,孬,孬,huài,huai,4,ㄏㄨㄞ
鮃,鮃,鲆,píng,ping,2,ㄆㄧㄥ
簱,簱,簱,簱,簱,,
徐,徐,徐,xú,xu,2,ㄒㄩ
䬊,䬊,䬊,qiè,qie,4,ㄑㄧㄝ
榃,榃,榃,tán,tan,2,ㄊㄢ
廗,廗,廗,dài,dai,4,ㄉㄞ
梵,梵,梵,fàn,fan,4,ㄈㄢ
溼,溼,溼,shī,shi,1,ㄕ
鐅,鐅,鐅,piě,pie,3,ㄆㄧㄝ
虠,虠,虠,jiǎo,jiao,3,ㄐㄧㄠ
阘,闒,阘,tà,ta,4,ㄊㄚ
擤,擤,擤,xǐng,xing,3,ㄒㄧㄥ
鑰,鑰,钥,yào,yao,4,ㄧㄠ
牧,牧,牧,mù,mu,4,ㄇㄨ
抱,抱,抱,bào,bao,4,ㄅㄠ
悁,悁,悁,yuān,yuan,1,ㄩㄢ
竗,竗,竗,miào,miao,4,ㄇㄧㄠ
亳,亳,亳,bó,bo,2,ㄅㄛ
䜍,䜍,䜍,liáo,liao,2,ㄌㄧㄠ
褃,褃,褃,kèn,ken,4,ㄎㄣ
抜,抜,抜,bá,ba,2,ㄅㄚ
喼,喼,喼,jié,jie,2,ㄐㄧㄝ
㐩,㐩,㐩,xíng,xing,2,ㄒㄧㄥ
彲,彲,彲,chī,chi,1,ㄔ
龶,龶,龶,龶,龶,,
㳦,㳦,㳦,xiè,xie,4,ㄒㄧㄝ
骒,騍,骒,kè,ke,4,ㄎㄜ
浄,浄,浄,jìng,jing,4,ㄐㄧㄥ
鰾,鰾,鳔,biào,biao,4,ㄅㄧㄠ
㿰,㿰,㿰,áo,ao,2,ㄠ
耕,耕,耕,gēng,geng,1,ㄍㄥ
將,將,将,jiāng,jiang,1,ㄐㄧㄤ
䟽,䟽,䟽,䟽,䟽,,
鶽,鶽,鶽,zhǔn,zhun,3,ㄓㄨㄣ
㵙,㵙,㵙,㵙,㵙,,
䖦,䖦,䖦,䖦,䖦,,
摵,摵,摵,suǒ,suo,3,ㄙㄨㄛ
橍,橍,橍,rùn,run,4,ㄖㄨㄣ
㐺,㐺,㐺,zhòng,zhong,4,ㄓㄨㄥ
烓,烓,烓,wēi,wei,1,ㄨㄟ
䬄,䬄,䬄,yù,yu,4,ㄩ
暸,暸,暸,liáo,liao,2,ㄌㄧㄠ
玡,玡,玡,yà,ya,4,ㄧㄚ
㷧,㷧,㷧,㷧,㷧,,
妺,妺,妺,mò,mo,4,ㄇㄛ
猍,猍,猍,lái,lai,2,ㄌㄞ
勵,勵,励,lì,li,4,ㄌㄧ
㖽,㖽,㖽,zé,ze,2,ㄗㄜ
䎯,䎯,䎯,hàn,han,4,ㄏㄢ
溳,溳,涢,yún,yun,2,ㄩㄣ
蔭,蔭,荫,yìn,yin,4,ㄧㄣ
䩷,䩷,䩷,䩷,䩷,,
検,検,検,jiǎn,jian,3,ㄐㄧㄢ
聳,聳,耸,sǒng,song,3,ㄙㄨㄥ
㖊,㖊,㖊,㖊,㖊,,
祙,祙,祙,mèi,mei,4,ㄇㄟ
駫,駫,駫,jiōng,jiong,1,ㄐㄩㄥ
耨,耨,耨,nòu,nou,4,ㄋㄡ
牣,牣,牣,rèn,ren,4,ㄖㄣ
䭼,䭼,䭼,qí,qi,2,ㄑㄧ
騋,騋,騋,lái,lai,2,ㄌㄞ
㑆,㑆,㑆,㑆,㑆,,
贝,貝,贝,bèi,bei,4,ㄅㄟ
軧,軧,軧,dǐ,di,3,ㄉㄧ
睾,睾,睾,gāo,gao,1,ㄍㄠ
䰕,䰕,䰕,lú,lu,2,ㄌㄨ
㼸,㼸,㼸,róng,rong,2,ㄖㄨㄥ
僴,僴,僴,xiàn,xian,4,ㄒㄧㄢ
棳,棳,棳,zhuó,zhuo,2,ㄓㄨㄛ
豸,豸,豸,zhì,zhi,4,ㄓ
霈,霈,霈,pèi,pei,4,ㄆㄟ
窉,窉,窉,bǐng,bing,3,ㄅㄧㄥ
鰄,鰄,鰄,wēi,wei,1,ㄨㄟ
劍,劍,剑,jiàn,jian,4,ㄐㄧㄢ
㢤,㢤,㢤,㢤,㢤,,
卑,卑,卑,bēi,bei,1,ㄅㄟ
洩,洩,洩,xiè,xie,4,ㄒㄧㄝ
徚,徚,徚,徚,徚,,
㘨,㘨,㘨,nèi,nei,4,ㄋㄟ
晪,晪,晪,tiǎn,tian,3,ㄊㄧㄢ
蠶,蠶,蚕,cán,can,2,ㄘㄢ
䬸,䬸,䬸,䬸,䬸,,
䭅,䭅,䭅,hú,hu,2,ㄏㄨ
澅,澅,澅,huà,hua,4,ㄏㄨㄚ
艰,艱,艰,jiān,jian,1,ㄐㄧㄢ
袙,袙,袙,pà,pa,4,ㄆㄚ
蕘,蕘,荛,ráo,rao,2,ㄖㄠ
鬂,鬂,鬂,bìn,bin,4,ㄅㄧㄣ
㡮,㡮,㡮,jí,ji,2,ㄐㄧ
莔,莔,莔,méng,meng,2,ㄇㄥ
驶,駛,驶,shǐ,shi,3,ㄕ
潾,潾,潾,lín,lin,2,ㄌㄧㄣ
㑽,㑽,㑽,táng,tang,2,ㄊㄤ
攍,攍,攍,yíng,ying,2,ㄧㄥ
踖,踖,踖,jí,ji,2,ㄐㄧ
尕,尕,尕,gǎ,ga,3,ㄍㄚ
环,環,环,huán,huan,2,ㄏㄨㄢ
䊯,䊯,䊯,kuàng,kuang,4,ㄎㄨㄤ
䜠,䜠,䜠,chè,che,4,ㄔㄜ
䂳,䂳,䂳,cuǒ,cuo,3,ㄘㄨㄛ
䊂,䊂,䊂,cè,ce,4,ㄘㄜ
嗋,嗋,嗋,xié,xie,2,ㄒㄧㄝ
蘞,蘞,蔹,liàn,lian,4,ㄌㄧㄢ
䚹,䚹,䚹,pǐ,pi,3,ㄆㄧ
鬵,鬵,鬵,qián,qian,2,ㄑㄧㄢ
尔,爾,尔,ěr,er,3,ㄦ
沖,沖,沖,chōng,chong,1,ㄔㄨㄥ
㦷,㦷,㦷,yǒng,yong,3,ㄩㄥ
䯪,䯪,䯪,kǎo,kao,3,ㄎㄠ
悯,憫,悯,mǐn,min,3,ㄇㄧㄣ
㷤,㷤,㷤,hè,he,4,ㄏㄜ
聖,聖,圣,shèng,sheng,4,ㄕㄥ
鿮,鿮,鿮,鿮,鿮,,
䋔,䋔,䋔,bì,bi,4,ㄅㄧ
菣,菣,菣,qìn,qin,4,ㄑㄧㄣ
犐,犐,犐,kē,ke,1,ㄎㄜ
待,待,待,dài,dai,4,ㄉㄞ
鳝,鱔,鳝,shàn,shan,4,ㄕㄢ
夙,夙,夙,sù,su,4,ㄙㄨ
懺,懺,忏,chàn,chan,4,ㄔㄢ
縅,縅,縅,縅,縅,,
犀,犀,犀,xī,xi,1,ㄒㄧ
䲤,䲤,䲤,䲤,䲤,,
鉡,鉡,鉡,bàn,ban,4,ㄅㄢ
煏,煏,煏,bì,bi,4,ㄅㄧ
瑤,瑤,瑶,yáo,yao,2,ㄧㄠ
顾,顧,顾,gù,gu,4,ㄍㄨ
詁,詁,诂,gǔ,gu,3,ㄍㄨ
㚾,㚾,㚾,㚾,㚾,,
㕻,㕻,㕻,pǒu,pou,3,ㄆㄡ
抺,抺,抺,mèi,mei,4,ㄇㄟ
脋,脋,脋,脋,脋,,
迮,迮,迮,zé,ze,2,ㄗㄜ
鋩,鋩,铓,máng,mang,2,ㄇㄤ
櫄,櫄,櫄,chūn,chun,1,ㄔㄨㄣ
嬃,嬃,嬃,xū,xu,1,ㄒㄩ
㜼,㜼,㜼,zhí,zhi,2,ㄓ
踭,踭,踭,zhēng,zheng,1,ㄓㄥ
雏,雛,雏,chú,chu,2,ㄔㄨ
镙,鏍,镙,luó,luo,2,ㄌㄨㄛ
溊,溊,溊,溊,溊,,
暗,暗,暗,àn,an,4,ㄢ
鱬,鱬,鱬,rú,ru,2,ㄖㄨ
㣏,㣏,㣏,jìng,jing,4,ㄐㄧㄥ
龫,龫,龫,龫,龫,,
靚,靚,靓,jìng,jing,4,ㄐㄧㄥ
誜,誜,誜,shuà,shua,4,ㄕㄨㄚ
䏇,䏇,䏇,piào,piao,4,ㄆㄧㄠ
匟,匟,匟,kàng,kang,4,ㄎㄤ
彀,彀,彀,gòu,gou,4,ㄍㄡ
耵,耵,耵,tīng,ting,1,ㄊㄧㄥ
菱,菱,菱,líng,ling,2,ㄌㄧㄥ
㣊,㣊,㣊,㣊,㣊,,
櫏,櫏,櫏,qiān,qian,1,ㄑㄧㄢ
嶴,嶴,岙,ào,ao,4,ㄠ
䨝,䨝,䨝,䨝,䨝,,
垆,壚,垆,lú,lu,2,ㄌㄨ
迹,跡,迹,jī,ji,1,ㄐㄧ
蚄,蚄,蚄,fāng,fang,1,ㄈㄤ
瞞,瞞,瞒,mán,man,2,ㄇㄢ
謮,謮,謮,zé,ze,2,ㄗㄜ
趭,趭,趭,yào,yao,4,ㄧㄠ
䜤,䜤,䜤,䜤,䜤,,
攟,攟,攟,jùn,jun,4,ㄐㄩㄣ
劫,劫,劫,jié,jie,2,ㄐㄧㄝ
頰,頰,颊,jiá,jia,2,ㄐㄧㄚ
䃻,䃻,䃻,bà,ba,4,ㄅㄚ
馝,馝,馝,bì,bi,4,ㄅㄧ
㲋,㲋,㲋,chuò,chuo,4,ㄔㄨㄛ
誛,誛,誛,qīn,qin,1,ㄑㄧㄣ
䴹,䴹,䴹,guǒ,guo,3,ㄍㄨㄛ
躿,躿,躿,kāng,kang,1,ㄎㄤ
䘝,䘝,䘝,yì,yi,4,ㄧ
佴,佴,佴,èr,er,4,ㄦ
杲,杲,杲,gǎo,gao,3,ㄍㄠ
原,原,原,yuán,yuan,2,ㄩㄢ
㘩,㘩,㘩,bì,bi,4,ㄅㄧ
彔,彔,彔,lù,lu,4,ㄌㄨ
钋,釙,钋,pò,po,4,ㄆㄛ
閂,閂,闩,shuān,shuan,1,ㄕㄨㄢ
騼,騼,騼,lù,lu,4,ㄌㄨ
䲰,䲰,䲰,yùn,yun,4,ㄩㄣ
䲿,䲿,䲿,cí,ci,2,ㄘ
䀚,䀚,䀚,áng,ang,2,ㄤ
㦆,㦆,㦆,㦆,㦆,,
侓,侓,侓,lù,lu,4,ㄌㄨ
癣,癬,癣,xiǎn,xian,3,ㄒㄧㄢ
湛,湛,湛,zhàn,zhan,4,ㄓㄢ
䲫,䲫,䲫,䲫,䲫,,
㒮,㒮,㒮,㒮,㒮,,
讪,訕,讪,shàn,shan,4,ㄕㄢ
㚥,㚥,㚥,yú,yu,2,ㄩ
箮,箮,箮,箮,箮,,
鰛,鰛,鰛,wēn,wen,1,ㄨㄣ
䉠,䉠,䉠,wéi,wei,2,ㄨㄟ
谗,讒,谗,chán,chan,2,ㄔㄢ
砜,碸,砜,fēng,feng,1,ㄈㄥ
歄,歄,歄,歄,歄,,
㟮,㟮,㟮,㟮,㟮,,
㼕,㼕,㼕,㼕,㼕,,
辠,辠,辠,zùi,zui,4,ㄗㄨㄟ
㒍,㒍,㒍,léi,lei,2,ㄌㄟ
㠏,㠏,㠏,huá,hua,2,ㄏㄨㄚ
撧,撧,撧,jué,jue,2,ㄐㄩㄝ
喌,喌,喌,zhōu,zhou,1,ㄓㄡ
樋,樋,樋,tōng,tong,1,ㄊㄨㄥ
邭,邭,邭,jù,ju,4,ㄐㄩ
塄,塄,塄,léng,leng,2,ㄌㄥ
䀷,䀷,䀷,jié,jie,2,ㄐㄧㄝ
荘,荘,荘,zhuāng,zhuang,1,ㄓㄨㄤ
翅,翅,翅,chì,chi,4,ㄔ
燼,燼,烬,jìn,jin,4,ㄐㄧㄣ
斊,斊,斊,qí,qi,2,ㄑㄧ
侄,侄,侄,zhí,zhi,2,ㄓ
䨁,䨁,䨁,chè,che,4,ㄔㄜ
恂,恂,恂,xún,xun,2,ㄒㄩㄣ
㼬,㼬,㼬,xìng,xing,4,ㄒㄧㄥ
䥗,䥗,䥗,kuǎn,kuan,3,ㄎㄨㄢ
鶟,鶟,鶟,tú,tu,2,ㄊㄨ
麺,麺,麺,miàn,mian,4,ㄇㄧㄢ
嚩,嚩,嚩,fú,fu,2,ㄈㄨ
㥁,㥁,㥁,dé,de,2,ㄉㄜ
澹,澹,澹,dàn,dan,4,ㄉㄢ
㫴,㫴,㫴,㫴,㫴,,
㟔,㟔,㟔,hán,han,2,ㄏㄢ
琋,琋,琋,xī,xi,1,ㄒㄧ
巡,巡,巡,xún,xun,2,ㄒㄩㄣ
咾,咾,咾,lǎo,lao,3,ㄌㄠ
頱,頱,頱,lè,le,4,ㄌㄜ
䐪,䐪,䐪,fàn,fan,4,ㄈㄢ
弸,弸,弸,péng,peng,2,ㄆㄥ
崴,崴,崴,wēi,wei,1,ㄨㄟ
俧,俧,俧,俧,俧,,
㼉,㼉,㼉,yìn,yin,4,ㄧㄣ
䴲,䴲,䴲,mò,mo,4,ㄇㄛ
㩪,㩪,㩪,xié,xie,2,ㄒㄧㄝ
㝙,㝙,㝙,yín,yin,2,ㄧㄣ
瞦,瞦,瞦,xī,xi,1,ㄒㄧ
㢦,㢦,㢦,㢦,㢦,,
透,透,透,tòu,tou,4,ㄊㄡ
辱,辱,辱,rǔ,ru,3,ㄖㄨ
膋,膋,膋,liáo,liao,2,ㄌㄧㄠ
㥖,㥖,㥖,㥖,㥖,,
庪,庪,庪,gǔi,gui,3,ㄍㄨㄟ
弤,弤,弤,dǐ,di,3,ㄉㄧ
筪,筪,筪,xiá,xia,2,ㄒㄧㄚ
性,性,性,xìng,xing,4,ㄒㄧㄥ
㮌,㮌,㮌,mián,mian,2,ㄇㄧㄢ
䤝,䤝,䤝,yìng,ying,4,ㄧㄥ
㤮,㤮,㤮,kuáng,kuang,2,ㄎㄨㄤ
据,據,据,jù,ju,4,ㄐㄩ
鲐,鮐,鲐,tái,tai,2,ㄊㄞ
嫲,嫲,嫲,嫲,嫲,,
㓤,㓤,㓤,jié,jie,2,ㄐㄧㄝ
㸽,㸽,㸽,bèi,bei,4,ㄅㄟ
猐,猐,猐,qiāng,qiang,1,ㄑㄧㄤ
叧,叧,叧,guǎ,gua,3,ㄍㄨㄚ
鴊,鴊,鴊,zhèng,zheng,4,ㄓㄥ
姫,姫,姫,jī,ji,1,ㄐㄧ
䢥,䢥,䢥,yán,yan,2,ㄧㄢ
糫,糫,糫,huán,huan,2,ㄏㄨㄢ
欧,歐,欧,ōu,ou,1,ㄡ
硁,硜,硁,kēng,keng,1,ㄎㄥ
㹖,㹖,㹖,huàn,huan,4,ㄏㄨㄢ
噺,噺,噺,噺,噺,,
夻,夻,夻,夻,夻,,
䧩,䧩,䧩,䧩,䧩,,
䓇,䓇,䓇,xì,xi,4,ㄒㄧ
漐,漐,漐,zhí,zhi,2,ㄓ
郎,郎,郎,láng,lang,2,ㄌㄤ
鏇,鏇,旋,xuàn,xuan,4,ㄒㄩㄢ
㺉,㺉,㺉,hù,hu,4,ㄏㄨ
兿,兿,兿,yì,yi,4,ㄧ
藈,藈,藈,kūi,kui,1,ㄎㄨㄟ
韧,韌,韧,rèn,ren,4,ㄖㄣ
䉏,䉏,䉏,xiè,xie,4,ㄒㄧㄝ
葈,葈,葈,xǐ,xi,3,ㄒㄧ
艙,艙,舱,cāng,cang,1,ㄘㄤ
篪,篪,篪,chí,chi,2,ㄔ
筰,筰,筰,zuó,zuo,2,ㄗㄨㄛ
橀,橀,橀,xī,xi,1,ㄒㄧ
䜐,䜐,䜐,䜐,䜐,,
酟,酟,酟,tiān,tian,1,ㄊㄧㄢ
箂,箂,箂,lái,lai,2,ㄌㄞ
㫼,㫼,㫼,dié,die,2,ㄉㄧㄝ
攆,攆,撵,niǎn,nian,3,ㄋㄧㄢ
鹉,鵡,鹉,wǔ,wu,3,ㄨ
咑,咑,咑,què,que,4,ㄑㄩㄝ
捹,捹,捹,bèn,ben,4,ㄅㄣ
鷣,鷣,鷣,yín,yin,2,ㄧㄣ
㼲,㼲,㼲,liè,lie,4,ㄌㄧㄝ
熙,熙,熙,xī,xi,1,ㄒㄧ
唧,唧,唧,jī,ji,1,ㄐㄧ
屳,屳,屳,xiān,xian,1,ㄒㄧㄢ
㳬,㳬,㳬,xuán,xuan,2,ㄒㄩㄢ
纴,紝,纴,rén,ren,2,ㄖㄣ
鎌,鎌,鎌,lián,lian,2,ㄌㄧㄢ
娃,娃,娃,wá,wa,2,ㄨㄚ
呑,呑,呑,tūn,tun,1,ㄊㄨㄣ
巷,巷,巷,xiàng,xiang,4,ㄒㄧㄤ
髦,髦,髦,máo,mao,2,ㄇㄠ
講,講,讲,jiǎng,jiang,3,ㄐㄧㄤ
矁,矁,矁,chǒu,chou,3,ㄔㄡ
䫣,䫣,䫣,xí,xi,2,ㄒㄧ
嘼,嘼,嘼,xìu,xiu,4,ㄒㄧㄡ
剳,剳,剳,zhā,zha,1,ㄓㄚ
䮶,䮶,䮶,䮶,䮶,,
蠵,蠵,蠵,xī,xi,1,ㄒㄧ
鏎,鏎,鏎,bì,bi,4,ㄅㄧ
澌,澌,澌,sī,si,1,ㄙ
暅,暅,暅,xuǎn,xuan,3,ㄒㄩㄢ
鬠,鬠,鬠,kuài,kuai,4,ㄎㄨㄞ
熝,熝,熝,lù,lu,4,ㄌㄨ
䙂,䙂,䙂,䙂,䙂,,
蘿,蘿,萝,luó,luo,2,ㄌㄨㄛ
泶,澩,泶,xué,xue,2,ㄒㄩㄝ
多,多,多,duō,duo,1,ㄉㄨㄛ
慮,慮,虑,lv̀,lu,4,ㄌㄨ
銩,銩,铥,dīu,diu,1,ㄉㄧㄡ
㔭,㔭,㔭,chè,che,4,ㄔㄜ
㻨,㻨,㻨,㻨,㻨,,
䌤,䌤,䌤,zhǐ,zhi,3,ㄓ
駣,駣,駣,táo,tao,2,ㄊㄠ
嵴,脊,嵴,jí,ji,2,ㄐㄧ
蝟,蝟,猬,wèi,wei,4,ㄨㄟ
台,颱,台,tái,tai,2,ㄊㄞ
愐,愐,愐,miǎn,mian,3,ㄇㄧㄢ
觵,觵,觵,gōng,gong,1,ㄍㄨㄥ
遤,遤,遤,遤,遤,,
庂,庂,庂,zè,ze,4,ㄗㄜ
龤,龤,龤,xié,xie,2,ㄒㄧㄝ
䪿,䪿,䪿,shěng,sheng,3,ㄕㄥ
脞,脞,脞,cuǒ,cuo,3,ㄘㄨㄛ
铕,銪,铕,yǒu,you,3,ㄧㄡ
夺,奪,夺,duó,duo,2,ㄉㄨㄛ
辯,辯,辩,biàn,bian,4,ㄅㄧㄢ
犬,犬,犬,quǎn,quan,3,ㄑㄩㄢ
緟,緟,緟,zhòng,zhong,4,ㄓㄨㄥ
鼟,鼟,鼟,tēng,teng,1,ㄊㄥ
琢,琢,琢,zhuó,zhuo,2,ㄓㄨㄛ
洒,灑,洒,sǎ,sa,3,ㄙㄚ
焽,焽,焽,焽,焽,,
赻,赻,赻,xiǎn,xian,3,ㄒㄧㄢ
繂,繂,繂,shuài,shuai,4,ㄕㄨㄞ
琪,琪,琪,qí,qi,2,ㄑㄧ
慟,慟,恸,tòng,tong,4,ㄊㄨㄥ
㕝,㕝,㕝,㕝,㕝,,
䭢,䭢,䭢,níng,ning,2,ㄋㄧㄥ
漈,漈,漈,jì,ji,4,ㄐㄧ
籋,籋,籋,mí,mi,2,ㄇㄧ
㴇,㴇,㴇,shè,she,4,ㄕㄜ
薟,薟,莶,liǎn,lian,3,ㄌㄧㄢ
躤,躤,躤,jiè,jie,4,ㄐㄧㄝ
両,両,両,liǎng,liang,3,ㄌㄧㄤ
抗,抗,抗,kàng,kang,4,ㄎㄤ
勑,勑,勑,lài,lai,4,ㄌㄞ
䠌,䠌,䠌,䠌,䠌,,
炠,炠,炠,xiá,xia,2,ㄒㄧㄚ
靮,靮,靮,dí,di,2,ㄉㄧ
撮,撮,撮,cuō,cuo,1,ㄘㄨㄛ
结,結,结,jié,jie,2,ㄐㄧㄝ
㡚,㡚,㡚,㡚,㡚,,
㴢,㴢,㴢,㴢,㴢,,
媅,媅,媅,dān,dan,1,ㄉㄢ
韹,韹,韹,héng,heng,2,ㄏㄥ
弳,弳,弪,jìng,jing,4,ㄐㄧㄥ
㛈,㛈,㛈,㛈,㛈,,
朆,朆,朆,fēn,fen,1,ㄈㄣ
䝃,䝃,䝃,zhé,zhe,2,ㄓㄜ
宄,宄,宄,gǔi,gui,3,ㄍㄨㄟ
糙,糙,糙,cāo,cao,1,ㄘㄠ
䤺,䤺,䤺,yǐn,yin,3,ㄧㄣ
㰥,㰥,㰥,hùi,hui,4,ㄏㄨㄟ
㻼,㻼,㻼,㻼,㻼,,
賘,賘,賘,zāng,zang,1,ㄗㄤ
誴,誴,誴,cóng,cong,2,ㄘㄨㄥ
䄧,䄧,䄧,réng,reng,2,ㄖㄥ
䎂,䎂,䎂,bǎo,bao,3,ㄅㄠ
穡,穡,穑,sè,se,4,ㄙㄜ
儃,儃,儃,chán,chan,2,ㄔㄢ
灚,灚,灚,jiǎo,jiao,3,ㄐㄧㄠ
賷,賷,賷,jī,ji,1,ㄐㄧ
滑,滑,滑,huá,hua,2,ㄏㄨㄚ
㳲,㳲,㳲,㳲,㳲,,
熘,溜,熘,līu,liu,1,ㄌㄧㄡ
䧾,䧾,䧾,䧾,䧾,,
丞,丞,丞,chéng,cheng,2,ㄔㄥ
约,約,约,yuē,yue,1,ㄩㄝ
暣,暣,暣,qì,qi,4,ㄑㄧ
還,還,还,huán,huan,2,ㄏㄨㄢ
䃔,䃔,䃔,hóng,hong,2,ㄏㄨㄥ
冔,冔,冔,xǔ,xu,3,ㄒㄩ
铇,铇,铇,bào,bao,4,ㄅㄠ
㛆,㛆,㛆,duǒ,duo,3,ㄉㄨㄛ
鿙,鿙,鿙,鿙,鿙,,
埬,埬,埬,dōng,dong,1,ㄉㄨㄥ
蠍,蠍,蝎,xiē,xie,1,ㄒㄧㄝ
䩁,䩁,䩁,䩁,䩁,,
鸭,鴨,鸭,yā,ya,1,ㄧㄚ
䐂,䐂,䐂,lù,lu,4,ㄌㄨ
栍,栍,栍,栍,栍,,
螻,螻,蝼,lóu,lou,2,ㄌㄡ
俻,俻,俻,bèi,bei,4,ㄅㄟ
謶,謶,謶,zhuó,zhuo,2,ㄓㄨㄛ
等,等,等,děng,deng,3,ㄉㄥ
軐,軐,軐,xìn,xin,4,ㄒㄧㄣ
帝,帝,帝,dì,di,4,ㄉㄧ
搲,搲,搲,wā,wa,1,ㄨㄚ
顰,顰,颦,pín,pin,2,ㄆㄧㄣ
侗,侗,侗,tōng,tong,1,ㄊㄨㄥ
胥,胥,胥,xū,xu,1,ㄒㄩ
㑑,㑑,㑑,㑑,㑑,,
圉,圉,圉,yǔ,yu,3,ㄩ
㾼,㾼,㾼,tǔi,tui,3,ㄊㄨㄟ
䝙,䝙,䝙,䝙,䝙,,
孞,孞,孞,xìn,xin,4,ㄒㄧㄣ
㰀,㰀,㰀,lí,li,2,ㄌㄧ
繃,繃,绷,bēng,beng,1,ㄅㄥ
琉,琉,琉,líu,liu,2,ㄌㄧㄡ
殎,殎,殎,qià,qia,4,ㄑㄧㄚ
伸,伸,伸,shēn,shen,1,ㄕㄣ
槶,槶,槶,kùi,kui,4,ㄎㄨㄟ
岯,岯,岯,pēi,pei,1,ㄆㄟ
卸,卸,卸,xiè,xie,4,ㄒㄧㄝ
㖯,㖯,㖯,㖯,㖯,,
㘱,㘱,㘱,㘱,㘱,,
襳,襳,襳,xiān,xian,1,ㄒㄧㄢ
促,促,促,cù,cu,4,ㄘㄨ
䗣,䗣,䗣,gǎo,gao,3,ㄍㄠ
攖,攖,撄,yīng,ying,1,ㄧㄥ
鳉,鱂,鳉,jiāng,jiang,1,ㄐㄧㄤ
㼚,㼚,㼚,㼚,㼚,,
戡,戡,戡,kān,kan,1,ㄎㄢ
崰,崰,崰,崰,崰,,
鳅,鰍,鳅,qīu,qiu,1,ㄑㄧㄡ
殗,殗,殗,yè,ye,4,ㄧㄝ
䡷,䡷,䡷,kài,kai,4,ㄎㄞ
䣢,䣢,䣢,jí,ji,2,ㄐㄧ
澔,澔,澔,hào,hao,4,ㄏㄠ
攦,攦,攦,lì,li,4,ㄌㄧ
嵙,嵙,嵙,嵙,嵙,,
耲,耲,耲,huái,huai,2,ㄏㄨㄞ
匼,匼,匼,qià,qia,4,ㄑㄧㄚ
劤,劤,劤,jìn,jin,4,ㄐㄧㄣ
戀,戀,恋,liàn,lian,4,ㄌㄧㄢ
戭,戭,戭,yǎn,yan,3,ㄧㄢ
鎦,鎦,镏,líu,liu,2,ㄌㄧㄡ
芟,芟,芟,shān,shan,1,ㄕㄢ
憌,憌,憌,chún,chun,2,ㄔㄨㄣ
嘘,噓,嘘,xū,xu,1,ㄒㄩ
疩,疩,疩,cùi,cui,4,ㄘㄨㄟ
泞,濘,泞,nìng,ning,4,ㄋㄧㄥ
䃊,䃊,䃊,jǔ,ju,3,ㄐㄩ
櫸,櫸,榉,jǔ,ju,3,ㄐㄩ
㔡,㔡,㔡,㔡,㔡,,
琖,琖,琖,zhǎn,zhan,3,ㄓㄢ
罛,罛,罛,gū,gu,1,ㄍㄨ
馺,馺,馺,sà,sa,4,ㄙㄚ
鹠,鶹,鹠,líu,liu,2,ㄌㄧㄡ
丢,丟,丢,dīu,diu,1,ㄉㄧㄡ
邹,鄒,邹,zōu,zou,1,ㄗㄡ
㧜,㧜,㧜,liè,lie,4,ㄌㄧㄝ
䩗,䩗,䩗,bà,ba,4,ㄅㄚ
譵,譵,譵,zhùi,zhui,4,ㄓㄨㄟ
裔,裔,裔,yì,yi,4,ㄧ
垊,垊,垊,垊,垊,,
聶,聶,聂,niè,nie,4,ㄋㄧㄝ
閄,閄,閄,huò,huo,4,ㄏㄨㄛ
踁,踁,踁,jìng,jing,4,ㄐㄧㄥ
紱,紱,绂,fú,fu,2,ㄈㄨ
赅,賅,赅,gāi,gai,1,ㄍㄞ
䕤,䕤,䕤,䕤,䕤,,
庼,廎,庼,qǐng,qing,3,ㄑㄧㄥ
暃,暃,暃,暃,暃,,
圗,圗,圗,tú,tu,2,ㄊㄨ
煶,煶,煶,煶,煶,,
㥆,㥆,㥆,diàn,dian,4,ㄉㄧㄢ
瑏,瑏,瑏,chuān,chuan,1,ㄔㄨㄢ
瘥,瘥,瘥,chài,chai,4,ㄔㄞ
鐏,鐏,鐏,zūn,zun,1,ㄗㄨㄣ
㰌,㰌,㰌,què,que,4,ㄑㄩㄝ
濥,濥,濥,yìn,yin,4,ㄧㄣ
簫,簫,箫,xiāo,xiao,1,ㄒㄧㄠ
璎,瓔,璎,yīng,ying,1,ㄧㄥ
眼,眼,眼,yǎn,yan,3,ㄧㄢ
廤,廤,廤,廤,廤,,
旦,旦,旦,dàn,dan,4,ㄉㄢ
䇗,䇗,䇗,䇗,䇗,,
鹺,鹺,鹾,cuó,cuo,2,ㄘㄨㄛ
㿪,㿪,㿪,huán,huan,2,ㄏㄨㄢ
鹱,鸌,鹱,huò,huo,4,ㄏㄨㄛ
㜰,㜰,㜰,yuè,yue,4,ㄩㄝ
㹢,㹢,㹢,㹢,㹢,,
緃,緃,緃,zōng,zong,1,ㄗㄨㄥ
䔺,䔺,䔺,wéi,wei,2,ㄨㄟ
圩,圩,圩,wéi,wei,2,ㄨㄟ
詺,詺,詺,mìng,ming,4,ㄇㄧㄥ
秛,秛,秛,pī,pi,1,ㄆㄧ
崅,崅,崅,què,que,4,ㄑㄩㄝ
䮒,䮒,䮒,䮒,䮒,,
鞻,鞻,鞻,lóu,lou,2,ㄌㄡ
岇,岇,岇,áng,ang,2,ㄤ
䊊,䊊,䊊,mèi,mei,4,ㄇㄟ
㧖,㧖,㧖,è,e,4,ㄜ
兒,兒,儿,ér,er,2,ㄦ
爫,爫,爫,爫,爫,,
澼,澼,澼,pì,pi,4,ㄆㄧ
虪,虪,虪,shú,shu,2,ㄕㄨ
佱,佱,佱,fǎ,fa,3,ㄈㄚ
漌,漌,漌,jǐn,jin,3,ㄐㄧㄣ
㴗,㴗,㴗,㴗,㴗,,
豶,豶,豮,fén,fen,2,ㄈㄣ
䛡,䛡,䛡,huà,hua,4,ㄏㄨㄚ
廴,廴,廴,yǐn,yin,3,ㄧㄣ
㓢,㓢,㓢,luò,luo,4,ㄌㄨㄛ
䰏,䰏,䰏,jì,ji,4,ㄐㄧ
䩞,䩞,䩞,nián,nian,2,ㄋㄧㄢ
䊲,䊲,䊲,chǎn,chan,3,ㄔㄢ
纔,纔,才,cái,cai,2,ㄘㄞ
婚,婚,婚,hūn,hun,1,ㄏㄨㄣ
鹯,鸇,鹯,zhān,zhan,1,ㄓㄢ
鮽,鮽,鮽,yú,yu,2,ㄩ
㚹,㚹,㚹,mǎo,mao,3,ㄇㄠ
鼿,鼿,鼿,wū,wu,1,ㄨ
㼰,㼰,㼰,é,e,2,ㄜ
苷,苷,苷,gān,gan,1,ㄍㄢ
䙊,䙊,䙊,xiè,xie,4,ㄒㄧㄝ
郉,郉,郉,xíng,xing,2,ㄒㄧㄥ
䶥,䶥,䶥,jǔ,ju,3,ㄐㄩ
蔸,蔸,蔸,dōu,dou,1,ㄉㄡ
䴉,䴉,䴉,xuán,xuan,2,ㄒㄩㄢ
鮫,鮫,鲛,jiāo,jiao,1,ㄐㄧㄠ
帆,帆,帆,fān,fan,1,ㄈㄢ
慂,慂,慂,yǒng,yong,3,ㄩㄥ
䩧,䩧,䩧,xiè,xie,4,ㄒㄧㄝ
䙢,䙢,䙢,zèng,zeng,4,ㄗㄥ
䁝,䁝,䁝,yíng,ying,2,ㄧㄥ
栎,櫟,栎,lì,li,4,ㄌㄧ
䏾,䏾,䏾,䏾,䏾,,
㺰,㺰,㺰,㺰,㺰,,
鬏,鬏,鬏,jīu,jiu,1,ㄐㄧㄡ
犇,犇,犇,bēn,ben,1,ㄅㄣ
茶,茶,茶,chá,cha,2,ㄔㄚ
嵫,嵫,嵫,zī,zi,1,ㄗ
䅱,䅱,䅱,hùn,hun,4,ㄏㄨㄣ
㭂,㭂,㭂,jiǎo,jiao,3,ㄐㄧㄠ
鄑,鄑,鄑,zī,zi,1,ㄗ
礙,礙,碍,ài,ai,4,ㄞ
䈅,䈅,䈅,yù,yu,4,ㄩ
䠏,䠏,䠏,jì,ji,4,ㄐㄧ
熻,熻,熻,xī,xi,1,ㄒㄧ
飜,飜,飜,fān,fan,1,ㄈㄢ
㵺,㵺,㵺,pái,pai,2,ㄆㄞ
㻚,㻚,㻚,㻚,㻚,,
䒜,䒜,䒜,níu,niu,2,ㄋㄧㄡ
跕,跕,跕,dié,die,2,ㄉㄧㄝ
騑,騑,騑,fēi,fei,1,ㄈㄟ
鳤,鳤,鳤,guǎn,guan,3,ㄍㄨㄢ
焧,焧,焧,cōng,cong,1,ㄘㄨㄥ
莑,莑,莑,fēng,feng,1,ㄈㄥ
蜹,蜹,蜹,rùi,rui,4,ㄖㄨㄟ
䧨,䧨,䧨,yè,ye,4,ㄧㄝ
跐,跐,跐,cǐ,ci,3,ㄘ
唥,唥,唥,唥,唥,,
壚,壚,垆,lú,lu,2,ㄌㄨ
䄳,䄳,䄳,䄳,䄳,,
鞳,鞳,鞳,tà,ta,4,ㄊㄚ
虐,虐,虐,nvè,nue,4,
䢜,䢜,䢜,䢜,䢜,,
屏,屏,屏,píng,ping,2,ㄆㄧㄥ
鸯,鴦,鸯,yāng,yang,1,ㄧㄤ
悪,悪,悪,è,e,4,ㄜ
濍,濍,濍,sōng,song,1,ㄙㄨㄥ
瑴,瑴,瑴,jué,jue,2,ㄐㄩㄝ
缈,緲,缈,miǎo,miao,3,ㄇㄧㄠ
嘃,嘃,嘃,chōng,chong,1,ㄔㄨㄥ
䬍,䬍,䬍,䬍,䬍,,
峕,峕,峕,shí,shi,2,ㄕ
簮,簮,簮,zān,zan,1,ㄗㄢ
㢙,㢙,㢙,qín,qin,2,ㄑㄧㄣ
蔒,蔒,蔒,xūn,xun,1,ㄒㄩㄣ
㨴,㨴,㨴,jiàn,jian,4,ㄐㄧㄢ
踻,踻,踻,guā,gua,1,ㄍㄨㄚ
嗣,嗣,嗣,sì,si,4,ㄙ
猚,猚,猚,yá,ya,2,ㄧㄚ
㣻,㣻,㣻,yì,yi,4,ㄧ
厘,厘,厘,lí,li,2,ㄌㄧ
䇮,䇮,䇮,rèn,ren,4,ㄖㄣ
嘟,嘟,嘟,dū,du,1,ㄉㄨ
嫖,嫖,嫖,piào,piao,4,ㄆㄧㄠ
舦,舦,舦,tài,tai,4,ㄊㄞ
奝,奝,奝,diāo,diao,1,ㄉㄧㄠ
满,滿,满,mǎn,man,3,ㄇㄢ
俕,俕,俕,sàn,san,4,ㄙㄢ
裇,裇,裇,裇,裇,,
庠,庠,庠,xiáng,xiang,2,ㄒㄧㄤ
㝭,㝭,㝭,xǐng,xing,3,ㄒㄧㄥ
䑃,䑃,䑃,méng,meng,2,ㄇㄥ
蔊,蔊,蔊,hǎn,han,3,ㄏㄢ
㹁,㹁,㹁,liáng,liang,2,ㄌㄧㄤ
寑,寑,寑,qǐn,qin,3,ㄑㄧㄣ
缯,繒,缯,zēng,zeng,1,ㄗㄥ
䉨,䉨,䉨,yì,yi,4,ㄧ
㷉,㷉,㷉,wèi,wei,4,ㄨㄟ
㺝,㺝,㺝,jiàn,jian,4,ㄐㄧㄢ
婢,婢,婢,bì,bi,4,ㄅㄧ
艖,艖,艖,chā,cha,1,ㄔㄚ
鿌,鿌,鿌,鿌,鿌,,
釨,釨,釨,zǐ,zi,3,ㄗ
哌,呱,哌,pài,pai,4,ㄆㄞ
騠,騠,騠,tí,ti,2,ㄊㄧ
枢,樞,枢,shū,shu,1,ㄕㄨ
遠,遠,远,yuǎn,yuan,3,ㄩㄢ
齕,齕,龁,hé,he,2,ㄏㄜ
榓,榓,榓,mì,mi,4,ㄇㄧ
奜,奜,奜,fěi,fei,3,ㄈㄟ
䚱,䚱,䚱,xìn,xin,4,ㄒㄧㄣ
㭠,㭠,㭠,xiǎn,xian,3,ㄒㄧㄢ
胋,胋,胋,tián,tian,2,ㄊㄧㄢ
唾,唾,唾,tuò,tuo,4,ㄊㄨㄛ
鿩,鿩,鿩,鿩,鿩,,
橅,橅,橅,mó,mo,2,ㄇㄛ
拌,拌,拌,bàn,ban,4,ㄅㄢ
忹,忹,忹,wǎng,wang,3,ㄨㄤ
名,名,名,míng,ming,2,ㄇㄧㄥ
勼,勼,勼,jīu,jiu,1,ㄐㄧㄡ
穼,穼,穼,sēn,sen,1,ㄙㄣ
扵,扵,扵,yú,yu,2,ㄩ
馩,馩,馩,fén,fen,2,ㄈㄣ
詰,詰,诘,jié,jie,2,ㄐㄧㄝ
甀,甀,甀,zhùi,zhui,4,ㄓㄨㄟ
㤩,㤩,㤩,kè,ke,4,ㄎㄜ
竂,竂,竂,piáo,piao,2,ㄆㄧㄠ
铱,銥,铱,yǐ,yi,3,ㄧ
茵,茵,茵,yīn,yin,1,ㄧㄣ
䉐,䉐,䉐,䉐,䉐,,
㸒,㸒,㸒,yín,yin,2,ㄧㄣ
袧,袧,袧,kōu,kou,1,ㄎㄡ
鑩,鑩,鑩,è,e,4,ㄜ
韁,韁,缰,jiāng,jiang,1,ㄐㄧㄤ
扩,擴,扩,kuò,kuo,4,ㄎㄨㄛ
螔,螔,螔,yí,yi,2,ㄧ
㒎,㒎,㒎,sǎ,sa,3,ㄙㄚ
境,境,境,jìng,jing,4,ㄐㄧㄥ
嵽,嵽,嵽,dié,die,2,ㄉㄧㄝ
陗,陗,陗,qiào,qiao,4,ㄑㄧㄠ
㘎,㘚,㘎,hǎn,han,3,ㄏㄢ
芕,芕,芕,sūi,sui,1,ㄙㄨㄟ
烿,烿,烿,róng,rong,2,ㄖㄨㄥ
掏,掏,掏,tāo,tao,1,ㄊㄠ
赁,賃,赁,rèn,ren,4,ㄖㄣ
閊,閊,閊,閊,閊,,
沺,沺,沺,tián,tian,2,ㄊㄧㄢ
裥,襇,裥,jiǎn,jian,3,ㄐㄧㄢ
㶐,㶐,㶐,㶐,㶐,,
䪠,䪠,䪠,䪠,䪠,,
玂,玂,玂,qí,qi,2,ㄑㄧ
鎊,鎊,镑,bàng,bang,4,ㄅㄤ
禳,禳,禳,ráng,rang,2,ㄖㄤ
耈,耈,耈,gǒu,gou,3,ㄍㄡ
顫,顫,颤,zhàn,zhan,4,ㄓㄢ
䱢,䱢,䱢,䱢,䱢,,
肎,肎,肎,kěn,ken,3,ㄎㄣ
襑,襑,襑,xín,xin,2,ㄒㄧㄣ
鼢,鼢,鼢,fén,fen,2,ㄈㄣ
穄,穄,穄,jì,ji,4,ㄐㄧ
䑾,䑾,䑾,䑾,䑾,,
餭,餭,餭,huáng,huang,2,ㄏㄨㄤ
㷨,㷨,㷨,㷨,㷨,,
硕,碩,硕,shuò,shuo,4,ㄕㄨㄛ
昜,昜,昜,yáng,yang,2,ㄧㄤ
鲺,鯴,鲺,shī,shi,1,ㄕ
箹,箹,箹,yuē,yue,1,ㄩㄝ
禄,祿,禄,lù,lu,4,ㄌㄨ
蕷,蕷,蓣,yù,yu,4,ㄩ
鴉,鴉,鸦,yā,ya,1,ㄧㄚ
懴,懴,懴,chàn,chan,4,ㄔㄢ
磈,磈,磈,wěi,wei,3,ㄨㄟ
漓,灕,漓,lí,li,2,ㄌㄧ
䁋,䁋,䁋,shé,she,2,ㄕㄜ
罷,罷,罢,bà,ba,4,ㄅㄚ
級,級,级,jí,ji,2,ㄐㄧ
湅,湅,湅,liàn,lian,4,ㄌㄧㄢ
㽿,㽿,㽿,㽿,㽿,,
暕,暕,暕,jiǎn,jian,3,ㄐㄧㄢ
樢,樢,樢,niǎo,niao,3,ㄋㄧㄠ
䪼,䪼,䪼,䪼,䪼,,
㐀,㐀,㐀,qīu,qiu,1,ㄑㄧㄡ
㨩,㨩,㨩,jié,jie,2,ㄐㄧㄝ
俥,俥,俥,chē,che,1,ㄔㄜ
龿,龿,龿,龿,龿,,
篭,篭,篭,lóng,long,2,ㄌㄨㄥ
燬,燬,燬,hǔi,hui,3,ㄏㄨㄟ
砪,砪,砪,mǔ,mu,3,ㄇㄨ
阪,阪,坂,bǎn,ban,3,ㄅㄢ
裛,裛,裛,yì,yi,4,ㄧ
鬢,鬢,鬓,bìn,bin,4,ㄅㄧㄣ
脢,脢,脢,méi,mei,2,ㄇㄟ
炄,炄,炄,nǐu,niu,3,ㄋㄧㄡ
龮,龮,龮,龮,龮,,
双,雙,双,shuāng,shuang,1,ㄕㄨㄤ
禈,禈,禈,hūi,hui,1,ㄏㄨㄟ
剙,剙,剙,chuàng,chuang,4,ㄔㄨㄤ
㼈,㼈,㼈,luó,luo,2,ㄌㄨㄛ
鍡,鍡,鍡,wěi,wei,3,ㄨㄟ
謫,謫,谪,zhé,zhe,2,ㄓㄜ
航,航,航,háng,hang,2,ㄏㄤ
镈,鎛,镈,bó,bo,2,ㄅㄛ
圫,圫,圫,yù,yu,4,ㄩ
谉,讅,谉,shěn,shen,3,ㄕㄣ
疕,疕,疕,bǐ,bi,3,ㄅㄧ
驌,驌,骕,sù,su,4,ㄙㄨ
哮,哮,哮,xiāo,xiao,1,ㄒㄧㄠ
鼘,鼘,鼘,yuān,yuan,1,ㄩㄢ
蔀,蔀,蔀,bù,bu,4,ㄅㄨ
翆,翆,翆,cùi,cui,4,ㄘㄨㄟ
昲,昲,昲,fèi,fei,4,ㄈㄟ
训,訓,训,xùn,xun,4,ㄒㄩㄣ
筥,筥,筥,jǔ,ju,3,ㄐㄩ
兜,兜,兜,dōu,dou,1,ㄉㄡ
擻,擻,擞,sǒu,sou,3,ㄙㄡ
蜵,蜵,蜵,yuān,yuan,1,ㄩㄢ
諺,諺,谚,yàn,yan,4,ㄧㄢ
㙫,㙫,㙫,jí,ji,2,ㄐㄧ
碶,碶,碶,qì,qi,4,ㄑㄧ
䵵,䵵,䵵,zhá,zha,2,ㄓㄚ
郆,郆,郆,jí,ji,2,ㄐㄧ
豠,豠,豠,cú,cu,2,ㄘㄨ
䃵,䃵,䃵,niǎo,niao,3,ㄋㄧㄠ
儘,儘,尽,jǐn,jin,3,ㄐㄧㄣ
獾,獾,獾,huān,huan,1,ㄏㄨㄢ
瘱,瘱,瘱,yì,yi,4,ㄧ
䜱,䜱,䜱,mǎn,man,3,ㄇㄢ
鎑,鎑,鎑,yè,ye,4,ㄧㄝ
㞰,㞰,㞰,xǔ,xu,3,ㄒㄩ
䞺,䞺,䞺,䞺,䞺,,
䁒,䁒,䁒,jí,ji,2,ㄐㄧ
蓘,蓘,蓘,gǔn,gun,3,ㄍㄨㄣ
麽,麽,么,mo,mo,5,ㄇㄛ
苡,苡,苡,yǐ,yi,3,ㄧ
䈿,䈿,䈿,mài,mai,4,ㄇㄞ
訶,訶,诃,hē,he,1,ㄏㄜ
俘,俘,俘,fú,fu,2,ㄈㄨ
㵄,㵄,㵄,hàn,han,4,ㄏㄢ
廛,廛,廛,chán,chan,2,ㄔㄢ
牠,牠,牠,tuó,tuo,2,ㄊㄨㄛ
橩,橩,橩,qióng,qiong,2,ㄑㄩㄥ
碔,碔,碔,wǔ,wu,3,ㄨ
淕,淕,淕,lù,lu,4,ㄌㄨ
㭌,㭌,㭌,móu,mou,2,ㄇㄡ
韘,韘,韘,shè,she,4,ㄕㄜ
䔪,䔪,䔪,dùi,dui,4,ㄉㄨㄟ
扭,扭,扭,nǐu,niu,3,ㄋㄧㄡ
炨,炨,炨,duò,duo,4,ㄉㄨㄛ
鶲,鶲,鹟,wēng,weng,1,ㄨㄥ
浦,浦,浦,pǔ,pu,3,ㄆㄨ
䚷,䚷,䚷,xì,xi,4,ㄒㄧ
墿,墿,墿,yì,yi,4,ㄧ
嬒,嬒,嬒,wèi,wei,4,ㄨㄟ
趌,趌,趌,jié,jie,2,ㄐㄧㄝ
䤔,䤔,䤔,jiàn,jian,4,ㄐㄧㄢ
術,術,术,shù,shu,4,ㄕㄨ
採,採,採,cǎi,cai,3,ㄘㄞ
蹷,蹷,蹷,jué,jue,2,ㄐㄩㄝ
咯,咯,咯,gē,ge,1,ㄍㄜ
鎎,鎎,鎎,xì,xi,4,ㄒㄧ
牕,牕,牕,chuāng,chuang,1,ㄔㄨㄤ
衊,衊,蔑,miè,mie,4,ㄇㄧㄝ
冥,冥,冥,míng,ming,2,ㄇㄧㄥ
窓,窓,窓,chuāng,chuang,1,ㄔㄨㄤ
塭,塭,塭,wēn,wen,1,ㄨㄣ
臞,臞,臞,qú,qu,2,ㄑㄩ
虁,虁,虁,kúi,kui,2,ㄎㄨㄟ
鹞,鷂,鹞,yào,yao,4,ㄧㄠ
䀶,䀶,䀶,lǎng,lang,3,ㄌㄤ
紟,紟,紟,jīn,jin,1,ㄐㄧㄣ
䚌,䚌,䚌,䚌,䚌,,
㩛,㩛,㩛,tuán,tuan,2,ㄊㄨㄢ
綳,綳,绷,bēng,beng,1,ㄅㄥ
檎,檎,檎,qín,qin,2,ㄑㄧㄣ
怂,慫,怂,sǒng,song,3,ㄙㄨㄥ
慡,慡,慡,shuǎng,shuang,3,ㄕㄨㄤ
窋,窋,窋,zhú,zhu,2,ㄓㄨ
盥,盥,盥,guàn,guan,4,ㄍㄨㄢ
鈱,鈱,鈱,mín,min,2,ㄇㄧㄣ
肶,肶,肶,pí,pi,2,ㄆㄧ
楳,楳,楳,méi,mei,2,ㄇㄟ
㯉,㯉,㯉,huò,huo,4,ㄏㄨㄛ
儫,儫,儫,háo,hao,2,ㄏㄠ
碣,碣,碣,jié,jie,2,ㄐㄧㄝ
久,久,久,jǐu,jiu,3,ㄐㄧㄡ
䍂,䍂,䍂,yú,yu,2,ㄩ
䅑,䅑,䅑,rúi,rui,2,ㄖㄨㄟ
麛,麛,麛,mí,mi,2,ㄇㄧ
敊,敊,敊,chù,chu,4,ㄔㄨ
辉,輝,辉,hūi,hui,1,ㄏㄨㄟ
䀅,䀅,䀅,shè,she,4,ㄕㄜ
兰,蘭,兰,lán,lan,2,ㄌㄢ
礭,礭,礭,què,que,4,ㄑㄩㄝ
萨,薩,萨,sà,sa,4,ㄙㄚ
蝥,蝥,蝥,máo,mao,2,ㄇㄠ
楜,楜,楜,hú,hu,2,ㄏㄨ
焄,焄,焄,xūn,xun,1,ㄒㄩㄣ
踩,踩,踩,cǎi,cai,3,ㄘㄞ
㞨,㞨,㞨,zǎi,zai,3,ㄗㄞ
䭚,䭚,䭚,chuáng,chuang,2,ㄔㄨㄤ
调,調,调,diào,diao,4,ㄉㄧㄠ
囬,囬,囬,húi,hui,2,ㄏㄨㄟ
癭,癭,瘿,yǐng,ying,3,ㄧㄥ
粘,粘,粘,nián,nian,2,ㄋㄧㄢ
悄,悄,悄,qiǎo,qiao,3,ㄑㄧㄠ
岸,岸,岸,àn,an,4,ㄢ
孧,孧,孧,孧,孧,,
眙,眙,眙,chì,chi,4,ㄔ
畔,畔,畔,pàn,pan,4,ㄆㄢ
韨,韍,韨,fú,fu,2,ㄈㄨ
襌,襌,襌,dān,dan,1,ㄉㄢ
溧,溧,溧,lì,li,4,ㄌㄧ
耼,耼,耼,dān,dan,1,ㄉㄢ
餒,餒,馁,něi,nei,3,ㄋㄟ
荞,蕎,荞,qiáo,qiao,2,ㄑㄧㄠ
褛,褸,褛,lǔ,lu,3,ㄌㄨ
豤,豤,豤,kěn,ken,3,ㄎㄣ
嚥,嚥,嚥,yàn,yan,4,ㄧㄢ
鎺,鎺,鎺,鎺,鎺,,
䈥,䈥,䈥,䈥,䈥,,
㙕,㙕,㙕,kuài,kuai,4,ㄎㄨㄞ
䦤,䦤,䦤,chuài,chuai,4,ㄔㄨㄞ
沑,沑,沑,róu,rou,2,ㄖㄡ
㮤,㮤,㮤,㮤,㮤,,
蜀,蜀,蜀,shǔ,shu,3,ㄕㄨ
䢦,䢦,䢦,shuài,shuai,4,ㄕㄨㄞ
蟸,蟸,蟸,lǐ,li,3,ㄌㄧ
瑒,瑒,玚,yáng,yang,2,ㄧㄤ
骪,骪,骪,wěi,wei,3,ㄨㄟ
君,君,君,jūn,jun,1,ㄐㄩㄣ
廨,廨,廨,xiè,xie,4,ㄒㄧㄝ
窈,窈,窈,yǎo,yao,3,ㄧㄠ
蕗,蕗,蕗,lù,lu,4,ㄌㄨ
価,価,価,jià,jia,4,ㄐㄧㄚ
碥,碥,碥,biǎn,bian,3,ㄅㄧㄢ
斬,斬,斩,zhǎn,zhan,3,ㄓㄢ
摨,摨,摨,nái,nai,2,ㄋㄞ
嘂,嘂,嘂,jiào,jiao,4,ㄐㄧㄠ
稉,稉,稉,gēng,geng,1,ㄍㄥ
僠,僠,僠,fān,fan,1,ㄈㄢ
㗫,㗫,㗫,qiè,qie,4,ㄑㄧㄝ
㗼,㗼,㗼,yè,ye,4,ㄧㄝ
㡦,㡦,㡦,㡦,㡦,,
㙵,㙵,㙵,tái,tai,2,ㄊㄞ
䵕,䵕,䵕,jù,ju,4,ㄐㄩ
觥,觥,觥,gōng,gong,1,ㄍㄨㄥ
僶,僶,僶,mǐn,min,3,ㄇㄧㄣ
籙,籙,箓,lù,lu,4,ㄌㄨ
鴖,鴖,鴖,wén,wen,2,ㄨㄣ
䕀,䕀,䕀,kuǎn,kuan,3,ㄎㄨㄢ
袀,袀,袀,jūn,jun,1,ㄐㄩㄣ
韏,韏,韏,juàn,juan,4,ㄐㄩㄢ
嶟,嶟,嶟,zūn,zun,1,ㄗㄨㄣ
隄,隄,隄,dī,di,1,ㄉㄧ
袏,袏,袏,zuò,zuo,4,ㄗㄨㄛ
鸗,鸗,鸗,lóng,long,2,ㄌㄨㄥ
潨,潨,潨,zhōng,zhong,1,ㄓㄨㄥ
鋼,鋼,钢,gāng,gang,1,ㄍㄤ
絼,絼,絼,zhěn,zhen,3,ㄓㄣ
彊,彊,彊,qiáng,qiang,2,ㄑㄧㄤ
䮰,䮰,䮰,dǎn,dan,3,ㄉㄢ
鼾,鼾,鼾,hān,han,1,ㄏㄢ
时,時,时,shí,shi,2,ㄕ
紌,紌,紌,qíu,qiu,2,ㄑㄧㄡ
培,培,培,péi,pei,2,ㄆㄟ
腸,腸,肠,cháng,chang,2,ㄔㄤ
忪,忪,忪,zhōng,zhong,1,ㄓㄨㄥ
鉴,鑒,鉴,jiàn,jian,4,ㄐㄧㄢ
纚,纚,纚,xǐ,xi,3,ㄒㄧ
槯,槯,槯,cūi,cui,1,ㄘㄨㄟ
䇓,䇓,䇓,䇓,䇓,,
䄇,䄇,䄇,chéng,cheng,2,ㄔㄥ
崗,崗,岗,gǎng,gang,3,ㄍㄤ
葏,葏,葏,jīng,jing,1,ㄐㄧㄥ
㫝,㫝,㫝,㫝,㫝,,
㴞,㴞,㴞,㴞,㴞,,
村,村,村,cūn,cun,1,ㄘㄨㄣ
晚,晚,晚,wǎn,wan,3,ㄨㄢ
矢,矢,矢,shǐ,shi,3,ㄕ
睰,睰,睰,mà,ma,4,ㄇㄚ
厧,厧,厧,diān,dian,1,ㄉㄧㄢ
䂖,䂖,䂖,shí,shi,2,ㄕ
䩕,䩕,䩕,áng,ang,2,ㄤ
㪘,㪘,㪘,liǎn,lian,3,ㄌㄧㄢ
㯅,㯅,㯅,pí,pi,2,ㄆㄧ
㔬,㔬,㔬,㔬,㔬,,
舷,舷,舷,xián,xian,2,ㄒㄧㄢ
膧,膧,膧,tóng,tong,2,ㄊㄨㄥ
黤,黤,黤,yǎn,yan,3,ㄧㄢ
䃑,䃑,䃑,pán,pan,2,ㄆㄢ
铨,銓,铨,quán,quan,2,ㄑㄩㄢ
㻠,㻠,㻠,tú,tu,2,ㄊㄨ
籸,籸,籸,shēn,shen,1,ㄕㄣ
藒,藒,藒,qiè,qie,4,ㄑㄧㄝ
倕,倕,倕,chúi,chui,2,ㄔㄨㄟ
訕,訕,讪,shàn,shan,4,ㄕㄢ
㞉,㞉,㞉,㞉,㞉,,
梫,梫,梫,cēn,cen,1,ㄘㄣ
潥,潥,潥,sù,su,4,ㄙㄨ
㨿,㨿,㨿,jù,ju,4,ㄐㄩ
笢,笢,笢,mǐn,min,3,ㄇㄧㄣ
鵰,鵰,鵰,diāo,diao,1,ㄉㄧㄠ
㧆,㧆,㧆,㧆,㧆,,
釒,釒,釒,釒,釒,,
恺,愷,恺,kǎi,kai,3,ㄎㄞ
錙,錙,锱,zī,zi,1,ㄗ
昝,昝,昝,zǎn,zan,3,ㄗㄢ
砙,砙,砙,pān,pan,1,ㄆㄢ
鈏,鈏,鈏,yǐn,yin,3,ㄧㄣ
駙,駙,驸,fù,fu,4,ㄈㄨ
陈,陳,陈,chén,chen,2,ㄔㄣ
戇,戇,戆,gàng,gang,4,ㄍㄤ
檐,簷,檐,yán,yan,2,ㄧㄢ
獏,獏,獏,mú,mu,2,ㄇㄨ
暬,暬,暬,xiè,xie,4,ㄒㄧㄝ
櫷,櫷,櫷,櫷,櫷,,
䡌,䡌,䡌,hóng,hong,2,ㄏㄨㄥ
靇,靇,靇,lóng,long,2,ㄌㄨㄥ
漘,漘,漘,chún,chun,2,ㄔㄨㄣ
鲹,鯵,鲹,shēn,shen,1,ㄕㄣ
鼗,鞀,鼗,táo,tao,2,ㄊㄠ
㤙,㤙,㤙,㤙,㤙,,
踒,踒,踒,wō,wo,1,ㄨㄛ
愁,愁,愁,chóu,chou,2,ㄔㄡ
吐,吐,吐,tǔ,tu,3,ㄊㄨ
芒,芒,芒,máng,mang,2,ㄇㄤ
鯡,鯡,鲱,fēi,fei,1,ㄈㄟ
嘢,嘢,嘢,yě,ye,3,ㄧㄝ
覟,覟,覟,zhì,zhi,4,ㄓ
秼,秼,秼,zhū,zhu,1,ㄓㄨ
崃,峽,崃,lái,lai,2,ㄌㄞ
盐,鹽,盐,yán,yan,2,ㄧㄢ
氹,氹,凼,dàng,dang,4,ㄉㄤ
伵,伵,伵,xù,xu,4,ㄒㄩ
艛,艛,艛,lóu,lou,2,ㄌㄡ
㜊,㜊,㜊,pàng,pang,4,ㄆㄤ
衩,衩,衩,chà,cha,4,ㄔㄚ
坈,坈,坈,kēng,keng,1,ㄎㄥ
鏐,鏐,镠,líu,liu,2,ㄌㄧㄡ
括,括,括,kuò,kuo,4,ㄎㄨㄛ
䮱,䮱,䮱,zhú,zhu,2,ㄓㄨ
勝,勝,胜,shèng,sheng,4,ㄕㄥ
䁤,䁤,䁤,chè,che,4,ㄔㄜ
瘎,瘎,瘎,shèn,shen,4,ㄕㄣ
奄,奄,奄,yǎn,yan,3,ㄧㄢ
齪,齪,龊,chuò,chuo,4,ㄔㄨㄛ
伊,伊,伊,yī,yi,1,ㄧ
磷,磷,磷,lín,lin,2,ㄌㄧㄣ
颈,頸,颈,jǐng,jing,3,ㄐㄧㄥ
鶖,鶖,鹙,qīu,qiu,1,ㄑㄧㄡ
㔀,㔀,㔀,lvè,lue,4,
囸,囸,囸,rì,ri,4,ㄖ
爟,爟,爟,guàn,guan,4,ㄍㄨㄢ
市,市,市,shì,shi,4,ㄕ
儞,儞,儞,nǐ,ni,3,ㄋㄧ
危,危,危,wēi,wei,1,ㄨㄟ
澍,澍,澍,shù,shu,4,ㄕㄨ
蓴,蓴,莼,chún,chun,2,ㄔㄨㄣ
錠,錠,锭,dìng,ding,4,ㄉㄧㄥ
報,報,报,bào,bao,4,ㄅㄠ
䣪,䣪,䣪,pò,po,4,ㄆㄛ
硶,硶,硶,chěn,chen,3,ㄔㄣ
姰,姰,姰,jūn,jun,1,ㄐㄩㄣ
劜,劜,劜,yā,ya,1,ㄧㄚ
䝌,䝌,䝌,jué,jue,2,ㄐㄩㄝ
纥,紇,纥,hé,he,2,ㄏㄜ
嗤,嗤,嗤,chī,chi,1,ㄔ
㛴,㛴,㛴,nǎo,nao,3,ㄋㄠ
醗,醗,醗,pò,po,4,ㄆㄛ
䚂,䚂,䚂,hè,he,4,ㄏㄜ
樚,樚,樚,lù,lu,4,ㄌㄨ
㪛,㪛,㪛,zhěn,zhen,3,ㄓㄣ
瀙,瀙,瀙,qīn,qin,1,ㄑㄧㄣ
譻,譻,譻,yīng,ying,1,ㄧㄥ
㶹,㶹,㶹,hòng,hong,4,ㄏㄨㄥ
㚵,㚵,㚵,㚵,㚵,,
鱫,鱫,鱫,鱫,鱫,,
䅝,䅝,䅝,䅝,䅝,,
㑸,㑸,㑸,ǎi,ai,3,ㄞ
族,族,族,zú,zu,2,ㄗㄨ
壆,壆,壆,bó,bo,2,ㄅㄛ
捿,捿,捿,xī,xi,1,ㄒㄧ
㫁,㫁,㫁,duàn,duan,4,ㄉㄨㄢ
帠,帠,帠,yì,yi,4,ㄧ
糄,糄,糄,biān,bian,1,ㄅㄧㄢ
艍,艍,艍,jū,ju,1,ㄐㄩ
讠,訁,讠,yán,yan,2,ㄧㄢ
䜿,䜿,䜿,䜿,䜿,,
螟,螟,螟,míng,ming,2,ㄇㄧㄥ
膠,膠,胶,jiāo,jiao,1,ㄐㄧㄠ
駶,駶,駶,jú,ju,2,ㄐㄩ
䔂,䔂,䔂,zǐ,zi,3,ㄗ
䌝,䌝,䌝,jìn,jin,4,ㄐㄧㄣ
糼,糼,糼,gōng,gong,1,ㄍㄨㄥ
椼,椼,椼,yǎn,yan,3,ㄧㄢ
膯,膯,膯,tēng,teng,1,ㄊㄥ
狝,獮,狝,xiǎn,xian,3,ㄒㄧㄢ
胫,脛,胫,jìng,jing,4,ㄐㄧㄥ
釢,釢,釢,nái,nai,2,ㄋㄞ
虔,虔,虔,qián,qian,2,ㄑㄧㄢ
汈,汈,汈,diāo,diao,1,ㄉㄧㄠ
瑝,瑝,瑝,huáng,huang,2,ㄏㄨㄤ
倚,倚,倚,yǐ,yi,3,ㄧ
虀,虀,虀,jī,ji,1,ㄐㄧ
㳏,㳏,㳏,chǐ,chi,3,ㄔ
詂,詂,詂,fù,fu,4,ㄈㄨ
㱓,㱓,㱓,㱓,㱓,,
藼,藼,藼,xuān,xuan,1,ㄒㄩㄢ
㗁,㗁,㗁,è,e,4,ㄜ
䚜,䚜,䚜,䚜,䚜,,
訉,訉,訉,fàn,fan,4,ㄈㄢ
繍,繍,繍,xìu,xiu,4,ㄒㄧㄡ
洅,洅,洅,zǔi,zui,3,ㄗㄨㄟ
㨱,㨱,㨱,yáo,yao,2,ㄧㄠ
䎱,䎱,䎬,bà,ba,4,ㄅㄚ
犓,犓,犓,chú,chu,2,ㄔㄨ
挊,挊,挊,nòng,nong,4,ㄋㄨㄥ
邔,邔,邔,qǐ,qi,3,ㄑㄧ
镧,鑭,镧,làn,lan,4,ㄌㄢ
䝴,䝴,䝴,䝴,䝴,,
瀴,瀴,瀴,yǐng,ying,3,ㄧㄥ
鱴,鱴,鱴,miè,mie,4,ㄇㄧㄝ
灍,灍,灍,què,que,4,ㄑㄩㄝ
䳧,䳧,䳧,hóu,hou,2,ㄏㄡ
䎠,䎠,䎠,ér,er,2,ㄦ
㕈,㕈,㕈,hòu,hou,4,ㄏㄡ
狀,狀,状,zhuàng,zhuang,4,ㄓㄨㄤ
栁,栁,栁,lǐu,liu,3,ㄌㄧㄡ
嵋,嵋,嵋,méi,mei,2,ㄇㄟ
识,識,识,shì,shi,4,ㄕ
鞜,鞜,鞜,tà,ta,4,ㄊㄚ
靰,靰,靰,wù,wu,4,ㄨ
䝧,䝧,䝧,mén,men,2,ㄇㄣ
熾,熾,炽,chì,chi,4,ㄔ
蘖,蘖,蘖,niè,nie,4,ㄋㄧㄝ
㐅,㐅,㐅,wǔ,wu,3,ㄨ
毺,毺,毺,yū,yu,1,ㄩ
鑎,鑎,鑎,kùi,kui,4,ㄎㄨㄟ
筏,筏,筏,fá,fa,2,ㄈㄚ
菃,菃,菃,qú,qu,2,ㄑㄩ
簃,簃,簃,yí,yi,2,ㄧ
蔆,蔆,蔆,líng,ling,2,ㄌㄧㄥ
諓,諓,諓,jiàn,jian,4,ㄐㄧㄢ
覠,覠,覠,jūn,jun,1,ㄐㄩㄣ
䓏,䓏,䓏,䓏,䓏,,
䳾,䳾,䳾,䳾,䳾,,
桯,桯,桯,tīng,ting,1,ㄊㄧㄥ
汐,汐,汐,xì,xi,4,ㄒㄧ
仈,仈,仈,bā,ba,1,ㄅㄚ
灦,灦,灦,xiǎn,xian,3,ㄒㄧㄢ
躰,躰,躰,tǐ,ti,3,ㄊㄧ
鿧,鿧,鿧,鿧,鿧,,
椈,椈,椈,jú,ju,2,ㄐㄩ
蜩,蜩,蜩,tiáo,tiao,2,ㄊㄧㄠ
覄,覄,覄,覄,覄,,
仨,仨,仨,sā,sa,1,ㄙㄚ
燚,燚,燚,yī,yi,1,ㄧ
毨,毨,毨,xiǎn,xian,3,ㄒㄧㄢ
䊦,䊦,䊦,yá,ya,2,ㄧㄚ
欕,欕,欕,欕,欕,,
䃐,䃐,䃐,䃐,䃐,,
騀,騀,騀,é,e,2,ㄜ
鸨,鴇,鸨,bǎo,bao,3,ㄅㄠ
㦑,㦑,㦑,liǎn,lian,3,ㄌㄧㄢ
翸,翸,翸,pěn,pen,3,ㄆㄣ
㛞,㛞,㛞,lòng,long,4,ㄌㄨㄥ
幤,幤,幤,幤,幤,,
娂,娂,娂,hóng,hong,2,ㄏㄨㄥ
趄,趄,趄,jū,ju,1,ㄐㄩ
䋒,䋒,䋒,䋒,䋒,,
刭,剄,刭,jǐng,jing,3,ㄐㄧㄥ
鴎,鴎,鴎,ōu,ou,1,ㄡ
㟯,㟯,㟯,㟯,㟯,,
蹎,蹎,蹎,diān,dian,1,ㄉㄧㄢ
鴻,鴻,鸿,hóng,hong,2,ㄏㄨㄥ
贖,贖,赎,shú,shu,2,ㄕㄨ
箝,箝,箝,qián,qian,2,ㄑㄧㄢ
睘,睘,睘,qióng,qiong,2,ㄑㄩㄥ
簛,簛,簛,sī,si,1,ㄙ
鸌,鸌,鹱,huò,huo,4,ㄏㄨㄛ
啥,啥,啥,shà,sha,4,ㄕㄚ
绹,綯,绹,táo,tao,2,ㄊㄠ
驯,馴,驯,xún,xun,2,ㄒㄩㄣ
钔,鍆,钔,mén,men,2,ㄇㄣ
鶉,鶉,鹑,chún,chun,2,ㄔㄨㄣ
柿,柿,柿,shì,shi,4,ㄕ
䦣,䦣,䦣,fù,fu,4,ㄈㄨ
䪴,䪴,䪴,zhěn,zhen,3,ㄓㄣ
鐳,鐳,镭,léi,lei,2,ㄌㄟ
徛,徛,徛,qì,qi,4,ㄑㄧ
䙕,䙕,䙕,chù,chu,4,ㄔㄨ
䡖,䡖,䡖,jìng,jing,4,ㄐㄧㄥ
牲,牲,牲,shēng,sheng,1,ㄕㄥ
躴,躴,躴,láng,lang,2,ㄌㄤ
氠,氠,氠,shēn,shen,1,ㄕㄣ
譂,譂,譂,chǎn,chan,3,ㄔㄢ
奀,奀,奀,ēn,en,1,ㄣ
錤,錤,錤,qí,qi,2,ㄑㄧ
芌,芌,芌,yù,yu,4,ㄩ
蛈,蛈,蛈,tiè,tie,4,ㄊㄧㄝ
钴,鈷,钴,gū,gu,1,ㄍㄨ
鲨,鯊,鲨,shā,sha,1,ㄕㄚ
帮,幫,帮,bāng,bang,1,ㄅㄤ
䎾,䎾,䎾,gǔn,gun,3,ㄍㄨㄣ
胀,脹,胀,zhàng,zhang,4,ㄓㄤ
蠤,蠤,蠤,qīu,qiu,1,ㄑㄧㄡ
汝,汝,汝,rǔ,ru,3,ㄖㄨ
㭎,棡,㭎,㭎,㭎,,
㨫,㨫,㨫,lǎn,lan,3,ㄌㄢ
挣,掙,挣,zhēng,zheng,1,ㄓㄥ
渐,漸,渐,jiàn,jian,4,ㄐㄧㄢ
薪,薪,薪,xīn,xin,1,ㄒㄧㄣ
㰈,㰈,㰈,liǎn,lian,3,ㄌㄧㄢ
氺,氺,氺,氺,氺,,
䏫,䏫,䏫,䏫,䏫,,
瓢,瓢,瓢,piáo,piao,2,ㄆㄧㄠ
㬃,㬃,㬃,tái,tai,2,ㄊㄞ
墄,墄,墄,qī,qi,1,ㄑㄧ
鉈,鉈,铊,shī,shi,1,ㄕ
涓,涓,涓,juān,juan,1,ㄐㄩㄢ
㗻,㗻,㗻,㗻,㗻,,
趞,趞,趞,què,que,4,ㄑㄩㄝ
㪂,㪂,㪂,㪂,㪂,,
礯,礯,礯,yīng,ying,1,ㄧㄥ
珴,珴,珴,é,e,2,ㄜ
喱,喱,喱,lí,li,2,ㄌㄧ
銿,銿,銿,zhōng,zhong,1,ㄓㄨㄥ
噈,噈,噈,cù,cu,4,ㄘㄨ
鱛,鱛,鱛,鱛,鱛,,
㦳,㦳,㦳,㦳,㦳,,
糆,糆,糆,miàn,mian,4,ㄇㄧㄢ
氨,氨,氨,ān,an,1,ㄢ
漾,漾,漾,yàng,yang,4,ㄧㄤ
䞫,䞫,䞫,yǔn,yun,3,ㄩㄣ
䒣,䒣,䒣,rǎn,ran,3,ㄖㄢ
羮,羮,羮,gēng,geng,1,ㄍㄥ
逞,逞,逞,chěng,cheng,3,ㄔㄥ
忄,忄,忄,忄,忄,,
户,戶,户,hù,hu,4,ㄏㄨ
莻,莻,莻,莻,莻,,
炻,炻,炻,shí,shi,2,ㄕ
臥,臥,卧,wò,wo,4,ㄨㄛ
蔥,蔥,葱,cōng,cong,1,ㄘㄨㄥ
苍,蒼,苍,cāng,cang,1,ㄘㄤ
迢,迢,迢,tiáo,tiao,2,ㄊㄧㄠ
铃,鈴,铃,líng,ling,2,ㄌㄧㄥ
㞀,㞀,㞀,㞀,㞀,,
㘈,㘈,㘈,yī,yi,1,ㄧ
疚,疚,疚,jìu,jiu,4,ㄐㄧㄡ
饰,飾,饰,shì,shi,4,ㄕ
䶀,䶀,䶀,tà,ta,4,ㄊㄚ
磂,磂,磂,lìu,liu,4,ㄌㄧㄡ
裙,裙,裙,qún,qun,2,ㄑㄩㄣ
紡,紡,纺,fǎng,fang,3,ㄈㄤ
䝇,䝇,䝇,䝇,䝇,,
攕,攕,攕,sān,san,1,ㄙㄢ
䔛,䔛,䔛,qǐng,qing,3,ㄑㄧㄥ
驵,駔,驵,zǎng,zang,3,ㄗㄤ
烳,烳,烳,pǔ,pu,3,ㄆㄨ
均,均,均,jūn,jun,1,ㄐㄩㄣ
䨴,䨴,䨴,dùi,dui,4,ㄉㄨㄟ
椱,椱,椱,fòu,fou,4,ㄈㄡ
緆,緆,緆,yì,yi,4,ㄧ
漂,漂,漂,piāo,piao,1,ㄆㄧㄠ
箄,箄,箄,bì,bi,4,ㄅㄧ
韸,韸,韸,péng,peng,2,ㄆㄥ
灈,灈,灈,qú,qu,2,ㄑㄩ
骗,騙,骗,piàn,pian,4,ㄆㄧㄢ
忶,忶,忶,hún,hun,2,ㄏㄨㄣ
怲,怲,怲,bǐng,bing,3,ㄅㄧㄥ
檩,檁,檩,lǐn,lin,3,ㄌㄧㄣ
蜐,蜐,蜐,jié,jie,2,ㄐㄧㄝ
廰,廰,廰,tīng,ting,1,ㄊㄧㄥ
樞,樞,枢,shū,shu,1,ㄕㄨ
豀,豀,豀,xī,xi,1,ㄒㄧ
鱹,鱹,鱹,guàn,guan,4,ㄍㄨㄢ
糖,糖,糖,táng,tang,2,ㄊㄤ
龲,龲,龲,龲,龲,,
䥀,䥀,䥀,chǎn,chan,3,ㄔㄢ
䦄,䦄,䦄,䦄,䦄,,
䧋,䧋,䧋,xiǎn,xian,3,ㄒㄧㄢ
諣,諣,諣,huà,hua,4,ㄏㄨㄚ
兔,兔,兔,tù,tu,4,ㄊㄨ
戫,戫,戫,yù,yu,4,ㄩ
啗,啗,啗,dàn,dan,4,ㄉㄢ
骟,騸,骟,shàn,shan,4,ㄕㄢ
訫,訫,訫,xìn,xin,4,ㄒㄧㄣ
䵜,䵜,䵜,nǒng,nong,3,ㄋㄨㄥ
悎,悎,悎,hào,hao,4,ㄏㄠ
腿,腿,腿,tǔi,tui,3,ㄊㄨㄟ
话,話,话,huà,hua,4,ㄏㄨㄚ
樤,樤,樤,tiáo,tiao,2,ㄊㄧㄠ
㝝,㝝,㝝,lín,lin,2,ㄌㄧㄣ
裠,裠,裠,qún,qun,2,ㄑㄩㄣ
豪,豪,豪,háo,hao,2,ㄏㄠ
皙,皙,皙,xī,xi,1,ㄒㄧ
䀂,䀂,䀂,䀂,䀂,,
娓,娓,娓,wěi,wei,3,ㄨㄟ
䒰,䒰,䒰,䒰,䒰,,
諛,諛,谀,yú,yu,2,ㄩ
䳴,䳴,䳴,dá,da,2,ㄉㄚ
存,存,存,cún,cun,2,ㄘㄨㄣ
混,混,混,hùn,hun,4,ㄏㄨㄣ
兙,兙,兙,兙,兙,,
産,産,产,chǎn,chan,3,ㄔㄢ
㫺,㫺,㫺,㫺,㫺,,
蚚,蚚,蚚,qí,qi,2,ㄑㄧ
忁,忁,忁,bào,bao,4,ㄅㄠ
㕱,㕱,㕱,yóu,you,2,ㄧㄡ
沇,沇,沇,yǎn,yan,3,ㄧㄢ
枽,枽,枽,yè,ye,4,ㄧㄝ
囘,囘,囘,húi,hui,2,ㄏㄨㄟ
詭,詭,诡,gǔi,gui,3,ㄍㄨㄟ
顜,顜,顜,jiǎng,jiang,3,ㄐㄧㄤ
䭽,䭽,䭽,qún,qun,2,ㄑㄩㄣ
䔯,䔯,䔯,hú,hu,2,ㄏㄨ
煱,煱,煱,guā,gua,1,ㄍㄨㄚ
䳄,䳄,䳄,cí,ci,2,ㄘ
阫,阫,阫,péi,pei,2,ㄆㄟ
唎,唎,唎,lì,li,4,ㄌㄧ
汊,汊,汊,chà,cha,4,ㄔㄚ
巰,巰,巯,qíu,qiu,2,ㄑㄧㄡ
糘,糘,糘,糘,糘,,
䨓,䨓,䨓,léi,lei,2,ㄌㄟ
账,賬,账,zhàng,zhang,4,ㄓㄤ
擘,擘,擘,bò,bo,4,ㄅㄛ
䂄,䂄,䂄,huò,huo,4,ㄏㄨㄛ
緬,緬,缅,miǎn,mian,3,ㄇㄧㄢ
貎,貎,貎,ní,ni,2,ㄋㄧ
掐,掐,掐,qiā,qia,1,ㄑㄧㄚ
顩,顩,顩,qiān,qian,1,ㄑㄧㄢ
鸛,鸛,鹳,guàn,guan,4,ㄍㄨㄢ
䴬,䴬,䴬,yì,yi,4,ㄧ
赉,賚,赉,lài,lai,4,ㄌㄞ
䨌,䨌,䨌,báo,bao,2,ㄅㄠ
鴭,鴭,鴭,zhūi,zhui,1,ㄓㄨㄟ
㸯,㸯,㸯,㸯,㸯,,
㖮,㖮,㖮,lún,lun,2,ㄌㄨㄣ
訬,訬,訬,chāo,chao,1,ㄔㄠ
夡,夡,夡,qì,qi,4,ㄑㄧ
驖,驖,驖,tiě,tie,3,ㄊㄧㄝ
獀,獀,獀,sōu,sou,1,ㄙㄡ
芵,芵,芵,jué,jue,2,ㄐㄩㄝ
呈,呈,呈,chéng,cheng,2,ㄔㄥ
帛,帛,帛,bó,bo,2,ㄅㄛ
媏,媏,媏,duān,duan,1,ㄉㄨㄢ
㣙,㣙,㣙,dí,di,2,ㄉㄧ
姊,姊,姊,zǐ,zi,3,ㄗ
䢃,䢃,䢃,yì,yi,4,ㄧ
渡,渡,渡,dù,du,4,ㄉㄨ
勃,勃,勃,bó,bo,2,ㄅㄛ
咀,咀,咀,jǔ,ju,3,ㄐㄩ
犴,犴,犴,àn,an,4,ㄢ
絅,絅,絅,jiǒng,jiong,3,ㄐㄩㄥ
㒱,㒱,㒱,㒱,㒱,,
何,何,何,hé,he,2,ㄏㄜ
瑭,瑭,瑭,táng,tang,2,ㄊㄤ
垽,垽,垽,yìn,yin,4,ㄧㄣ
劵,劵,劵,juàn,juan,4,ㄐㄩㄢ
喐,喐,喐,yù,yu,4,ㄩ
嘄,嘄,嘄,jiāo,jiao,1,ㄐㄧㄠ
㒦,㒦,㒦,lěi,lei,3,ㄌㄟ
茻,茻,茻,mǎng,mang,3,ㄇㄤ
锾,鍰,锾,huán,huan,2,ㄏㄨㄢ
㣌,㣌,㣌,shàn,shan,4,ㄕㄢ
亃,亃,亃,lín,lin,2,ㄌㄧㄣ
垼,垼,垼,yì,yi,4,ㄧ
张,張,张,zhāng,zhang,1,ㄓㄤ
踪,蹤,踪,zōng,zong,1,ㄗㄨㄥ
䯯,䯯,䯯,䯯,䯯,,
栻,栻,栻,shì,shi,4,ㄕ
匀,勻,匀,yún,yun,2,ㄩㄣ
䉥,䉥,䉥,sǒng,song,3,ㄙㄨㄥ
魃,魃,魃,bá,ba,2,ㄅㄚ
頪,頪,頪,lèi,lei,4,ㄌㄟ
仮,仮,仮,jiǎ,jia,3,ㄐㄧㄚ
誩,誩,誩,jìng,jing,4,ㄐㄧㄥ
䙨,䙨,䙨,guǒ,guo,3,ㄍㄨㄛ
㕥,㕥,㕥,yǐ,yi,3,ㄧ
峈,峈,峈,luò,luo,4,ㄌㄨㄛ
俣,俁,俣,yǔ,yu,3,ㄩ
濫,濫,滥,làn,lan,4,ㄌㄢ
踋,踋,踋,jiǎo,jiao,3,ㄐㄧㄠ
㭐,㭐,㭐,㭐,㭐,,
崖,崖,崖,yá,ya,2,ㄧㄚ
翭,翭,翭,hóu,hou,2,ㄏㄡ
畞,畞,畞,mǔ,mu,3,ㄇㄨ
䂣,䂣,䂣,cí,ci,2,ㄘ
恎,恎,恎,dié,die,2,ㄉㄧㄝ
誮,誮,誮,誮,誮,,
愉,愉,愉,yú,yu,2,ㄩ
忳,忳,忳,tún,tun,2,ㄊㄨㄣ
策,策,策,cè,ce,4,ㄘㄜ
黹,黹,黹,zhǐ,zhi,3,ㄓ
钰,鈺,钰,yù,yu,4,ㄩ
䐺,䐺,䐺,tàn,tan,4,ㄊㄢ
㛧,㛧,㛧,mǎn,man,3,ㄇㄢ
趵,趵,趵,bào,bao,4,ㄅㄠ
簍,簍,篓,lǒu,lou,3,ㄌㄡ
㟍,㟍,㟍,láng,lang,2,ㄌㄤ
趸,躉,趸,dǔn,dun,3,ㄉㄨㄣ
稼,稼,稼,jià,jia,4,ㄐㄧㄚ
玲,玲,玲,líng,ling,2,ㄌㄧㄥ
帢,帢,帢,qià,qia,4,ㄑㄧㄚ
夎,夎,夎,zuò,zuo,4,ㄗㄨㄛ
坊,坊,坊,fāng,fang,1,ㄈㄤ
椰,椰,椰,yé,ye,2,ㄧㄝ
覔,覔,覔,mì,mi,4,ㄇㄧ
䓴,䓴,䓴,ruán,ruan,2,ㄖㄨㄢ
顝,顝,顝,kū,ku,1,ㄎㄨ
腲,腲,腲,wěi,wei,3,ㄨㄟ
蒽,蒽,蒽,ēn,en,1,ㄣ
蟙,蟙,蟙,zhí,zhi,2,ㄓ
煩,煩,烦,fán,fan,2,ㄈㄢ
嬕,嬕,嬕,shì,shi,4,ㄕ
㖚,㖚,㖚,㖚,㖚,,
逅,逅,逅,hòu,hou,4,ㄏㄡ
廆,廆,廆,hùi,hui,4,ㄏㄨㄟ
牶,牶,牶,quàn,quan,4,ㄑㄩㄢ
㝧,㝧,㝧,wěn,wen,3,ㄨㄣ
䇧,䇧,䇧,zhù,zhu,4,ㄓㄨ
㺏,㺏,㺏,lóu,lou,2,ㄌㄡ
椢,椢,椢,椢,椢,,
椭,橢,椭,tuǒ,tuo,3,ㄊㄨㄛ
紤,紤,紤,jǐu,jiu,3,ㄐㄧㄡ
瘛,瘛,瘛,chì,chi,4,ㄔ
眹,眹,眹,zhèn,zhen,4,ㄓㄣ
愛,愛,爱,ài,ai,4,ㄞ
朢,朢,朢,wàng,wang,4,ㄨㄤ
㰄,㰄,㰄,jiàn,jian,4,ㄐㄧㄢ
蓬,蓬,蓬,péng,peng,2,ㄆㄥ
㐳,㐳,㐳,wù,wu,4,ㄨ
箖,箖,箖,lín,lin,2,ㄌㄧㄣ
㱗,㱗,㱗,㱗,㱗,,
㓐,㓐,㓐,lù,lu,4,ㄌㄨ
䣼,䣼,䣼,liáng,liang,2,ㄌㄧㄤ
餡,餡,馅,xiàn,xian,4,ㄒㄧㄢ
魈,魈,魈,xiāo,xiao,1,ㄒㄧㄠ
叭,叭,叭,bā,ba,1,ㄅㄚ
㥫,㥫,㥫,㥫,㥫,,
嗞,嗞,嗞,zī,zi,1,ㄗ
賀,賀,贺,hè,he,4,ㄏㄜ
騄,騄,騄,lù,lu,4,ㄌㄨ
奏,奏,奏,zòu,zou,4,ㄗㄡ
䔓,䔓,䔓,xǔ,xu,3,ㄒㄩ
暉,暉,晖,hūi,hui,1,ㄏㄨㄟ
汏,汏,汏,dài,dai,4,ㄉㄞ
穰,穰,穰,ráng,rang,2,ㄖㄤ
釵,釵,钗,chāi,chai,1,ㄔㄞ
帬,帬,帬,qún,qun,2,ㄑㄩㄣ
栩,栩,栩,xǔ,xu,3,ㄒㄩ
䗄,䗄,䗄,fǔ,fu,3,ㄈㄨ
嶵,嶵,嶵,zǔi,zui,3,ㄗㄨㄟ
圝,圝,圝,luán,luan,2,ㄌㄨㄢ
宼,宼,宼,kòu,kou,4,ㄎㄡ
陳,陳,陈,chén,chen,2,ㄔㄣ
讵,詎,讵,jù,ju,4,ㄐㄩ
吺,吺,吺,dōu,dou,1,ㄉㄡ
盻,盻,盻,xì,xi,4,ㄒㄧ
皘,皘,皘,qiàn,qian,4,ㄑㄧㄢ
賍,賍,賍,zāng,zang,1,ㄗㄤ
渁,渁,渁,yuān,yuan,1,ㄩㄢ
鲙,鱠,鲙,kuài,kuai,4,ㄎㄨㄞ
襊,襊,襊,zùi,zui,4,ㄗㄨㄟ
䂁,䂁,䂁,chán,chan,2,ㄔㄢ
假,假,假,jiǎ,jia,3,ㄐㄧㄚ
傞,傞,傞,suō,suo,1,ㄙㄨㄛ
箧,篋,箧,qiè,qie,4,ㄑㄧㄝ
縓,縓,縓,quǎn,quan,3,ㄑㄩㄢ
蔶,蔶,蔶,蔶,蔶,,
禽,禽,禽,qín,qin,2,ㄑㄧㄣ
嘞,嘞,嘞,lei,lei,5,ㄌㄟ
涏,涏,涏,tǐng,ting,3,ㄊㄧㄥ
谔,諤,谔,è,e,4,ㄜ
䋘,䋘,䋘,chuò,chuo,4,ㄔㄨㄛ
悧,悧,悧,lì,li,4,ㄌㄧ
瓀,瓀,瓀,ruǎn,ruan,3,ㄖㄨㄢ
㹼,㹼,㹼,chǔ,chu,3,ㄔㄨ
睊,睊,睊,juàn,juan,4,ㄐㄩㄢ
脕,脕,脕,wǎn,wan,3,ㄨㄢ
諃,諃,諃,chēn,chen,1,ㄔㄣ
诣,詣,诣,yì,yi,4,ㄧ
緥,緥,緥,bǎo,bao,3,ㄅㄠ
㯌,㯌,㯌,chuán,chuan,2,ㄔㄨㄢ
䁢,䁢,䁢,xuán,xuan,2,ㄒㄩㄢ
趁,趁,趁,chèn,chen,4,ㄔㄣ
䄽,䄽,䄽,tiǎn,tian,3,ㄊㄧㄢ
蠡,蠡,蠡,lǐ,li,3,ㄌㄧ
嫒,嬡,嫒,ài,ai,4,ㄞ
司,司,司,sī,si,1,ㄙ
柦,柦,柦,dàn,dan,4,ㄉㄢ
尟,尟,尟,xiǎn,xian,3,ㄒㄧㄢ
瓔,瓔,璎,yīng,ying,1,ㄧㄥ
裫,裫,裫,yuàn,yuan,4,ㄩㄢ
椒,椒,椒,jiāo,jiao,1,ㄐㄧㄠ
藌,藌,藌,mì,mi,4,ㄇㄧ
䑷,䑷,䑷,䑷,䑷,,
忻,忻,忻,xīn,xin,1,ㄒㄧㄣ
嗭,嗭,嗭,嗭,嗭,,
㒤,㒤,㒤,shè,she,4,ㄕㄜ
芆,芆,芆,chāi,chai,1,ㄔㄞ
寠,寠,寠,jù,ju,4,ㄐㄩ
昈,昈,昈,hù,hu,4,ㄏㄨ
殔,殔,殔,yì,yi,4,ㄧ
㸱,㸱,㸱,tuó,tuo,2,ㄊㄨㄛ
侊,侊,侊,guāng,guang,1,ㄍㄨㄤ
脦,脦,脦,tè,te,4,ㄊㄜ
訩,訩,讻,xiōng,xiong,1,ㄒㄩㄥ
決,決,决,jué,jue,2,ㄐㄩㄝ
鐰,鐰,鐰,qiāo,qiao,1,ㄑㄧㄠ
囱,囪,囱,cōng,cong,1,ㄘㄨㄥ
汌,汌,汌,chuàn,chuan,4,ㄔㄨㄢ
籨,籨,籨,lián,lian,2,ㄌㄧㄢ
妓,妓,妓,jì,ji,4,ㄐㄧ
及,及,及,jí,ji,2,ㄐㄧ
誗,誗,誗,chán,chan,2,ㄔㄢ
畏,畏,畏,wèi,wei,4,ㄨㄟ
梪,梪,梪,dòu,dou,4,ㄉㄡ
肐,肐,肐,gē,ge,1,ㄍㄜ
剀,剴,剀,kǎi,kai,3,ㄎㄞ
䘍,䘍,䘍,chài,chai,4,ㄔㄞ
稭,稭,稭,jiē,jie,1,ㄐㄧㄝ
鱇,鱇,鱇,kāng,kang,1,ㄎㄤ
佝,佝,佝,kòu,kou,4,ㄎㄡ
憎,憎,憎,zēng,zeng,1,ㄗㄥ
打,打,打,dǎ,da,3,ㄉㄚ
酹,酹,酹,lèi,lei,4,ㄌㄟ
獚,獚,獚,huáng,huang,2,ㄏㄨㄤ
轈,轈,轈,cháo,chao,2,ㄔㄠ
庀,庀,庀,pǐ,pi,3,ㄆㄧ
抄,抄,抄,chāo,chao,1,ㄔㄠ
碹,镟,碹,xuàn,xuan,4,ㄒㄩㄢ
芍,芍,芍,sháo,shao,2,ㄕㄠ
㴭,㴭,㴭,yǎo,yao,3,ㄧㄠ
戥,戥,戥,děng,deng,3,ㄉㄥ
憤,憤,愤,fèn,fen,4,ㄈㄣ
壖,壖,壖,ruán,ruan,2,ㄖㄨㄢ
䐖,䐖,䐖,yí,yi,2,ㄧ
䖗,䖗,䖗,yán,yan,2,ㄧㄢ
郢,郢,郢,yǐng,ying,3,ㄧㄥ
䔁,䔁,䔁,lì,li,4,ㄌㄧ
㯿,㯿,㯿,liè,lie,4,ㄌㄧㄝ
婿,婿,婿,xù,xu,4,ㄒㄩ
笉,笉,笉,zhěn,zhen,3,ㄓㄣ
瓨,瓨,瓨,jiāng,jiang,1,ㄐㄧㄤ
湱,湱,湱,huò,huo,4,ㄏㄨㄛ
絟,絟,絟,quān,quan,1,ㄑㄩㄢ
仵,仵,仵,wǔ,wu,3,ㄨ
顑,顑,顑,kǎn,kan,3,ㄎㄢ
畡,畡,畡,gāi,gai,1,ㄍㄞ
謭,謭,谫,jiǎn,jian,3,ㄐㄧㄢ
菾,菾,菾,tián,tian,2,ㄊㄧㄢ
䙹,䙹,䙹,jiǎng,jiang,3,ㄐㄧㄤ
䪀,䪀,䪀,guǎn,guan,3,ㄍㄨㄢ
霴,霴,霴,dài,dai,4,ㄉㄞ
德,德,德,dé,de,2,ㄉㄜ
瀂,瀂,瀂,lǔ,lu,3,ㄌㄨ
啔,啔,啔,qǐ,qi,3,ㄑㄧ
媻,媻,媻,pán,pan,2,ㄆㄢ
錄,錄,录,lù,lu,4,ㄌㄨ
䳇,䳇,䳇,wǔ,wu,3,ㄨ
㙍,㙍,㙍,㙍,㙍,,
偢,偢,偢,chǒu,chou,3,ㄔㄡ
褘,褘,袆,hūi,hui,1,ㄏㄨㄟ
㺡,㺡,㺡,lì,li,4,ㄌㄧ
䊢,䊢,䊢,䊢,䊢,,
峎,峎,峎,ān,an,1,ㄢ
塯,塯,塯,lìu,liu,4,ㄌㄧㄡ
䕝,䕝,䕝,䕝,䕝,,
秫,秫,秫,shú,shu,2,ㄕㄨ
䟒,䟒,䟒,quán,quan,2,ㄑㄩㄢ
璵,璵,玙,yú,yu,2,ㄩ
鴧,鴧,鴧,ròng,rong,4,ㄖㄨㄥ
紏,紏,紏,tǒu,tou,3,ㄊㄡ
笿,笿,笿,luò,luo,4,ㄌㄨㄛ
䩳,䩳,䩳,shǔ,shu,3,ㄕㄨ
䆼,䆼,䆼,䆼,䆼,,
楂,楂,楂,zhā,zha,1,ㄓㄚ
䮗,䮗,䮗,àn,an,4,ㄢ
立,立,立,lì,li,4,ㄌㄧ
㳺,㳺,㳺,yóu,you,2,ㄧㄡ
骜,驁,骜,áo,ao,2,ㄠ
妢,妢,妢,fén,fen,2,ㄈㄣ
䉆,䉆,䉆,diǎo,diao,3,ㄉㄧㄠ
鉑,鉑,铂,bó,bo,2,ㄅㄛ
鯷,鯷,鳀,shì,shi,4,ㄕ
䝀,䝀,䝀,liáo,liao,2,ㄌㄧㄠ
涨,漲,涨,zhǎng,zhang,3,ㄓㄤ
蘈,蘈,蘈,túi,tui,2,ㄊㄨㄟ
砘,砘,砘,dùn,dun,4,ㄉㄨㄣ
禖,禖,禖,méi,mei,2,ㄇㄟ
爣,爣,爣,tǎng,tang,3,ㄊㄤ
劕,劕,劕,zhí,zhi,2,ㄓ
捣,搗,捣,dǎo,dao,3,ㄉㄠ
叙,敘,叙,xù,xu,4,ㄒㄩ
帊,帊,帊,pà,pa,4,ㄆㄚ
㹾,㹾,㹾,piǎo,piao,3,ㄆㄧㄠ
㱐,㱐,㱐,㱐,㱐,,
顓,顓,颛,zhuān,zhuan,1,ㄓㄨㄢ
倩,倩,倩,qiàn,qian,4,ㄑㄧㄢ
䝖,䝖,䝖,zhǎo,zhao,3,ㄓㄠ
閤,閤,合,gé,ge,2,ㄍㄜ
饈,饈,馐,xīu,xiu,1,ㄒㄧㄡ
羏,羏,羏,yáng,yang,2,ㄧㄤ
皿,皿,皿,mǐn,min,3,ㄇㄧㄣ
瀨,瀨,濑,lài,lai,4,ㄌㄞ
筿,筿,筿,xiǎo,xiao,3,ㄒㄧㄠ
㢻,㢻,㢻,wěi,wei,3,ㄨㄟ
耾,耾,耾,hóng,hong,2,ㄏㄨㄥ
呇,呇,呇,qǐ,qi,3,ㄑㄧ
䴿,䴿,䴿,méng,meng,2,ㄇㄥ
圕,圕,圕,圕,圕,,
䃕,䃕,䃕,láo,lao,2,ㄌㄠ
褿,褿,褿,cáo,cao,2,ㄘㄠ
恀,恀,恀,chǐ,chi,3,ㄔ
镶,鑲,镶,xiāng,xiang,1,ㄒㄧㄤ
䪲,䪲,䪲,䪲,䪲,,
烢,烢,烢,zhè,zhe,4,ㄓㄜ
䪸,䪸,䪸,mín,min,2,ㄇㄧㄣ
䤓,䤓,䤓,méng,meng,2,ㄇㄥ
㭟,㭟,㭟,gǒng,gong,3,ㄍㄨㄥ
粢,粢,粢,zī,zi,1,ㄗ
䤰,䤰,䤰,wěng,weng,3,ㄨㄥ
沪,滬,沪,hù,hu,4,ㄏㄨ
鿚,鿚,鿚,鿚,鿚,,
䈴,䈴,䈴,qiàn,qian,4,ㄑㄧㄢ
㤑,㤑,㤑,yòu,you,4,ㄧㄡ
编,編,编,biān,bian,1,ㄅㄧㄢ
锯,鋸,锯,jù,ju,4,ㄐㄩ
县,縣,县,xiàn,xian,4,ㄒㄧㄢ
嶤,嶤,嶤,yáo,yao,2,ㄧㄠ
燺,燺,燺,kǎo,kao,3,ㄎㄠ
谸,谸,谸,qiān,qian,1,ㄑㄧㄢ
檘,檘,檘,bì,bi,4,ㄅㄧ
锓,鋟,锓,qiān,qian,1,ㄑㄧㄢ
丛,叢,丛,cóng,cong,2,ㄘㄨㄥ
䐃,䐃,䐃,jiǒng,jiong,3,ㄐㄩㄥ
诨,諢,诨,hùn,hun,4,ㄏㄨㄣ
礨,礨,礨,lěi,lei,3,ㄌㄟ
怺,怺,怺,怺,怺,,
愗,愗,愗,mòu,mou,4,ㄇㄡ
罌,罌,罂,yīng,ying,1,ㄧㄥ
㵱,㵱,㵱,piǎo,piao,3,ㄆㄧㄠ
儊,儊,儊,chù,chu,4,ㄔㄨ
晜,晜,晜,kūn,kun,1,ㄎㄨㄣ
澨,澨,澨,shì,shi,4,ㄕ
蝎,蠍,蝎,hé,he,2,ㄏㄜ
嚏,嚏,嚏,tì,ti,4,ㄊㄧ
俉,俉,俉,wù,wu,4,ㄨ
圙,圙,圙,lvè,lue,4,
蕎,蕎,荞,qiáo,qiao,2,ㄑㄧㄠ
趃,趃,趃,dié,die,2,ㄉㄧㄝ
㗖,㗖,㗖,dàn,dan,4,ㄉㄢ
謍,謍,謍,yíng,ying,2,ㄧㄥ
羼,羼,羼,chàn,chan,4,ㄔㄢ
葾,葾,葾,yuān,yuan,1,ㄩㄢ
钏,釧,钏,chuàn,chuan,4,ㄔㄨㄢ
馓,饊,馓,sǎn,san,3,ㄙㄢ
烨,燁,烨,yè,ye,4,ㄧㄝ
㒌,㒌,㒌,qióng,qiong,2,ㄑㄩㄥ
㫨,㫨,㫨,㫨,㫨,,
击,擊,击,jí,ji,2,ㄐㄧ
诎,詘,诎,qù,qu,4,ㄑㄩ
请,請,请,qǐng,qing,3,ㄑㄧㄥ
妕,妕,妕,zhòng,zhong,4,ㄓㄨㄥ
熊,熊,熊,xióng,xiong,2,ㄒㄩㄥ
劅,劅,劅,zhuò,zhuo,4,ㄓㄨㄛ
衕,衕,衕,tòng,tong,4,ㄊㄨㄥ
伜,伜,伜,cùi,cui,4,ㄘㄨㄟ
墥,墥,墥,dǒng,dong,3,ㄉㄨㄥ
笣,笣,笣,bāo,bao,1,ㄅㄠ
櫀,櫀,櫀,qí,qi,2,ㄑㄧ
铓,鋩,铓,máng,mang,2,ㄇㄤ
蛘,蛘,蛘,yáng,yang,2,ㄧㄤ
瓫,瓫,瓫,pén,pen,2,ㄆㄣ
胈,胈,胈,bá,ba,2,ㄅㄚ
五,五,五,wǔ,wu,3,ㄨ
擿,擿,擿,zhí,zhi,2,ㄓ
䄾,䄾,䄾,ròu,rou,4,ㄖㄡ
枌,枌,枌,fén,fen,2,ㄈㄣ
鶦,鶦,鶦,hú,hu,2,ㄏㄨ
熰,熰,熰,ōu,ou,1,ㄡ
漵,漵,溆,xù,xu,4,ㄒㄩ
恇,恇,恇,kuāng,kuang,1,ㄎㄨㄤ
螆,螆,螆,cì,ci,4,ㄘ
溝,溝,沟,gōu,gou,1,ㄍㄡ
贘,贘,贘,贘,贘,,
䧼,䧼,䧼,hú,hu,2,ㄏㄨ
囙,囙,囙,yīn,yin,1,ㄧㄣ
皭,皭,皭,jiào,jiao,4,ㄐㄧㄠ
缌,緦,缌,sī,si,1,ㄙ
渵,渵,渵,máo,mao,2,ㄇㄠ
圭,圭,圭,gūi,gui,1,ㄍㄨㄟ
僳,僳,僳,sù,su,4,ㄙㄨ
嗏,嗏,嗏,chā,cha,1,ㄔㄚ
负,負,负,fù,fu,4,ㄈㄨ
雞,雞,鸡,jī,ji,1,ㄐㄧ
魤,魤,魤,é,e,2,ㄜ
膺,膺,膺,yīng,ying,1,ㄧㄥ
榐,榐,榐,zhǎn,zhan,3,ㄓㄢ
菵,菵,菵,wǎng,wang,3,ㄨㄤ
䚝,䚝,䚝,zú,zu,2,ㄗㄨ
紲,紲,绁,xiè,xie,4,ㄒㄧㄝ
鲏,鮍,鲏,pī,pi,1,ㄆㄧ
匦,匭,匦,gǔi,gui,3,ㄍㄨㄟ
埉,埉,埉,jiá,jia,2,ㄐㄧㄚ
翠,翠,翠,cùi,cui,4,ㄘㄨㄟ
漰,漰,漰,pēng,peng,1,ㄆㄥ
剽,剽,剽,piào,piao,4,ㄆㄧㄠ
䣱,䣱,䣱,xù,xu,4,ㄒㄩ
枫,楓,枫,fēng,feng,1,ㄈㄥ
痻,痻,痻,mín,min,2,ㄇㄧㄣ
闃,闃,阒,qù,qu,4,ㄑㄩ
錢,錢,钱,qián,qian,2,ㄑㄧㄢ
擥,擥,擥,lǎn,lan,3,ㄌㄢ
豌,豌,豌,wān,wan,1,ㄨㄢ
妱,妱,妱,zhāo,zhao,1,ㄓㄠ
蹫,蹫,蹫,jú,ju,2,ㄐㄩ
便,便,便,biàn,bian,4,ㄅㄧㄢ
阵,陣,阵,zhèn,zhen,4,ㄓㄣ
雇,雇,雇,gù,gu,4,ㄍㄨ
唗,唗,唗,dōu,dou,1,ㄉㄡ
㽯,㽯,㽯,xí,xi,2,ㄒㄧ
齍,齍,齍,zī,zi,1,ㄗ
糗,糗,糗,qǐu,qiu,3,ㄑㄧㄡ
㬌,㬌,㬌,jìng,jing,4,ㄐㄧㄥ
聾,聾,聋,lóng,long,2,ㄌㄨㄥ
雑,雑,雑,zá,za,2,ㄗㄚ
䦓,䦓,䦓,䦓,䦓,,
裦,裦,裦,fóu,fou,2,ㄈㄡ
㠣,㠣,㠣,lài,lai,4,ㄌㄞ
撱,撱,撱,tuǒ,tuo,3,ㄊㄨㄛ
猂,猂,猂,hàn,han,4,ㄏㄢ
附,附,附,fù,fu,4,ㄈㄨ
聿,聿,聿,yù,yu,4,ㄩ
碠,碠,碠,dìng,ding,4,ㄉㄧㄥ
䇚,䇚,䇚,䇚,䇚,,
䠾,䠾,䠾,shǎn,shan,3,ㄕㄢ
楤,楤,楤,sǒng,song,3,ㄙㄨㄥ
佩,佩,佩,pèi,pei,4,ㄆㄟ
䚎,䚎,䚎,䚎,䚎,,
漮,漮,漮,kāng,kang,1,ㄎㄤ
魀,魀,魀,jiè,jie,4,ㄐㄧㄝ
困,睏,困,kùn,kun,4,ㄎㄨㄣ
譱,譱,譱,shàn,shan,4,ㄕㄢ
卄,卄,卄,niàn,nian,4,ㄋㄧㄢ
汒,汒,汒,máng,mang,2,ㄇㄤ
扸,扸,扸,xī,xi,1,ㄒㄧ
㧛,㧛,㧛,㧛,㧛,,
酨,酨,酨,zài,zai,4,ㄗㄞ
弞,弞,弞,shěn,shen,3,ㄕㄣ
䟂,䟂,䟂,mán,man,2,ㄇㄢ
琴,琴,琴,qín,qin,2,ㄑㄧㄣ
襧,襧,襧,zhǐ,zhi,3,ㄓ
颇,頗,颇,pǒ,po,3,ㄆㄛ
堼,堼,堼,fēng,feng,1,ㄈㄥ
閉,閉,闭,bì,bi,4,ㄅㄧ
賈,賈,贾,jiǎ,jia,3,ㄐㄧㄚ
鰲,鰲,鳌,áo,ao,2,ㄠ
笭,笭,笭,líng,ling,2,ㄌㄧㄥ
齉,齉,齉,nàng,nang,4,ㄋㄤ
䈒,䈒,䈒,nǎn,nan,3,ㄋㄢ
䧑,䧑,䧑,䧑,䧑,,
盓,盓,盓,yū,yu,1,ㄩ
跭,跭,跭,xiáng,xiang,2,ㄒㄧㄤ
敵,敵,敌,dí,di,2,ㄉㄧ
梥,梥,梥,sōng,song,1,ㄙㄨㄥ
䵐,䵐,䵐,chǎn,chan,3,ㄔㄢ
汲,汲,汲,jí,ji,2,ㄐㄧ
㲮,㲮,㲮,㲮,㲮,,
猦,猦,猦,fēng,feng,1,ㄈㄥ
俹,俹,俹,yà,ya,4,ㄧㄚ
㞅,㞅,㞅,guǒ,guo,3,ㄍㄨㄛ
蕛,蕛,蕛,téng,teng,2,ㄊㄥ
㠵,㠵,㠵,㠵,㠵,,
琨,琨,琨,kūn,kun,1,ㄎㄨㄣ
篃,篃,篃,méi,mei,2,ㄇㄟ
場,場,场,cháng,chang,2,ㄔㄤ
㯰,㯰,㯰,zhé,zhe,2,ㄓㄜ
䴴,䴴,䴴,tiè,tie,4,ㄊㄧㄝ
寏,寏,寏,huán,huan,2,ㄏㄨㄢ
灾,災,灾,zāi,zai,1,ㄗㄞ
㜘,㜘,㜘,jù,ju,4,ㄐㄩ
䈛,䈛,䈛,kuài,kuai,4,ㄎㄨㄞ
獜,獜,獜,lín,lin,2,ㄌㄧㄣ
懻,懻,懻,jì,ji,4,ㄐㄧ
骐,騏,骐,qí,qi,2,ㄑㄧ
膎,膎,膎,xié,xie,2,ㄒㄧㄝ
屋,屋,屋,wū,wu,1,ㄨ
啨,啨,啨,qīng,qing,1,ㄑㄧㄥ
脔,臠,脔,luán,luan,2,ㄌㄨㄢ
旬,旬,旬,xún,xun,2,ㄒㄩㄣ
囚,囚,囚,qíu,qiu,2,ㄑㄧㄡ
䪅,䪅,䪅,dú,du,2,ㄉㄨ
敝,敝,敝,bì,bi,4,ㄅㄧ
䠊,䠊,䠊,fèi,fei,4,ㄈㄟ
鼷,鼷,鼷,xī,xi,1,ㄒㄧ
䪷,䪷,䪷,hòu,hou,4,ㄏㄡ
鍊,鍊,鍊,liàn,lian,4,ㄌㄧㄢ
蝷,蝷,蝷,lì,li,4,ㄌㄧ
䲍,䲍,䲍,téng,teng,2,ㄊㄥ
鍕,鍕,鍕,róu,rou,2,ㄖㄡ
觧,觧,觧,jiě,jie,3,ㄐㄧㄝ
暢,暢,畅,chàng,chang,4,ㄔㄤ
鎯,鎯,鎯,luǒ,luo,3,ㄌㄨㄛ
摆,擺,摆,bǎi,bai,3,ㄅㄞ
掖,掖,掖,yè,ye,4,ㄧㄝ
䚰,䚰,䚰,pǐ,pi,3,ㄆㄧ
抪,抪,抪,pū,pu,1,ㄆㄨ
厢,廂,厢,xiāng,xiang,1,ㄒㄧㄤ
癠,癠,癠,jì,ji,4,ㄐㄧ
䩀,䩀,䩀,bèi,bei,4,ㄅㄟ
㩄,㩄,㩄,shāi,shai,1,ㄕㄞ
曂,曂,曂,huàng,huang,4,ㄏㄨㄤ
楿,楿,楿,楿,楿,,
䉙,䉙,䉙,yún,yun,2,ㄩㄣ
䩸,䩸,䩸,róng,rong,2,ㄖㄨㄥ
营,營,营,yíng,ying,2,ㄧㄥ
燨,燨,燨,xī,xi,1,ㄒㄧ
㝜,㝜,㝜,㝜,㝜,,
䚒,䚒,䚒,chuáng,chuang,2,ㄔㄨㄤ
瘩,瘩,瘩,da,da,5,ㄉㄚ
㝑,㝑,㝑,máng,mang,2,ㄇㄤ
嵖,嵖,嵖,chá,cha,2,ㄔㄚ
辐,輻,辐,fú,fu,2,ㄈㄨ
惯,慣,惯,guàn,guan,4,ㄍㄨㄢ
䯧,䯧,䯧,qǐng,qing,3,ㄑㄧㄥ
劢,勱,劢,mài,mai,4,ㄇㄞ
䮦,䮦,䮦,䮦,䮦,,
㕗,㕗,㕗,yòu,you,4,ㄧㄡ
篑,簣,篑,kùi,kui,4,ㄎㄨㄟ
苸,苸,苸,hū,hu,1,ㄏㄨ
跻,躋,跻,jī,ji,1,ㄐㄧ
養,養,养,yǎng,yang,3,ㄧㄤ
峢,峢,峢,lǐ,li,3,ㄌㄧ
㸶,㸶,㸶,㸶,㸶,,
翯,翯,翯,hè,he,4,ㄏㄜ
燄,燄,燄,yàn,yan,4,ㄧㄢ
潺,潺,潺,chán,chan,2,ㄔㄢ
務,務,务,wù,wu,4,ㄨ
胼,胼,胼,pián,pian,2,ㄆㄧㄢ
㽕,㽕,㽕,yóu,you,2,ㄧㄡ
凑,湊,凑,còu,cou,4,ㄘㄡ
乂,乂,乂,yì,yi,4,ㄧ
扛,扛,扛,káng,kang,2,ㄎㄤ
䎗,䎗,䎗,qiáo,qiao,2,ㄑㄧㄠ
淏,淏,淏,hào,hao,4,ㄏㄠ
㟉,㟉,㟉,láo,lao,2,ㄌㄠ
彃,彃,彃,bì,bi,4,ㄅㄧ
泈,泈,泈,zhōng,zhong,1,ㄓㄨㄥ
緗,緗,缃,xiāng,xiang,1,ㄒㄧㄤ
恸,慟,恸,tòng,tong,4,ㄊㄨㄥ
懂,懂,懂,dǒng,dong,3,ㄉㄨㄥ
訴,訴,诉,sù,su,4,ㄙㄨ
狐,狐,狐,hú,hu,2,ㄏㄨ
㪮,㪮,㪮,líng,ling,2,ㄌㄧㄥ
撆,撆,撆,piē,pie,1,ㄆㄧㄝ
馽,馽,馽,zhí,zhi,2,ㄓ
㒾,㒾,㒾,shì,shi,4,ㄕ
掁,掁,掁,chéng,cheng,2,ㄔㄥ
澀,澀,涩,sè,se,4,ㄙㄜ
鄚,鄚,鄚,mò,mo,4,ㄇㄛ
砦,砦,砦,zhài,zhai,4,ㄓㄞ
㯣,㯣,㯣,㯣,㯣,,
則,則,则,zé,ze,2,ㄗㄜ
璺,璺,璺,wèn,wen,4,ㄨㄣ
㵹,㵹,㵹,huán,huan,2,ㄏㄨㄢ
䌨,䌨,䌨,cài,cai,4,ㄘㄞ
嬾,嬾,嬾,lǎn,lan,3,ㄌㄢ
洱,洱,洱,ěr,er,3,ㄦ
㬜,㬜,㬜,jìn,jin,4,ㄐㄧㄣ
䣲,䣲,䣲,fàn,fan,4,ㄈㄢ
黿,黿,鼋,yuán,yuan,2,ㄩㄢ
襢,襢,襢,tǎn,tan,3,ㄊㄢ
脀,脀,脀,chéng,cheng,2,ㄔㄥ
咁,咁,咁,咁,咁,,
綞,綞,缍,duǒ,duo,3,ㄉㄨㄛ
历,曆,历,lì,li,4,ㄌㄧ
鏴,鏴,鏴,lù,lu,4,ㄌㄨ
鸁,鸁,鸁,luó,luo,2,ㄌㄨㄛ
浝,浝,浝,máng,mang,2,ㄇㄤ
㠰,㠰,㠰,㠰,㠰,,
闛,闛,闛,táng,tang,2,ㄊㄤ
㷄,㷄,㷄,hùi,hui,4,ㄏㄨㄟ
儱,儱,儱,lǒng,long,3,ㄌㄨㄥ
醆,醆,醆,zhǎn,zhan,3,ㄓㄢ
顿,頓,顿,dùn,dun,4,ㄉㄨㄣ
絿,絿,絿,qíu,qiu,2,ㄑㄧㄡ
瞡,瞡,瞡,jì,ji,4,ㄐㄧ
缥,縹,缥,piǎo,piao,3,ㄆㄧㄠ
韪,韙,韪,wěi,wei,3,ㄨㄟ
曉,曉,晓,xiǎo,xiao,3,ㄒㄧㄠ
摿,摿,摿,yīn,yin,1,ㄧㄣ
蜘,蜘,蜘,zhī,zhi,1,ㄓ
丨,丨,丨,gǔn,gun,3,ㄍㄨㄣ
澭,澭,澭,yōng,yong,1,ㄩㄥ
巂,巂,巂,sǔi,sui,3,ㄙㄨㄟ
蒁,蒁,蒁,shù,shu,4,ㄕㄨ
㒢,㒢,㒢,㒢,㒢,,
閟,閟,閟,bì,bi,4,ㄅㄧ
麧,麧,麧,gē,ge,1,ㄍㄜ
贛,贛,赣,gàn,gan,4,ㄍㄢ
屪,屪,屪,liáo,liao,2,ㄌㄧㄠ
鮗,鮗,鮗,鮗,鮗,,
駏,駏,駏,jù,ju,4,ㄐㄩ
灻,灻,灻,chì,chi,4,ㄔ
綣,綣,绻,quǎn,quan,3,ㄑㄩㄢ
鴹,鴹,鴹,rén,ren,2,ㄖㄣ
荶,荶,荶,yín,yin,2,ㄧㄣ
鈾,鈾,铀,yóu,you,2,ㄧㄡ
謌,謌,謌,gē,ge,1,ㄍㄜ
煇,煇,煇,hūi,hui,1,ㄏㄨㄟ
枵,枵,枵,xiāo,xiao,1,ㄒㄧㄠ
㡌,㡌,㡌,mào,mao,4,ㄇㄠ
㰢,㰢,㰢,㰢,㰢,,
撜,撜,撜,zhěng,zheng,3,ㄓㄥ
㜣,㜣,㜣,rán,ran,2,ㄖㄢ
霫,霫,霫,xí,xi,2,ㄒㄧ
膖,膖,膖,pāng,pang,1,ㄆㄤ
嵌,嵌,嵌,qiàn,qian,4,ㄑㄧㄢ
鉧,鉧,鉧,mǔ,mu,3,ㄇㄨ
腆,腆,腆,tiǎn,tian,3,ㄊㄧㄢ
斤,斤,斤,jīn,jin,1,ㄐㄧㄣ
叶,葉,叶,yè,ye,4,ㄧㄝ
毀,毀,毁,hǔi,hui,3,ㄏㄨㄟ
夏,夏,夏,xià,xia,4,ㄒㄧㄚ
晙,晙,晙,jùn,jun,4,ㄐㄩㄣ
籶,籶,籶,shēn,shen,1,ㄕㄣ
鏦,鏦,鏦,cōng,cong,1,ㄘㄨㄥ
䈷,䈷,䈷,luò,luo,4,ㄌㄨㄛ
優,優,优,yōu,you,1,ㄧㄡ
㵣,㵣,㵣,kě,ke,3,ㄎㄜ
滋,滋,滋,zī,zi,1,ㄗ
熴,熴,熴,熴,熴,,
鉃,鉃,鉃,shì,shi,4,ㄕ
揝,揝,揝,zuàn,zuan,4,ㄗㄨㄢ
珯,珯,珯,珯,珯,,
褊,褊,褊,biǎn,bian,3,ㄅㄧㄢ
腘,膕,腘,guó,guo,2,ㄍㄨㄛ
桀,桀,桀,jié,jie,2,ㄐㄧㄝ
䢕,䢕,䢕,xù,xu,4,ㄒㄩ
䘏,䘏,䘏,xù,xu,4,ㄒㄩ
卵,卵,卵,luǎn,luan,3,ㄌㄨㄢ
楬,楬,楬,jié,jie,2,ㄐㄧㄝ
髚,髚,髚,qiào,qiao,4,ㄑㄧㄠ
沔,沔,沔,miǎn,mian,3,ㄇㄧㄢ
䕌,䕌,䕌,zhì,zhi,4,ㄓ
漖,漖,漖,jiào,jiao,4,ㄐㄧㄠ
䡐,䡐,䡐,tuó,tuo,2,ㄊㄨㄛ
腳,腳,脚,jiǎo,jiao,3,ㄐㄧㄠ
㗽,㗽,㗽,xiǎng,xiang,3,ㄒㄧㄤ
䫟,䫟,䫟,hún,hun,2,ㄏㄨㄣ
茤,茤,茤,jì,ji,4,ㄐㄧ
蓁,蓁,蓁,zhēn,zhen,1,ㄓㄣ
趾,趾,趾,zhǐ,zhi,3,ㄓ
㘷,㘷,㘷,ài,ai,4,ㄞ
颽,颽,颽,kǎi,kai,3,ㄎㄞ
暑,暑,暑,shǔ,shu,3,ㄕㄨ
錶,錶,表,biǎo,biao,3,ㄅㄧㄠ
歃,歃,歃,shà,sha,4,ㄕㄚ
㔎,㔎,㔎,xiè,xie,4,ㄒㄧㄝ
萌,萌,萌,méng,meng,2,ㄇㄥ
銊,銊,銊,xù,xu,4,ㄒㄩ
藜,藜,藜,lí,li,2,ㄌㄧ
粻,粻,粻,zhāng,zhang,1,ㄓㄤ
髉,髉,髉,bō,bo,1,ㄅㄛ
簼,簼,簼,lóng,long,2,ㄌㄨㄥ
點,點,点,diǎn,dian,3,ㄉㄧㄢ
攇,攇,攇,xiǎn,xian,3,ㄒㄧㄢ
嗩,嗩,唢,suǒ,suo,3,ㄙㄨㄛ
湸,湸,湸,liàng,liang,4,ㄌㄧㄤ
焁,焁,焁,焁,焁,,
簥,簥,簥,jiāo,jiao,1,ㄐㄧㄠ
龜,龜,龟,gūi,gui,1,ㄍㄨㄟ
缁,緇,缁,zī,zi,1,ㄗ
㘊,㘊,㘊,yì,yi,4,ㄧ
䒄,䒄,䒄,bó,bo,2,ㄅㄛ
㑈,㑈,㑈,dòng,dong,4,ㄉㄨㄥ
䫌,䫌,䫌,pǐ,pi,3,ㄆㄧ
謹,謹,谨,jǐn,jin,3,ㄐㄧㄣ
嚦,嚦,呖,lì,li,4,ㄌㄧ
䄫,䄫,䄫,qǐ,qi,3,ㄑㄧ
疇,疇,畴,chóu,chou,2,ㄔㄡ
䱨,䱨,䱨,zhì,zhi,4,ㄓ
檬,檬,檬,méng,meng,2,ㄇㄥ
縡,縡,縡,zǎi,zai,3,ㄗㄞ
㵇,㵇,㵇,㵇,㵇,,
猷,猷,猷,yóu,you,2,ㄧㄡ
滯,滯,滞,zhì,zhi,4,ㄓ
頦,頦,颏,hái,hai,2,ㄏㄞ
䠁,䠁,䠁,䠁,䠁,,
帕,帕,帕,pà,pa,4,ㄆㄚ
㷟,㷟,㷟,tùi,tui,4,ㄊㄨㄟ
䏣,䏣,䏣,jué,jue,2,ㄐㄩㄝ
澉,澉,澉,gǎn,gan,3,ㄍㄢ
娠,娠,娠,shēn,shen,1,ㄕㄣ
憟,憟,憟,sù,su,4,ㄙㄨ
笚,笚,笚,xiá,xia,2,ㄒㄧㄚ
㘢,㘢,㘢,wěng,weng,3,ㄨㄥ
鏤,鏤,镂,lòu,lou,4,ㄌㄡ
苰,苰,苰,hóng,hong,2,ㄏㄨㄥ
磯,磯,矶,jī,ji,1,ㄐㄧ
揬,揬,揬,tú,tu,2,ㄊㄨ
惩,懲,惩,chéng,cheng,2,ㄔㄥ
谨,謹,谨,jǐn,jin,3,ㄐㄧㄣ
頟,頟,頟,é,e,2,ㄜ
鏱,鏱,鏱,鏱,鏱,,
篳,篳,筚,bì,bi,4,ㄅㄧ
毸,毸,毸,sūi,sui,1,ㄙㄨㄟ
䬫,䬫,䬫,cǎn,can,3,ㄘㄢ
䏧,䏧,䏧,ná,na,2,ㄋㄚ
堞,堞,堞,dié,die,2,ㄉㄧㄝ
涅,涅,涅,niè,nie,4,ㄋㄧㄝ
苁,蓯,苁,cōng,cong,1,ㄘㄨㄥ
駹,駹,駹,máng,mang,2,ㄇㄤ
欫,欫,欫,chī,chi,1,ㄔ
㡃,㡃,㡃,㡃,㡃,,
茠,茠,茠,xīu,xiu,1,ㄒㄧㄡ
拏,拏,拏,ná,na,2,ㄋㄚ
袃,袃,袃,chài,chai,4,ㄔㄞ
疍,疍,疍,dàn,dan,4,ㄉㄢ
梃,梃,梃,tǐng,ting,3,ㄊㄧㄥ
侙,侙,侙,chì,chi,4,ㄔ
姌,姌,姌,rǎn,ran,3,ㄖㄢ
劺,劺,劺,móu,mou,2,ㄇㄡ
哗,嘩,哗,huā,hua,1,ㄏㄨㄚ
㞐,㞐,㞐,jū,ju,1,ㄐㄩ
辶,辶,辶,chuò,chuo,4,ㄔㄨㄛ
茲,茲,兹,zī,zi,1,ㄗ
熠,熠,熠,yì,yi,4,ㄧ
憹,憹,憹,náo,nao,2,ㄋㄠ
牯,牯,牯,gǔ,gu,3,ㄍㄨ
蜮,蜮,蜮,yù,yu,4,ㄩ
槃,槃,槃,pán,pan,2,ㄆㄢ
冫,冫,冫,bīng,bing,1,ㄅㄧㄥ
哙,噲,哙,kuài,kuai,4,ㄎㄨㄞ
迂,迂,迂,yū,yu,1,ㄩ
餕,餕,馂,jùn,jun,4,ㄐㄩㄣ
競,競,竞,jìng,jing,4,ㄐㄧㄥ
檹,檹,檹,yī,yi,1,ㄧ
跘,跘,跘,pán,pan,2,ㄆㄢ
䄪,䄪,䄪,chuò,chuo,4,ㄔㄨㄛ
乹,乹,乹,gān,gan,1,ㄍㄢ
褬,褬,褬,sǎng,sang,3,ㄙㄤ
娤,娤,娤,zhuāng,zhuang,1,ㄓㄨㄤ
粃,粃,粃,bǐ,bi,3,ㄅㄧ
冑,冑,冑,zhòu,zhou,4,ㄓㄡ
尲,尲,尲,gān,gan,1,ㄍㄢ
廄,廄,厩,jìu,jiu,4,ㄐㄧㄡ
啎,啎,啎,wǔ,wu,3,ㄨ
橛,橛,橛,jué,jue,2,ㄐㄩㄝ
鉮,鉮,鉮,shēn,shen,1,ㄕㄣ
坾,坾,坾,zhù,zhu,4,ㄓㄨ
髭,髭,髭,zī,zi,1,ㄗ
禭,禭,禭,sùi,sui,4,ㄙㄨㄟ
濾,濾,泸,lv̀,lu,4,ㄌㄨ
宊,宊,宊,tú,tu,2,ㄊㄨ
䫋,䫋,䫋,túi,tui,2,ㄊㄨㄟ
訛,訛,讹,é,e,2,ㄜ
䊻,䊻,䊻,yǎn,yan,3,ㄧㄢ
蒰,蒰,蒰,pán,pan,2,ㄆㄢ
楹,楹,楹,yíng,ying,2,ㄧㄥ
荢,荢,荢,荢,荢,,
䥼,䥼,䥼,䥼,䥼,,
廢,廢,废,fèi,fei,4,ㄈㄟ
啲,啲,啲,dì,di,4,ㄉㄧ
臏,臏,膑,bìn,bin,4,ㄅㄧㄣ
簷,簷,檐,yán,yan,2,ㄧㄢ
䊿,䊿,䊿,bó,bo,2,ㄅㄛ
紗,紗,纱,shā,sha,1,ㄕㄚ
鶃,鶃,鶃,yì,yi,4,ㄧ
䠘,䠘,䠘,pì,pi,4,ㄆㄧ
兑,兌,兑,dùi,dui,4,ㄉㄨㄟ
㺅,㺅,㺅,hóu,hou,2,ㄏㄡ
鎛,鎛,镈,bó,bo,2,ㄅㄛ
蘘,蘘,蘘,ráng,rang,2,ㄖㄤ
纑,纑,纑,lú,lu,2,ㄌㄨ
觬,觬,觬,ní,ni,2,ㄋㄧ
讖,讖,谶,chèn,chen,4,ㄔㄣ
䢰,䢰,䢰,tái,tai,2,ㄊㄞ
皔,皔,皔,hàn,han,4,ㄏㄢ
辂,輅,辂,lù,lu,4,ㄌㄨ
覅,覅,覅,biào,biao,4,ㄅㄧㄠ
㝋,㝋,㝋,liáo,liao,2,ㄌㄧㄠ
蒓,蒓,莼,chún,chun,2,ㄔㄨㄣ
愤,憤,愤,fèn,fen,4,ㄈㄣ
汖,汖,汖,pài,pai,4,ㄆㄞ
䃛,䃛,䃛,lián,lian,2,ㄌㄧㄢ
湣,湣,愍,mǐn,min,3,ㄇㄧㄣ
䵍,䵍,䵍,䵍,䵍,,
囎,囎,囎,囎,囎,,
噹,噹,当,dāng,dang,1,ㄉㄤ
㴫,㴫,㴫,jùn,jun,4,ㄐㄩㄣ
鉂,鉂,鉂,shǐ,shi,3,ㄕ
憩,憩,憩,qì,qi,4,ㄑㄧ
疝,疝,疝,shàn,shan,4,ㄕㄢ
卜,蔔,卜,bǔ,bu,3,ㄅㄨ
栨,栨,栨,jié,jie,2,ㄐㄧㄝ
鐁,鐁,鐁,sī,si,1,ㄙ
鵒,鵒,鹆,yù,yu,4,ㄩ
枿,枿,枿,niè,nie,4,ㄋㄧㄝ
妠,妠,妠,nà,na,4,ㄋㄚ
葚,葚,葚,shèn,shen,4,ㄕㄣ
鬯,鬯,鬯,chàng,chang,4,ㄔㄤ
鶂,鶂,鶂,yì,yi,4,ㄧ
簨,簨,簨,sǔn,sun,3,ㄙㄨㄣ
銎,銎,銎,qiōng,qiong,1,ㄑㄩㄥ
簪,簪,簪,zān,zan,1,ㄗㄢ
蒦,蒦,蒦,wò,wo,4,ㄨㄛ
滏,滏,滏,fǔ,fu,3,ㄈㄨ
艓,艓,艓,dié,die,2,ㄉㄧㄝ
袬,袬,袬,gǔn,gun,3,ㄍㄨㄣ
孛,孛,孛,bèi,bei,4,ㄅㄟ
闄,闄,闄,yǎo,yao,3,ㄧㄠ
磘,磘,磘,qìng,qing,4,ㄑㄧㄥ
泍,泍,泍,bēn,ben,1,ㄅㄣ
彌,彌,弥,mí,mi,2,ㄇㄧ
晣,晣,晣,zhē,zhe,1,ㄓㄜ
蜎,蜎,蜎,yuān,yuan,1,ㄩㄢ
讍,讍,讍,è,e,4,ㄜ
畖,畖,畖,wā,wa,1,ㄨㄚ
综,綜,综,zòng,zong,4,ㄗㄨㄥ
忥,忥,忥,xì,xi,4,ㄒㄧ
辑,輯,辑,jí,ji,2,ㄐㄧ
㠸,㠸,㠸,kù,ku,4,ㄎㄨ
魰,魰,魰,wén,wen,2,ㄨㄣ
淒,淒,凄,qī,qi,1,ㄑㄧ
壼,壼,壸,kǔn,kun,3,ㄎㄨㄣ
䴸,䴸,䴸,䴸,䴸,,
嵓,嵓,嵓,yán,yan,2,ㄧㄢ
堡,堡,堡,bǎo,bao,3,ㄅㄠ
鬛,鬛,鬛,liè,lie,4,ㄌㄧㄝ
弣,弣,弣,fǔ,fu,3,ㄈㄨ
㘲,㘲,㘲,jú,ju,2,ㄐㄩ
桏,桏,桏,qióng,qiong,2,ㄑㄩㄥ
疎,疎,疎,shū,shu,1,ㄕㄨ
俎,俎,俎,zǔ,zu,3,ㄗㄨ
笕,筧,笕,jiǎn,jian,3,ㄐㄧㄢ
墎,墎,墎,guō,guo,1,ㄍㄨㄛ
䆫,䆫,䆫,chuāng,chuang,1,ㄔㄨㄤ
杪,杪,杪,miǎo,miao,3,ㄇㄧㄠ
敡,敡,敡,yì,yi,4,ㄧ
遇,遇,遇,yù,yu,4,ㄩ
䙺,䙺,䙺,lián,lian,2,ㄌㄧㄢ
媄,媄,媄,měi,mei,3,ㄇㄟ
隕,隕,陨,yǔn,yun,3,ㄩㄣ
䃅,䃅,䃅,䃅,䃅,,
䣮,䣮,䣮,pò,po,4,ㄆㄛ
狵,狵,狵,máng,mang,2,ㄇㄤ
薘,薘,荙,dá,da,2,ㄉㄚ
䁨,䁨,䁨,huò,huo,4,ㄏㄨㄛ
蝊,蝊,蝊,蝊,蝊,,
䔶,䔶,䔶,tí,ti,2,ㄊㄧ
㴼,㴼,㴼,sù,su,4,ㄙㄨ
䈐,䈐,䈐,kùi,kui,4,ㄎㄨㄟ
爊,爊,爊,áo,ao,2,ㄠ
騱,騱,騱,xī,xi,1,ㄒㄧ
仛,仛,仛,tuō,tuo,1,ㄊㄨㄛ
绷,綳,绷,bēng,beng,1,ㄅㄥ
鋆,鋆,鋆,yún,yun,2,ㄩㄣ
䎣,䎣,䎣,sì,si,4,ㄙ
稲,稲,稲,dào,dao,4,ㄉㄠ
䤛,䤛,䤛,qíu,qiu,2,ㄑㄧㄡ
尛,尛,尛,尛,尛,,
愕,愕,愕,è,e,4,ㄜ
䧭,䧭,䧭,䧭,䧭,,
䄂,䄂,䄂,lìu,liu,4,ㄌㄧㄡ
槐,槐,槐,huái,huai,2,ㄏㄨㄞ
仗,仗,仗,zhàng,zhang,4,ㄓㄤ
鈓,鈓,鈓,rén,ren,2,ㄖㄣ
彣,彣,彣,wén,wen,2,ㄨㄣ
潂,潂,潂,hóng,hong,2,ㄏㄨㄥ
汔,汔,汔,qì,qi,4,ㄑㄧ
曠,曠,旷,kuàng,kuang,4,ㄎㄨㄤ
䴾,䴾,䴾,cuó,cuo,2,ㄘㄨㄛ
碩,碩,硕,shuò,shuo,4,ㄕㄨㄛ
篝,篝,篝,gōu,gou,1,ㄍㄡ
騸,騸,骟,shàn,shan,4,ㄕㄢ
吧,吧,吧,ba,ba,5,ㄅㄚ
坯,坯,坯,pī,pi,1,ㄆㄧ
啃,啃,啃,kěn,ken,3,ㄎㄣ
趺,趺,趺,fū,fu,1,ㄈㄨ
单,單,单,dān,dan,1,ㄉㄢ
衃,衃,衃,pēi,pei,1,ㄆㄟ
磲,磲,磲,qú,qu,2,ㄑㄩ
陠,陠,陠,pū,pu,1,ㄆㄨ
睯,睯,睯,hūn,hun,1,ㄏㄨㄣ
闖,闖,闯,chuǎng,chuang,3,ㄔㄨㄤ
䃯,䃯,䃯,lì,li,4,ㄌㄧ
馨,馨,馨,xīn,xin,1,ㄒㄧㄣ
塱,塱,塱,lǎng,lang,3,ㄌㄤ
瓁,瓁,瓁,huò,huo,4,ㄏㄨㄛ
缬,纈,缬,xié,xie,2,ㄒㄧㄝ
豱,豱,豱,wēn,wen,1,ㄨㄣ
衯,衯,衯,fēn,fen,1,ㄈㄣ
鄎,鄎,鄎,xì,xi,4,ㄒㄧ
掋,掋,掋,dǐ,di,3,ㄉㄧ
䇣,䇣,䇣,nà,na,4,ㄋㄚ
乙,乙,乙,yǐ,yi,3,ㄧ
致,緻,致,zhì,zhi,4,ㄓ
顅,顅,顅,jiān,jian,1,ㄐㄧㄢ
䀮,䀮,䀮,máng,mang,2,ㄇㄤ
鞌,鞌,鞌,ān,an,1,ㄢ
壺,壺,壶,hú,hu,2,ㄏㄨ
鲀,魨,鲀,tún,tun,2,ㄊㄨㄣ
䶤,䶤,䶤,huá,hua,2,ㄏㄨㄚ
瀞,瀞,瀞,jìng,jing,4,ㄐㄧㄥ
菛,菛,菛,mén,men,2,ㄇㄣ
㑁,㑁,㑁,zhuō,zhuo,1,ㄓㄨㄛ
㶈,㶈,㶈,yíng,ying,2,ㄧㄥ
徭,徭,徭,yáo,yao,2,ㄧㄠ
鹏,鵬,鹏,péng,peng,2,ㄆㄥ
䟎,䟎,䟎,䟎,䟎,,
䨕,䨕,䨕,䨕,䨕,,
慌,慌,慌,huāng,huang,1,ㄏㄨㄤ
畃,畃,畃,xún,xun,2,ㄒㄩㄣ
㯞,㯞,㯞,juàn,juan,4,ㄐㄩㄢ
犕,犕,犕,bèi,bei,4,ㄅㄟ
暹,暹,暹,xiān,xian,1,ㄒㄧㄢ
臲,臲,臲,niè,nie,4,ㄋㄧㄝ
嶥,嶥,嶥,jué,jue,2,ㄐㄩㄝ
蘱,蘱,蘱,lèi,lei,4,ㄌㄟ
輤,輤,輤,qiàn,qian,4,ㄑㄧㄢ
㴌,㴌,㴌,㴌,㴌,,
諩,諩,諩,pǔ,pu,3,ㄆㄨ
沣,灃,沣,fēng,feng,1,ㄈㄥ
崁,崁,崁,kǎn,kan,3,ㄎㄢ
泐,泐,泐,lè,le,4,ㄌㄜ
苛,苛,苛,kē,ke,1,ㄎㄜ
靨,靨,靥,yè,ye,4,ㄧㄝ
功,功,功,gōng,gong,1,ㄍㄨㄥ
訢,訢,䜣,xīn,xin,1,ㄒㄧㄣ
晵,晵,晵,qǐ,qi,3,ㄑㄧ
㥽,㥽,㥽,cè,ce,4,ㄘㄜ
㼏,㼏,㼏,něi,nei,3,ㄋㄟ
雡,雡,雡,lìu,liu,4,ㄌㄧㄡ
䑏,䑏,䑏,quán,quan,2,ㄑㄩㄢ
狑,狑,狑,líng,ling,2,ㄌㄧㄥ
抣,抣,抣,抣,抣,,
娪,娪,娪,wú,wu,2,ㄨ
礼,禮,礼,lǐ,li,3,ㄌㄧ
䴯,䴯,䴯,䴯,䴯,,
锡,锡,锡,xí,xi,2,ㄒㄧ
忏,懺,忏,chàn,chan,4,ㄔㄢ
拟,擬,拟,nǐ,ni,3,ㄋㄧ
闶,閌,闶,kàng,kang,4,ㄎㄤ
㔲,㔲,㔲,㔲,㔲,,
鏳,鏳,鏳,zhēng,zheng,1,ㄓㄥ
㸖,㸖,㸖,㸖,㸖,,
谢,謝,谢,xiè,xie,4,ㄒㄧㄝ
畈,畈,畈,fàn,fan,4,ㄈㄢ
沸,沸,沸,fèi,fei,4,ㄈㄟ
蹱,蹱,蹱,zhōng,zhong,1,ㄓㄨㄥ
䵷,䵷,䵷,䵷,䵷,,
䂅,䂅,䂅,䂅,䂅,,
可,可,可,kě,ke,3,ㄎㄜ
䞝,䞝,䞝,ǎo,ao,3,ㄠ
㺱,㺱,㺱,réng,reng,2,ㄖㄥ
塊,塊,块,kuài,kuai,4,ㄎㄨㄞ
䋑,䋑,䋑,bǐng,bing,3,ㄅㄧㄥ
芷,芷,芷,zhǐ,zhi,3,ㄓ
侧,側,侧,cè,ce,4,ㄘㄜ
刞,刞,刞,qù,qu,4,ㄑㄩ
鐴,鐴,鐴,bì,bi,4,ㄅㄧ
䰠,䰠,䰠,shén,shen,2,ㄕㄣ
䜗,䜗,䜗,xìn,xin,4,ㄒㄧㄣ
䠐,䠐,䠐,qù,qu,4,ㄑㄩ
莜,蓧,莜,diào,diao,4,ㄉㄧㄠ
硗,磽,硗,qiāo,qiao,1,ㄑㄧㄠ
畬,畬,畬,yú,yu,2,ㄩ
苏,蘇,苏,sū,su,1,ㄙㄨ
䅸,䅸,䅸,zú,zu,2,ㄗㄨ
玝,玝,玝,wǔ,wu,3,ㄨ
敃,敃,敃,mǐn,min,3,ㄇㄧㄣ
徢,徢,徢,xiè,xie,4,ㄒㄧㄝ
㫆,㫆,㫆,㫆,㫆,,
扃,扃,扃,jiōng,jiong,1,ㄐㄩㄥ
騷,騷,骚,sāo,sao,1,ㄙㄠ
嗍,嗍,嗍,suō,suo,1,ㄙㄨㄛ
媟,媟,媟,xiè,xie,4,ㄒㄧㄝ
䃍,䃍,䃍,zhào,zhao,4,ㄓㄠ
痐,痐,痐,húi,hui,2,ㄏㄨㄟ
窌,窌,窌,jiào,jiao,4,ㄐㄧㄠ
夓,夓,夓,xià,xia,4,ㄒㄧㄚ
䗞,䗞,䗞,cán,can,2,ㄘㄢ
歑,歑,歑,hū,hu,1,ㄏㄨ
瑮,瑮,瑮,lì,li,4,ㄌㄧ
葖,葖,葖,tú,tu,2,ㄊㄨ
㓿,㓿,㓿,㓿,㓿,,
纠,糾,纠,jīu,jiu,1,ㄐㄧㄡ
鹥,鷖,鹥,yī,yi,1,ㄧ
十,十,十,shí,shi,2,ㄕ
驔,驔,驔,tán,tan,2,ㄊㄢ
轘,轘,轘,huàn,huan,4,ㄏㄨㄢ
高,高,高,gāo,gao,1,ㄍㄠ
嵏,嵏,嵏,zōng,zong,1,ㄗㄨㄥ
帣,帣,帣,juàn,juan,4,ㄐㄩㄢ
琂,琂,琂,yán,yan,2,ㄧㄢ
毊,毊,毊,xiāo,xiao,1,ㄒㄧㄠ
䯃,䯃,䯃,䯃,䯃,,
儿,兒,儿,ér,er,2,ㄦ
鰗,鰗,鰗,hú,hu,2,ㄏㄨ
葎,葎,葎,lv̀,lu,4,ㄌㄨ
駢,駢,骈,pián,pian,2,ㄆㄧㄢ
茱,茱,茱,zhū,zhu,1,ㄓㄨ
䢘,䢘,䢘,䢘,䢘,,
宎,宎,宎,yǎo,yao,3,ㄧㄠ
瘪,癟,瘪,piē,pie,1,ㄆㄧㄝ
饦,飥,饦,tuō,tuo,1,ㄊㄨㄛ
嬜,嬜,嬜,嬜,嬜,,
挩,挩,挩,tuō,tuo,1,ㄊㄨㄛ
䖜,䖜,䖜,yín,yin,2,ㄧㄣ
股,股,股,gǔ,gu,3,ㄍㄨ
撿,撿,捡,jiǎn,jian,3,ㄐㄧㄢ
玺,璽,玺,xǐ,xi,3,ㄒㄧ
䁴,䁴,䁴,zhǎn,zhan,3,ㄓㄢ
庤,庤,庤,zhì,zhi,4,ㄓ
㲀,㲀,㲀,chén,chen,2,ㄔㄣ
錴,錴,錴,lù,lu,4,ㄌㄨ
琲,琲,琲,bèi,bei,4,ㄅㄟ
歶,歶,歶,yú,yu,2,ㄩ
淥,淥,渌,lù,lu,4,ㄌㄨ
榟,榟,榟,zǐ,zi,3,ㄗ
疜,疜,疜,xià,xia,4,ㄒㄧㄚ
乘,乘,乘,chéng,cheng,2,ㄔㄥ
渏,渏,渏,渏,渏,,
浼,浼,浼,měi,mei,3,ㄇㄟ
蝌,蝌,蝌,kē,ke,1,ㄎㄜ
亍,亍,亍,chù,chu,4,ㄔㄨ
鋶,鋶,锍,lǐu,liu,3,ㄌㄧㄡ
绚,絢,绚,xuàn,xuan,4,ㄒㄩㄢ
䶮,龑,䶮,yán,yan,2,ㄧㄢ
嘠,嘠,嘠,gā,ga,1,ㄍㄚ
譀,譀,譀,hàn,han,4,ㄏㄢ
艀,艀,艀,fú,fu,2,ㄈㄨ
綺,綺,绮,qǐ,qi,3,ㄑㄧ
聮,聮,聮,lián,lian,2,ㄌㄧㄢ
紕,紕,纰,pī,pi,1,ㄆㄧ
鶳,鶳,鶳,shī,shi,1,ㄕ
嚸,嚸,嚸,diǎn,dian,3,ㄉㄧㄢ
珍,珍,珍,zhēn,zhen,1,ㄓㄣ
䇝,䇝,䇝,䇝,䇝,,
瓇,瓇,瓇,róu,rou,2,ㄖㄡ
巈,巈,巈,jú,ju,2,ㄐㄩ
犣,犣,犣,liè,lie,4,ㄌㄧㄝ
蜕,蛻,蜕,shùi,shui,4,ㄕㄨㄟ
䶞,䶞,䶞,qí,qi,2,ㄑㄧ
厗,厗,厗,tí,ti,2,ㄊㄧ
挷,挷,挷,péng,peng,2,ㄆㄥ
疃,疃,疃,tuǎn,tuan,3,ㄊㄨㄢ
脶,腡,脶,guā,gua,1,ㄍㄨㄚ
廼,廼,廼,nǎi,nai,3,ㄋㄞ
炱,炱,炱,tái,tai,2,ㄊㄞ
䧈,䧈,䧈,䧈,䧈,,
鍝,鍝,鍝,yú,yu,2,ㄩ
頎,頎,颀,qí,qi,2,ㄑㄧ
龡,龡,龡,chùi,chui,4,ㄔㄨㄟ
䫪,䫪,䫪,shuǎng,shuang,3,ㄕㄨㄤ
获,獲,获,huò,huo,4,ㄏㄨㄛ
吒,吒,咤,zhà,zha,4,ㄓㄚ
綵,綵,綵,cǎi,cai,3,ㄘㄞ
墂,墂,墂,biāo,biao,1,ㄅㄧㄠ
痎,痎,痎,kāi,kai,1,ㄎㄞ
瞶,瞶,瞶,kùi,kui,4,ㄎㄨㄟ
燝,燝,燝,燝,燝,,
䈧,䈧,䈧,wěi,wei,3,ㄨㄟ
坏,壞,坏,huài,huai,4,ㄏㄨㄞ
最,最,最,zùi,zui,4,ㄗㄨㄟ
㹧,㹧,㹧,㹧,㹧,,
畚,畚,畚,běn,ben,3,ㄅㄣ
鯝,鯝,鲴,gù,gu,4,ㄍㄨ
㭷,㭷,㭷,㭷,㭷,,
氬,氬,氩,yà,ya,4,ㄧㄚ
煻,煻,煻,táng,tang,2,ㄊㄤ
縄,縄,縄,縄,縄,,
丮,丮,丮,jǐ,ji,3,ㄐㄧ
幨,幨,幨,chān,chan,1,ㄔㄢ
颚,顎,颚,è,e,4,ㄜ
坛,壇,坛,tán,tan,2,ㄊㄢ
鲊,鮓,鲊,zhǎ,zha,3,ㄓㄚ
䩶,䩶,䩶,chǎn,chan,3,ㄔㄢ
魢,魢,鱾,jǐ,ji,3,ㄐㄧ
迴,迴,回,húi,hui,2,ㄏㄨㄟ
赖,賴,赖,lài,lai,4,ㄌㄞ
㺖,㺖,㺖,hǎn,han,3,ㄏㄢ
浉,溮,浉,shī,shi,1,ㄕ
秺,秺,秺,dù,du,4,ㄉㄨ
耉,耉,耉,gǒu,gou,3,ㄍㄡ
疞,疞,疞,xū,xu,1,ㄒㄩ
撃,撃,撃,jí,ji,2,ㄐㄧ
閇,閇,閇,bì,bi,4,ㄅㄧ
㷅,㷅,㷅,chǎo,chao,3,ㄔㄠ
䝛,䝛,䝛,䝛,䝛,,
㶋,㶋,㶋,㶋,㶋,,
澘,澘,澘,shān,shan,1,ㄕㄢ
獔,獔,獔,háo,hao,2,ㄏㄠ
䔕,䔕,䔕,pú,pu,2,ㄆㄨ
盀,盀,盀,qǐ,qi,3,ㄑㄧ
鳞,鱗,鳞,lín,lin,2,ㄌㄧㄣ
痓,痓,痓,chì,chi,4,ㄔ
靍,靍,靍,靍,靍,,
跿,跿,跿,tú,tu,2,ㄊㄨ
㲶,㲶,㲶,lv̀,lu,4,ㄌㄨ
糐,糐,糐,fū,fu,1,ㄈㄨ
皹,皹,皹,jūn,jun,1,ㄐㄩㄣ
統,統,统,tǒng,tong,3,ㄊㄨㄥ
筝,箏,筝,zhēng,zheng,1,ㄓㄥ
藴,藴,藴,yùn,yun,4,ㄩㄣ
沧,滄,沧,cāng,cang,1,ㄘㄤ
麐,麐,麐,lín,lin,2,ㄌㄧㄣ
昴,昴,昴,mǎo,mao,3,ㄇㄠ
菧,菧,菧,dǐ,di,3,ㄉㄧ
褕,褕,褕,yú,yu,2,ㄩ
囖,囖,囖,囖,囖,,
拥,擁,拥,yǒng,yong,3,ㄩㄥ
慐,慐,慐,慐,慐,,
囊,囊,囊,náng,nang,2,ㄋㄤ
蛺,蛺,蛱,jiá,jia,2,ㄐㄧㄚ
泏,泏,泏,chù,chu,4,ㄔㄨ
䏥,䏥,䏥,䏥,䏥,,
䲥,䲥,䲥,䲥,䲥,,
竖,竪,竖,shù,shu,4,ㄕㄨ
䒏,䒏,䒏,䒏,䒏,,
䤃,䤃,䤃,yìn,yin,4,ㄧㄣ
茟,茟,茟,yù,yu,4,ㄩ
頮,頮,颒,hùi,hui,4,ㄏㄨㄟ
皪,皪,皪,lì,li,4,ㄌㄧ
权,權,权,quán,quan,2,ㄑㄩㄢ
婱,婱,婱,xián,xian,2,ㄒㄧㄢ
镾,镾,镾,mí,mi,2,ㄇㄧ
䜶,䜶,䜶,xiáng,xiang,2,ㄒㄧㄤ
公,公,公,gōng,gong,1,ㄍㄨㄥ
滳,滳,滳,shāng,shang,1,ㄕㄤ
籭,籭,籭,sī,si,1,ㄙ
㴸,㴸,㴸,nà,na,4,ㄋㄚ
蹘,蹘,蹘,liáo,liao,2,ㄌㄧㄠ
㒊,㒊,㒊,sè,se,4,ㄙㄜ
榀,榀,榀,pǐn,pin,3,ㄆㄧㄣ
皍,皍,皍,jí,ji,2,ㄐㄧ
邃,邃,邃,sùi,sui,4,ㄙㄨㄟ
猡,玀,猡,luó,luo,2,ㄌㄨㄛ
頚,頚,頚,jǐng,jing,3,ㄐㄧㄥ
諦,諦,谛,dì,di,4,ㄉㄧ
砈,砈,砈,nuǒ,nuo,3,ㄋㄨㄛ
葀,葀,葀,guā,gua,1,ㄍㄨㄚ
䔙,䔙,䔙,diào,diao,4,ㄉㄧㄠ
臅,臅,臅,chù,chu,4,ㄔㄨ
凧,凧,凧,凧,凧,,
㱚,㱚,㱚,cán,can,2,ㄘㄢ
䛴,䛴,䛴,qǐ,qi,3,ㄑㄧ
䘓,䘓,䘓,kàn,kan,4,ㄎㄢ
簗,簗,簗,簗,簗,,
揩,揩,揩,kāi,kai,1,ㄎㄞ
䱎,䱎,䱎,gèng,geng,4,ㄍㄥ
鎡,鎡,镃,zī,zi,1,ㄗ
㲅,㲅,㲅,jì,ji,4,ㄐㄧ
踕,踕,踕,jié,jie,2,ㄐㄧㄝ
渚,渚,渚,zhǔ,zhu,3,ㄓㄨ
祤,祤,祤,yǔ,yu,3,ㄩ
䒆,䒆,䒆,chè,che,4,ㄔㄜ
畐,畐,畐,fú,fu,2,ㄈㄨ
䣨,䣨,䣨,chún,chun,2,ㄔㄨㄣ
樂,樂,乐,lè,le,4,ㄌㄜ
粿,粿,粿,guǒ,guo,3,ㄍㄨㄛ
㱬,㱬,㱬,wěi,wei,3,ㄨㄟ
炿,炿,炿,炿,炿,,
䴇,䴇,䴇,líng,ling,2,ㄌㄧㄥ
嬴,嬴,嬴,yíng,ying,2,ㄧㄥ
鯫,鯫,鲰,zōu,zou,1,ㄗㄡ
恏,恏,恏,hǎo,hao,3,ㄏㄠ
椆,椆,椆,chóu,chou,2,ㄔㄡ
鵄,鵄,鵄,zhī,zhi,1,ㄓ
䫗,䫗,䫗,xiá,xia,2,ㄒㄧㄚ
扑,撲,扑,pū,pu,1,ㄆㄨ
洉,洉,洉,hòu,hou,4,ㄏㄡ
铐,銬,铐,kào,kao,4,ㄎㄠ
甠,甠,甠,qíng,qing,2,ㄑㄧㄥ
㝬,㝬,㝬,㝬,㝬,,
窕,窕,窕,tiǎo,tiao,3,ㄊㄧㄠ
掂,掂,掂,diān,dian,1,ㄉㄧㄢ
州,州,州,zhōu,zhou,1,ㄓㄡ
喽,嘍,喽,lou,lou,5,ㄌㄡ
䴊,䴊,䴊,yí,yi,2,ㄧ
蓯,蓯,苁,cōng,cong,1,ㄘㄨㄥ
槨,槨,椁,guǒ,guo,3,ㄍㄨㄛ
笺,箋,笺,jiān,jian,1,ㄐㄧㄢ
懔,懍,懔,lǐn,lin,3,ㄌㄧㄣ
㖩,㖩,㖩,sǒu,sou,3,ㄙㄡ
纪,紀,纪,jì,ji,4,ㄐㄧ
爷,爺,爷,yé,ye,2,ㄧㄝ
款,款,款,kuǎn,kuan,3,ㄎㄨㄢ
磩,磩,磩,qī,qi,1,ㄑㄧ
垩,堊,垩,è,e,4,ㄜ
䧖,䧖,䧖,jiàn,jian,4,ㄐㄧㄢ
紨,紨,紨,fù,fu,4,ㄈㄨ
祊,祊,祊,bēng,beng,1,ㄅㄥ
㤵,㤵,㤵,cí,ci,2,ㄘ
楑,楑,楑,kúi,kui,2,ㄎㄨㄟ
騺,騺,騺,zhì,zhi,4,ㄓ
䚤,䚤,䚤,䚤,䚤,,
蠊,蠊,蠊,lián,lian,2,ㄌㄧㄢ
銤,銤,銤,mǐ,mi,3,ㄇㄧ
堜,堜,堜,liàn,lian,4,ㄌㄧㄢ
醔,醔,醔,jīu,jiu,1,ㄐㄧㄡ
淎,淎,淎,pěng,peng,3,ㄆㄥ
礣,礣,礣,miè,mie,4,ㄇㄧㄝ
㠕,㠕,㠕,wěi,wei,3,ㄨㄟ
㛹,㛹,㛹,pián,pian,2,ㄆㄧㄢ
硐,硐,硐,tóng,tong,2,ㄊㄨㄥ
䔠,䔠,䔠,shǎo,shao,3,ㄕㄠ
㣁,㣁,㣁,bèi,bei,4,ㄅㄟ
荮,葤,荮,zhòu,zhou,4,ㄓㄡ
㘞,㘞,㘞,huò,huo,4,ㄏㄨㄛ
䦜,䦜,䦜,wú,wu,2,ㄨ
騍,騍,骒,kè,ke,4,ㄎㄜ
篚,篚,篚,fěi,fei,3,ㄈㄟ
䵏,䵏,䵏,lǎo,lao,3,ㄌㄠ
䠻,䠻,䠻,qióng,qiong,2,ㄑㄩㄥ
衝,衝,冲,chōng,chong,1,ㄔㄨㄥ
岟,岟,岟,yǎng,yang,3,ㄧㄤ
廷,廷,廷,tíng,ting,2,ㄊㄧㄥ
㗤,㗤,㗤,cù,cu,4,ㄘㄨ
乧,乧,乧,乧,乧,,
邙,邙,邙,máng,mang,2,ㄇㄤ
瓸,瓸,瓸,瓸,瓸,,
隍,隍,隍,huáng,huang,2,ㄏㄨㄤ
岣,岣,岣,gǒu,gou,3,ㄍㄡ
鷃,鷃,鷃,yàn,yan,4,ㄧㄢ
鐯,鐯,䦃,zhuó,zhuo,2,ㄓㄨㄛ
憵,憵,憵,pī,pi,1,ㄆㄧ
澕,澕,澕,hé,he,2,ㄏㄜ
婾,婾,婾,tōu,tou,1,ㄊㄡ
䛫,䛫,䛫,zhèng,zheng,4,ㄓㄥ
掛,掛,挂,guà,gua,4,ㄍㄨㄚ
恜,恜,恜,chì,chi,4,ㄔ
郓,鄆,郓,yùn,yun,4,ㄩㄣ
嶧,嶧,峄,yì,yi,4,ㄧ
懜,懜,懜,mèng,meng,4,ㄇㄥ
風,風,风,fēng,feng,1,ㄈㄥ
㯛,㯛,㯛,hú,hu,2,ㄏㄨ
秧,秧,秧,yāng,yang,1,ㄧㄤ
峳,峳,峳,yóu,you,2,ㄧㄡ
菞,菞,菞,lí,li,2,ㄌㄧ
䤊,䤊,䤊,róng,rong,2,ㄖㄨㄥ
桕,桕,桕,jìu,jiu,4,ㄐㄧㄡ
蕃,蕃,蕃,fán,fan,2,ㄈㄢ
糌,糌,糌,zán,zan,2,ㄗㄢ
馫,馫,馫,xīng,xing,1,ㄒㄧㄥ
註,註,註,zhù,zhu,4,ㄓㄨ
蚰,蚰,蚰,yóu,you,2,ㄧㄡ
溕,溕,溕,mèng,meng,4,ㄇㄥ
坺,坺,坺,bá,ba,2,ㄅㄚ
趪,趪,趪,huáng,huang,2,ㄏㄨㄤ
斎,斎,斎,zhāi,zhai,1,ㄓㄞ
栽,栽,栽,zāi,zai,1,ㄗㄞ
鎩,鎩,铩,shā,sha,1,ㄕㄚ
㼐,㼐,㼐,pián,pian,2,ㄆㄧㄢ
状,狀,状,zhuàng,zhuang,4,ㄓㄨㄤ
詡,詡,诩,xǔ,xu,3,ㄒㄩ
䬨,䬨,䬨,cù,cu,4,ㄘㄨ
梭,梭,梭,suō,suo,1,ㄙㄨㄛ
螪,螪,螪,shāng,shang,1,ㄕㄤ
鵭,鵭,鵭,qín,qin,2,ㄑㄧㄣ
孹,孹,孹,bò,bo,4,ㄅㄛ
璟,璟,璟,jǐng,jing,3,ㄐㄧㄥ
釶,釶,釶,shī,shi,1,ㄕ
誔,誔,誔,tǐng,ting,3,ㄊㄧㄥ
熵,熵,熵,shāng,shang,1,ㄕㄤ
徹,徹,彻,chè,che,4,ㄔㄜ
曟,曟,曟,chén,chen,2,ㄔㄣ
幂,冪,幂,mì,mi,4,ㄇㄧ
缢,縊,缢,yì,yi,4,ㄧ
亪,亪,亪,亪,亪,,
岪,岪,岪,fú,fu,2,ㄈㄨ
聱,聱,聱,áo,ao,2,ㄠ
䱊,䱊,䱊,mǐ,mi,3,ㄇㄧ
伄,伄,伄,diào,diao,4,ㄉㄧㄠ
猃,獫,猃,xiǎn,xian,3,ㄒㄧㄢ
禘,禘,禘,dì,di,4,ㄉㄧ
袨,袨,袨,xiàn,xian,4,ㄒㄧㄢ
蜽,蜽,蜽,liǎng,liang,3,ㄌㄧㄤ
葵,葵,葵,kúi,kui,2,ㄎㄨㄟ
壷,壷,壷,hú,hu,2,ㄏㄨ
谪,謫,谪,zhé,zhe,2,ㄓㄜ
隣,隣,隣,lín,lin,2,ㄌㄧㄣ
秦,秦,秦,qín,qin,2,ㄑㄧㄣ
横,橫,横,héng,heng,2,ㄏㄥ
嵔,嵔,嵔,wěi,wei,3,ㄨㄟ
冦,冦,冦,kòu,kou,4,ㄎㄡ
㜞,㜞,㜞,qiàn,qian,4,ㄑㄧㄢ
䶩,䶩,䶩,jì,ji,4,ㄐㄧ
琺,琺,珐,fà,fa,4,ㄈㄚ
眣,眣,眣,dié,die,2,ㄉㄧㄝ
徬,徬,徬,páng,pang,2,ㄆㄤ
罵,罵,骂,mà,ma,4,ㄇㄚ
姾,姾,姾,quān,quan,1,ㄑㄩㄢ
寳,寳,寳,bǎo,bao,3,ㄅㄠ
煑,煑,煑,zhǔ,zhu,3,ㄓㄨ
物,物,物,wù,wu,4,ㄨ
䁺,䁺,䁺,shì,shi,4,ㄕ
樒,樒,樒,mì,mi,4,ㄇㄧ
叛,叛,叛,pàn,pan,4,ㄆㄢ
邯,邯,邯,hán,han,2,ㄏㄢ
筛,篩,筛,shāi,shai,1,ㄕㄞ
呲,呲,呲,zī,zi,1,ㄗ
抟,摶,抟,tuán,tuan,2,ㄊㄨㄢ
冗,冗,冗,rǒng,rong,3,ㄖㄨㄥ
䢳,䢳,䢳,jǐ,ji,3,ㄐㄧ
凪,凪,凪,凪,凪,,
翶,翶,翶,翶,翶,,
蹻,蹻,硚,qiāo,qiao,1,ㄑㄧㄠ
淑,淑,淑,shú,shu,2,ㄕㄨ
擕,擕,擕,xī,xi,1,ㄒㄧ
砰,砰,砰,pēng,peng,1,ㄆㄥ
嚮,嚮,向,xiàng,xiang,4,ㄒㄧㄤ
损,損,损,sǔn,sun,3,ㄙㄨㄣ
曧,曧,曧,róng,rong,2,ㄖㄨㄥ
啉,啉,啉,lán,lan,2,ㄌㄢ
䒠,䒠,䒠,fǎn,fan,3,ㄈㄢ
髸,髸,髸,髸,髸,,
酕,酕,酕,máo,mao,2,ㄇㄠ
鋍,鋍,鋍,bó,bo,2,ㄅㄛ
蚫,蚫,蚫,piáo,piao,2,ㄆㄧㄠ
锈,銹,锈,xìu,xiu,4,ㄒㄧㄡ
鯽,鯽,鲫,jì,ji,4,ㄐㄧ
䆾,䆾,䆾,lán,lan,2,ㄌㄢ
璲,璲,璲,sùi,sui,4,ㄙㄨㄟ
孾,孾,孾,yīng,ying,1,ㄧㄥ
暳,暳,暳,hùi,hui,4,ㄏㄨㄟ
䒅,䒅,䒅,téng,teng,2,ㄊㄥ
蹛,蹛,蹛,dài,dai,4,ㄉㄞ
坔,坔,坔,dì,di,4,ㄉㄧ
䫊,䫊,䫊,bó,bo,2,ㄅㄛ
㸓,㸓,㸓,mì,mi,4,ㄇㄧ
嶽,嶽,岳,yuè,yue,4,ㄩㄝ
㒡,㒡,㒡,yóu,you,2,ㄧㄡ
犥,犥,犥,piǎo,piao,3,ㄆㄧㄠ
硉,硉,硉,lù,lu,4,ㄌㄨ
廀,廀,廀,sōu,sou,1,ㄙㄡ
㾦,㾦,㾦,bàng,bang,4,ㄅㄤ
䁭,䁭,䁭,䁭,䁭,,
袜,襪,袜,wà,wa,4,ㄨㄚ
橚,橚,橚,sù,su,4,ㄙㄨ
簾,簾,帘,lián,lian,2,ㄌㄧㄢ
皕,皕,皕,bī,bi,1,ㄅㄧ
荰,荰,荰,dù,du,4,ㄉㄨ
旅,旅,旅,lǔ,lu,3,ㄌㄨ
譖,譖,谮,zèn,zen,4,ㄗㄣ
娰,娰,娰,sì,si,4,ㄙ
尷,尷,尴,gān,gan,1,ㄍㄢ
翻,翻,翻,fān,fan,1,ㄈㄢ
詈,詈,詈,lì,li,4,ㄌㄧ
薻,薻,薻,zǎo,zao,3,ㄗㄠ
汦,汦,汦,chí,chi,2,ㄔ
鋅,鋅,锌,xīn,xin,1,ㄒㄧㄣ
捗,捗,捗,bù,bu,4,ㄅㄨ
冨,冨,冨,fù,fu,4,ㄈㄨ
棪,棪,棪,yǎn,yan,3,ㄧㄢ
匔,匔,匔,qiōng,qiong,1,ㄑㄩㄥ
悞,悞,悞,wù,wu,4,ㄨ
澃,澃,澃,jiòng,jiong,4,ㄐㄩㄥ
嬨,嬨,嬨,cí,ci,2,ㄘ
缅,緬,缅,miǎn,mian,3,ㄇㄧㄢ
蒣,蒣,蒣,xú,xu,2,ㄒㄩ
㐒,㐒,㐒,㐒,㐒,,
瀏,瀏,浏,líu,liu,2,ㄌㄧㄡ
柼,柼,柼,yǎo,yao,3,ㄧㄠ
䬔,䬔,䬔,xù,xu,4,ㄒㄩ
薔,薔,蔷,qiáng,qiang,2,ㄑㄧㄤ
扔,扔,扔,rēng,reng,1,ㄖㄥ
杩,榪,杩,mà,ma,4,ㄇㄚ
緋,緋,绯,fēi,fei,1,ㄈㄟ
轚,轚,轚,jí,ji,2,ㄐㄧ
喣,喣,喣,xǔ,xu,3,ㄒㄩ
怊,怊,怊,chāo,chao,1,ㄔㄠ
䵮,䵮,䵮,yàng,yang,4,ㄧㄤ
㧽,㧽,㧽,gù,gu,4,ㄍㄨ
瞤,瞤,瞤,rún,run,2,ㄖㄨㄣ
轸,軫,轸,zhěn,zhen,3,ㄓㄣ
覱,覱,覱,zhàn,zhan,4,ㄓㄢ
謷,謷,謷,áo,ao,2,ㄠ
埗,埗,埗,bù,bu,4,ㄅㄨ
䙿,䙿,䙿,wèi,wei,4,ㄨㄟ
晅,晅,晅,xuān,xuan,1,ㄒㄩㄢ
苿,苿,苿,wèi,wei,4,ㄨㄟ
椵,椵,椵,jiǎ,jia,3,ㄐㄧㄚ
扣,扣,扣,kòu,kou,4,ㄎㄡ
櫾,櫾,櫾,yóu,you,2,ㄧㄡ
䮋,䮋,䮋,lì,li,4,ㄌㄧ
捳,捳,捳,yuè,yue,4,ㄩㄝ
哰,哰,哰,láo,lao,2,ㄌㄠ
䥞,䥞,䥞,jiǎo,jiao,3,ㄐㄧㄠ
黆,黆,黆,guāng,guang,1,ㄍㄨㄤ
巋,巋,岿,kūi,kui,1,ㄎㄨㄟ
氚,氚,氚,chuān,chuan,1,ㄔㄨㄢ
鸿,鴻,鸿,hóng,hong,2,ㄏㄨㄥ
蓰,蓰,蓰,xǐ,xi,3,ㄒㄧ
㑰,㑰,㑰,hùi,hui,4,ㄏㄨㄟ
熆,熆,熆,hé,he,2,ㄏㄜ
枱,枱,枱,yí,yi,2,ㄧ
皜,皜,皜,hào,hao,4,ㄏㄠ
亇,亇,亇,亇,亇,,
铜,銅,铜,tóng,tong,2,ㄊㄨㄥ
䑐,䑐,䑐,zhěn,zhen,3,ㄓㄣ
姒,姒,姒,sì,si,4,ㄙ
缞,縗,缞,shuāi,shuai,1,ㄕㄨㄞ
䅲,䅲,䅲,qí,qi,2,ㄑㄧ
箴,箴,箴,zhēn,zhen,1,ㄓㄣ
㱾,㱾,㱾,㱾,㱾,,
坭,坭,坭,ní,ni,2,ㄋㄧ
掹,掹,掹,掹,掹,,
㷺,㷺,㷺,㷺,㷺,,
布,布,布,bù,bu,4,ㄅㄨ
㾝,㾝,㾝,chè,che,4,ㄔㄜ
䊄,䊄,䊄,qióng,qiong,2,ㄑㄩㄥ
陎,陎,陎,shū,shu,1,ㄕㄨ
䖳,䖳,䖳,zhà,zha,4,ㄓㄚ
䁑,䁑,䁑,yáng,yang,2,ㄧㄤ
姺,姺,姺,shēn,shen,1,ㄕㄣ
湚,湚,湚,yìn,yin,4,ㄧㄣ
每,每,每,měi,mei,3,ㄇㄟ
䤫,䤫,䤫,chán,chan,2,ㄔㄢ
聦,聦,聦,cōng,cong,1,ㄘㄨㄥ
䡛,䡛,䡛,yìn,yin,4,ㄧㄣ
栋,棟,栋,dòng,dong,4,ㄉㄨㄥ
㑙,㑙,㑙,dié,die,2,ㄉㄧㄝ
䠄,䠄,䠄,tiǎn,tian,3,ㄊㄧㄢ
玿,玿,玿,sháo,shao,2,ㄕㄠ
菪,菪,菪,dàng,dang,4,ㄉㄤ
趱,趲,趱,zǎn,zan,3,ㄗㄢ
㪙,㪙,㪙,kě,ke,3,ㄎㄜ
䗷,䗷,䗷,yì,yi,4,ㄧ
䠠,䠠,䠠,chì,chi,4,ㄔ
凫,鳬,凫,fú,fu,2,ㄈㄨ
覗,覗,覗,sī,si,1,ㄙ
絻,絻,絻,miǎn,mian,3,ㄇㄧㄢ
跋,跋,跋,bá,ba,2,ㄅㄚ
䒸,䒸,䒸,xián,xian,2,ㄒㄧㄢ
駴,駴,駴,xiè,xie,4,ㄒㄧㄝ
狍,麅,狍,páo,pao,2,ㄆㄠ
䬓,䬓,䬓,àn,an,4,ㄢ
弜,弜,弜,jiàng,jiang,4,ㄐㄧㄤ
瑲,瑲,玱,qiāng,qiang,1,ㄑㄧㄤ
䠚,䠚,䠚,wà,wa,4,ㄨㄚ
䲅,䲅,䲅,䲅,䲅,,
㝃,㝃,㝃,fàn,fan,4,ㄈㄢ
蛉,蛉,蛉,líng,ling,2,ㄌㄧㄥ
夀,夀,夀,shòu,shou,4,ㄕㄡ
蜸,蜸,蜸,qiǎn,qian,3,ㄑㄧㄢ
貆,貆,貆,huán,huan,2,ㄏㄨㄢ
縴,縴,纤,qiān,qian,1,ㄑㄧㄢ
㼭,㼭,㼭,diàn,dian,4,ㄉㄧㄢ
飮,飮,飮,yǐn,yin,3,ㄧㄣ
鱝,鱝,鲼,fèn,fen,4,ㄈㄣ
毬,毬,毬,qíu,qiu,2,ㄑㄧㄡ
䩔,䩔,䩔,duò,duo,4,ㄉㄨㄛ
酸,酸,酸,suān,suan,1,ㄙㄨㄢ
劗,劗,劗,cuán,cuan,2,ㄘㄨㄢ
踂,踂,踂,niè,nie,4,ㄋㄧㄝ
攤,攤,摊,tān,tan,1,ㄊㄢ
䤸,䤸,䤸,zuàn,zuan,4,ㄗㄨㄢ
㓣,㓣,㓣,qià,qia,4,ㄑㄧㄚ
䢸,䢸,䢸,䢸,䢸,,
照,照,照,zhào,zhao,4,ㄓㄠ
说,說,说,shuō,shuo,1,ㄕㄨㄛ
㔗,㔗,㔗,fèi,fei,4,ㄈㄟ
嬈,嬈,娆,rǎo,rao,3,ㄖㄠ
鷷,鷷,鷷,zūn,zun,1,ㄗㄨㄣ
䖃,䖃,䖃,yuè,yue,4,ㄩㄝ
騂,騂,骍,xīng,xing,1,ㄒㄧㄥ
譊,譊,譊,náo,nao,2,ㄋㄠ
藠,藠,藠,xiào,xiao,4,ㄒㄧㄠ
羒,羒,羒,fén,fen,2,ㄈㄣ
兹,茲,兹,zī,zi,1,ㄗ
乆,乆,乆,jǐu,jiu,3,ㄐㄧㄡ
䪇,䪇,䪇,bó,bo,2,ㄅㄛ
咝,噝,咝,sī,si,1,ㄙ
銭,銭,銭,qián,qian,2,ㄑㄧㄢ
胳,胳,胳,gē,ge,1,ㄍㄜ
䍄,䍄,䍄,diǎn,dian,3,ㄉㄧㄢ
饔,饔,饔,yōng,yong,1,ㄩㄥ
艳,艷,艳,yàn,yan,4,ㄧㄢ
䖲,䖲,䖲,xún,xun,2,ㄒㄩㄣ
鯴,鯴,鲺,shī,shi,1,ㄕ
㿲,㿲,㿲,㿲,㿲,,
䯺,䯺,䯺,kuò,kuo,4,ㄎㄨㄛ
廜,廜,廜,tū,tu,1,ㄊㄨ
識,識,识,shi,shi,5,ㄕ
纈,纈,缬,xié,xie,2,ㄒㄧㄝ
䯟,䯟,䯟,dùi,dui,4,ㄉㄨㄟ
㶂,㶂,㶂,㶂,㶂,,
卍,卍,卍,wàn,wan,4,ㄨㄢ
㙸,㙸,㙸,bào,bao,4,ㄅㄠ
岕,岕,岕,jiè,jie,4,ㄐㄧㄝ
翺,翺,翺,áo,ao,2,ㄠ
杴,杴,杴,xiān,xian,1,ㄒㄧㄢ
叚,叚,叚,jiǎ,jia,3,ㄐㄧㄚ
壓,壓,压,yā,ya,1,ㄧㄚ
唜,唜,唜,唜,唜,,
䧓,䧓,䧓,䧓,䧓,,
䏴,䏴,䏴,shào,shao,4,ㄕㄠ
噝,噝,咝,sī,si,1,ㄙ
嚒,嚒,嚒,嚒,嚒,,
栦,栦,栦,chóu,chou,2,ㄔㄡ
廎,廎,庼,qǐng,qing,3,ㄑㄧㄥ
桰,桰,桰,guā,gua,1,ㄍㄨㄚ
蔛,蔛,蔛,hú,hu,2,ㄏㄨ
镆,鏌,镆,mò,mo,4,ㄇㄛ
筻,筻,筻,gàng,gang,4,ㄍㄤ
魻,魻,魻,xiá,xia,2,ㄒㄧㄚ
髂,髂,髂,kà,ka,4,ㄎㄚ
刿,劌,刿,gùi,gui,4,ㄍㄨㄟ
叡,叡,叡,rùi,rui,4,ㄖㄨㄟ
苝,苝,苝,pèi,pei,4,ㄆㄟ
蕹,蕹,蕹,yōng,yong,1,ㄩㄥ
䌪,䌪,䌪,yán,yan,2,ㄧㄢ
鲝,鮺,鲝,zǎ,za,3,ㄗㄚ
䚻,䚻,䚻,yáo,yao,2,ㄧㄠ
䛇,䛇,䛇,yuǎn,yuan,3,ㄩㄢ
䤾,䤾,䤾,䤾,䤾,,
䒦,䒦,䒦,fàn,fan,4,ㄈㄢ
婆,婆,婆,pó,po,2,ㄆㄛ
秅,秅,秅,chá,cha,2,ㄔㄚ
卓,卓,卓,zhuō,zhuo,1,ㄓㄨㄛ
驾,駕,驾,jià,jia,4,ㄐㄧㄚ
埿,埿,埿,ní,ni,2,ㄋㄧ
㶺,㶺,㶺,tiàn,tian,4,ㄊㄧㄢ
馵,馵,馵,zhù,zhu,4,ㄓㄨ
迡,迡,迡,nì,ni,4,ㄋㄧ
陹,陹,陹,陹,陹,,
䶋,䶋,䶋,䶋,䶋,,
詖,詖,诐,bì,bi,4,ㄅㄧ
㔉,㔉,㔉,zhú,zhu,2,ㄓㄨ
槰,槰,槰,bèng,beng,4,ㄅㄥ
䗓,䗓,䗓,䗓,䗓,,
囕,囕,囕,囕,囕,,
徉,徉,徉,yáng,yang,2,ㄧㄤ
歇,歇,歇,xiē,xie,1,ㄒㄧㄝ
泾,涇,泾,jīng,jing,1,ㄐㄧㄥ
枚,枚,枚,méi,mei,2,ㄇㄟ
蔙,蔙,蔙,xuàn,xuan,4,ㄒㄩㄢ
塂,塂,塂,xiàng,xiang,4,ㄒㄧㄤ
硋,硋,硋,ài,ai,4,ㄞ
鞕,鞕,鞕,yìng,ying,4,ㄧㄥ
㑣,㑣,㑣,lán,lan,2,ㄌㄢ
㱺,㱺,㱺,lú,lu,2,ㄌㄨ
䛎,䛎,䛎,hù,hu,4,ㄏㄨ
擸,擸,擸,liè,lie,4,ㄌㄧㄝ
槔,槔,槔,gāo,gao,1,ㄍㄠ
抰,抰,抰,yǎng,yang,3,ㄧㄤ
求,求,求,qíu,qiu,2,ㄑㄧㄡ
娕,娕,娕,lài,lai,4,ㄌㄞ
瞊,瞊,瞊,dàng,dang,4,ㄉㄤ
滗,潷,滗,bǐ,bi,3,ㄅㄧ
跁,跁,跁,pá,pa,2,ㄆㄚ
䐮,䐮,䐮,chǎn,chan,3,ㄔㄢ
㸋,㸋,㸋,fán,fan,2,ㄈㄢ
稴,稴,稴,lián,lian,2,ㄌㄧㄢ
贈,贈,赠,zèng,zeng,4,ㄗㄥ
溽,溽,溽,rù,ru,4,ㄖㄨ
䖍,䖍,䖍,qián,qian,2,ㄑㄧㄢ
曯,曯,曯,chú,chu,2,ㄔㄨ
漭,漭,漭,mǎng,mang,3,ㄇㄤ
俠,俠,侠,xiá,xia,2,ㄒㄧㄚ
䈍,䈍,䈍,máng,mang,2,ㄇㄤ
㫷,㫷,㫷,㫷,㫷,,
罖,罖,罖,罖,罖,,
霗,霗,霗,霗,霗,,
唝,嗊,唝,hǒng,hong,3,ㄏㄨㄥ
䃄,䃄,䃄,䃄,䃄,,
庮,庮,庮,yǒu,you,3,ㄧㄡ
麢,麢,麢,líng,ling,2,ㄌㄧㄥ
䫼,䫼,䫼,xuè,xue,4,ㄒㄩㄝ
菀,菀,菀,wǎn,wan,3,ㄨㄢ
荝,荝,荝,zé,ze,2,ㄗㄜ
㩙,㩙,㩙,㩙,㩙,,
叝,叝,叝,gào,gao,4,ㄍㄠ
法,法,法,fǎ,fa,3,ㄈㄚ
贐,贐,赆,jìn,jin,4,ㄐㄧㄣ
䗴,䗴,䗴,tíng,ting,2,ㄊㄧㄥ
㧈,㧈,㧈,yǐn,yin,3,ㄧㄣ
怰,怰,怰,xuàn,xuan,4,ㄒㄩㄢ
㺓,㺓,㺓,piào,piao,4,ㄆㄧㄠ
愎,愎,愎,bì,bi,4,ㄅㄧ
嘦,嘦,嘦,jiào,jiao,4,ㄐㄧㄠ
絑,絑,絑,zhū,zhu,1,ㄓㄨ
䫩,䫩,䫩,sǎn,san,3,ㄙㄢ
隰,隰,隰,xí,xi,2,ㄒㄧ
黸,黸,黸,lú,lu,2,ㄌㄨ
厤,厤,厤,lì,li,4,ㄌㄧ
㼴,㼴,㼴,ǒu,ou,3,ㄡ
髗,髗,髗,lú,lu,2,ㄌㄨ
嗕,嗕,嗕,rù,ru,4,ㄖㄨ
鿬,鿬,鿬,鿬,鿬,,
諔,諔,諔,zhù,zhu,4,ㄓㄨ
溥,溥,溥,pǔ,pu,3,ㄆㄨ
樰,樰,樰,樰,樰,,
媶,媶,媶,róng,rong,2,ㄖㄨㄥ
綊,綊,綊,xié,xie,2,ㄒㄧㄝ
畛,畛,畛,zhěn,zhen,3,ㄓㄣ
飃,飃,飃,piāo,piao,1,ㄆㄧㄠ
欑,欑,欑,zàn,zan,4,ㄗㄢ
垐,垐,垐,cí,ci,2,ㄘ
嘌,嘌,嘌,piāo,piao,1,ㄆㄧㄠ
魇,魘,魇,yǎn,yan,3,ㄧㄢ
䲎,䲎,䲎,něi,nei,3,ㄋㄟ
锉,銼,锉,cuò,cuo,4,ㄘㄨㄛ
㭢,㭢,㭢,㭢,㭢,,
䇟,䇟,䇟,jiàn,jian,4,ㄐㄧㄢ
葂,葂,葂,miǎn,mian,3,ㄇㄧㄢ
渰,渰,渰,yǎn,yan,3,ㄧㄢ
詣,詣,诣,yì,yi,4,ㄧ
鰨,鰨,鳎,tà,ta,4,ㄊㄚ
禊,禊,禊,xì,xi,4,ㄒㄧ
洁,潔,洁,jié,jie,2,ㄐㄧㄝ
租,租,租,zū,zu,1,ㄗㄨ
㿠,㿠,㿠,㿠,㿠,,
䘺,䘺,䘺,zhàn,zhan,4,ㄓㄢ
樶,樶,樶,zūi,zui,1,ㄗㄨㄟ
㛍,㛍,㛍,qiè,qie,4,ㄑㄧㄝ
躺,躺,躺,tǎng,tang,3,ㄊㄤ
㛩,㛩,㛩,zhóu,zhou,2,ㄓㄡ
䴼,䴼,䴼,chǎn,chan,3,ㄔㄢ
輔,輔,辅,fǔ,fu,3,ㄈㄨ
䀸,䀸,䀸,dì,di,4,ㄉㄧ
篜,篜,篜,zhēng,zheng,1,ㄓㄥ
妝,妝,妆,zhuāng,zhuang,1,ㄓㄨㄤ
郭,郭,郭,guō,guo,1,ㄍㄨㄛ
㛁,㛁,㛁,㛁,㛁,,
䫭,䫭,䫭,hùi,hui,4,ㄏㄨㄟ
䣺,䣺,䣺,䣺,䣺,,
氒,氒,氒,jué,jue,2,ㄐㄩㄝ
盿,盿,盿,mín,min,2,ㄇㄧㄣ
芗,薌,芗,xiāng,xiang,1,ㄒㄧㄤ
偳,偳,偳,duān,duan,1,ㄉㄨㄢ
翉,翉,翉,pěn,pen,3,ㄆㄣ
盧,盧,卢,lú,lu,2,ㄌㄨ
䂸,䂸,䂸,guó,guo,2,ㄍㄨㄛ
砢,砢,砢,luǒ,luo,3,ㄌㄨㄛ
庡,庡,庡,yǐ,yi,3,ㄧ
歩,歩,歩,bù,bu,4,ㄅㄨ
光,光,光,guāng,guang,1,ㄍㄨㄤ
欅,欅,欅,jǔ,ju,3,ㄐㄩ
伌,伌,伌,ài,ai,4,ㄞ
孭,孭,孭,miē,mie,1,ㄇㄧㄝ
荵,荵,荵,rěn,ren,3,ㄖㄣ
霚,霚,霚,wù,wu,4,ㄨ
㥐,㥐,㥐,yuàn,yuan,4,ㄩㄢ
㴃,㴃,㴃,lèi,lei,4,ㄌㄟ
煭,煭,煭,liè,lie,4,ㄌㄧㄝ
愰,愰,愰,huǎng,huang,3,ㄏㄨㄤ
衉,衉,衉,kè,ke,4,ㄎㄜ
䓯,䓯,䓯,dú,du,2,ㄉㄨ
塍,塍,塍,chéng,cheng,2,ㄔㄥ
㝩,㝩,㝩,㝩,㝩,,
砝,砝,砝,fá,fa,2,ㄈㄚ
㧝,㧝,㧝,㧝,㧝,,
㻮,㻮,㻮,càn,can,4,ㄘㄢ
讦,訐,讦,jié,jie,2,ㄐㄧㄝ
駥,駥,駥,róng,rong,2,ㄖㄨㄥ
氛,氛,氛,fēn,fen,1,ㄈㄣ
䈮,䈮,䈮,jǔ,ju,3,ㄐㄩ
呦,呦,呦,yōu,you,1,ㄧㄡ
䦸,䦸,䦸,䦸,䦸,,
铍,鈹,铍,pī,pi,1,ㄆㄧ
䤶,䤶,䤶,yè,ye,4,ㄧㄝ
嶡,嶡,嶡,gùi,gui,4,ㄍㄨㄟ
鑥,鑥,镥,lǔ,lu,3,ㄌㄨ
唹,唹,唹,yū,yu,1,ㄩ
窿,窿,窿,lóng,long,2,ㄌㄨㄥ
䏛,䏛,䏛,chǔn,chun,3,ㄔㄨㄣ
㱨,㱨,㱨,liàn,lian,4,ㄌㄧㄢ
籩,籩,笾,biān,bian,1,ㄅㄧㄢ
鱶,鱶,鱶,xiǎng,xiang,3,ㄒㄧㄤ
㟦,㟦,㟦,yùn,yun,4,ㄩㄣ
䉌,䉌,䉌,sùi,sui,4,ㄙㄨㄟ
讧,訌,讧,hóng,hong,2,ㄏㄨㄥ
薂,薂,薂,xí,xi,2,ㄒㄧ
计,計,计,jì,ji,4,ㄐㄧ
愞,愞,愞,nuò,nuo,4,ㄋㄨㄛ
奧,奧,奥,ào,ao,4,ㄠ
临,臨,临,lín,lin,2,ㄌㄧㄣ
谁,誰,谁,shúi,shui,2,ㄕㄨㄟ
龐,龐,庞,páng,pang,2,ㄆㄤ
蠈,蠈,蠈,zé,ze,2,ㄗㄜ
獑,獑,獑,chán,chan,2,ㄔㄢ
㟪,㟪,㟪,wěi,wei,3,ㄨㄟ
酚,酚,酚,fēn,fen,1,ㄈㄣ
璥,璥,璥,jǐng,jing,3,ㄐㄧㄥ
䉰,䉰,䉰,yáo,yao,2,ㄧㄠ
䪨,䪨,䪨,báo,bao,2,ㄅㄠ
粱,粱,粱,liáng,liang,2,ㄌㄧㄤ
䥪,䥪,䥪,xiǎn,xian,3,ㄒㄧㄢ
椲,椲,椲,wěi,wei,3,ㄨㄟ
櫅,櫅,櫅,jī,ji,1,ㄐㄧ
珪,珪,珪,gūi,gui,1,ㄍㄨㄟ
莄,莄,莄,gěng,geng,3,ㄍㄥ
穴,穴,穴,xué,xue,2,ㄒㄩㄝ
茐,茐,茐,茐,茐,,
窃,竊,窃,qiè,qie,4,ㄑㄧㄝ
擢,擢,擢,zhuó,zhuo,2,ㄓㄨㄛ
妄,妄,妄,wàng,wang,4,ㄨㄤ
豁,豁,豁,huō,huo,1,ㄏㄨㄛ
鵮,鵮,鹐,qiān,qian,1,ㄑㄧㄢ
费,費,费,fèi,fei,4,ㄈㄟ
䟦,䟦,䟦,bá,ba,2,ㄅㄚ
㵼,㵼,㵼,㵼,㵼,,
啈,啈,啈,hèng,heng,4,ㄏㄥ
竽,竽,竽,yú,yu,2,ㄩ
蓠,蘺,蓠,lí,li,2,ㄌㄧ
烧,燒,烧,shāo,shao,1,ㄕㄠ
鶆,鶆,鶆,lái,lai,2,ㄌㄞ
䋌,䋌,䋌,jiǎng,jiang,3,ㄐㄧㄤ
輳,輳,辏,còu,cou,4,ㄘㄡ
䌲,䌲,䌲,䌲,䌲,,
脣,脣,脣,chún,chun,2,ㄔㄨㄣ
蚛,蚛,蚛,zhòng,zhong,4,ㄓㄨㄥ
惱,惱,恼,nǎo,nao,3,ㄋㄠ
哕,噦,哕,yuě,yue,3,ㄩㄝ
䟟,䟟,䟟,cù,cu,4,ㄘㄨ
譑,譑,譑,jiǎo,jiao,3,ㄐㄧㄠ
㹺,㹺,㹺,tà,ta,4,ㄊㄚ
䩵,䩵,䩵,yùn,yun,4,ㄩㄣ
䭉,䭉,䭉,sǔi,sui,3,ㄙㄨㄟ
䐍,䐍,䐍,zhòu,zhou,4,ㄓㄡ
伉,伉,伉,kàng,kang,4,ㄎㄤ
檪,檪,檪,檪,檪,,
䠑,䠑,䠑,kǔi,kui,3,ㄎㄨㄟ
炦,炦,炦,bá,ba,2,ㄅㄚ
娇,嬌,娇,jiāo,jiao,1,ㄐㄧㄠ
䦬,䦬,䦬,què,que,4,ㄑㄩㄝ
榨,榨,榨,zhà,zha,4,ㄓㄚ
㟿,㟿,㟿,máng,mang,2,ㄇㄤ
踄,踄,踄,bó,bo,2,ㄅㄛ
漊,漊,溇,lǔ,lu,3,ㄌㄨ
褎,褎,褎,xìu,xiu,4,ㄒㄧㄡ
皑,皚,皑,ái,ai,2,ㄞ
蒳,蒳,蒳,nà,na,4,ㄋㄚ
鱍,鱍,鱍,bō,bo,1,ㄅㄛ
敕,敕,敕,chì,chi,4,ㄔ
襡,襡,襡,shú,shu,2,ㄕㄨ
烼,烼,烼,hū,hu,1,ㄏㄨ
飠,飠,飠,shí,shi,2,ㄕ
饝,饝,饝,mó,mo,2,ㄇㄛ
髷,髷,髷,qū,qu,1,ㄑㄩ
䊃,䊃,䊃,pèi,pei,4,ㄆㄟ
歿,歿,殁,mò,mo,4,ㄇㄛ
脍,膾,脍,kuài,kuai,4,ㄎㄨㄞ
媒,媒,媒,méi,mei,2,ㄇㄟ
瀺,瀺,瀺,chán,chan,2,ㄔㄢ
篐,篐,篐,篐,篐,,
䮷,䮷,䮷,dú,du,2,ㄉㄨ
㪗,㪗,㪗,tǒu,tou,3,ㄊㄡ
碗,碗,碗,wǎn,wan,3,ㄨㄢ
珫,珫,珫,chōng,chong,1,ㄔㄨㄥ
䞡,䞡,䞡,tǎn,tan,3,ㄊㄢ
康,康,康,kāng,kang,1,ㄎㄤ
涘,涘,涘,sì,si,4,ㄙ
鿄,鿄,鿄,鿄,鿄,,
㧅,㧅,㧅,mù,mu,4,ㄇㄨ
玥,玥,玥,yuè,yue,4,ㄩㄝ
勍,勍,勍,qíng,qing,2,ㄑㄧㄥ
秄,秄,秄,zǐ,zi,3,ㄗ
蔟,蔟,蔟,cù,cu,4,ㄘㄨ
濓,濓,濓,lián,lian,2,ㄌㄧㄢ
昕,昕,昕,xīn,xin,1,ㄒㄧㄣ
㥦,㥦,㥦,qiè,qie,4,ㄑㄧㄝ
战,戰,战,zhàn,zhan,4,ㄓㄢ
䱧,䱧,䱧,䱧,䱧,,
䟓,䟓,䟓,䟓,䟓,,
猣,猣,猣,zōng,zong,1,ㄗㄨㄥ
牴,牴,牴,dǐ,di,3,ㄉㄧ
琁,琁,琁,xuán,xuan,2,ㄒㄩㄢ
釩,釩,钒,fán,fan,2,ㄈㄢ
㸰,㸰,㸰,tuó,tuo,2,ㄊㄨㄛ
䛺,䛺,䛺,jiè,jie,4,ㄐㄧㄝ
䑂,䑂,䑂,ǎi,ai,3,ㄞ
翑,翑,翑,qú,qu,2,ㄑㄩ
謠,謠,谣,yáo,yao,2,ㄧㄠ
讋,讋,詟,zhé,zhe,2,ㄓㄜ
蠦,蠦,蠦,lú,lu,2,ㄌㄨ
禤,禤,禤,xuān,xuan,1,ㄒㄩㄢ
谜,謎,谜,mí,mi,2,ㄇㄧ
凚,凚,凚,jìn,jin,4,ㄐㄧㄣ
甏,甏,甏,pèng,peng,4,ㄆㄥ
㚱,㚱,㚱,㚱,㚱,,
貿,貿,贸,mào,mao,4,ㄇㄠ
赢,贏,赢,yíng,ying,2,ㄧㄥ
䖕,䖕,䖕,zǔ,zu,3,ㄗㄨ
紁,紁,紁,chà,cha,4,ㄔㄚ
艁,艁,艁,zào,zao,4,ㄗㄠ
褽,褽,褽,wèi,wei,4,ㄨㄟ
䲼,䲼,䲼,䲼,䲼,,
岤,岤,岤,xuè,xue,4,ㄒㄩㄝ
斔,斔,斔,yǔ,yu,3,ㄩ
卣,卣,卣,yǒu,you,3,ㄧㄡ
鎿,鎿,镎,ná,na,2,ㄋㄚ
䐘,䐘,䐘,jué,jue,2,ㄐㄩㄝ
噮,噮,噮,yuān,yuan,1,ㄩㄢ
婕,婕,婕,jié,jie,2,ㄐㄧㄝ
卨,卨,卨,xiè,xie,4,ㄒㄧㄝ
䓾,䓾,䓾,䓾,䓾,,
謯,謯,謯,jiē,jie,1,ㄐㄧㄝ
䗬,䗬,䗬,䗬,䗬,,
㵧,㵧,㵧,gé,ge,2,ㄍㄜ
绀,紺,绀,gàn,gan,4,ㄍㄢ
㮧,㮧,㮧,㮧,㮧,,
肃,肅,肃,sù,su,4,ㄙㄨ
㖘,㖘,㖘,㖘,㖘,,
荃,荃,荃,quán,quan,2,ㄑㄩㄢ
㜌,㜌,㜌,gòu,gou,4,ㄍㄡ
㟑,㟑,㟑,bó,bo,2,ㄅㄛ
㮡,㮡,㮡,guàn,guan,4,ㄍㄨㄢ
巐,巐,巐,chǎo,chao,3,ㄔㄠ
圐,圐,圐,kū,ku,1,ㄎㄨ
䟮,䟮,䟮,fú,fu,2,ㄈㄨ
䗺,䗺,䗺,yǎn,yan,3,ㄧㄢ
㫧,㫧,㫧,bào,bao,4,ㄅㄠ
玧,玧,玧,yǔn,yun,3,ㄩㄣ
鸻,鴴,鸻,héng,heng,2,ㄏㄥ
珳,珳,珳,wén,wen,2,ㄨㄣ
傥,儻,傥,tǎng,tang,3,ㄊㄤ
脤,脤,脤,shèn,shen,4,ㄕㄣ
擉,擉,擉,chuò,chuo,4,ㄔㄨㄛ
偈,偈,偈,jié,jie,2,ㄐㄧㄝ
馄,餛,馄,hún,hun,2,ㄏㄨㄣ
鳛,鰼,鳛,xí,xi,2,ㄒㄧ
门,門,门,mén,men,2,ㄇㄣ
盵,盵,盵,qì,qi,4,ㄑㄧ
恄,恄,恄,xì,xi,4,ㄒㄧ
䆯,䆯,䆯,chuò,chuo,4,ㄔㄨㄛ
䓮,䓮,䓮,mào,mao,4,ㄇㄠ
䶂,䶂,䶂,zhuó,zhuo,2,ㄓㄨㄛ
栕,栕,栕,zhēn,zhen,1,ㄓㄣ
㹸,㹸,㹸,ní,ni,2,ㄋㄧ
诉,訴,诉,sù,su,4,ㄙㄨ
拊,拊,拊,fǔ,fu,3,ㄈㄨ
尣,尣,尣,wāng,wang,1,ㄨㄤ
㥋,㥋,㥋,㥋,㥋,,
哉,哉,哉,zāi,zai,1,ㄗㄞ
㓨,㓨,㓨,cí,ci,2,ㄘ
䀲,䀲,䀲,mù,mu,4,ㄇㄨ
鲦,鰷,鲦,tiáo,tiao,2,ㄊㄧㄠ
姧,姧,姧,jiān,jian,1,ㄐㄧㄢ
响,響,响,xiǎng,xiang,3,ㄒㄧㄤ
韭,韭,韭,jǐu,jiu,3,ㄐㄧㄡ
拆,拆,拆,chāi,chai,1,ㄔㄞ
庵,庵,庵,ān,an,1,ㄢ
穢,穢,秽,hùi,hui,4,ㄏㄨㄟ
鑉,鑉,鑉,tà,ta,4,ㄊㄚ
轜,轜,轜,ér,er,2,ㄦ
竔,竔,竔,竔,竔,,
坎,坎,坎,kǎn,kan,3,ㄎㄢ
靗,靗,靗,chèng,cheng,4,ㄔㄥ
肑,肑,肑,dì,di,4,ㄉㄧ
玦,玦,玦,jué,jue,2,ㄐㄩㄝ
眕,眕,眕,zhěn,zhen,3,ㄓㄣ
坦,坦,坦,tǎn,tan,3,ㄊㄢ
讄,讄,讄,lěi,lei,3,ㄌㄟ
龄,齡,龄,líng,ling,2,ㄌㄧㄥ
帷,帷,帷,wéi,wei,2,ㄨㄟ
暲,暲,暲,zhāng,zhang,1,ㄓㄤ
䎴,䎴,䎴,shèng,sheng,4,ㄕㄥ
芻,芻,刍,chú,chu,2,ㄔㄨ
篋,篋,箧,qiè,qie,4,ㄑㄧㄝ
鐾,鐾,鐾,bèi,bei,4,ㄅㄟ
㾙,㾙,㾙,yǐn,yin,3,ㄧㄣ
癝,癝,癝,lǐn,lin,3,ㄌㄧㄣ
鰈,鰈,鲽,dié,die,2,ㄉㄧㄝ
鋯,鋯,锆,gào,gao,4,ㄍㄠ
滴,滴,滴,dī,di,1,ㄉㄧ
㖿,㖿,㖿,xié,xie,2,ㄒㄧㄝ
蠀,蠀,蠀,cī,ci,1,ㄘ
餏,餏,饻,yī,yi,1,ㄧ
褓,褓,褓,bǎo,bao,3,ㄅㄠ
䍽,䍽,䍽,lì,li,4,ㄌㄧ
睞,睞,睐,lài,lai,4,ㄌㄞ
䰰,䰰,䰰,rú,ru,2,ㄖㄨ
化,化,化,huà,hua,4,ㄏㄨㄚ
櫌,櫌,櫌,yōu,you,1,ㄧㄡ
枪,槍,枪,qiāng,qiang,1,ㄑㄧㄤ
㣸,㣸,㣸,㣸,㣸,,
掙,掙,挣,zhēng,zheng,1,ㄓㄥ
郦,酈,郦,lì,li,4,ㄌㄧ
厪,厪,厪,qín,qin,2,ㄑㄧㄣ
竑,竑,竑,hóng,hong,2,ㄏㄨㄥ
裮,裮,裮,chāng,chang,1,ㄔㄤ
靈,靈,灵,líng,ling,2,ㄌㄧㄥ
莶,薟,莶,liǎn,lian,3,ㄌㄧㄢ
錗,錗,錗,wèi,wei,4,ㄨㄟ
俐,俐,俐,lì,li,4,ㄌㄧ
赛,賽,赛,sài,sai,4,ㄙㄞ
䕪,䕪,䕪,zé,ze,2,ㄗㄜ
婂,婂,婂,mián,mian,2,ㄇㄧㄢ
沕,沕,沕,wù,wu,4,ㄨ
冹,冹,冹,fú,fu,2,ㄈㄨ
怦,怦,怦,pēng,peng,1,ㄆㄥ
戝,戝,戝,zéi,zei,2,ㄗㄟ
㥼,㥼,㥼,yǐn,yin,3,ㄧㄣ
鳙,鱅,鳙,yóng,yong,2,ㄩㄥ
㖁,㖁,㖁,lìn,lin,4,ㄌㄧㄣ
哬,哬,哬,hé,he,2,ㄏㄜ
㪅,㪅,㪅,㪅,㪅,,
䢟,䢟,䢟,yóu,you,2,ㄧㄡ
腼,靦,腼,miǎn,mian,3,ㄇㄧㄢ
㩬,㩬,㩬,㩬,㩬,,
尴,尷,尴,gān,gan,1,ㄍㄢ
倣,倣,倣,fǎng,fang,3,ㄈㄤ
䒕,䒕,䒕,xiǎo,xiao,3,ㄒㄧㄠ
䖴,䖴,䖴,yáo,yao,2,ㄧㄠ
咭,咭,咭,jī,ji,1,ㄐㄧ
譾,譾,谫,jiǎn,jian,3,ㄐㄧㄢ
㾓,㾓,㾓,㾓,㾓,,
烵,烵,烵,zhuó,zhuo,2,ㄓㄨㄛ
僩,僩,僩,xiàn,xian,4,ㄒㄧㄢ
瑁,瑁,瑁,mào,mao,4,ㄇㄠ
㖭,㖭,㖭,tiǎn,tian,3,ㄊㄧㄢ
晢,晢,晢,zhé,zhe,2,ㄓㄜ
㱁,㱁,㱁,shì,shi,4,ㄕ
銥,銥,铱,yī,yi,1,ㄧ
䀋,䀋,䀋,yán,yan,2,ㄧㄢ
鞬,鞬,鞬,jiān,jian,1,ㄐㄧㄢ
脂,脂,脂,zhī,zhi,1,ㄓ
䳥,䳥,䳥,䳥,䳥,,
㽶,㽶,㽶,㽶,㽶,,
簎,簎,簎,zhà,zha,4,ㄓㄚ
酵,酵,酵,jiào,jiao,4,ㄐㄧㄠ
傫,傫,傫,lěi,lei,3,ㄌㄟ
䛈,䛈,䛈,shì,shi,4,ㄕ
萕,萕,萕,qí,qi,2,ㄑㄧ
鲤,鯉,鲤,lǐ,li,3,ㄌㄧ
尒,尒,尒,ěr,er,3,ㄦ
䑞,䑞,䑞,shùn,shun,4,ㄕㄨㄣ
乺,乺,乺,乺,乺,,
䂗,䂗,䂗,䂗,䂗,,
鶔,鶔,鶔,róu,rou,2,ㄖㄡ
㶲,㶲,㶲,yòng,yong,4,ㄩㄥ
㚑,㚑,㚑,㚑,㚑,,
䶐,䶐,䶐,kuài,kuai,4,ㄎㄨㄞ
麥,麥,麦,mài,mai,4,ㄇㄞ
鶘,鶘,鹕,hú,hu,2,ㄏㄨ
䅉,䅉,䅉,yà,ya,4,ㄧㄚ
鄵,鄵,鄵,cāo,cao,1,ㄘㄠ
脾,脾,脾,pí,pi,2,ㄆㄧ
狁,狁,狁,yǔn,yun,3,ㄩㄣ
㧥,㧥,㧥,xiǎn,xian,3,ㄒㄧㄢ
㹲,㹲,㹲,xiào,xiao,4,ㄒㄧㄠ
笞,笞,笞,chī,chi,1,ㄔ
㡜,㡜,㡜,xuě,xue,3,ㄒㄩㄝ
仪,儀,仪,yí,yi,2,ㄧ
㳡,㳡,㳡,㳡,㳡,,
㾞,㾞,㾞,yǒu,you,3,ㄧㄡ
觑,覷,觑,qù,qu,4,ㄑㄩ
執,執,执,zhí,zhi,2,ㄓ
郲,郲,郲,lái,lai,2,ㄌㄞ
嵮,嵮,嵮,diān,dian,1,ㄉㄧㄢ
䣹,䣹,䣹,fá,fa,2,ㄈㄚ
認,認,认,rèn,ren,4,ㄖㄣ
簳,簳,簳,gàn,gan,4,ㄍㄢ
戠,戠,戠,shì,shi,4,ㄕ
匢,匢,匢,hū,hu,1,ㄏㄨ
苤,苤,苤,pī,pi,1,ㄆㄧ
縝,縝,缜,chēn,chen,1,ㄔㄣ
逶,逶,逶,wēi,wei,1,ㄨㄟ
䟌,䟌,䟌,jí,ji,2,ㄐㄧ
㶝,㶝,㶝,㶝,㶝,,
遾,遾,遾,shì,shi,4,ㄕ
孝,孝,孝,xiào,xiao,4,ㄒㄧㄠ
㲨,㲨,㲨,róng,rong,2,ㄖㄨㄥ
壐,壐,壐,xǐ,xi,3,ㄒㄧ
䟣,䟣,䟣,chù,chu,4,ㄔㄨ
掵,掵,掵,掵,掵,,
釱,釱,釱,dì,di,4,ㄉㄧ
䵀,䵀,䵀,suǒ,suo,3,ㄙㄨㄛ
訖,訖,讫,qì,qi,4,ㄑㄧ
猁,猁,猁,lì,li,4,ㄌㄧ
帄,帄,帄,dīng,ding,1,ㄉㄧㄥ
㴜,㴜,㴜,biàn,bian,4,ㄅㄧㄢ
众,眾,众,zhòng,zhong,4,ㄓㄨㄥ
䍷,䍷,䍷,gùi,gui,4,ㄍㄨㄟ
岈,岈,岈,yá,ya,2,ㄧㄚ
睅,睅,睅,hàn,han,4,ㄏㄢ
棡,棡,㭎,gāng,gang,1,ㄍㄤ
䯙,䯙,䯙,pò,po,4,ㄆㄛ
涺,涺,涺,jū,ju,1,ㄐㄩ
羞,羞,羞,xīu,xiu,1,ㄒㄧㄡ
鴲,鴲,鴲,zhī,zhi,1,ㄓ
義,義,义,yì,yi,4,ㄧ
覇,覇,覇,bà,ba,4,ㄅㄚ
揫,揫,揫,jīu,jiu,1,ㄐㄧㄡ
㮏,㮏,㮏,nài,nai,4,ㄋㄞ
郾,郾,郾,yǎn,yan,3,ㄧㄢ
灙,灙,灙,dǎng,dang,3,ㄉㄤ
埃,埃,埃,āi,ai,1,ㄞ
呸,呸,呸,pēi,pei,1,ㄆㄟ
鉯,鉯,鉯,yǐ,yi,3,ㄧ
㨬,㨬,㨬,㨬,㨬,,
觯,觶,觯,zhì,zhi,4,ㄓ
黷,黷,黩,dú,du,2,ㄉㄨ
偓,偓,偓,wò,wo,4,ㄨㄛ
螣,螣,螣,téng,teng,2,ㄊㄥ
鼼,鼼,鼼,yǎo,yao,3,ㄧㄠ
䠅,䠅,䠅,kǔn,kun,3,ㄎㄨㄣ
繲,繲,繲,jiè,jie,4,ㄐㄧㄝ
渺,渺,渺,miǎo,miao,3,ㄇㄧㄠ
鱟,鱟,鲎,hòu,hou,4,ㄏㄡ
巬,巬,巬,巬,巬,,
㚓,㚓,㚓,lái,lai,2,ㄌㄞ
醍,醍,醍,tí,ti,2,ㄊㄧ
猸,猸,猸,méi,mei,2,ㄇㄟ
䋠,䋠,䋠,bǔ,bu,3,ㄅㄨ
拴,拴,拴,shuān,shuan,1,ㄕㄨㄢ
萸,萸,萸,yú,yu,2,ㄩ
碟,碟,碟,dié,die,2,ㄉㄧㄝ
䖧,䖧,䖧,nà,na,4,ㄋㄚ
墖,墖,墖,tǎ,ta,3,ㄊㄚ
蛋,蛋,蛋,dàn,dan,4,ㄉㄢ
㠥,㠥,㠥,lv̀,lu,4,ㄌㄨ
卒,卒,卒,zú,zu,2,ㄗㄨ
㵞,㵞,㵞,chóu,chou,2,ㄔㄡ
䀛,䀛,䀛,mèi,mei,4,ㄇㄟ
㟋,㟋,㟋,dùi,dui,4,ㄉㄨㄟ
晟,晟,晟,shèng,sheng,4,ㄕㄥ
躈,躈,躈,qiào,qiao,4,ㄑㄧㄠ
冩,冩,冩,xiě,xie,3,ㄒㄧㄝ
葮,葮,葮,duàn,duan,4,ㄉㄨㄢ
皵,皵,皵,què,que,4,ㄑㄩㄝ
誀,誀,誀,èr,er,4,ㄦ
鍐,鍐,鍐,cōng,cong,1,ㄘㄨㄥ
湡,湡,湡,yú,yu,2,ㄩ
醓,醓,醓,tǎn,tan,3,ㄊㄢ
飘,飄,飘,piāo,piao,1,ㄆㄧㄠ
恨,恨,恨,hèn,hen,4,ㄏㄣ
魒,魒,魒,piāo,piao,1,ㄆㄧㄠ
菘,菘,菘,sōng,song,1,ㄙㄨㄥ
㚴,㚴,㚴,bù,bu,4,ㄅㄨ
饆,饆,饆,bì,bi,4,ㄅㄧ
埇,埇,埇,yǒng,yong,3,ㄩㄥ
决,決,决,jué,jue,2,ㄐㄩㄝ
䣵,䣵,䣵,èr,er,4,ㄦ
崮,崮,崮,gù,gu,4,ㄍㄨ
鑘,鑘,鑘,léi,lei,2,ㄌㄟ
骛,騖,骛,wù,wu,4,ㄨ
秇,秇,秇,yì,yi,4,ㄧ
蛍,蛍,蛍,yíng,ying,2,ㄧㄥ
邕,邕,邕,yōng,yong,1,ㄩㄥ
彸,彸,彸,zhōng,zhong,1,ㄓㄨㄥ
澿,澿,澿,qín,qin,2,ㄑㄧㄣ
蔮,蔮,蔮,kùi,kui,4,ㄎㄨㄟ
䌠,䌠,䌠,qìng,qing,4,ㄑㄧㄥ
甴,甴,甴,zhá,zha,2,ㄓㄚ
隈,隈,隈,wēi,wei,1,ㄨㄟ
壡,壡,壡,rùi,rui,4,ㄖㄨㄟ
丘,丘,丘,qīu,qiu,1,ㄑㄧㄡ
羆,羆,罴,pí,pi,2,ㄆㄧ
燣,燣,燣,lán,lan,2,ㄌㄢ
鳢,鱧,鳢,lǐ,li,3,ㄌㄧ
冞,冞,冞,mí,mi,2,ㄇㄧ
愈,愈,愈,yù,yu,4,ㄩ
秪,秪,秪,zhī,zhi,1,ㄓ
集,集,集,jí,ji,2,ㄐㄧ
䆭,䆭,䆭,䆭,䆭,,
䧜,䧜,䧜,táng,tang,2,ㄊㄤ
䂻,䂻,䂻,zhèng,zheng,4,ㄓㄥ
祾,祾,祾,líng,ling,2,ㄌㄧㄥ
㐝,㐝,㐝,㐝,㐝,,
呟,呟,呟,quǎn,quan,3,ㄑㄩㄢ
驦,驦,骦,shuāng,shuang,1,ㄕㄨㄤ
肞,肞,肞,chā,cha,1,ㄔㄚ
裈,褌,裈,kūn,kun,1,ㄎㄨㄣ
伫,佇,伫,zhù,zhu,4,ㄓㄨ
縶,縶,絷,zhí,zhi,2,ㄓ
釆,釆,釆,biàn,bian,4,ㄅㄧㄢ
叏,叏,叏,guài,guai,4,ㄍㄨㄞ
咿,咿,咿,yī,yi,1,ㄧ
圴,圴,圴,zhuó,zhuo,2,ㄓㄨㄛ
诃,訶,诃,hē,he,1,ㄏㄜ
侥,僥,侥,jiǎo,jiao,3,ㄐㄧㄠ
甃,甃,甃,zhòu,zhou,4,ㄓㄡ
鼋,黿,鼋,yuán,yuan,2,ㄩㄢ
糪,糪,糪,bó,bo,2,ㄅㄛ
訂,訂,订,dìng,ding,4,ㄉㄧㄥ
咱,咱,咱,zán,zan,2,ㄗㄢ
卢,盧,卢,lú,lu,2,ㄌㄨ
憢,憢,憢,xiāo,xiao,1,ㄒㄧㄠ
笲,笲,笲,fán,fan,2,ㄈㄢ
楟,楟,楟,tíng,ting,2,ㄊㄧㄥ
檶,檶,檶,qiān,qian,1,ㄑㄧㄢ
垞,垞,垞,chá,cha,2,ㄔㄚ
衜,衜,衜,dào,dao,4,ㄉㄠ
䂚,䂚,䂚,yáo,yao,2,ㄧㄠ
樖,樖,樖,kē,ke,1,ㄎㄜ
栵,栵,栵,lì,li,4,ㄌㄧ
葪,葪,葪,jì,ji,4,ㄐㄧ
䋕,䋕,䋕,rèn,ren,4,ㄖㄣ
淹,淹,淹,yān,yan,1,ㄧㄢ
薳,薳,薳,wěi,wei,3,ㄨㄟ
绞,絞,绞,jiǎo,jiao,3,ㄐㄧㄠ
餴,餴,餴,fēn,fen,1,ㄈㄣ
劚,劚,劚,zhú,zhu,2,ㄓㄨ
㟄,㟄,㟄,xiáng,xiang,2,ㄒㄧㄤ
䃦,䃦,䃦,䃦,䃦,,
麻,麻,麻,má,ma,2,ㄇㄚ
鲡,鱺,鲡,lí,li,2,ㄌㄧ
㲾,㲾,㲾,yǔ,yu,3,ㄩ
阧,阧,阧,dǒu,dou,3,ㄉㄡ
兆,兆,兆,zhào,zhao,4,ㄓㄠ
㚄,㚄,㚄,㚄,㚄,,
噍,噍,噍,jiào,jiao,4,ㄐㄧㄠ
峞,峞,峞,wéi,wei,2,ㄨㄟ
汭,汭,汭,rùi,rui,4,ㄖㄨㄟ
婡,婡,婡,lái,lai,2,ㄌㄞ
㵭,㵭,㵭,zhǔ,zhu,3,ㄓㄨ
爲,爲,爲,wèi,wei,4,ㄨㄟ
䡍,䡍,䡍,fú,fu,2,ㄈㄨ
侸,侸,侸,shù,shu,4,ㄕㄨ
銻,銻,锑,tī,ti,1,ㄊㄧ
隋,隋,隋,súi,sui,2,ㄙㄨㄟ
鋜,鋜,鋜,zhuó,zhuo,2,ㄓㄨㄛ
櫇,櫇,櫇,pó,po,2,ㄆㄛ
䶾,䶾,䶾,䶾,䶾,,
贴,貼,贴,tiē,tie,1,ㄊㄧㄝ
瘔,瘔,瘔,kù,ku,4,ㄎㄨ
趲,趲,趱,zǎn,zan,3,ㄗㄢ
㣺,㣺,㣺,㣺,㣺,,
怭,怭,怭,bì,bi,4,ㄅㄧ
椃,椃,椃,háo,hao,2,ㄏㄠ
跇,跇,跇,yì,yi,4,ㄧ
㲸,㲸,㲸,㲸,㲸,,
倔,倔,倔,jué,jue,2,ㄐㄩㄝ
毼,毼,毼,hé,he,2,ㄏㄜ
㯱,㯱,㯱,biǎo,biao,3,ㄅㄧㄠ
龓,龓,龓,lóng,long,2,ㄌㄨㄥ
雺,雺,雺,méng,meng,2,ㄇㄥ
㒯,㒯,㒯,㒯,㒯,,
罓,罓,罓,gāng,gang,1,ㄍㄤ
蔱,蔱,蔱,shā,sha,1,ㄕㄚ
磻,磻,磻,pán,pan,2,ㄆㄢ
嬥,嬥,嬥,tiǎo,tiao,3,ㄊㄧㄠ
巺,巺,巺,xùn,xun,4,ㄒㄩㄣ
灤,灤,滦,luán,luan,2,ㄌㄨㄢ
䖌,䖌,䖌,qín,qin,2,ㄑㄧㄣ
麪,麪,麪,miǎn,mian,3,ㄇㄧㄢ
辜,辜,辜,gū,gu,1,ㄍㄨ
騟,騟,騟,yù,yu,4,ㄩ
寷,寷,寷,fēng,feng,1,ㄈㄥ
䜙,䜙,䜙,án,an,2,ㄢ
颵,颵,颵,shào,shao,4,ㄕㄠ
䌡,䌡,䌡,tǐ,ti,3,ㄊㄧ
萴,萴,萴,zé,ze,2,ㄗㄜ
淡,淡,淡,dàn,dan,4,ㄉㄢ
㜤,㜤,㜤,shěn,shen,3,ㄕㄣ
餀,餀,餀,hài,hai,4,ㄏㄞ
殩,殩,殩,cuàn,cuan,4,ㄘㄨㄢ
䦿,䦿,䦿,䦿,䦿,,
注,注,注,zhù,zhu,4,ㄓㄨ
鐡,鐡,鐡,tiě,tie,3,ㄊㄧㄝ
㤆,㤆,㤆,fàn,fan,4,ㄈㄢ
嵥,嵥,嵥,jié,jie,2,ㄐㄧㄝ
䋋,䋋,䋋,mín,min,2,ㄇㄧㄣ
馕,饢,馕,nǎng,nang,3,ㄋㄤ
䡔,䡔,䡔,qǐ,qi,3,ㄑㄧ
悀,悀,悀,yǒng,yong,3,ㄩㄥ
驫,驫,骉,biāo,biao,1,ㄅㄧㄠ
憜,憜,憜,duǒ,duo,3,ㄉㄨㄛ
㶫,㶫,㶫,liǎo,liao,3,ㄌㄧㄠ
䄊,䄊,䄊,䄊,䄊,,
蠿,蠿,蠿,zhá,zha,2,ㄓㄚ
驆,驆,驆,bì,bi,4,ㄅㄧ
堋,堋,堋,péng,peng,2,ㄆㄥ
泌,泌,泌,mì,mi,4,ㄇㄧ
觙,觙,觙,jí,ji,2,ㄐㄧ
蔴,蔴,蔴,má,ma,2,ㄇㄚ
毚,毚,毚,chán,chan,2,ㄔㄢ
逗,逗,逗,dòu,dou,4,ㄉㄡ
熞,熞,熞,jiān,jian,1,ㄐㄧㄢ
樔,樔,樔,cháo,chao,2,ㄔㄠ
饘,饘,饘,zhān,zhan,1,ㄓㄢ
䲻,䲻,䲻,xuán,xuan,2,ㄒㄩㄢ
崶,崶,崶,fēng,feng,1,ㄈㄥ
雮,雮,雮,mù,mu,4,ㄇㄨ
䋵,䋵,䋵,yì,yi,4,ㄧ
錼,錼,錼,nài,nai,4,ㄋㄞ
䁄,䁄,䁄,xìng,xing,4,ㄒㄧㄥ
㪊,㪊,㪊,qún,qun,2,ㄑㄩㄣ
䨗,䨗,䨗,fú,fu,2,ㄈㄨ
䛑,䛑,䛑,mì,mi,4,ㄇㄧ
灇,灇,灇,cóng,cong,2,ㄘㄨㄥ
狣,狣,狣,zhào,zhao,4,ㄓㄠ
鳎,鰨,鳎,tà,ta,4,ㄊㄚ
墣,墣,墣,pū,pu,1,ㄆㄨ
擆,擆,擆,zhuó,zhuo,2,ㄓㄨㄛ
纯,純,纯,chún,chun,2,ㄔㄨㄣ
鿥,鿥,鿥,鿥,鿥,,
潮,潮,潮,cháo,chao,2,ㄔㄠ
厶,厶,厶,sī,si,1,ㄙ
㤿,㤿,㤿,㤿,㤿,,
硭,硭,硭,máng,mang,2,ㄇㄤ
繰,繰,缲,zǎo,zao,3,ㄗㄠ
颿,颿,颿,fán,fan,2,ㄈㄢ
貈,貈,貈,hé,he,2,ㄏㄜ
鋂,鋂,鋂,méi,mei,2,ㄇㄟ
蕥,蕥,蕥,yǎ,ya,3,ㄧㄚ
夞,夞,夞,夞,夞,,
䜉,䜉,䜉,䜉,䜉,,
顢,顢,颟,mán,man,2,ㄇㄢ
㘫,㘫,㘫,jǐng,jing,3,ㄐㄧㄥ
䒖,䒖,䒖,xìn,xin,4,ㄒㄧㄣ
燇,燇,燇,zùn,zun,4,ㄗㄨㄣ
演,演,演,yǎn,yan,3,ㄧㄢ
餺,餺,馎,bó,bo,2,ㄅㄛ
櫛,櫛,栉,jié,jie,2,ㄐㄧㄝ
瑖,瑖,瑖,duàn,duan,4,ㄉㄨㄢ
鍮,鍮,鍮,tōu,tou,1,ㄊㄡ
瘓,瘓,痪,huàn,huan,4,ㄏㄨㄢ
䓉,䓉,䓉,yé,ye,2,ㄧㄝ
刎,刎,刎,wěn,wen,3,ㄨㄣ
㐛,㐛,㐛,㐛,㐛,,
烟,煙,烟,yān,yan,1,ㄧㄢ
顂,顂,顂,lài,lai,4,ㄌㄞ
礖,礖,礖,yù,yu,4,ㄩ
褂,褂,褂,guà,gua,4,ㄍㄨㄚ
䂾,䂾,䂾,lǎi,lai,3,ㄌㄞ
䴻,䴻,䴻,lí,li,2,ㄌㄧ
舉,舉,举,jǔ,ju,3,ㄐㄩ
鞺,鞺,鞺,鞺,鞺,,
牅,牅,牅,yóng,yong,2,ㄩㄥ
崌,崌,崌,jū,ju,1,ㄐㄩ
㜔,㜔,㜔,㜔,㜔,,
䌗,䌗,䌗,fǔ,fu,3,ㄈㄨ
譴,譴,谴,qiǎn,qian,3,ㄑㄧㄢ
艜,艜,艜,dài,dai,4,ㄉㄞ
颭,颭,飐,zhǎn,zhan,3,ㄓㄢ
菽,菽,菽,shú,shu,2,ㄕㄨ
锽,鍠,锽,huáng,huang,2,ㄏㄨㄤ
㠆,㠆,㠆,㠆,㠆,,
仼,仼,仼,wáng,wang,2,ㄨㄤ
趩,趩,趩,chì,chi,4,ㄔ
㽏,㽏,㽏,㽏,㽏,,
磫,磫,磫,zōng,zong,1,ㄗㄨㄥ
䙛,䙛,䙛,guàn,guan,4,ㄍㄨㄢ
僆,僆,僆,lián,lian,2,ㄌㄧㄢ
翥,翥,翥,zhù,zhu,4,ㄓㄨ
莽,莽,莽,mǎng,mang,3,ㄇㄤ
身,身,身,shēn,shen,1,ㄕㄣ
㧶,㧶,㧶,㧶,㧶,,
懖,懖,懖,guā,gua,1,ㄍㄨㄚ
旌,旌,旌,jīng,jing,1,ㄐㄧㄥ
䊮,䊮,䊮,dí,di,2,ㄉㄧ
渿,渿,渿,nài,nai,4,ㄋㄞ
熛,熛,熛,biāo,biao,1,ㄅㄧㄠ
窢,窢,窢,xù,xu,4,ㄒㄩ
䉢,䉢,䉢,sè,se,4,ㄙㄜ
呮,呮,呮,qì,qi,4,ㄑㄧ
谀,諛,谀,yú,yu,2,ㄩ
劁,劁,劁,qiāo,qiao,1,ㄑㄧㄠ
嘮,嘮,唠,láo,lao,2,ㄌㄠ
芚,芚,芚,tún,tun,2,ㄊㄨㄣ
㠨,㠨,㠨,yù,yu,4,ㄩ
曏,曏,曏,xiàng,xiang,4,ㄒㄧㄤ
㨨,㨨,㨨,lìu,liu,4,ㄌㄧㄡ
倅,倅,倅,cùi,cui,4,ㄘㄨㄟ
啻,啻,啻,chì,chi,4,ㄔ
鉽,鉽,鉽,shì,shi,4,ㄕ
鏺,鏺,䥽,pō,po,1,ㄆㄛ
詿,詿,诖,guà,gua,4,ㄍㄨㄚ
淴,淴,淴,wà,wa,4,ㄨㄚ
蚖,蚖,蚖,yuán,yuan,2,ㄩㄢ
醏,醏,醏,dū,du,1,ㄉㄨ
閞,閞,閞,biàn,bian,4,ㄅㄧㄢ
遂,遂,遂,sùi,sui,4,ㄙㄨㄟ
鯂,鯂,鯂,鯂,鯂,,
傏,傏,傏,táng,tang,2,ㄊㄤ
媸,媸,媸,chī,chi,1,ㄔ
喯,喯,喯,pēn,pen,1,ㄆㄣ
幔,幔,幔,màn,man,4,ㄇㄢ
灯,燈,灯,dēng,deng,1,ㄉㄥ
囈,囈,呓,yì,yi,4,ㄧ
晤,晤,晤,wù,wu,4,ㄨ
灱,灱,灱,xiāo,xiao,1,ㄒㄧㄠ
籘,籘,籘,téng,teng,2,ㄊㄥ
㳶,㳶,㳶,gòu,gou,4,ㄍㄡ
龻,龻,龻,龻,龻,,
借,藉,借,jiè,jie,4,ㄐㄧㄝ
璒,璒,璒,dēng,deng,1,ㄉㄥ
雔,雔,雔,chóu,chou,2,ㄔㄡ
㭣,㭣,㭣,㭣,㭣,,
䫺,䫺,䫺,hóng,hong,2,ㄏㄨㄥ
䃁,䃁,䃁,䃁,䃁,,
䌬,䌬,䌬,chóng,chong,2,ㄔㄨㄥ
疫,疫,疫,yì,yi,4,ㄧ
遝,遝,沓,tà,ta,4,ㄊㄚ
幧,幧,幧,qiāo,qiao,1,ㄑㄧㄠ
燤,燤,燤,tài,tai,4,ㄊㄞ
坪,坪,坪,píng,ping,2,ㄆㄧㄥ
匙,匙,匙,chí,chi,2,ㄔ
䠛,䠛,䠛,jiǎo,jiao,3,ㄐㄧㄠ
鬽,鬽,鬽,mèi,mei,4,ㄇㄟ
脙,脙,脙,qíu,qiu,2,ㄑㄧㄡ
嚳,嚳,喾,kù,ku,4,ㄎㄨ
仾,仾,仾,dī,di,1,ㄉㄧ
䴌,䴌,䴌,méng,meng,2,ㄇㄥ
譬,譬,譬,pì,pi,4,ㄆㄧ
晃,晃,晃,huǎng,huang,3,ㄏㄨㄤ
㻣,㻣,㻣,㻣,㻣,,
硜,硜,硁,kēng,keng,1,ㄎㄥ
龏,龏,龏,gōng,gong,1,ㄍㄨㄥ
撳,撳,揿,qìn,qin,4,ㄑㄧㄣ
䄋,䄋,䄋,yǎn,yan,3,ㄧㄢ
㺧,㺧,㺧,㺧,㺧,,
䤻,䤻,䤻,duò,duo,4,ㄉㄨㄛ
壶,壺,壶,hú,hu,2,ㄏㄨ
嬉,嬉,嬉,xī,xi,1,ㄒㄧ
选,選,选,xuǎn,xuan,3,ㄒㄩㄢ
鷟,鷟,鷟,zhuó,zhuo,2,ㄓㄨㄛ
橤,橤,橤,rǔi,rui,3,ㄖㄨㄟ
藊,藊,藊,biǎn,bian,3,ㄅㄧㄢ
憪,憪,憪,xián,xian,2,ㄒㄧㄢ
悉,悉,悉,xī,xi,1,ㄒㄧ
旺,旺,旺,wàng,wang,4,ㄨㄤ
㳅,㳅,㳅,jiǎo,jiao,3,ㄐㄧㄠ
䆇,䆇,䆇,䆇,䆇,,
好,好,好,hǎo,hao,3,ㄏㄠ
稤,稤,稤,lvè,lue,4,
舆,輿,舆,yú,yu,2,ㄩ
挏,挏,挏,dòng,dong,4,ㄉㄨㄥ
炂,炂,炂,zhōng,zhong,1,ㄓㄨㄥ
磴,磴,磴,dèng,deng,4,ㄉㄥ
脁,脁,脁,tiào,tiao,4,ㄊㄧㄠ
㦬,㦬,㦬,luǒ,luo,3,ㄌㄨㄛ
潘,潘,潘,pān,pan,1,ㄆㄢ
䆴,䆴,䆴,䆴,䆴,,
韅,韅,韅,xiǎn,xian,3,ㄒㄧㄢ
㨒,㨒,㨒,kúi,kui,2,ㄎㄨㄟ
卋,卋,卋,shì,shi,4,ㄕ
麒,麒,麒,qí,qi,2,ㄑㄧ
怇,怇,怇,jù,ju,4,ㄐㄩ
鮁,鮁,鲅,bō,bo,1,ㄅㄛ
㰜,㰜,㰜,㰜,㰜,,
䚟,䚟,䚟,dǎi,dai,3,ㄉㄞ
蟤,蟤,蟤,zhuān,zhuan,1,ㄓㄨㄢ
㤒,㤒,㤒,㤒,㤒,,
鬼,鬼,鬼,gǔi,gui,3,ㄍㄨㄟ
巪,巪,巪,巪,巪,,
釧,釧,钏,chuàn,chuan,4,ㄔㄨㄢ
舽,舽,舽,páng,pang,2,ㄆㄤ
㒸,㒸,㒸,sùi,sui,4,ㄙㄨㄟ
祕,祕,祕,mì,mi,4,ㄇㄧ
㮬,㮬,㮬,㮬,㮬,,
䋖,䋖,䋖,yù,yu,4,ㄩ
壎,壎,壎,xūn,xun,1,ㄒㄩㄣ
湒,湒,湒,jí,ji,2,ㄐㄧ
環,環,环,huán,huan,2,ㄏㄨㄢ
捐,捐,捐,juān,juan,1,ㄐㄩㄢ
銚,銚,铫,yáo,yao,2,ㄧㄠ
歅,歅,歅,yīn,yin,1,ㄧㄣ
䍧,䍧,䍧,䍧,䍧,,
橄,橄,橄,gǎn,gan,3,ㄍㄢ
磜,磜,磜,qì,qi,4,ㄑㄧ
雭,雭,雭,sè,se,4,ㄙㄜ
踗,踗,踗,niē,nie,1,ㄋㄧㄝ
釃,釃,酾,xǐ,xi,3,ㄒㄧ
鸬,鸕,鸬,lú,lu,2,ㄌㄨ
嚿,嚿,嚿,huò,huo,4,ㄏㄨㄛ
辳,辳,辳,nóng,nong,2,ㄋㄨㄥ
㠳,㠳,㠳,㠳,㠳,,
坩,坩,坩,gān,gan,1,ㄍㄢ
淀,澱,淀,diàn,dian,4,ㄉㄧㄢ
尶,尶,尶,gān,gan,1,ㄍㄢ
㨜,㨜,㨜,qián,qian,2,ㄑㄧㄢ
嚖,嚖,嚖,hùi,hui,4,ㄏㄨㄟ
際,際,际,jì,ji,4,ㄐㄧ
䏝,膞,䏝,chún,chun,2,ㄔㄨㄣ
㤏,㤏,㤏,tóng,tong,2,ㄊㄨㄥ
蓒,蓒,蓒,xiān,xian,1,ㄒㄧㄢ
鈖,鈖,鈖,fēn,fen,1,ㄈㄣ
㬅,㬅,㬅,màn,man,4,ㄇㄢ
䟇,䟇,䟇,䟇,䟇,,
舏,舏,舏,jǐu,jiu,3,ㄐㄧㄡ
埀,埀,埀,chúi,chui,2,ㄔㄨㄟ
謨,謨,谟,mó,mo,2,ㄇㄛ
㐯,㐯,㐯,yōng,yong,1,ㄩㄥ
㤥,㤥,㤥,hài,hai,4,ㄏㄞ
牥,牥,牥,fāng,fang,1,ㄈㄤ
芣,芣,芣,fú,fu,2,ㄈㄨ
㿥,㿥,㿥,hú,hu,2,ㄏㄨ
㥘,㥘,㥘,㥘,㥘,,
涔,涔,涔,cén,cen,2,ㄘㄣ
鶀,鶀,鶀,qí,qi,2,ㄑㄧ
祺,祺,祺,qí,qi,2,ㄑㄧ
米,米,米,mǐ,mi,3,ㄇㄧ
䯣,䯣,䯣,gùi,gui,4,ㄍㄨㄟ
䉤,䉤,䉤,sǒu,sou,3,ㄙㄡ
䭥,䭥,䭥,xuè,xue,4,ㄒㄩㄝ
峦,巒,峦,luán,luan,2,ㄌㄨㄢ
縯,縯,縯,yǐn,yin,3,ㄧㄣ
愷,愷,恺,kǎi,kai,3,ㄎㄞ
愹,愹,愹,yǒng,yong,3,ㄩㄥ
聅,聅,聅,chè,che,4,ㄔㄜ
昹,昹,昹,ǎi,ai,3,ㄞ
悚,悚,悚,sǒng,song,3,ㄙㄨㄥ
嚛,嚛,嚛,hù,hu,4,ㄏㄨ
䛯,䛯,䛯,jù,ju,4,ㄐㄩ
䆡,䆡,䆡,láng,lang,2,ㄌㄤ
肙,肙,肙,yuān,yuan,1,ㄩㄢ
傍,傍,傍,bàng,bang,4,ㄅㄤ
荨,蕁,荨,xún,xun,2,ㄒㄩㄣ
鑳,鑳,鑳,jiàn,jian,4,ㄐㄧㄢ
誃,誃,誃,chǐ,chi,3,ㄔ
廑,廑,廑,jǐn,jin,3,ㄐㄧㄣ
筚,篳,筚,bì,bi,4,ㄅㄧ
昒,昒,昒,hū,hu,1,ㄏㄨ
靲,靲,靲,qín,qin,2,ㄑㄧㄣ
嘻,嘻,嘻,xī,xi,1,ㄒㄧ
逿,逿,逿,dàng,dang,4,ㄉㄤ
鏠,鏠,鏠,fēng,feng,1,ㄈㄥ
鈰,鈰,铈,shì,shi,4,ㄕ
䈋,䈋,䈋,tà,ta,4,ㄊㄚ
衫,衫,衫,shān,shan,1,ㄕㄢ
猰,猰,猰,yà,ya,4,ㄧㄚ
㪏,㪏,㪏,bǐ,bi,3,ㄅㄧ
摈,擯,摈,bìn,bin,4,ㄅㄧㄣ
傾,傾,倾,qīng,qing,1,ㄑㄧㄥ
鞙,鞙,鞙,xuàn,xuan,4,ㄒㄩㄢ
矋,矋,矋,lì,li,4,ㄌㄧ
䲔,䲔,䲔,qíng,qing,2,ㄑㄧㄥ
忼,忼,忼,kāng,kang,1,ㄎㄤ
䫅,䫅,䫅,sàn,san,4,ㄙㄢ
湗,湗,湗,fèng,feng,4,ㄈㄥ
儉,儉,俭,jiǎn,jian,3,ㄐㄧㄢ
製,製,制,zhì,zhi,4,ㄓ
陒,陒,陒,gǔi,gui,3,ㄍㄨㄟ
帍,帍,帍,hù,hu,4,ㄏㄨ
糡,糡,糡,jiàng,jiang,4,ㄐㄧㄤ
澏,澏,澏,hàn,han,4,ㄏㄢ
朘,朘,朘,juān,juan,1,ㄐㄩㄢ
䣂,䣂,䣂,lěi,lei,3,ㄌㄟ
攃,攃,攃,sà,sa,4,ㄙㄚ
隭,隭,隭,ér,er,2,ㄦ
讶,訝,讶,yà,ya,4,ㄧㄚ
諙,諙,諙,huài,huai,4,ㄏㄨㄞ
幦,幦,幦,mì,mi,4,ㄇㄧ
滒,滒,滒,gē,ge,1,ㄍㄜ
薉,薉,薉,wèi,wei,4,ㄨㄟ
觿,觿,觿,xī,xi,1,ㄒㄧ
眳,眳,眳,mǐng,ming,3,ㄇㄧㄥ
鑹,鑹,镩,cuàn,cuan,4,ㄘㄨㄢ
尼,尼,尼,ní,ni,2,ㄋㄧ
蒨,蒨,蒨,qiàn,qian,4,ㄑㄧㄢ
遜,遜,逊,xùn,xun,4,ㄒㄩㄣ
贬,貶,贬,biǎn,bian,3,ㄅㄧㄢ
悥,悥,悥,yì,yi,4,ㄧ
㞕,㞕,㞕,xiè,xie,4,ㄒㄧㄝ
覺,覺,觉,jué,jue,2,ㄐㄩㄝ
籿,籿,籿,cùn,cun,4,ㄘㄨㄣ
蹲,蹲,蹲,dūn,dun,1,ㄉㄨㄣ
㖌,㖌,㖌,㖌,㖌,,
蓋,蓋,盖,gài,gai,4,ㄍㄞ
廵,廵,廵,xún,xun,2,ㄒㄩㄣ
蛁,蛁,蛁,diāo,diao,1,ㄉㄧㄠ
鳊,鯿,鳊,biān,bian,1,ㄅㄧㄢ
鳔,鰾,鳔,biào,biao,4,ㄅㄧㄠ
飊,飊,飊,飊,飊,,
啬,嗇,啬,sè,se,4,ㄙㄜ
蚒,蚒,蚒,tóng,tong,2,ㄊㄨㄥ
蹵,蹵,蹵,zú,zu,2,ㄗㄨ
熐,熐,熐,mì,mi,4,ㄇㄧ
㟡,㟡,㟡,㟡,㟡,,
䝯,䝯,䝯,yì,yi,4,ㄧ
厇,厇,厇,zhé,zhe,2,ㄓㄜ
寭,寭,寭,hùi,hui,4,ㄏㄨㄟ
牌,牌,牌,pái,pai,2,ㄆㄞ
顴,顴,颧,quán,quan,2,ㄑㄩㄢ
䀇,䀇,䀇,gǔ,gu,3,ㄍㄨ
峸,峸,峸,chéng,cheng,2,ㄔㄥ
燙,燙,烫,tàng,tang,4,ㄊㄤ
匕,匕,匕,bǐ,bi,3,ㄅㄧ
㙃,㙃,㙃,㙃,㙃,,
䙸,䙸,䙸,dé,de,2,ㄉㄜ
拁,拁,拁,jiā,jia,1,ㄐㄧㄚ
簭,簭,簭,shì,shi,4,ㄕ
倁,倁,倁,chí,chi,2,ㄔ
免,免,免,miǎn,mian,3,ㄇㄧㄢ
钥,鑰,钥,yào,yao,4,ㄧㄠ
艉,艉,艉,wěi,wei,3,ㄨㄟ
雍,雍,雍,yōng,yong,1,ㄩㄥ
䋡,䋡,䋡,䋡,䋡,,
堓,堓,堓,àn,an,4,ㄢ
䤂,䤂,䤂,méi,mei,2,ㄇㄟ
䵣,䵣,䵣,dá,da,2,ㄉㄚ
銜,銜,衔,xián,xian,2,ㄒㄧㄢ
䯽,䯽,䯽,fǔ,fu,3,ㄈㄨ
㡘,㡘,㡘,lián,lian,2,ㄌㄧㄢ
駖,駖,駖,líng,ling,2,ㄌㄧㄥ
澪,澪,澪,líng,ling,2,ㄌㄧㄥ
睠,睠,睠,juàn,juan,4,ㄐㄩㄢ
竹,竹,竹,zhú,zhu,2,ㄓㄨ
㢚,㢚,㢚,lǔ,lu,3,ㄌㄨ
郧,鄖,郧,yún,yun,2,ㄩㄣ
懯,懯,懯,fū,fu,1,ㄈㄨ
鏮,鏮,鏮,kāng,kang,1,ㄎㄤ
䔲,䔲,䔲,chéng,cheng,2,ㄔㄥ
庲,庲,庲,lái,lai,2,ㄌㄞ
昁,昁,昁,bèi,bei,4,ㄅㄟ
癘,癘,疠,lì,li,4,ㄌㄧ
䬿,䬿,䬿,wěi,wei,3,ㄨㄟ
嬍,嬍,嬍,měi,mei,3,ㄇㄟ
揚,揚,扬,yáng,yang,2,ㄧㄤ
嶒,嶒,嶒,céng,ceng,2,ㄘㄥ
螧,螧,螧,螧,螧,,
㾲,㾲,㾲,㾲,㾲,,
嗆,嗆,呛,qiāng,qiang,1,ㄑㄧㄤ
敤,敤,敤,kě,ke,3,ㄎㄜ
䕉,䕉,䕉,zé,ze,2,ㄗㄜ
栒,栒,栒,xún,xun,2,ㄒㄩㄣ
蜲,蜲,蜲,wěi,wei,3,ㄨㄟ
䉫,䉫,䉫,lí,li,2,ㄌㄧ
躍,躍,跃,yuè,yue,4,ㄩㄝ
㹕,㹕,㹕,㹕,㹕,,
亲,親,亲,qīn,qin,1,ㄑㄧㄣ
紒,紒,紒,jiè,jie,4,ㄐㄧㄝ
㺯,㺯,㺯,㺯,㺯,,
迉,迉,迉,qí,qi,2,ㄑㄧ
柒,柒,柒,qī,qi,1,ㄑㄧ
畑,畑,畑,tián,tian,2,ㄊㄧㄢ
癇,癇,痫,xián,xian,2,ㄒㄧㄢ
赤,赤,赤,chì,chi,4,ㄔ
洝,洝,洝,àn,an,4,ㄢ
婇,婇,婇,cǎi,cai,3,ㄘㄞ
邤,邤,邤,邤,邤,,
洮,洮,洮,táo,tao,2,ㄊㄠ
螥,螥,螥,cāng,cang,1,ㄘㄤ
鮞,鮞,鲕,ér,er,2,ㄦ
闲,閑,闲,xián,xian,2,ㄒㄧㄢ
䡯,䡯,䡯,shuàng,shuang,4,ㄕㄨㄤ
鰒,鰒,鳆,fù,fu,4,ㄈㄨ
堇,堇,堇,jǐn,jin,3,ㄐㄧㄣ
皀,皀,皀,bī,bi,1,ㄅㄧ
釄,釄,釄,mí,mi,2,ㄇㄧ
忐,忐,忐,tǎn,tan,3,ㄊㄢ
赘,贅,赘,zhùi,zhui,4,ㄓㄨㄟ
荦,犖,荦,luò,luo,4,ㄌㄨㄛ
鏶,鏶,鏶,jí,ji,2,ㄐㄧ
㛒,㛒,㛒,dòu,dou,4,ㄉㄡ
桨,槳,桨,jiǎng,jiang,3,ㄐㄧㄤ
鲈,鱸,鲈,lú,lu,2,ㄌㄨ
㞟,㞟,㞟,diàn,dian,4,ㄉㄧㄢ
寮,寮,寮,liáo,liao,2,ㄌㄧㄠ
硺,硺,硺,zhuó,zhuo,2,ㄓㄨㄛ
悗,悗,悗,mán,man,2,ㄇㄢ
剒,剒,剒,cuò,cuo,4,ㄘㄨㄛ
冖,冖,冖,mì,mi,4,ㄇㄧ
皅,皅,皅,pā,pa,1,ㄆㄚ
摓,摓,摓,féng,feng,2,ㄈㄥ
䃨,䃨,䃨,䃨,䃨,,
㳧,㳧,㳧,xí,xi,2,ㄒㄧ
䘘,䘘,䘘,yù,yu,4,ㄩ
䍃,䍃,䍃,yáo,yao,2,ㄧㄠ
䵛,䵛,䵛,jiàn,jian,4,ㄐㄧㄢ
竓,竓,竓,竓,竓,,
鞐,鞐,鞐,鞐,鞐,,
灂,灂,灂,zhuó,zhuo,2,ㄓㄨㄛ
壍,壍,壍,qiàn,qian,4,ㄑㄧㄢ
惢,惢,惢,rǔi,rui,3,ㄖㄨㄟ
眄,眄,眄,miǎn,mian,3,ㄇㄧㄢ
䤜,䤜,䤜,dùn,dun,4,ㄉㄨㄣ
偺,偺,偺,zá,za,2,ㄗㄚ
崣,崣,崣,wěi,wei,3,ㄨㄟ
虙,虙,虙,fú,fu,2,ㄈㄨ
羻,羻,羻,qiàng,qiang,4,ㄑㄧㄤ
㭡,㭡,㭡,xì,xi,4,ㄒㄧ
齤,齤,齤,quán,quan,2,ㄑㄩㄢ
㔋,㔋,㔋,jiàn,jian,4,ㄐㄧㄢ
碛,磧,碛,qì,qi,4,ㄑㄧ
鵽,鵽,鵽,zhùi,zhui,4,ㄓㄨㄟ
瘸,瘸,瘸,qué,que,2,ㄑㄩㄝ
激,激,激,jī,ji,1,ㄐㄧ
㛑,㛑,㛑,càn,can,4,ㄘㄢ
䁠,䁠,䁠,lián,lian,2,ㄌㄧㄢ
储,儲,储,chǔ,chu,3,ㄔㄨ
䗖,䗖,䗖,chì,chi,4,ㄔ
曦,曦,曦,xī,xi,1,ㄒㄧ
貼,貼,贴,tiē,tie,1,ㄊㄧㄝ
绣,綉,绣,xìu,xiu,4,ㄒㄧㄡ
鞒,鞽,鞒,qiāo,qiao,1,ㄑㄧㄠ
滉,滉,滉,huǎng,huang,3,ㄏㄨㄤ
蹜,蹜,蹜,suō,suo,1,ㄙㄨㄛ
餦,餦,餦,zhāng,zhang,1,ㄓㄤ
歛,歛,歛,hān,han,1,ㄏㄢ
䀱,䀱,䀱,䀱,䀱,,
獳,獳,獳,nòu,nou,4,ㄋㄡ
䗲,䗲,䗲,lìn,lin,4,ㄌㄧㄣ
扪,捫,扪,mén,men,2,ㄇㄣ
䈊,䈊,䈊,líng,ling,2,ㄌㄧㄥ
㳰,㳰,㳰,㳰,㳰,,
䢽,䢽,䢽,xiàng,xiang,4,ㄒㄧㄤ
㗥,㗥,㗥,kuò,kuo,4,ㄎㄨㄛ
㸍,㸍,㸍,xì,xi,4,ㄒㄧ
珊,珊,珊,shān,shan,1,ㄕㄢ
嵣,嵣,嵣,dāng,dang,1,ㄉㄤ
僋,僋,僋,tàn,tan,4,ㄊㄢ
藕,藕,藕,ǒu,ou,3,ㄡ
住,住,住,zhù,zhu,4,ㄓㄨ
蟉,蟉,蟉,líu,liu,2,ㄌㄧㄡ
鹴,鸘,鹴,shuāng,shuang,1,ㄕㄨㄤ
簹,簹,筜,dāng,dang,1,ㄉㄤ
䠿,䠿,䠿,wài,wai,4,ㄨㄞ
霧,霧,雾,wù,wu,4,ㄨ
瀎,瀎,瀎,mò,mo,4,ㄇㄛ
鞫,鞫,鞫,jú,ju,2,ㄐㄩ
螿,螿,螀,jiāng,jiang,1,ㄐㄧㄤ
泔,泔,泔,gān,gan,1,ㄍㄢ
䱐,䱐,䱐,䱐,䱐,,
䍑,䍑,䍑,hǎn,han,3,ㄏㄢ
岳,嶽,岳,yuè,yue,4,ㄩㄝ
㩜,㩜,㩜,lǎn,lan,3,ㄌㄢ
擁,擁,拥,yōng,yong,1,ㄩㄥ
㗾,㗾,㗾,㗾,㗾,,
怔,怔,怔,zhēng,zheng,1,ㄓㄥ
磊,磊,磊,lěi,lei,3,ㄌㄟ
蘾,蘾,蘾,huài,huai,4,ㄏㄨㄞ
测,測,测,cè,ce,4,ㄘㄜ
䟬,䟬,䟬,qìu,qiu,4,ㄑㄧㄡ
恳,懇,恳,kěn,ken,3,ㄎㄣ
黱,黱,黱,dài,dai,4,ㄉㄞ
骅,驊,骅,huá,hua,2,ㄏㄨㄚ
䈁,䈁,䈁,lún,lun,2,ㄌㄨㄣ
佣,傭,佣,yòng,yong,4,ㄩㄥ
陇,隴,陇,lǒng,long,3,ㄌㄨㄥ
㗏,㗏,㗏,㗏,㗏,,
幻,幻,幻,huàn,huan,4,ㄏㄨㄢ
㡸,㡸,㡸,zhǎ,zha,3,ㄓㄚ
䌹,䌹,䌹,jiǒng,jiong,3,ㄐㄩㄥ
晗,晗,晗,hán,han,2,ㄏㄢ
㧪,㧪,㧪,gǔi,gui,3,ㄍㄨㄟ
鍫,鍫,鍫,qiāo,qiao,1,ㄑㄧㄠ
涰,涰,涰,chuò,chuo,4,ㄔㄨㄛ
黔,黔,黔,qián,qian,2,ㄑㄧㄢ
牚,牚,牚,chèng,cheng,4,ㄔㄥ
㤂,㤂,㤂,jí,ji,2,ㄐㄧ
碫,碫,碫,duàn,duan,4,ㄉㄨㄢ
䆮,䆮,䆮,jìn,jin,4,ㄐㄧㄣ
䥸,䥸,䥸,mí,mi,2,ㄇㄧ
劻,劻,劻,kuāng,kuang,1,ㄎㄨㄤ
䑱,䑱,䑱,mán,man,2,ㄇㄢ
蜔,蜔,蜔,diàn,dian,4,ㄉㄧㄢ
妽,妽,妽,shēn,shen,1,ㄕㄣ
醽,醽,醽,líng,ling,2,ㄌㄧㄥ
趴,趴,趴,pā,pa,1,ㄆㄚ
舼,舼,舼,hóng,hong,2,ㄏㄨㄥ
渽,渽,渽,zāi,zai,1,ㄗㄞ
朼,朼,朼,bǐ,bi,3,ㄅㄧ
䟋,䟋,䟋,zhǎn,zhan,3,ㄓㄢ
闩,閂,闩,shuān,shuan,1,ㄕㄨㄢ
䁌,䁌,䁌,yù,yu,4,ㄩ
鸵,鴕,鸵,tuó,tuo,2,ㄊㄨㄛ
崺,崺,崺,yǐ,yi,3,ㄧ
繚,繚,缭,liáo,liao,2,ㄌㄧㄠ
藏,藏,藏,cáng,cang,2,ㄘㄤ
諀,諀,諀,pǐ,pi,3,ㄆㄧ
試,試,试,shì,shi,4,ㄕ
鑯,鑯,鑯,jiān,jian,1,ㄐㄧㄢ
䕺,䕺,䕺,cóng,cong,2,ㄘㄨㄥ
祳,祳,祳,chěn,chen,3,ㄔㄣ
蓖,蓖,蓖,bì,bi,4,ㄅㄧ
䲮,䲮,䲮,yuán,yuan,2,ㄩㄢ
驲,馹,驲,rì,ri,4,ㄖ
㳾,㳾,㳾,㳾,㳾,,
铗,鋏,铗,jiá,jia,2,ㄐㄧㄚ
鄴,鄴,邺,yè,ye,4,ㄧㄝ
䘪,䘪,䘪,䘪,䘪,,
镠,鏐,镠,líu,liu,2,ㄌㄧㄡ
䞑,䞑,䞑,hóng,hong,2,ㄏㄨㄥ
抐,抐,抐,nù,nu,4,ㄋㄨ
䂏,䂏,䂏,䂏,䂏,,
禇,禇,禇,zhě,zhe,3,ㄓㄜ
讫,訖,讫,qì,qi,4,ㄑㄧ
秈,秈,籼,xiān,xian,1,ㄒㄧㄢ
讣,訃,讣,fù,fu,4,ㄈㄨ
嘝,嘝,嘝,hú,hu,2,ㄏㄨ
溴,溴,溴,xìu,xiu,4,ㄒㄧㄡ
瞇,瞇,瞇,mī,mi,1,ㄇㄧ
呱,呱,哌,gū,gu,1,ㄍㄨ
㨽,㨽,㨽,pǐ,pi,3,ㄆㄧ
嫵,嫵,妩,wǔ,wu,3,ㄨ
昃,昃,昃,zè,ze,4,ㄗㄜ
圏,圏,圏,quān,quan,1,ㄑㄩㄢ
倰,倰,倰,léng,leng,2,ㄌㄥ
揭,揭,揭,jiē,jie,1,ㄐㄧㄝ
樸,樸,朴,pú,pu,2,ㄆㄨ
䒹,䒹,䒹,lèi,lei,4,ㄌㄟ
蝛,蝛,蝛,wēi,wei,1,ㄨㄟ
骝,騮,骝,líu,liu,2,ㄌㄧㄡ
熍,熍,熍,熍,熍,,
宵,宵,宵,xiāo,xiao,1,ㄒㄧㄠ
鰓,鰓,鳃,sāi,sai,1,ㄙㄞ
掩,掩,掩,yǎn,yan,3,ㄧㄢ
兟,兟,兟,shēn,shen,1,ㄕㄣ
鸮,鴞,鸮,xiāo,xiao,1,ㄒㄧㄠ
裆,襠,裆,dāng,dang,1,ㄉㄤ
坃,坃,坃,xūn,xun,1,ㄒㄩㄣ
椥,椥,椥,zhī,zhi,1,ㄓ
攬,攬,揽,lǎn,lan,3,ㄌㄢ
坰,坰,垧,jiōng,jiong,1,ㄐㄩㄥ
醾,醾,醾,mí,mi,2,ㄇㄧ
辈,輩,辈,bèi,bei,4,ㄅㄟ
搗,搗,捣,dǎo,dao,3,ㄉㄠ
柋,柋,柋,dài,dai,4,ㄉㄞ
䔹,䔹,䔹,sùi,sui,4,ㄙㄨㄟ
镬,鑊,镬,huò,huo,4,ㄏㄨㄛ
診,診,诊,zhěn,zhen,3,ㄓㄣ
橏,橏,橏,zhǎn,zhan,3,ㄓㄢ
㞏,㞏,㞏,zhé,zhe,2,ㄓㄜ
嵺,嵺,嵺,liáo,liao,2,ㄌㄧㄠ
萐,萐,萐,shà,sha,4,ㄕㄚ
淐,淐,淐,chāng,chang,1,ㄔㄤ
䅕,䅕,䅕,䅕,䅕,,
炷,炷,炷,zhù,zhu,4,ㄓㄨ
玻,玻,玻,bō,bo,1,ㄅㄛ
䕷,䕷,䕷,mí,mi,2,ㄇㄧ
苎,苧,苎,méng,meng,2,ㄇㄥ
操,操,操,cāo,cao,1,ㄘㄠ
飄,飄,飘,piāo,piao,1,ㄆㄧㄠ
蝡,蝡,蝡,ruǎn,ruan,3,ㄖㄨㄢ
眻,眻,眻,yáng,yang,2,ㄧㄤ
漒,漒,漒,qiáng,qiang,2,ㄑㄧㄤ
鰍,鰍,鳅,qīu,qiu,1,ㄑㄧㄡ
芲,芲,芲,huā,hua,1,ㄏㄨㄚ
败,敗,败,bài,bai,4,ㄅㄞ
㴝,㴝,㴝,lí,li,2,ㄌㄧ
怒,怒,怒,nù,nu,4,ㄋㄨ
溬,溬,溬,qiāng,qiang,1,ㄑㄧㄤ
漥,漥,漥,wā,wa,1,ㄨㄚ
琅,琅,琅,láng,lang,2,ㄌㄤ
偦,偦,偦,xū,xu,1,ㄒㄩ
㺿,㺿,㺿,yí,yi,2,ㄧ
㑕,㑕,㑕,㑕,㑕,,
櫋,櫋,櫋,mián,mian,2,ㄇㄧㄢ
㢍,㢍,㢍,yíng,ying,2,ㄧㄥ
蒈,蒈,蒈,kǎi,kai,3,ㄎㄞ
豜,豜,豜,jiān,jian,1,ㄐㄧㄢ
湌,湌,湌,cān,can,1,ㄘㄢ
泑,泑,泑,yǒu,you,3,ㄧㄡ
罢,罷,罢,bà,ba,4,ㄅㄚ
惟,惟,惟,wéi,wei,2,ㄨㄟ
戶,戶,户,hù,hu,4,ㄏㄨ
烃,烴,烃,jǐng,jing,3,ㄐㄧㄥ
媺,媺,媺,měi,mei,3,ㄇㄟ
棛,棛,棛,yù,yu,4,ㄩ
妈,媽,妈,mā,ma,1,ㄇㄚ
彡,彡,彡,shān,shan,1,ㄕㄢ
蔠,蔠,蔠,zhōng,zhong,1,ㄓㄨㄥ
䋈,䋈,䋈,rú,ru,2,ㄖㄨ
氮,氮,氮,dàn,dan,4,ㄉㄢ
浽,浽,浽,sūi,sui,1,ㄙㄨㄟ
䤙,䤙,䤙,lì,li,4,ㄌㄧ
壱,壱,壱,yī,yi,1,ㄧ
藳,藳,藳,gǎo,gao,3,ㄍㄠ
軠,軠,軠,rèn,ren,4,ㄖㄣ
歈,歈,歈,yú,yu,2,ㄩ
終,終,终,zhōng,zhong,1,ㄓㄨㄥ
沰,沰,沰,tuō,tuo,1,ㄊㄨㄛ
礲,礲,礲,lóng,long,2,ㄌㄨㄥ
蛟,蛟,蛟,jiāo,jiao,1,ㄐㄧㄠ
軩,軩,軩,dài,dai,4,ㄉㄞ
玈,玈,玈,lú,lu,2,ㄌㄨ
蜜,蜜,蜜,mì,mi,4,ㄇㄧ
㾠,㾠,㾠,huáng,huang,2,ㄏㄨㄤ
儆,儆,儆,jǐng,jing,3,ㄐㄧㄥ
悘,悘,悘,yī,yi,1,ㄧ
茪,茪,茪,guāng,guang,1,ㄍㄨㄤ
㭲,㭲,㭲,jí,ji,2,ㄐㄧ
谠,讜,谠,dǎng,dang,3,ㄉㄤ
㙀,㙀,㙀,lìu,liu,4,ㄌㄧㄡ
鋈,鋈,鋈,wù,wu,4,ㄨ
岗,崗,岗,gǎng,gang,3,ㄍㄤ
嚫,嚫,嚫,chèn,chen,4,ㄔㄣ
䐐,䐐,䐐,䐐,䐐,,
咋,咋,咋,zhà,zha,4,ㄓㄚ
铔,铔,铔,yà,ya,4,ㄧㄚ
磹,磹,磹,diàn,dian,4,ㄉㄧㄢ
櫤,櫤,櫤,櫤,櫤,,
躞,躞,躞,xiè,xie,4,ㄒㄧㄝ
绦,縧,绦,tāo,tao,1,ㄊㄠ
鬰,鬰,鬰,yù,yu,4,ㄩ
畊,畊,畊,gēng,geng,1,ㄍㄥ
盨,盨,盨,shǔ,shu,3,ㄕㄨ
朹,朹,朹,qíu,qiu,2,ㄑㄧㄡ
䄗,䄗,䄗,䄗,䄗,,
龣,龣,龣,jué,jue,2,ㄐㄩㄝ
䖬,䖬,䖬,䖬,䖬,,
鏑,鏑,镝,dí,di,2,ㄉㄧ
鼫,鼫,鼫,shí,shi,2,ㄕ
靐,靐,靐,bìng,bing,4,ㄅㄧㄥ
柖,柖,柖,zhāo,zhao,1,ㄓㄠ
摼,摼,摼,kēng,keng,1,ㄎㄥ
鏡,鏡,镜,jìng,jing,4,ㄐㄧㄥ
按,按,按,àn,an,4,ㄢ
杌,杌,杌,wù,wu,4,ㄨ
湻,湻,湻,chún,chun,2,ㄔㄨㄣ
颲,颲,颲,liè,lie,4,ㄌㄧㄝ
䄢,䄢,䄢,qí,qi,2,ㄑㄧ
桵,桵,桵,rǔi,rui,3,ㄖㄨㄟ
墲,墲,墲,wǔ,wu,3,ㄨ
墅,墅,墅,shù,shu,4,ㄕㄨ
怏,怏,怏,yàng,yang,4,ㄧㄤ
鳹,鳹,鳹,qín,qin,2,ㄑㄧㄣ
扱,扱,扱,xī,xi,1,ㄒㄧ
㖙,㖙,㖙,㖙,㖙,,
毩,毩,毩,jú,ju,2,ㄐㄩ
雖,雖,虽,sūi,sui,1,ㄙㄨㄟ
頋,頋,頋,gù,gu,4,ㄍㄨ
䫥,䫥,䫥,kǔi,kui,3,ㄎㄨㄟ
窲,窲,窲,cháo,chao,2,ㄔㄠ
礕,礕,礕,pī,pi,1,ㄆㄧ
㳐,㳐,㳐,sà,sa,4,ㄙㄚ
㹘,㹘,㹘,rú,ru,2,ㄖㄨ
傝,傝,傝,tàn,tan,4,ㄊㄢ
胘,胘,胘,xián,xian,2,ㄒㄧㄢ
鬙,鬙,鬙,sēng,seng,1,ㄙㄥ
鬜,鬜,鬜,qiān,qian,1,ㄑㄧㄢ
埚,堝,埚,guō,guo,1,ㄍㄨㄛ
含,含,含,hán,han,2,ㄏㄢ
襕,襴,襕,lán,lan,2,ㄌㄢ
嗌,嗌,嗌,yì,yi,4,ㄧ
㔾,㔾,㔾,jié,jie,2,ㄐㄧㄝ
蘋,蘋,苹,pín,pin,2,ㄆㄧㄣ
琌,琌,琌,líng,ling,2,ㄌㄧㄥ
澛,澛,澛,澛,澛,,
㿺,㿺,㿺,báo,bao,2,ㄅㄠ
銮,鑾,銮,luán,luan,2,ㄌㄨㄢ
炮,炮,炮,pào,pao,4,ㄆㄠ
䇪,䇪,䇪,䇪,䇪,,
梋,梋,梋,xuān,xuan,1,ㄒㄩㄢ
赭,赭,赭,zhě,zhe,3,ㄓㄜ
㻌,㻌,㻌,tú,tu,2,ㄊㄨ
彆,彆,别,biè,bie,4,ㄅㄧㄝ
钫,鈁,钫,fāng,fang,1,ㄈㄤ
甡,甡,甡,shēn,shen,1,ㄕㄣ
耜,耜,耜,sì,si,4,ㄙ
拋,拋,抛,pāo,pao,1,ㄆㄠ
踐,踐,践,jiàn,jian,4,ㄐㄧㄢ
筨,筨,筨,hán,han,2,ㄏㄢ
笤,笤,笤,tiáo,tiao,2,ㄊㄧㄠ
樕,樕,樕,sù,su,4,ㄙㄨ
侽,侽,侽,nán,nan,2,ㄋㄢ
粩,粩,粩,粩,粩,,
玀,玀,猡,luó,luo,2,ㄌㄨㄛ
㭆,㭆,㭆,㭆,㭆,,
簽,簽,签,qiān,qian,1,ㄑㄧㄢ
凭,憑,凭,píng,ping,2,ㄆㄧㄥ
胉,胉,胉,bó,bo,2,ㄅㄛ
捃,捃,捃,jùn,jun,4,ㄐㄩㄣ
厩,廄,厩,jìu,jiu,4,ㄐㄧㄡ
芳,芳,芳,fāng,fang,1,ㄈㄤ
凲,凲,凲,gān,gan,1,ㄍㄢ
嘈,嘈,嘈,cáo,cao,2,ㄘㄠ
慲,慲,慲,mán,man,2,ㄇㄢ
矎,矎,矎,xuān,xuan,1,ㄒㄩㄢ
綌,綌,绤,xì,xi,4,ㄒㄧ
鸩,鴆,鸩,zhèn,zhen,4,ㄓㄣ
觀,觀,观,guān,guan,1,ㄍㄨㄢ
奡,奡,奡,ào,ao,4,ㄠ
歱,歱,歱,zhǒng,zhong,3,ㄓㄨㄥ
縎,縎,縎,gǔ,gu,3,ㄍㄨ
㼎,㼎,㼎,bèi,bei,4,ㄅㄟ
歀,歀,歀,kuǎn,kuan,3,ㄎㄨㄢ
故,故,故,gù,gu,4,ㄍㄨ
滸,滸,浒,hǔ,hu,3,ㄏㄨ
䚐,䚐,䚐,jí,ji,2,ㄐㄧ
軟,軟,软,ruǎn,ruan,3,ㄖㄨㄢ
弟,弟,弟,dì,di,4,ㄉㄧ
谷,榖,谷,gǔ,gu,3,ㄍㄨ
䚿,䚿,䚿,yìn,yin,4,ㄧㄣ
䂐,䂐,䂐,chuò,chuo,4,ㄔㄨㄛ
摇,搖,摇,yáo,yao,2,ㄧㄠ
鉙,鉙,鉙,zhǎi,zhai,3,ㄓㄞ
䎩,䎩,䎩,䎩,䎩,,
鈢,鈢,鈢,niē,nie,1,ㄋㄧㄝ
忴,忴,忴,qián,qian,2,ㄑㄧㄢ
踔,踔,踔,zhuó,zhuo,2,ㄓㄨㄛ
緉,緉,緉,liǎng,liang,3,ㄌㄧㄤ
稟,稟,禀,bǐng,bing,3,ㄅㄧㄥ
萎,萎,萎,wēi,wei,1,ㄨㄟ
卲,卲,卲,shào,shao,4,ㄕㄠ
䳰,䳰,䳰,bǎo,bao,3,ㄅㄠ
潚,潚,潚,xiāo,xiao,1,ㄒㄧㄠ
躐,躐,躐,liè,lie,4,ㄌㄧㄝ
蠨,蠨,蟏,xiāo,xiao,1,ㄒㄧㄠ
䶕,䶕,䶕,pá,pa,2,ㄆㄚ
粵,粵,粤,yuè,yue,4,ㄩㄝ
媩,媩,媩,hú,hu,2,ㄏㄨ
缧,縲,缧,léi,lei,2,ㄌㄟ
礔,礔,礔,pì,pi,4,ㄆㄧ
㨉,㨉,㨉,mǐn,min,3,ㄇㄧㄣ
窏,窏,窏,wū,wu,1,ㄨ
桘,桘,桘,zhùi,zhui,4,ㄓㄨㄟ
䮞,䮞,䮞,chù,chu,4,ㄔㄨ
纟,糸,纟,sī,si,1,ㄙ
钮,鈕,钮,nǐu,niu,3,ㄋㄧㄡ
㨦,㨦,㨦,sǒng,song,3,ㄙㄨㄥ
蟇,蟇,蟇,má,ma,2,ㄇㄚ
筵,筵,筵,yán,yan,2,ㄧㄢ
㤗,㤗,㤗,㤗,㤗,,
砎,砎,砎,jiè,jie,4,ㄐㄧㄝ
产,産,产,chǎn,chan,3,ㄔㄢ
鐕,鐕,鐕,zān,zan,1,ㄗㄢ
䘕,䘕,䘕,háng,hang,2,ㄏㄤ
勁,勁,劲,jìn,jin,4,ㄐㄧㄣ
㶟,㶟,㶟,lěi,lei,3,ㄌㄟ
橷,橷,橷,dōu,dou,1,ㄉㄡ
柫,柫,柫,fú,fu,2,ㄈㄨ
栾,欒,栾,luán,luan,2,ㄌㄨㄢ
鹁,鵓,鹁,bó,bo,2,ㄅㄛ
㤟,㤟,㤟,kǒng,kong,3,ㄎㄨㄥ
螽,螽,螽,zhōng,zhong,1,ㄓㄨㄥ
春,春,春,chūn,chun,1,ㄔㄨㄣ
癴,癴,癴,luán,luan,2,ㄌㄨㄢ
䴅,䴅,䴅,fén,fen,2,ㄈㄣ
銄,銄,銄,shàng,shang,4,ㄕㄤ
騚,騚,騚,qián,qian,2,ㄑㄧㄢ
㺂,㺂,㺂,gǎn,gan,3,ㄍㄢ
䟈,䟈,䟈,zhí,zhi,2,ㄓ
抅,抅,抅,jū,ju,1,ㄐㄩ
瘋,瘋,疯,fēng,feng,1,ㄈㄥ
睮,睮,睮,yú,yu,2,ㄩ
鹽,鹽,盐,yán,yan,2,ㄧㄢ
護,護,护,hù,hu,4,ㄏㄨ
䓎,䓎,䓎,chuò,chuo,4,ㄔㄨㄛ
頜,頜,颌,hé,he,2,ㄏㄜ
慔,慔,慔,mò,mo,4,ㄇㄛ
賆,賆,賆,pián,pian,2,ㄆㄧㄢ
繞,繞,绕,rào,rao,4,ㄖㄠ
㿎,㿎,㿎,fèn,fen,4,ㄈㄣ
忢,忢,忢,wù,wu,4,ㄨ
湇,湇,湇,qì,qi,4,ㄑㄧ
眜,眜,眜,mò,mo,4,ㄇㄛ
臺,臺,台,tái,tai,2,ㄊㄞ
觖,觖,觖,jué,jue,2,ㄐㄩㄝ
顚,顚,顚,diān,dian,1,ㄉㄧㄢ
掉,掉,掉,diào,diao,4,ㄉㄧㄠ
鹔,鷫,鹔,sù,su,4,ㄙㄨ
黲,黲,黪,cǎn,can,3,ㄘㄢ
鹈,鵜,鹈,tí,ti,2,ㄊㄧ
対,対,対,dùi,dui,4,ㄉㄨㄟ
堥,堥,堥,máo,mao,2,ㄇㄠ
䖷,䖷,䖷,䖷,䖷,,
擯,擯,摈,bìn,bin,4,ㄅㄧㄣ
空,空,空,kōng,kong,1,ㄎㄨㄥ
榦,榦,榦,gàn,gan,4,ㄍㄢ
樌,樌,樌,guàn,guan,4,ㄍㄨㄢ
褰,褰,褰,qiān,qian,1,ㄑㄧㄢ
暡,暡,暡,wěng,weng,3,ㄨㄥ
䫷,䫷,䫷,è,e,4,ㄜ
従,従,従,cóng,cong,2,ㄘㄨㄥ
䂽,䂽,䂽,diào,diao,4,ㄉㄧㄠ
䀣,䀣,䀣,bì,bi,4,ㄅㄧ
丏,丏,丏,miǎn,mian,3,ㄇㄧㄢ
娨,娨,娨,hàn,han,4,ㄏㄢ
狋,狋,狋,ní,ni,2,ㄋㄧ
峏,峏,峏,ěr,er,3,ㄦ
䏯,䏯,䏯,zhì,zhi,4,ㄓ
珻,珻,珻,méi,mei,2,ㄇㄟ
豟,豟,豟,è,e,4,ㄜ
黣,黣,黣,měi,mei,3,ㄇㄟ
濛,濛,蒙,méng,meng,2,ㄇㄥ
鬤,鬤,鬤,ráng,rang,2,ㄖㄤ
懛,懛,懛,dāi,dai,1,ㄉㄞ
叩,叩,叩,kòu,kou,4,ㄎㄡ
㽝,㽝,㽝,lì,li,4,ㄌㄧ
齟,齟,龃,jǔ,ju,3,ㄐㄩ
屔,屔,屔,ní,ni,2,ㄋㄧ
砍,砍,砍,kǎn,kan,3,ㄎㄢ
䋬,䋬,䋬,䋬,䋬,,
㲇,㲇,㲇,㲇,㲇,,
鐚,鐚,鐚,yà,ya,4,ㄧㄚ
躾,躾,躾,躾,躾,,
狡,狡,狡,jiǎo,jiao,3,ㄐㄧㄠ
悲,悲,悲,bēi,bei,1,ㄅㄟ
搼,搼,搼,quán,quan,2,ㄑㄩㄢ
堍,堍,堍,tù,tu,4,ㄊㄨ
髋,髖,髋,kuān,kuan,1,ㄎㄨㄢ
䍢,䍢,䍢,wú,wu,2,ㄨ
瘬,瘬,瘬,zhàng,zhang,4,ㄓㄤ
淾,淾,淾,yǐn,yin,3,ㄧㄣ
亓,亓,亓,qí,qi,2,ㄑㄧ
䭝,䭝,䭝,kuài,kuai,4,ㄎㄨㄞ
貶,貶,贬,biǎn,bian,3,ㄅㄧㄢ
㺀,㺀,㺀,náo,nao,2,ㄋㄠ
锘,鍩,锘,tiǎn,tian,3,ㄊㄧㄢ
敨,敨,敨,dǒu,dou,3,ㄉㄡ
莺,鶯,莺,yīng,ying,1,ㄧㄥ
斖,斖,斖,wěi,wei,3,ㄨㄟ
銋,銋,銋,rén,ren,2,ㄖㄣ
暈,暈,晕,yūn,yun,1,ㄩㄣ
翏,翏,翏,lìu,liu,4,ㄌㄧㄡ
㰶,㰶,㰶,yǒu,you,3,ㄧㄡ
蚵,蚵,蚵,hé,he,2,ㄏㄜ
痍,痍,痍,yí,yi,2,ㄧ
㓛,㓛,㓛,㓛,㓛,,
亐,亐,亐,yú,yu,2,ㄩ
檣,檣,樯,qiáng,qiang,2,ㄑㄧㄤ
藰,藰,藰,líu,liu,2,ㄌㄧㄡ
秡,秡,秡,bá,ba,2,ㄅㄚ
騦,騦,騦,sī,si,1,ㄙ
助,助,助,zhù,zhu,4,ㄓㄨ
㵲,㵲,㵲,wǔ,wu,3,ㄨ
踚,踚,踚,lún,lun,2,ㄌㄨㄣ
摺,摺,折,zhé,zhe,2,ㄓㄜ
擣,擣,擣,dǎo,dao,3,ㄉㄠ
騃,騃,騃,ái,ai,2,ㄞ
䐬,䐬,䐬,cáo,cao,2,ㄘㄠ
镦,鐓,镦,dùi,dui,4,ㄉㄨㄟ
煮,煮,煮,zhǔ,zhu,3,ㄓㄨ
蕍,蕍,蕍,yú,yu,2,ㄩ
哯,哯,哯,xiàn,xian,4,ㄒㄧㄢ
蹠,蹠,跖,zhí,zhi,2,ㄓ
颅,顱,颅,lú,lu,2,ㄌㄨ
诏,詔,诏,zhào,zhao,4,ㄓㄠ
䆽,䆽,䆽,jù,ju,4,ㄐㄩ
絢,絢,绚,xuàn,xuan,4,ㄒㄩㄢ
牬,牬,牬,bèi,bei,4,ㄅㄟ
縁,縁,縁,yuán,yuan,2,ㄩㄢ
䀝,䀝,䀝,䀝,䀝,,
桅,桅,桅,wéi,wei,2,ㄨㄟ
患,患,患,huàn,huan,4,ㄏㄨㄢ
謃,謃,謃,謃,謃,,
䴶,䴶,䴶,péng,peng,2,ㄆㄥ
酊,酊,酊,dǐng,ding,3,ㄉㄧㄥ
霭,靄,霭,ǎi,ai,3,ㄞ
殑,殑,殑,qíng,qing,2,ㄑㄧㄥ
頹,頹,颓,túi,tui,2,ㄊㄨㄟ
壧,壧,壧,yán,yan,2,ㄧㄢ
草,草,草,cǎo,cao,3,ㄘㄠ
岌,岌,岌,jí,ji,2,ㄐㄧ
违,違,违,wéi,wei,2,ㄨㄟ
遍,遍,遍,biàn,bian,4,ㄅㄧㄢ
屙,屙,疴,ē,e,1,ㄜ
縆,縆,縆,gēng,geng,1,ㄍㄥ
㒰,㒰,㒰,quán,quan,2,ㄑㄩㄢ
龉,齬,龉,yǔ,yu,3,ㄩ
桲,桲,桲,bó,bo,2,ㄅㄛ
㬥,㬥,㬥,pù,pu,4,ㄆㄨ
齽,齽,齽,jìn,jin,4,ㄐㄧㄣ
脒,脒,脒,mǐ,mi,3,ㄇㄧ
诩,詡,诩,xǔ,xu,3,ㄒㄩ
姇,姇,姇,fū,fu,1,ㄈㄨ
㙉,㙉,㙉,tiǎn,tian,3,ㄊㄧㄢ
䖑,䖑,䖑,mì,mi,4,ㄇㄧ
霯,霯,霯,dèng,deng,4,ㄉㄥ
鿘,鿘,鿘,鿘,鿘,,
矒,矒,矒,méng,meng,2,ㄇㄥ
齖,齖,齖,yá,ya,2,ㄧㄚ
䑓,䑓,䑓,tái,tai,2,ㄊㄞ
䓵,䓵,䓵,䓵,䓵,,
慯,慯,慯,shāng,shang,1,ㄕㄤ
膒,膒,膒,膒,膒,,
崹,崹,崹,tí,ti,2,ㄊㄧ
濐,濐,濐,zhǔ,zhu,3,ㄓㄨ
䏒,䏒,䏒,piàn,pian,4,ㄆㄧㄢ
觟,觟,觟,huà,hua,4,ㄏㄨㄚ
攘,攘,攘,ràng,rang,4,ㄖㄤ
溦,溦,溦,wéi,wei,2,ㄨㄟ
蛶,蛶,蛶,liè,lie,4,ㄌㄧㄝ
䑺,䑺,䑺,䑺,䑺,,
䪳,䪳,䪳,yǔn,yun,3,ㄩㄣ
䯿,䯿,䯿,zú,zu,2,ㄗㄨ
非,非,非,fēi,fei,1,ㄈㄟ
䑿,䑿,䑿,sù,su,4,ㄙㄨ
玠,玠,玠,jiè,jie,4,ㄐㄧㄝ
䶉,䶉,䶉,líu,liu,2,ㄌㄧㄡ
绘,繪,绘,hùi,hui,4,ㄏㄨㄟ
㔱,㔱,㔱,yǔ,yu,3,ㄩ
搂,摟,搂,lǒu,lou,3,ㄌㄡ
烺,烺,烺,lǎng,lang,3,ㄌㄤ
瑸,瑸,瑸,bīn,bin,1,ㄅㄧㄣ
瞵,瞵,瞵,lín,lin,2,ㄌㄧㄣ
岝,岝,岝,zuò,zuo,4,ㄗㄨㄛ
呌,呌,呌,jiào,jiao,4,ㄐㄧㄠ
脝,脝,脝,hēng,heng,1,ㄏㄥ
縜,縜,縜,yún,yun,2,ㄩㄣ
拠,拠,拠,jù,ju,4,ㄐㄩ
聪,聰,聪,cōng,cong,1,ㄘㄨㄥ
穃,穃,穃,穃,穃,,
郱,郱,郱,píng,ping,2,ㄆㄧㄥ
衏,衏,衏,yuàn,yuan,4,ㄩㄢ
翦,翦,翦,jiǎn,jian,3,ㄐㄧㄢ
僯,僯,僯,lǐn,lin,3,ㄌㄧㄣ
朦,朦,朦,méng,meng,2,ㄇㄥ
榫,榫,榫,sǔn,sun,3,ㄙㄨㄣ
㜹,㜹,㜹,qú,qu,2,ㄑㄩ
䧃,䧃,䧃,diàn,dian,4,ㄉㄧㄢ
皓,皓,皓,hào,hao,4,ㄏㄠ
啄,啄,啄,zhuó,zhuo,2,ㄓㄨㄛ
竡,竡,竡,竡,竡,,
㿕,㿕,㿕,yán,yan,2,ㄧㄢ
倗,倗,倗,péng,peng,2,ㄆㄥ
筆,筆,笔,bǐ,bi,3,ㄅㄧ
䁲,䁲,䁲,mái,mai,2,ㄇㄞ
鹼,鹼,硷,jiǎn,jian,3,ㄐㄧㄢ
觮,觮,觮,lù,lu,4,ㄌㄨ
嵐,嵐,岚,lán,lan,2,ㄌㄢ
徧,徧,徧,biàn,bian,4,ㄅㄧㄢ
扜,扜,扜,yū,yu,1,ㄩ
㚘,㚘,㚘,bàn,ban,4,ㄅㄢ
潞,潞,潞,lù,lu,4,ㄌㄨ
䏜,䏜,䏜,䏜,䏜,,
䆩,䆩,䆩,míng,ming,2,ㄇㄧㄥ
巅,巔,巅,diān,dian,1,ㄉㄧㄢ
纡,紆,纡,yū,yu,1,ㄩ
煋,煋,煋,xīng,xing,1,ㄒㄧㄥ
隙,隙,隙,xì,xi,4,ㄒㄧ
殁,歿,殁,mò,mo,4,ㄇㄛ
骴,骴,骴,chī,chi,1,ㄔ
挓,挓,挓,zhā,zha,1,ㄓㄚ
沜,沜,沜,pàn,pan,4,ㄆㄢ
笗,笗,笗,dōng,dong,1,ㄉㄨㄥ
瞜,瞜,䁖,lōu,lou,1,ㄌㄡ
蟡,蟡,蟡,gǔi,gui,3,ㄍㄨㄟ
莗,莗,莗,chē,che,1,ㄔㄜ
创,創,创,chuàng,chuang,4,ㄔㄨㄤ
珛,珛,珛,xìu,xiu,4,ㄒㄧㄡ
商,商,商,shāng,shang,1,ㄕㄤ
搒,搒,搒,bèng,beng,4,ㄅㄥ
魞,魞,魞,魞,魞,,
閴,閴,閴,qù,qu,4,ㄑㄩ
䔖,䔖,䔖,líng,ling,2,ㄌㄧㄥ
艗,艗,艗,yì,yi,4,ㄧ
择,擇,择,zé,ze,2,ㄗㄜ
㜒,㜒,㜒,yì,yi,4,ㄧ
㔖,㔖,㔖,㔖,㔖,,
丗,丗,丗,shì,shi,4,ㄕ
玁,玁,玁,xiǎn,xian,3,ㄒㄧㄢ
汴,汴,汴,biàn,bian,4,ㄅㄧㄢ
㯠,㯠,㯠,qiàn,qian,4,ㄑㄧㄢ
堧,堧,堧,ruán,ruan,2,ㄖㄨㄢ
慼,慼,慼,qī,qi,1,ㄑㄧ
諰,諰,諰,xǐ,xi,3,ㄒㄧ
厜,厜,厜,zūi,zui,1,ㄗㄨㄟ
㙅,㙅,㙅,bǎo,bao,3,ㄅㄠ
襥,襥,襥,pú,pu,2,ㄆㄨ
㰖,㰖,㰖,lǎn,lan,3,ㄌㄢ
㧰,㧰,㧰,lì,li,4,ㄌㄧ
諹,諹,諹,yáng,yang,2,ㄧㄤ
㑱,㑱,㑱,rǎo,rao,3,ㄖㄠ
韩,韓,韩,hán,han,2,ㄏㄢ
谒,謁,谒,yè,ye,4,ㄧㄝ
駄,駄,駄,tuó,tuo,2,ㄊㄨㄛ
悢,悢,悢,liàng,liang,4,ㄌㄧㄤ
䉈,䉈,䉈,sǎn,san,3,ㄙㄢ
陓,陓,陓,yū,yu,1,ㄩ
䅨,䅨,䅨,䅨,䅨,,
奙,奙,奙,běn,ben,3,ㄅㄣ
亦,亦,亦,yì,yi,4,ㄧ
实,實,实,shí,shi,2,ㄕ
辎,輜,辎,zī,zi,1,ㄗ
勩,勩,勚,yì,yi,4,ㄧ
㚈,㚈,㚈,㚈,㚈,,
瑵,瑵,瑵,zhǎo,zhao,3,ㄓㄠ
詳,詳,详,xiáng,xiang,2,ㄒㄧㄤ
圻,圻,圻,qí,qi,2,ㄑㄧ
㹡,㹡,㹡,xuán,xuan,2,ㄒㄩㄢ
骱,骱,骱,xiè,xie,4,ㄒㄧㄝ
䋣,䋣,䋣,fán,fan,2,ㄈㄢ
墮,墮,堕,duò,duo,4,ㄉㄨㄛ
簚,簚,簚,mì,mi,4,ㄇㄧ
誕,誕,诞,dàn,dan,4,ㄉㄢ
观,觀,观,guān,guan,1,ㄍㄨㄢ
䊑,䊑,䊑,xiǎng,xiang,3,ㄒㄧㄤ
㚩,㚩,㚩,rǎn,ran,3,ㄖㄢ
韟,韟,韟,韟,韟,,
古,古,古,gǔ,gu,3,ㄍㄨ
䂴,䂴,䂴,yán,yan,2,ㄧㄢ
媮,媮,媮,tōu,tou,1,ㄊㄡ
掴,摑,掴,guó,guo,2,ㄍㄨㄛ
䗽,䗽,䗽,wèi,wei,4,ㄨㄟ
澂,澂,澂,chéng,cheng,2,ㄔㄥ
杚,杚,杚,gǔ,gu,3,ㄍㄨ
齒,齒,齿,chǐ,chi,3,ㄔ
㤪,㤪,㤪,yuàn,yuan,4,ㄩㄢ
肨,肨,肨,pàng,pang,4,ㄆㄤ
謬,謬,谬,mìu,miu,4,ㄇㄧㄡ
㴂,㴂,㴂,㴂,㴂,,
賄,賄,贿,hùi,hui,4,ㄏㄨㄟ
锔,鋦,锔,jú,ju,2,ㄐㄩ
䗵,䗵,䗵,䗵,䗵,,
扚,扚,扚,diāo,diao,1,ㄉㄧㄠ
鄨,鄨,鄨,bì,bi,4,ㄅㄧ
莩,莩,莩,fú,fu,2,ㄈㄨ
烶,烶,烶,tǐng,ting,3,ㄊㄧㄥ
熎,熎,熎,yào,yao,4,ㄧㄠ
惤,惤,惤,jiān,jian,1,ㄐㄧㄢ
辒,轀,辒,wēn,wen,1,ㄨㄣ
頺,頺,頺,túi,tui,2,ㄊㄨㄟ
鿤,鿤,鿤,鿤,鿤,,
唳,唳,唳,lì,li,4,ㄌㄧ
㵿,㵿,㵿,xí,xi,2,ㄒㄧ
氉,氉,氉,sào,sao,4,ㄙㄠ
粤,粵,粤,yuè,yue,4,ㄩㄝ
媡,媡,媡,liàn,lian,4,ㄌㄧㄢ
蔳,蔳,蔳,qiàn,qian,4,ㄑㄧㄢ
䱇,䱇,䱇,shàn,shan,4,ㄕㄢ
㢜,㢜,㢜,㢜,㢜,,
硣,硣,硣,xiāo,xiao,1,ㄒㄧㄠ
覆,覆,覆,fù,fu,4,ㄈㄨ
毤,毤,毤,tuò,tuo,4,ㄊㄨㄛ
䖶,䖶,䖶,䖶,䖶,,
躼,躼,躼,躼,躼,,
姐,姐,姐,jiě,jie,3,ㄐㄧㄝ
貳,貳,贰,èr,er,4,ㄦ
緼,緼,緼,yūn,yun,1,ㄩㄣ
頝,頝,頝,qiāo,qiao,1,ㄑㄧㄠ
㬬,㬬,㬬,jù,ju,4,ㄐㄩ
㨁,㨁,㨁,zhí,zhi,2,ㄓ
䏎,䏎,䏎,féng,feng,2,ㄈㄥ
䌏,䌏,䌏,mì,mi,4,ㄇㄧ
絶,絶,絶,jué,jue,2,ㄐㄩㄝ
㢾,㢾,㢾,juàn,juan,4,ㄐㄩㄢ
擠,擠,挤,jǐ,ji,3,ㄐㄧ
沿,沿,沿,yán,yan,2,ㄧㄢ
倇,倇,倇,wǎn,wan,3,ㄨㄢ
判,判,判,pàn,pan,4,ㄆㄢ
䯫,䯫,䯫,hào,hao,4,ㄏㄠ
迳,逕,迳,jìng,jing,4,ㄐㄧㄥ
嵛,崳,嵛,yú,yu,2,ㄩ
厵,厵,厵,yuán,yuan,2,ㄩㄢ
啅,啅,啅,zhuó,zhuo,2,ㄓㄨㄛ
䉄,䉄,䉄,léng,leng,2,ㄌㄥ
爹,爹,爹,diē,die,1,ㄉㄧㄝ
压,壓,压,yā,ya,1,ㄧㄚ
磙,磙,磙,gǔn,gun,3,ㄍㄨㄣ
㫹,㫹,㫹,dài,dai,4,ㄉㄞ
杊,杊,杊,xún,xun,2,ㄒㄩㄣ
袡,袡,袡,rán,ran,2,ㄖㄢ
喎,喎,㖞,wāi,wai,1,ㄨㄞ
湜,湜,湜,shí,shi,2,ㄕ
䅇,䅇,䅇,sù,su,4,ㄙㄨ
栂,栂,栂,méi,mei,2,ㄇㄟ
湾,灣,湾,wān,wan,1,ㄨㄢ
纊,纊,纩,kuàng,kuang,4,ㄎㄨㄤ
污,汙,污,wū,wu,1,ㄨ
䤅,䤅,䤅,tú,tu,2,ㄊㄨ
犑,犑,犑,jú,ju,2,ㄐㄩ
矞,矞,矞,yù,yu,4,ㄩ
椯,椯,椯,duó,duo,2,ㄉㄨㄛ
麆,麆,麆,zhù,zhu,4,ㄓㄨ
掤,掤,掤,bīng,bing,1,ㄅㄧㄥ
簔,簔,簔,suō,suo,1,ㄙㄨㄛ
䯕,䯕,䯕,䯕,䯕,,
瓱,瓱,瓱,瓱,瓱,,
朝,朝,朝,zhāo,zhao,1,ㄓㄠ
醄,醄,醄,táo,tao,2,ㄊㄠ
㫓,㫓,㫓,qǐ,qi,3,ㄑㄧ
䥒,䥒,䥒,chóu,chou,2,ㄔㄡ
渊,淵,渊,yuān,yuan,1,ㄩㄢ
賯,賯,賯,xiōng,xiong,1,ㄒㄩㄥ
腊,臘,腊,là,la,4,ㄌㄚ
价,價,价,jià,jia,4,ㄐㄧㄚ
啒,啒,啒,hū,hu,1,ㄏㄨ
㦭,㦭,㦭,líng,ling,2,ㄌㄧㄥ
縞,縞,缟,gǎo,gao,3,ㄍㄠ
呫,呫,呫,tiē,tie,1,ㄊㄧㄝ
佻,佻,佻,tiāo,tiao,1,ㄊㄧㄠ
箨,籜,箨,tuò,tuo,4,ㄊㄨㄛ
骔,騌,骔,zōng,zong,1,ㄗㄨㄥ
䄛,䄛,䄛,lóu,lou,2,ㄌㄡ
䈝,䈝,䈝,䈝,䈝,,
賙,賙,赒,zhōu,zhou,1,ㄓㄡ
梟,梟,枭,xiāo,xiao,1,ㄒㄧㄠ
萍,萍,萍,píng,ping,2,ㄆㄧㄥ
配,配,配,pèi,pei,4,ㄆㄟ
䯴,䯴,䯴,cháng,chang,2,ㄔㄤ
邁,邁,迈,mài,mai,4,ㄇㄞ
敭,敭,敭,yáng,yang,2,ㄧㄤ
博,博,博,bó,bo,2,ㄅㄛ
乓,乓,乓,pāng,pang,1,ㄆㄤ
䯑,䯑,䯑,䯑,䯑,,
懪,懪,懪,bó,bo,2,ㄅㄛ
嶭,嶭,嶭,è,e,4,ㄜ
麁,麁,麁,cū,cu,1,ㄘㄨ
㲖,㲖,㲖,㲖,㲖,,
婽,婽,婽,jiǎ,jia,3,ㄐㄧㄚ
侞,侞,侞,rǔ,ru,3,ㄖㄨ
頡,頡,颉,jié,jie,2,ㄐㄧㄝ
攱,攱,攱,gǔi,gui,3,ㄍㄨㄟ
轿,轎,轿,jiào,jiao,4,ㄐㄧㄠ
㹉,㹉,㹉,yuán,yuan,2,ㄩㄢ
醅,醅,醅,pēi,pei,1,ㄆㄟ
䴕,鴷,䴕,liè,lie,4,ㄌㄧㄝ
鯰,鯰,鲶,nián,nian,2,ㄋㄧㄢ
恤,恤,恤,xù,xu,4,ㄒㄩ
樎,樎,樎,suō,suo,1,ㄙㄨㄛ
窚,窚,窚,chéng,cheng,2,ㄔㄥ
癗,癗,癗,lěi,lei,3,ㄌㄟ
使,使,使,shǐ,shi,3,ㄕ
緓,緓,绬,yīng,ying,1,ㄧㄥ
苾,苾,苾,bì,bi,4,ㄅㄧ
㲠,㲠,㲠,máo,mao,2,ㄇㄠ
錺,錺,錺,錺,錺,,
锌,鋅,锌,xīn,xin,1,ㄒㄧㄣ
裄,裄,裄,裄,裄,,
黅,黅,黅,jīn,jin,1,ㄐㄧㄣ
㭦,㭦,㭦,㭦,㭦,,
㾫,㾫,㾫,㾫,㾫,,
髠,髠,髠,kūn,kun,1,ㄎㄨㄣ
娯,娯,娯,yú,yu,2,ㄩ
皋,皋,皋,gāo,gao,1,ㄍㄠ
茴,茴,茴,húi,hui,2,ㄏㄨㄟ
䡏,䡏,䡏,hóng,hong,2,ㄏㄨㄥ
䖄,䖄,䖄,rán,ran,2,ㄖㄢ
镌,鎸,镌,juān,juan,1,ㄐㄩㄢ
鰥,鰥,鳏,guān,guan,1,ㄍㄨㄢ
巒,巒,峦,luán,luan,2,ㄌㄨㄢ
囓,囓,囓,niè,nie,4,ㄋㄧㄝ
鸕,鸕,鸬,lú,lu,2,ㄌㄨ
碾,碾,碾,niǎn,nian,3,ㄋㄧㄢ
扆,扆,扆,yǐ,yi,3,ㄧ
钦,欽,钦,qīn,qin,1,ㄑㄧㄣ
萢,萢,萢,萢,萢,,
㯍,㯍,㯍,jiǎng,jiang,3,ㄐㄧㄤ
芃,芃,芃,péng,peng,2,ㄆㄥ
畢,畢,毕,bì,bi,4,ㄅㄧ
㸎,㸎,㸎,niè,nie,4,ㄋㄧㄝ
艼,艼,艼,tīng,ting,1,ㄊㄧㄥ
榡,榡,榡,sù,su,4,ㄙㄨ
枼,枼,枼,yè,ye,4,ㄧㄝ
㪟,㪟,㪟,㪟,㪟,,
抽,抽,抽,chōu,chou,1,ㄔㄡ
䦌,䦌,䦌,chù,chu,4,ㄔㄨ
斮,斮,斮,zhuó,zhuo,2,ㄓㄨㄛ
醿,醿,醿,mí,mi,2,ㄇㄧ
頄,頄,頄,kúi,kui,2,ㄎㄨㄟ
嘩,嘩,哗,huā,hua,1,ㄏㄨㄚ
膴,膴,膴,hū,hu,1,ㄏㄨ
瘻,瘻,瘘,lv́,lu,2,ㄌㄨ
䔱,䔱,䔱,䔱,䔱,,
潳,潳,潳,tú,tu,2,ㄊㄨ
㦢,㦢,㦢,jié,jie,2,ㄐㄧㄝ
吙,吙,吙,xuē,xue,1,ㄒㄩㄝ
妷,妷,妷,zhí,zhi,2,ㄓ
堝,堝,埚,guō,guo,1,ㄍㄨㄛ
珲,琿,珲,hún,hun,2,ㄏㄨㄣ
崼,崼,崼,shì,shi,4,ㄕ
㐎,㐎,㐎,㐎,㐎,,
萡,萡,萡,萡,萡,,
撖,撖,撖,qiǎn,qian,3,ㄑㄧㄢ
堷,堷,堷,yìn,yin,4,ㄧㄣ
䔔,䔔,䔔,jìng,jing,4,ㄐㄧㄥ
癈,癈,癈,fèi,fei,4,ㄈㄟ
絊,絊,絊,zùi,zui,4,ㄗㄨㄟ
㴚,㴚,㴚,sùi,sui,4,ㄙㄨㄟ
㠜,㠜,㠜,nì,ni,4,ㄋㄧ
稚,稚,稚,zhì,zhi,4,ㄓ
囀,囀,啭,zhuàn,zhuan,4,ㄓㄨㄢ
筴,筴,筴,cè,ce,4,ㄘㄜ
硨,硨,砗,chē,che,1,ㄔㄜ
董,董,董,dǒng,dong,3,ㄉㄨㄥ
桦,樺,桦,huà,hua,4,ㄏㄨㄚ
理,理,理,lǐ,li,3,ㄌㄧ
站,站,站,zhàn,zhan,4,ㄓㄢ
鈆,鈆,鈆,yán,yan,2,ㄧㄢ
脽,脽,脽,zhōu,zhou,1,ㄓㄡ
攧,攧,攧,diān,dian,1,ㄉㄧㄢ
莪,莪,莪,é,e,2,ㄜ
襁,繈,襁,jiǎng,jiang,3,ㄐㄧㄤ
䀃,䀃,䀃,túi,tui,2,ㄊㄨㄟ
叒,叒,叒,ruò,ruo,4,ㄖㄨㄛ
㸔,㸔,㸔,㸔,㸔,,
驀,驀,蓦,mò,mo,4,ㄇㄛ
柷,柷,柷,zhù,zhu,4,ㄓㄨ
嗀,嗀,嗀,huò,huo,4,ㄏㄨㄛ
窹,窹,窹,wù,wu,4,ㄨ
䏱,䏱,䏱,jú,ju,2,ㄐㄩ
鱑,鱑,鱑,huáng,huang,2,ㄏㄨㄤ
䱣,䱣,䱣,zú,zu,2,ㄗㄨ
皆,皆,皆,jiē,jie,1,ㄐㄧㄝ
㑝,㑝,㑝,lòng,long,4,ㄌㄨㄥ
鼛,鼛,鼛,gāo,gao,1,ㄍㄠ
葅,葅,葅,jū,ju,1,ㄐㄩ
鉘,鉘,鉘,fú,fu,2,ㄈㄨ
龨,龨,龨,龨,龨,,
䛠,䛠,䛠,dòu,dou,4,ㄉㄡ
蒾,蒾,蒾,mí,mi,2,ㄇㄧ
陭,陭,陭,yī,yi,1,ㄧ
樏,樏,樏,lěi,lei,3,ㄌㄟ
㼒,㼒,㼒,qǐu,qiu,3,ㄑㄧㄡ
叆,靉,叆,ài,ai,4,ㄞ
維,維,维,wéi,wei,2,ㄨㄟ
螸,螸,螸,yú,yu,2,ㄩ
债,債,债,zhài,zhai,4,ㄓㄞ
此,此,此,cǐ,ci,3,ㄘ
腗,腗,腗,pí,pi,2,ㄆㄧ
䥺,釾,䥺,yé,ye,2,ㄧㄝ
躋,躋,跻,jī,ji,1,ㄐㄧ
挗,挗,挗,jué,jue,2,ㄐㄩㄝ
㩞,㩞,㩞,cì,ci,4,ㄘ
籟,籟,籁,lài,lai,4,ㄌㄞ
殥,殥,殥,yín,yin,2,ㄧㄣ
霩,霩,霩,huò,huo,4,ㄏㄨㄛ
躄,躄,躄,bì,bi,4,ㄅㄧ
鈼,鈼,鈼,zuó,zuo,2,ㄗㄨㄛ
并,並,并,bìng,bing,4,ㄅㄧㄥ
蹂,蹂,蹂,róu,rou,2,ㄖㄡ
嬟,嬟,嬟,yì,yi,4,ㄧ
㪲,㪲,㪲,㪲,㪲,,
䔿,䔿,䔿,jiè,jie,4,ㄐㄧㄝ
蘠,蘠,蘠,qiáng,qiang,2,ㄑㄧㄤ
緭,緭,緭,wèi,wei,4,ㄨㄟ
溚,溚,溚,dá,da,2,ㄉㄚ
誱,誱,誱,jié,jie,2,ㄐㄧㄝ
鄷,鄷,鄷,fēng,feng,1,ㄈㄥ
謁,謁,谒,yè,ye,4,ㄧㄝ
禝,禝,禝,jí,ji,2,ㄐㄧ
魺,魺,鲄,hé,he,2,ㄏㄜ
暦,暦,暦,lì,li,4,ㄌㄧ
警,警,警,jǐng,jing,3,ㄐㄧㄥ
鏗,鏗,铿,kēng,keng,1,ㄎㄥ
賳,賳,賳,zāi,zai,1,ㄗㄞ
䫾,䫾,䫾,bì,bi,4,ㄅㄧ
嵁,嵁,嵁,kān,kan,1,ㄎㄢ
慏,慏,慏,mǐng,ming,3,ㄇㄧㄥ
紘,紘,纮,hóng,hong,2,ㄏㄨㄥ
昳,昳,昳,dié,die,2,ㄉㄧㄝ
鉏,鉏,鉏,chú,chu,2,ㄔㄨ
䠰,䠰,䠰,quán,quan,2,ㄑㄩㄢ
妰,妰,妰,zhuó,zhuo,2,ㄓㄨㄛ
恝,恝,恝,jiá,jia,2,ㄐㄧㄚ
壝,壝,壝,wéi,wei,2,ㄨㄟ
碕,碕,碕,qí,qi,2,ㄑㄧ
勅,勅,勅,chì,chi,4,ㄔ
㟵,㟵,㟵,gǎng,gang,3,ㄍㄤ
珥,珥,珥,ěr,er,3,ㄦ
耳,耳,耳,ěr,er,3,ㄦ
鋭,鋭,鋭,rùi,rui,4,ㄖㄨㄟ
粜,糶,粜,tiào,tiao,4,ㄊㄧㄠ
㨟,㨟,㨟,hái,hai,2,ㄏㄞ
䩩,䩩,䩩,yuǎn,yuan,3,ㄩㄢ
苑,苑,苑,yuàn,yuan,4,ㄩㄢ
㣤,㣤,㣤,jiàn,jian,4,ㄐㄧㄢ
䝝,䝝,䝝,yǐ,yi,3,ㄧ
鴠,鴠,鴠,dàn,dan,4,ㄉㄢ
輞,輞,辋,wǎng,wang,3,ㄨㄤ
叜,叜,叜,sǒu,sou,3,ㄙㄡ
縥,縥,縥,zhěn,zhen,3,ㄓㄣ
䯘,䯘,䯘,huàn,huan,4,ㄏㄨㄢ
田,田,田,tián,tian,2,ㄊㄧㄢ
靻,靻,靻,zǔ,zu,3,ㄗㄨ
鳯,鳯,鳯,fèng,feng,4,ㄈㄥ
滠,灄,滠,shè,she,4,ㄕㄜ
鮡,鮡,鮡,tiāo,tiao,1,ㄊㄧㄠ
叱,叱,叱,chì,chi,4,ㄔ
㐮,㐮,㐮,xiāng,xiang,1,ㄒㄧㄤ
諞,諞,谝,piǎn,pian,3,ㄆㄧㄢ
缃,緗,缃,xiāng,xiang,1,ㄒㄧㄤ
䋃,䋃,䋃,mào,mao,4,ㄇㄠ
鴙,鴙,鴙,zhì,zhi,4,ㄓ
䦯,䦯,䦯,zhì,zhi,4,ㄓ
丟,丟,丢,dīu,diu,1,ㄉㄧㄡ
吼,吼,吼,hǒu,hou,3,ㄏㄡ
牰,牰,牰,yòu,you,4,ㄧㄡ
镻,镻,镻,dié,die,2,ㄉㄧㄝ
寢,寢,寝,qǐn,qin,3,ㄑㄧㄣ
檢,檢,检,jiǎn,jian,3,ㄐㄧㄢ
恓,恓,恓,xī,xi,1,ㄒㄧ
薋,薋,薋,cī,ci,1,ㄘ
眗,眗,眗,jū,ju,1,ㄐㄩ
蟠,蟠,蟠,pán,pan,2,ㄆㄢ
徇,徇,徇,xùn,xun,4,ㄒㄩㄣ
敔,敔,敔,yǔ,yu,3,ㄩ
肱,肱,肱,gōng,gong,1,ㄍㄨㄥ
凮,凮,凮,fēng,feng,1,ㄈㄥ
屐,屐,屐,jī,ji,1,ㄐㄧ
傕,傕,傕,jué,jue,2,ㄐㄩㄝ
腢,腢,腢,ǒu,ou,3,ㄡ
顟,顟,顟,liáo,liao,2,ㄌㄧㄠ
㕐,㕐,㕐,xiě,xie,3,ㄒㄧㄝ
䡀,䡀,䡀,zhǎn,zhan,3,ㄓㄢ
徼,徼,徼,jiào,jiao,4,ㄐㄧㄠ
䎃,䎃,䎃,rǎn,ran,3,ㄖㄢ
疐,疐,疐,zhì,zhi,4,ㄓ
抲,抲,抲,hē,he,1,ㄏㄜ
蔽,蔽,蔽,bì,bi,4,ㄅㄧ
葸,葸,葸,xǐ,xi,3,ㄒㄧ
㼥,㼥,㼥,chú,chu,2,ㄔㄨ
她,她,她,tā,ta,1,ㄊㄚ
闀,闀,闀,xiàng,xiang,4,ㄒㄧㄤ
㞒,㞒,㞒,xì,xi,4,ㄒㄧ
洴,洴,洴,píng,ping,2,ㄆㄧㄥ
濣,濣,濣,wò,wo,4,ㄨㄛ
嬯,嬯,嬯,tái,tai,2,ㄊㄞ
赳,赳,赳,jǐu,jiu,3,ㄐㄧㄡ
续,續,续,xù,xu,4,ㄒㄩ
噚,噚,噚,xún,xun,2,ㄒㄩㄣ
獈,獈,獈,yì,yi,4,ㄧ
壭,壭,壭,壭,壭,,
緩,緩,缓,huǎn,huan,3,ㄏㄨㄢ
㫅,㫅,㫅,chá,cha,2,ㄔㄚ
本,本,本,běn,ben,3,ㄅㄣ
䞢,䞢,䞢,zhà,zha,4,ㄓㄚ
県,県,県,xiàn,xian,4,ㄒㄧㄢ
纰,紕,纰,pí,pi,2,ㄆㄧ
罩,罩,罩,zhào,zhao,4,ㄓㄠ
樻,樻,樻,kùi,kui,4,ㄎㄨㄟ
杰,傑,杰,jié,jie,2,ㄐㄧㄝ
飤,飤,飤,sì,si,4,ㄙ
晰,晰,晰,xī,xi,1,ㄒㄧ
痶,痶,痶,diǎn,dian,3,ㄉㄧㄢ
葕,葕,葕,yán,yan,2,ㄧㄢ
顮,顮,顮,bīn,bin,1,ㄅㄧㄣ
㡾,㡾,㡾,xiàn,xian,4,ㄒㄧㄢ
憸,憸,憸,xiān,xian,1,ㄒㄧㄢ
㺹,㺹,㺹,biàn,bian,4,ㄅㄧㄢ
䧅,䧅,䧅,tì,ti,4,ㄊㄧ
簓,簓,簓,簓,簓,,
㧩,㧩,㧩,pèi,pei,4,ㄆㄟ
䪧,䪧,䪧,chí,chi,2,ㄔ
弖,弖,弖,hù,hu,4,ㄏㄨ
䥑,䥑,䥑,wàn,wan,4,ㄨㄢ
爙,爙,爙,rǎng,rang,3,ㄖㄤ
貲,貲,赀,zī,zi,1,ㄗ
䤿,䤿,䤿,qiè,qie,4,ㄑㄧㄝ
䌺,䌺,䌺,ěr,er,3,ㄦ
搴,搴,搴,qiān,qian,1,ㄑㄧㄢ
悭,慳,悭,qiān,qian,1,ㄑㄧㄢ
锗,鍺,锗,duǒ,duo,3,ㄉㄨㄛ
辡,辡,辡,biàn,bian,4,ㄅㄧㄢ
礴,礴,礴,bó,bo,2,ㄅㄛ
㭫,㭫,㭫,cuán,cuan,2,ㄘㄨㄢ
纇,纇,颣,lèi,lei,4,ㄌㄟ
霪,霪,霪,yín,yin,2,ㄧㄣ
聵,聵,聩,kùi,kui,4,ㄎㄨㄟ
䤴,䤴,䤴,hán,han,2,ㄏㄢ
郇,郇,郇,xún,xun,2,ㄒㄩㄣ
䪊,䪊,䪊,lóng,long,2,ㄌㄨㄥ
榖,榖,谷,gǔ,gu,3,ㄍㄨ
㜮,㜮,㜮,làn,lan,4,ㄌㄢ
慆,慆,慆,tāo,tao,1,ㄊㄠ
俇,俇,俇,kuǎng,kuang,3,ㄎㄨㄤ
槣,槣,槣,qǐ,qi,3,ㄑㄧ
藸,藸,藸,chú,chu,2,ㄔㄨ
㼶,㼶,㼶,yú,yu,2,ㄩ
鹨,鷚,鹨,liáo,liao,2,ㄌㄧㄠ
粐,粐,粐,粐,粐,,
做,做,做,zuò,zuo,4,ㄗㄨㄛ
㳚,㳚,㳚,yù,yu,4,ㄩ
拃,拃,拃,zhǎn,zhan,3,ㄓㄢ
拚,拚,拚,pàn,pan,4,ㄆㄢ
䲯,䲯,䲯,jí,ji,2,ㄐㄧ
䭑,䭑,䭑,lián,lian,2,ㄌㄧㄢ
遀,遀,遀,súi,sui,2,ㄙㄨㄟ
邍,邍,邍,yuán,yuan,2,ㄩㄢ
靆,靆,叇,dài,dai,4,ㄉㄞ
栢,栢,栢,bó,bo,2,ㄅㄛ
䣞,䣞,䣞,è,e,4,ㄜ
盄,盄,盄,zhāo,zhao,1,ㄓㄠ
酏,酏,酏,yí,yi,2,ㄧ
辥,辥,辥,xuē,xue,1,ㄒㄩㄝ
挑,挑,挑,tiāo,tiao,1,ㄊㄧㄠ
㵃,㵃,㵃,chè,che,4,ㄔㄜ
鿲,鿲,鿲,鿲,鿲,,
㧑,㧑,㧑,wéi,wei,2,ㄨㄟ
蝤,蝤,蝤,qíu,qiu,2,ㄑㄧㄡ
鳺,鳺,鳺,fū,fu,1,ㄈㄨ
㗔,㗔,㗔,㗔,㗔,,
词,詞,词,cí,ci,2,ㄘ
䱿,䱿,䱿,chàn,chan,4,ㄔㄢ
贓,贓,赃,zāng,zang,1,ㄗㄤ
䴃,䴃,䴃,náo,nao,2,ㄋㄠ
嫛,嫛,嫛,yī,yi,1,ㄧ
湐,湐,湐,mò,mo,4,ㄇㄛ
姅,姅,姅,bàn,ban,4,ㄅㄢ
振,振,振,zhèn,zhen,4,ㄓㄣ
溎,溎,溎,gùi,gui,4,ㄍㄨㄟ
䳐,䳐,䳐,cì,ci,4,ㄘ
钜,钜,鉅,jù,ju,4,ㄐㄩ
靵,靵,靵,nǐu,niu,3,ㄋㄧㄡ
馇,餷,馇,chā,cha,1,ㄔㄚ
桝,桝,桝,桝,桝,,
䡃,䡃,䡃,lì,li,4,ㄌㄧ
檱,檱,檱,qí,qi,2,ㄑㄧ
飾,飾,饰,shì,shi,4,ㄕ
䠼,䠼,䠼,diào,diao,4,ㄉㄧㄠ
鍢,鍢,鍢,fù,fu,4,ㄈㄨ
噶,噶,噶,gé,ge,2,ㄍㄜ
鯳,鯳,鯳,鯳,鯳,,
拸,拸,拸,chǐ,chi,3,ㄔ
蕮,蕮,蕮,xì,xi,4,ㄒㄧ
嫀,嫀,嫀,qín,qin,2,ㄑㄧㄣ
秞,秞,秞,yóu,you,2,ㄧㄡ
蒅,蒅,蒅,蒅,蒅,,
顦,顦,顦,qiáo,qiao,2,ㄑㄧㄠ
䖱,䖱,䖱,䖱,䖱,,
缑,緱,缑,gōu,gou,1,ㄍㄡ
潊,潊,潊,xù,xu,4,ㄒㄩ
篆,篆,篆,zhuàn,zhuan,4,ㄓㄨㄢ
㟨,㟨,㟨,quán,quan,2,ㄑㄩㄢ
穘,穘,穘,xiāo,xiao,1,ㄒㄧㄠ
刴,刴,刴,duò,duo,4,ㄉㄨㄛ
䘯,䘯,䘯,䘯,䘯,,
甮,甮,甮,fèng,feng,4,ㄈㄥ
鋋,鋋,鋋,chán,chan,2,ㄔㄢ
茒,茒,茒,茒,茒,,
妆,妝,妆,zhuāng,zhuang,1,ㄓㄨㄤ
逑,逑,逑,qíu,qiu,2,ㄑㄧㄡ
癁,癁,癁,fú,fu,2,ㄈㄨ
悮,悮,悮,wù,wu,4,ㄨ
㫉,㫉,㫉,㫉,㫉,,
蒔,蒔,莳,shí,shi,2,ㄕ
㻽,㻽,㻽,sùi,sui,4,ㄙㄨㄟ
擑,擑,擑,jiē,jie,1,ㄐㄧㄝ
䐌,䐌,䐌,tiǎn,tian,3,ㄊㄧㄢ
殾,殾,殾,jùn,jun,4,ㄐㄩㄣ
璹,璹,璹,shòu,shou,4,ㄕㄡ
枇,枇,枇,pí,pi,2,ㄆㄧ
锟,錕,锟,kūn,kun,1,ㄎㄨㄣ
㛎,㛎,㛎,㛎,㛎,,
虯,虯,虬,qíu,qiu,2,ㄑㄧㄡ
栱,栱,栱,gǒng,gong,3,ㄍㄨㄥ
箃,箃,箃,zōu,zou,1,ㄗㄡ
漅,漅,漅,jiǎo,jiao,3,ㄐㄧㄠ
䘥,䘥,䘥,xiá,xia,2,ㄒㄧㄚ
嬞,嬞,嬞,dǒng,dong,3,ㄉㄨㄥ
抾,抾,抾,qū,qu,1,ㄑㄩ
絵,絵,絵,hùi,hui,4,ㄏㄨㄟ
㾽,㾽,㾽,túi,tui,2,ㄊㄨㄟ
㰱,㰱,㰱,shà,sha,4,ㄕㄚ
瞉,瞉,瞉,kòu,kou,4,ㄎㄡ
杖,杖,杖,zhàng,zhang,4,ㄓㄤ
沥,瀝,沥,lì,li,4,ㄌㄧ
榈,櫚,榈,lv́,lu,2,ㄌㄨ
睝,睝,睝,lí,li,2,ㄌㄧ
煂,煂,煂,hè,he,4,ㄏㄜ
珤,珤,珤,bǎo,bao,3,ㄅㄠ
蘁,蘁,蘁,wù,wu,4,ㄨ
穝,穝,穝,穝,穝,,
䲂,䲂,䲂,xuán,xuan,2,ㄒㄩㄢ
班,班,班,bān,ban,1,ㄅㄢ
俜,俜,俜,pīng,ping,1,ㄆㄧㄥ
䭸,䭸,䭸,fù,fu,4,ㄈㄨ
癍,癍,癍,bān,ban,1,ㄅㄢ
䖓,䖓,䖓,nà,na,4,ㄋㄚ
仚,仚,仚,xiān,xian,1,ㄒㄧㄢ
磛,磛,磛,chán,chan,2,ㄔㄢ
帚,帚,帚,zhǒu,zhou,3,ㄓㄡ
雯,雯,雯,wén,wen,2,ㄨㄣ
㙜,㙜,㙜,chí,chi,2,ㄔ
䢵,䢵,䢵,yún,yun,2,ㄩㄣ
䋍,䋍,䋍,䋍,䋍,,
㙳,㙳,㙳,hǎn,han,3,ㄏㄢ
玄,玄,玄,xuán,xuan,2,ㄒㄩㄢ
苟,苟,苟,gǒu,gou,3,ㄍㄡ
筁,筁,筁,qǔ,qu,3,ㄑㄩ
忈,忈,忈,rén,ren,2,ㄖㄣ
禓,禓,禓,yáng,yang,2,ㄧㄤ
凗,凗,凗,cúi,cui,2,ㄘㄨㄟ
䍗,䍗,䍗,xuàn,xuan,4,ㄒㄩㄢ
㹊,㹊,㹊,yuè,yue,4,ㄩㄝ
駲,駲,駲,駲,駲,,
婰,婰,婰,diǎn,dian,3,ㄉㄧㄢ
㰰,㰰,㰰,qiè,qie,4,ㄑㄧㄝ
硆,硆,硆,è,e,4,ㄜ
䔵,䔵,䔵,䔵,䔵,,
槄,槄,槄,tāo,tao,1,ㄊㄠ
䧹,䧹,䧹,䧹,䧹,,
䂡,䂡,䂡,dǐ,di,3,ㄉㄧ
䩹,䩹,䩹,é,e,2,ㄜ
烌,烌,烌,xīu,xiu,1,ㄒㄧㄡ
㗚,㗚,㗚,lì,li,4,ㄌㄧ
淋,淋,淋,lín,lin,2,ㄌㄧㄣ
䚃,䚃,䚃,yóu,you,2,ㄧㄡ
芪,芪,芪,qí,qi,2,ㄑㄧ
㳔,㳔,㳔,dùi,dui,4,ㄉㄨㄟ
䄱,䄱,䄱,䄱,䄱,,
桹,桹,桹,láng,lang,2,ㄌㄤ
䭹,䭹,䭹,áng,ang,2,ㄤ
巳,巳,巳,sì,si,4,ㄙ
剨,剨,剨,huò,huo,4,ㄏㄨㄛ
栝,栝,栝,guā,gua,1,ㄍㄨㄚ
㔆,㔆,㔆,chán,chan,2,ㄔㄢ
烽,烽,烽,fēng,feng,1,ㄈㄥ
筊,筊,筊,jiǎo,jiao,3,ㄐㄧㄠ
輡,輡,輡,kǎn,kan,3,ㄎㄢ
椶,椶,椶,zōng,zong,1,ㄗㄨㄥ
罂,罌,罂,yīng,ying,1,ㄧㄥ
䊭,䊭,䊭,chóu,chou,2,ㄔㄡ
蠄,蠄,蠄,qín,qin,2,ㄑㄧㄣ
蕯,蕯,蕯,lóng,long,2,ㄌㄨㄥ
皷,皷,皷,gǔ,gu,3,ㄍㄨ
駮,駮,駮,bó,bo,2,ㄅㄛ
奚,奚,奚,xī,xi,1,ㄒㄧ
雓,雓,雓,yú,yu,2,ㄩ
䘋,䘋,䘋,䘋,䘋,,
䠇,䠇,䠇,jué,jue,2,ㄐㄩㄝ
珉,瑉,珉,mín,min,2,ㄇㄧㄣ
狔,狔,狔,nǐ,ni,3,ㄋㄧ
頧,頧,頧,dūi,dui,1,ㄉㄨㄟ
㱰,㱰,㱰,zǎi,zai,3,ㄗㄞ
焙,焙,焙,bèi,bei,4,ㄅㄟ
䌊,䌊,䌊,yáo,yao,2,ㄧㄠ
磨,磨,磨,mó,mo,2,ㄇㄛ
䨧,䨧,䨧,䨧,䨧,,
頁,頁,页,yè,ye,4,ㄧㄝ
嬁,嬁,嬁,dēng,deng,1,ㄉㄥ
擃,擃,擃,kuǒ,kuo,3,ㄎㄨㄛ
翲,翲,翲,piāo,piao,1,ㄆㄧㄠ
䔃,䔃,䔃,zǔ,zu,3,ㄗㄨ
涠,潿,涠,wéi,wei,2,ㄨㄟ
蓞,蓞,蓞,蓞,蓞,,
糁,糝,糁,sān,san,1,ㄙㄢ
跖,蹠,跖,zhí,zhi,2,ㄓ
焭,焭,焭,qióng,qiong,2,ㄑㄩㄥ
䐝,䐝,䐝,suǒ,suo,3,ㄙㄨㄛ
龺,龺,龺,龺,龺,,
棵,棵,棵,kē,ke,1,ㄎㄜ
黦,黦,黦,yù,yu,4,ㄩ
佥,僉,佥,qiān,qian,1,ㄑㄧㄢ
鳱,鳱,鳱,gān,gan,1,ㄍㄢ
䮟,䮟,䮟,sǒu,sou,3,ㄙㄡ
鴅,鴅,鴅,huān,huan,1,ㄏㄨㄢ
拝,拝,拝,bài,bai,4,ㄅㄞ
惬,愜,惬,qiè,qie,4,ㄑㄧㄝ
㳋,㳋,㳋,㳋,㳋,,
灒,灒,灒,zàn,zan,4,ㄗㄢ
悂,悂,悂,pī,pi,1,ㄆㄧ
域,域,域,yù,yu,4,ㄩ
舜,舜,舜,shùn,shun,4,ㄕㄨㄣ
讗,讗,讗,huò,huo,4,ㄏㄨㄛ
亶,亶,亶,dǎn,dan,3,ㄉㄢ
渳,渳,渳,mǐ,mi,3,ㄇㄧ
㣪,㣪,㣪,huǎn,huan,3,ㄏㄨㄢ
濊,濊,濊,hùi,hui,4,ㄏㄨㄟ
锫,錇,锫,póu,pou,2,ㄆㄡ
㹂,㹂,㹂,cì,ci,4,ㄘ
篞,篞,篞,niè,nie,4,ㄋㄧㄝ
颁,頒,颁,bān,ban,1,ㄅㄢ
駃,駃,駃,kuài,kuai,4,ㄎㄨㄞ
䜭,䜭,䜭,jùn,jun,4,ㄐㄩㄣ
㐦,㐦,㐦,㐦,㐦,,
鰶,鰶,鰶,jì,ji,4,ㄐㄧ
餪,餪,餪,nuǎn,nuan,3,ㄋㄨㄢ
蜈,蜈,蜈,wú,wu,2,ㄨ
拿,拿,拿,ná,na,2,ㄋㄚ
笝,笝,笝,nà,na,4,ㄋㄚ
胿,胿,胿,胿,胿,,
䩻,䩻,䩻,bà,ba,4,ㄅㄚ
㫞,㫞,㫞,㫞,㫞,,
䚚,䚚,䚚,xiǎn,xian,3,ㄒㄧㄢ
旃,旃,旃,zhān,zhan,1,ㄓㄢ
裭,裭,裭,chǐ,chi,3,ㄔ
锨,鍁,锨,xiān,xian,1,ㄒㄧㄢ
㢑,㢑,㢑,túi,tui,2,ㄊㄨㄟ
饁,饁,馌,yè,ye,4,ㄧㄝ
憴,憴,憴,shéng,sheng,2,ㄕㄥ
有,有,有,yǒu,you,3,ㄧㄡ
骆,駱,骆,luò,luo,4,ㄌㄨㄛ
䢫,䢫,䢫,súi,sui,2,ㄙㄨㄟ
倍,倍,倍,bèi,bei,4,ㄅㄟ
迤,迤,迤,yǐ,yi,3,ㄧ
斢,斢,斢,tǒu,tou,3,ㄊㄡ
齘,齘,齘,xiè,xie,4,ㄒㄧㄝ
鼹,鼴,鼹,yǎn,yan,3,ㄧㄢ
萟,萟,萟,萟,萟,,
其,其,其,qí,qi,2,ㄑㄧ
亷,亷,亷,lián,lian,2,ㄌㄧㄢ
鼝,鼝,鼝,yuān,yuan,1,ㄩㄢ
䳻,䳻,䳻,cán,can,2,ㄘㄢ
碤,碤,碤,yīng,ying,1,ㄧㄥ
齩,齩,齩,yǎo,yao,3,ㄧㄠ
䎋,䎋,䎋,hè,he,4,ㄏㄜ
瀦,瀦,潴,zhū,zhu,1,ㄓㄨ
歁,歁,歁,kǎn,kan,3,ㄎㄢ
炕,炕,炕,kàng,kang,4,ㄎㄤ
楺,楺,楺,róu,rou,2,ㄖㄡ
晆,晆,晆,kúi,kui,2,ㄎㄨㄟ
岙,嶴,岙,ào,ao,4,ㄠ
牎,牎,牎,chuāng,chuang,1,ㄔㄨㄤ
欠,欠,欠,qiàn,qian,4,ㄑㄧㄢ
䬭,䬭,䬭,䬭,䬭,,
睙,睙,睙,liè,lie,4,ㄌㄧㄝ
實,實,实,shí,shi,2,ㄕ
玌,玌,玌,qíu,qiu,2,ㄑㄧㄡ
胹,胹,胹,ér,er,2,ㄦ
旱,旱,旱,hàn,han,4,ㄏㄢ
礳,礳,礳,mò,mo,4,ㄇㄛ
鮊,鮊,鲌,bó,bo,2,ㄅㄛ
㟫,㟫,㟫,quán,quan,2,ㄑㄩㄢ
杸,杸,杸,shū,shu,1,ㄕㄨ
鑠,鑠,铄,shuò,shuo,4,ㄕㄨㄛ
蠆,蠆,虿,chài,chai,4,ㄔㄞ
詶,詶,詶,chóu,chou,2,ㄔㄡ
斉,斉,斉,qí,qi,2,ㄑㄧ
谩,謾,谩,mán,man,2,ㄇㄢ
惍,惍,惍,jīn,jin,1,ㄐㄧㄣ
尫,尫,尫,wāng,wang,1,ㄨㄤ
眐,眐,眐,zhēng,zheng,1,ㄓㄥ
瓵,瓵,瓵,yí,yi,2,ㄧ
䇃,䇃,䇃,sì,si,4,ㄙ
㴬,㴬,㴬,xiè,xie,4,ㄒㄧㄝ
鯶,鯶,鯶,hǔn,hun,3,ㄏㄨㄣ
䞋,䞋,䞋,chèn,chen,4,ㄔㄣ
澇,澇,涝,lào,lao,4,ㄌㄠ
馻,馻,馻,yǐn,yin,3,ㄧㄣ
妖,妖,妖,yāo,yao,1,ㄧㄠ
犟,犟,犟,jiàng,jiang,4,ㄐㄧㄤ
䗀,䗀,䗀,䗀,䗀,,
䜈,䜈,䜈,䜈,䜈,,
掻,掻,掻,sāo,sao,1,ㄙㄠ
杈,杈,杈,chā,cha,1,ㄔㄚ
脪,脪,脪,xìn,xin,4,ㄒㄧㄣ
䵪,䵪,䵪,gùn,gun,4,ㄍㄨㄣ
髥,髥,髥,rán,ran,2,ㄖㄢ
咗,咗,咗,zuǒ,zuo,3,ㄗㄨㄛ
㙖,㙖,㙖,㙖,㙖,,
鷧,鷧,鷧,yì,yi,4,ㄧ
枮,枮,枮,xiān,xian,1,ㄒㄧㄢ
踈,踈,踈,shū,shu,1,ㄕㄨ
氡,氡,氡,dōng,dong,1,ㄉㄨㄥ
诟,詬,诟,gòu,gou,4,ㄍㄡ
臜,臢,臜,zāng,zang,1,ㄗㄤ
遡,遡,遡,sù,su,4,ㄙㄨ
䊩,䊩,䊩,fán,fan,2,ㄈㄢ
洼,窪,洼,wā,wa,1,ㄨㄚ
唃,唃,唃,gǔ,gu,3,ㄍㄨ
矼,矼,矼,qiāng,qiang,1,ㄑㄧㄤ
轳,轤,轳,lú,lu,2,ㄌㄨ
隒,隒,隒,yǎn,yan,3,ㄧㄢ
䏵,䏵,䏵,měng,meng,3,ㄇㄥ
姠,姠,姠,shàng,shang,4,ㄕㄤ
遄,遄,遄,chuán,chuan,2,ㄔㄨㄢ
勋,勛,勋,xūn,xun,1,ㄒㄩㄣ
娩,娩,娩,miǎn,mian,3,ㄇㄧㄢ
㤹,㤹,㤹,qíu,qiu,2,ㄑㄧㄡ
㳑,㳑,㳑,yì,yi,4,ㄧ
儇,儇,儇,xuān,xuan,1,ㄒㄩㄢ
燠,燠,燠,yù,yu,4,ㄩ
㲬,㲬,㲬,㲬,㲬,,
歷,歷,历,lì,li,4,ㄌㄧ
茄,茄,茄,qié,qie,2,ㄑㄧㄝ
髐,髐,髐,náo,nao,2,ㄋㄠ
龞,龞,龞,biē,bie,1,ㄅㄧㄝ
㞘,㞘,㞘,tún,tun,2,ㄊㄨㄣ
易,易,易,yì,yi,4,ㄧ
㘧,㘧,㘧,xù,xu,4,ㄒㄩ
犞,犞,犞,犞,犞,,
䳓,䳓,䳓,lǎo,lao,3,ㄌㄠ
䆕,䆕,䆕,jué,jue,2,ㄐㄩㄝ
㝪,㝪,㝪,diàn,dian,4,ㄉㄧㄢ
緜,緜,緜,mián,mian,2,ㄇㄧㄢ
惀,惀,惀,lún,lun,2,ㄌㄨㄣ
僓,僓,僓,tǔi,tui,3,ㄊㄨㄟ
搋,搋,搋,chǐ,chi,3,ㄔ
坫,坫,坫,diàn,dian,4,ㄉㄧㄢ
䵦,䵦,䵦,xiè,xie,4,ㄒㄧㄝ
窺,窺,窥,kūi,kui,1,ㄎㄨㄟ
沬,沬,沬,mèi,mei,4,ㄇㄟ
槎,槎,槎,chá,cha,2,ㄔㄚ
拗,拗,拗,ǎo,ao,3,ㄠ
瞈,瞈,瞈,wěng,weng,3,ㄨㄥ
删,刪,删,shān,shan,1,ㄕㄢ
咙,嚨,咙,lóng,long,2,ㄌㄨㄥ
庴,庴,庴,jí,ji,2,ㄐㄧ
捂,捂,捂,wǔ,wu,3,ㄨ
漣,漣,涟,lián,lian,2,ㄌㄧㄢ
皧,皧,皧,ài,ai,4,ㄞ
覯,覯,觏,gòu,gou,4,ㄍㄡ
义,義,义,yì,yi,4,ㄧ
蚤,蚤,蚤,zǎo,zao,3,ㄗㄠ
活,活,活,huó,huo,2,ㄏㄨㄛ
㯔,㯔,㯔,cùi,cui,4,ㄘㄨㄟ
桫,桫,桫,suō,suo,1,ㄙㄨㄛ
篴,篴,篴,dí,di,2,ㄉㄧ
懙,懙,懙,yǔ,yu,3,ㄩ
皈,皈,皈,gūi,gui,1,ㄍㄨㄟ
姭,姭,姭,xiàn,xian,4,ㄒㄧㄢ
䱪,䱪,䱪,䱪,䱪,,
靟,靟,靟,fēi,fei,1,ㄈㄟ
囏,囏,囏,jiān,jian,1,ㄐㄧㄢ
伔,伔,伔,dǎn,dan,3,ㄉㄢ
奻,奻,奻,nán,nan,2,ㄋㄢ
毦,毦,毦,èr,er,4,ㄦ
䔬,䔬,䔬,yì,yi,4,ㄧ
珀,珀,珀,pò,po,4,ㄆㄛ
鏧,鏧,鏧,lóng,long,2,ㄌㄨㄥ
繏,繏,繏,xuàn,xuan,4,ㄒㄩㄢ
誹,誹,诽,fěi,fei,3,ㄈㄟ
僬,僬,僬,jiāo,jiao,1,ㄐㄧㄠ
揉,揉,揉,róu,rou,2,ㄖㄡ
䦕,䦕,䦕,䦕,䦕,,
㐟,㐟,㐟,㐟,㐟,,
唰,唰,唰,shuā,shua,1,ㄕㄨㄚ
莛,莛,莛,tíng,ting,2,ㄊㄧㄥ
䁣,䁣,䁣,chuán,chuan,2,ㄔㄨㄢ
諌,諌,諌,jiàn,jian,4,ㄐㄧㄢ
鄥,鄥,鄥,qiāo,qiao,1,ㄑㄧㄠ
频,頻,频,pín,pin,2,ㄆㄧㄣ
䭀,䭀,䭀,xùn,xun,4,ㄒㄩㄣ
明,明,明,míng,ming,2,ㄇㄧㄥ
䐅,䐅,䐅,yí,yi,2,ㄧ
燃,燃,燃,rán,ran,2,ㄖㄢ
泴,泴,泴,guàn,guan,4,ㄍㄨㄢ
垂,垂,垂,chúi,chui,2,ㄔㄨㄟ
㳖,㳖,㳖,㳖,㳖,,
錕,錕,锟,kūn,kun,1,ㄎㄨㄣ
㺵,㺵,㺵,jíu,jiu,2,ㄐㄧㄡ
痌,痌,痌,tōng,tong,1,ㄊㄨㄥ
莂,莂,莂,bié,bie,2,ㄅㄧㄝ
迶,迶,迶,yòu,you,4,ㄧㄡ
蹉,蹉,蹉,cuō,cuo,1,ㄘㄨㄛ
㢈,㢈,㢈,túi,tui,2,ㄊㄨㄟ
幏,幏,幏,jiā,jia,1,ㄐㄧㄚ
鮻,鮻,鮻,shā,sha,1,ㄕㄚ
㬻,㬻,㬻,huǎng,huang,3,ㄏㄨㄤ
屼,屼,屼,wù,wu,4,ㄨ
杵,杵,杵,chǔ,chu,3,ㄔㄨ
䊆,䊆,䊆,jìu,jiu,4,ㄐㄧㄡ
蒞,蒞,莅,lì,li,4,ㄌㄧ
闊,闊,阔,kuò,kuo,4,ㄎㄨㄛ
傟,傟,傟,yǎng,yang,3,ㄧㄤ
齊,齊,齐,qí,qi,2,ㄑㄧ
赯,赯,赯,táng,tang,2,ㄊㄤ
堸,堸,堸,féng,feng,2,ㄈㄥ
耺,耺,耺,yún,yun,2,ㄩㄣ
餂,餂,餂,tiǎn,tian,3,ㄊㄧㄢ
朕,朕,朕,zhèn,zhen,4,ㄓㄣ
钆,釓,钆,qíu,qiu,2,ㄑㄧㄡ
㮳,㮳,㮳,zhèn,zhen,4,ㄓㄣ
㽮,㽮,㽮,㽮,㽮,,
賏,賏,賏,yìng,ying,4,ㄧㄥ
竤,竤,竤,hóng,hong,2,ㄏㄨㄥ
㐽,㐽,㐽,㐽,㐽,,
䖎,䖎,䖎,xiá,xia,2,ㄒㄧㄚ
溪,溪,溪,xī,xi,1,ㄒㄧ
旧,舊,旧,jìu,jiu,4,ㄐㄧㄡ
雊,雊,雊,gòu,gou,4,ㄍㄡ
䮬,䮬,䮬,mò,mo,4,ㄇㄛ
贃,贃,贃,zhuàn,zhuan,4,ㄓㄨㄢ
䪎,䪎,䪎,䪎,䪎,,
婶,嬸,婶,shěn,shen,3,ㄕㄣ
悳,悳,悳,duó,duo,2,ㄉㄨㄛ
寪,寪,寪,wěi,wei,3,ㄨㄟ
禥,禥,禥,qí,qi,2,ㄑㄧ
霾,霾,霾,mái,mai,2,ㄇㄞ
箈,箈,箈,chí,chi,2,ㄔ
寚,寚,寚,bǎo,bao,3,ㄅㄠ
紜,紜,纭,yún,yun,2,ㄩㄣ
厀,厀,厀,xī,xi,1,ㄒㄧ
峭,峭,峭,qiào,qiao,4,ㄑㄧㄠ
蕡,蕡,蕡,fén,fen,2,ㄈㄣ
㔓,㔓,㔓,jiǎn,jian,3,ㄐㄧㄢ
聊,聊,聊,liáo,liao,2,ㄌㄧㄠ
㶷,㶷,㶷,㶷,㶷,,
家,傢,家,jiā,jia,1,ㄐㄧㄚ
私,私,私,sī,si,1,ㄙ
啤,啤,啤,pí,pi,2,ㄆㄧ
壢,壢,坜,lì,li,4,ㄌㄧ
褔,褔,褔,fù,fu,4,ㄈㄨ
釟,釟,釟,bā,ba,1,ㄅㄚ
嵉,嵉,嵉,tíng,ting,2,ㄊㄧㄥ
脡,脡,脡,tǐng,ting,3,ㄊㄧㄥ
䁛,䁛,䁛,gǔi,gui,3,ㄍㄨㄟ
戅,戅,戅,gàng,gang,4,ㄍㄤ
亰,亰,亰,jīng,jing,1,ㄐㄧㄥ
曫,曫,曫,luán,luan,2,ㄌㄨㄢ
歯,歯,歯,chǐ,chi,3,ㄔ
蠸,蠸,蠸,quán,quan,2,ㄑㄩㄢ
臢,臢,臜,zāng,zang,1,ㄗㄤ
䙫,䙫,䙫,䙫,䙫,,
覙,覙,覙,luó,luo,2,ㄌㄨㄛ
槳,槳,桨,jiǎng,jiang,3,ㄐㄧㄤ
划,劃,划,huá,hua,2,ㄏㄨㄚ
䣈,䣈,䣈,hàng,hang,4,ㄏㄤ
㩈,㩈,㩈,xiàn,xian,4,ㄒㄧㄢ
飏,颺,飏,yáng,yang,2,ㄧㄤ
唤,喚,唤,huàn,huan,4,ㄏㄨㄢ
峾,峾,峾,yīn,yin,1,ㄧㄣ
侉,侉,侉,kuā,kua,1,ㄎㄨㄚ
搜,搜,搜,sōu,sou,1,ㄙㄡ
岩,岩,岩,yán,yan,2,ㄧㄢ
榬,榬,榬,yuán,yuan,2,ㄩㄢ
箺,箺,箺,chǔn,chun,3,ㄔㄨㄣ
颾,颾,颾,sāo,sao,1,ㄙㄠ
䤆,䤆,䤆,kúi,kui,2,ㄎㄨㄟ
䊫,䊫,䊫,cǔi,cui,3,ㄘㄨㄟ
疌,疌,疌,niè,nie,4,ㄋㄧㄝ
皟,皟,皟,zé,ze,2,ㄗㄜ
杞,杞,杞,qǐ,qi,3,ㄑㄧ
㕢,㕢,㕢,gài,gai,4,ㄍㄞ
痭,痭,痭,péng,peng,2,ㄆㄥ
畨,畨,畨,pān,pan,1,ㄆㄢ
繗,繗,繗,lín,lin,2,ㄌㄧㄣ
㵔,㵔,㵔,chě,che,3,ㄔㄜ
鵟,鵟,鵟,kuáng,kuang,2,ㄎㄨㄤ
鶌,鶌,鶌,qū,qu,1,ㄑㄩ
䮌,䮌,䮌,䮌,䮌,,
颬,颬,颬,xiā,xia,1,ㄒㄧㄚ
褐,褐,褐,hé,he,2,ㄏㄜ
㑞,㑞,㑞,yìng,ying,4,ㄧㄥ
鑷,鑷,镊,niè,nie,4,ㄋㄧㄝ
䝡,䝡,䝡,màn,man,4,ㄇㄢ
韷,韷,韷,lè,le,4,ㄌㄜ
蚪,蚪,蚪,dǒu,dou,3,ㄉㄡ
賾,賾,赜,zé,ze,2,ㄗㄜ
怍,怍,怍,zuò,zuo,4,ㄗㄨㄛ
㽙,㽙,㽙,jùn,jun,4,ㄐㄩㄣ
荷,荷,荷,hé,he,2,ㄏㄜ
戓,戓,戓,gē,ge,1,ㄍㄜ
浴,浴,浴,yù,yu,4,ㄩ
䔡,䔡,䔡,yú,yu,2,ㄩ
偖,偖,偖,chě,che,3,ㄔㄜ
諵,諵,諵,nán,nan,2,ㄋㄢ
祸,禍,祸,huò,huo,4,ㄏㄨㄛ
㷒,㷒,㷒,yú,yu,2,ㄩ
珒,珒,珒,jīn,jin,1,ㄐㄧㄣ
骶,骶,骶,dǐ,di,3,ㄉㄧ
龍,龍,龙,lóng,long,2,ㄌㄨㄥ
䮩,䮩,䮩,gú,gu,2,ㄍㄨ
㞃,㞃,㞃,jí,ji,2,ㄐㄧ
彩,彩,彩,cǎi,cai,3,ㄘㄞ
缝,縫,缝,féng,feng,2,ㄈㄥ
蔃,蔃,蔃,jiàng,jiang,4,ㄐㄧㄤ
鴟,鴟,鸱,chī,chi,1,ㄔ
磟,磟,磟,lù,lu,4,ㄌㄨ
锍,鋶,锍,lǐu,liu,3,ㄌㄧㄡ
廇,廇,廇,lìu,liu,4,ㄌㄧㄡ
㐷,㐷,㐷,mǎ,ma,3,ㄇㄚ
㼿,㼿,㼿,tóng,tong,2,ㄊㄨㄥ
龪,龪,龪,龪,龪,,
褲,褲,裤,kù,ku,4,ㄎㄨ
恶,惡,恶,è,e,4,ㄜ
俼,俼,俼,yù,yu,4,ㄩ
酭,酭,酭,yòu,you,4,ㄧㄡ
㳠,澾,㳠,tà,ta,4,ㄊㄚ
胞,胞,胞,bāo,bao,1,ㄅㄠ
鴈,鴈,鴈,yàn,yan,4,ㄧㄢ
璆,璆,璆,qíu,qiu,2,ㄑㄧㄡ
頥,頥,頥,shěn,shen,3,ㄕㄣ
轢,轢,轹,lì,li,4,ㄌㄧ
㹹,㹹,㹹,㹹,㹹,,
䊹,䊹,䊹,䊹,䊹,,
䣟,䣟,䣟,cán,can,2,ㄘㄢ
厣,厴,厣,yǎn,yan,3,ㄧㄢ
繈,繈,襁,qiǎng,qiang,3,ㄑㄧㄤ
嚂,嚂,嚂,làn,lan,4,ㄌㄢ
罆,罆,罆,guàn,guan,4,ㄍㄨㄢ
㻰,㻰,㻰,miǎn,mian,3,ㄇㄧㄢ
摶,摶,抟,tuán,tuan,2,ㄊㄨㄢ
㛂,㛂,㛂,nuǒ,nuo,3,ㄋㄨㄛ
傸,傸,傸,qiǎng,qiang,3,ㄑㄧㄤ
椁,槨,椁,guǒ,guo,3,ㄍㄨㄛ
歽,歽,歽,zhé,zhe,2,ㄓㄜ
鲔,鮪,鲔,wěi,wei,3,ㄨㄟ
㩮,㩮,㩮,qián,qian,2,ㄑㄧㄢ
莃,莃,莃,xī,xi,1,ㄒㄧ
䩊,䩊,䩊,wǎn,wan,3,ㄨㄢ
烛,燭,烛,zhú,zhu,2,ㄓㄨ
电,電,电,diàn,dian,4,ㄉㄧㄢ
琤,琤,琤,chēng,cheng,1,ㄔㄥ
娑,娑,娑,suō,suo,1,ㄙㄨㄛ
瘒,瘒,瘒,wén,wen,2,ㄨㄣ
該,該,该,gāi,gai,1,ㄍㄞ
闤,闤,阛,huán,huan,2,ㄏㄨㄢ
蒑,蒑,蒑,yīn,yin,1,ㄧㄣ
褳,褳,裢,lián,lian,2,ㄌㄧㄢ
沄,沄,沄,yún,yun,2,ㄩㄣ
䩏,䩏,䩏,miè,mie,4,ㄇㄧㄝ
遖,遖,遖,遖,遖,,
崤,崤,崤,yáo,yao,2,ㄧㄠ
骀,駘,骀,tái,tai,2,ㄊㄞ
鹝,鷊,鹝,nì,ni,4,ㄋㄧ
彍,彍,彍,kuò,kuo,4,ㄎㄨㄛ
愓,愓,愓,dàng,dang,4,ㄉㄤ
灁,灁,灁,yuān,yuan,1,ㄩㄢ
縦,縦,縦,zòng,zong,4,ㄗㄨㄥ
乬,乬,乬,乬,乬,,
楞,楞,楞,léng,leng,2,ㄌㄥ
㶱,㶱,㶱,㶱,㶱,,
釭,釭,釭,gāng,gang,1,ㄍㄤ
䙒,䙒,䙒,xù,xu,4,ㄒㄩ
㙿,㙿,㙿,㙿,㙿,,
䕵,䕵,䕵,xié,xie,2,ㄒㄧㄝ
錻,錻,錻,錻,錻,,
酠,酠,酠,qiǎ,qia,3,ㄑㄧㄚ
仠,仠,仠,gán,gan,2,ㄍㄢ
蹝,蹝,蹝,xǐ,xi,3,ㄒㄧ
唞,唞,唞,dǒu,dou,3,ㄉㄡ
鱰,鱰,鱰,鱰,鱰,,
喞,喞,喞,jī,ji,1,ㄐㄧ
斷,斷,断,duàn,duan,4,ㄉㄨㄢ
犎,犎,犎,fēng,feng,1,ㄈㄥ
巜,巜,巜,gùi,gui,4,ㄍㄨㄟ
鮎,鮎,鲇,nián,nian,2,ㄋㄧㄢ
讕,讕,谰,lán,lan,2,ㄌㄢ
夤,夤,夤,yín,yin,2,ㄧㄣ
柏,柏,柏,bǎi,bai,3,ㄅㄞ
峿,峿,峿,yǔ,yu,3,ㄩ
孄,孄,孄,lǎn,lan,3,ㄌㄢ
箟,箟,箟,jùn,jun,4,ㄐㄩㄣ
㪈,㪈,㪈,gùi,gui,4,ㄍㄨㄟ
乥,乥,乥,乥,乥,,
嬤,嬤,嬷,mā,ma,1,ㄇㄚ
耰,耰,耰,yōu,you,1,ㄧㄡ
伲,伲,伲,nǐ,ni,3,ㄋㄧ
䎚,䎚,䎚,guàn,guan,4,ㄍㄨㄢ
獌,獌,獌,màn,man,4,ㄇㄢ
烴,烴,烃,jǐng,jing,3,ㄐㄧㄥ
岠,岠,岠,jù,ju,4,ㄐㄩ
稒,稒,稒,gù,gu,4,ㄍㄨ
沀,沀,沀,xù,xu,4,ㄒㄩ
匑,匑,匑,gōng,gong,1,ㄍㄨㄥ
蕑,蕑,蕑,jiān,jian,1,ㄐㄧㄢ
䵙,䵙,䵙,zhǎ,zha,3,ㄓㄚ
弶,弶,弶,jiàng,jiang,4,ㄐㄧㄤ
晁,晁,晁,cháo,chao,2,ㄔㄠ
㼃,㼃,㼃,㼃,㼃,,
冷,冷,冷,lěng,leng,3,ㄌㄥ
締,締,缔,dì,di,4,ㄉㄧ
顋,顋,顋,sāi,sai,1,ㄙㄞ
矵,矵,矵,qì,qi,4,ㄑㄧ
欵,欵,欵,kuǎn,kuan,3,ㄎㄨㄢ
碰,碰,碰,pèng,peng,4,ㄆㄥ
㬕,㬕,㬕,yáng,yang,2,ㄧㄤ
㬢,㬢,㬢,㬢,㬢,,
儛,儛,儛,wǔ,wu,3,ㄨ
䗭,䗭,䗭,䗭,䗭,,
䋫,䋫,䋫,䋫,䋫,,
㿻,㿻,㿻,㿻,㿻,,
暒,暒,暒,qíng,qing,2,ㄑㄧㄥ
䱺,䱺,䱺,hái,hai,2,ㄏㄞ
秘,秘,秘,mì,mi,4,ㄇㄧ
䍣,䍣,䍣,léi,lei,2,ㄌㄟ
轹,轢,轹,lì,li,4,ㄌㄧ
窔,窔,窔,yǎo,yao,3,ㄧㄠ
䠓,䠓,䠓,cù,cu,4,ㄘㄨ
鞭,鞭,鞭,biān,bian,1,ㄅㄧㄢ
願,願,愿,yuàn,yuan,4,ㄩㄢ
㮎,㮎,㮎,㮎,㮎,,
稿,稿,稿,gǎo,gao,3,ㄍㄠ
锒,鋃,锒,láng,lang,2,ㄌㄤ
檝,檝,檝,jí,ji,2,ㄐㄧ
䧽,䧽,䧽,cǔi,cui,3,ㄘㄨㄟ
鋠,鋠,鋠,shèn,shen,4,ㄕㄣ
䒒,䒒,䒒,tiáo,tiao,2,ㄊㄧㄠ
挧,挧,挧,挧,挧,,
鿉,鿉,鿉,鿉,鿉,,
閧,閧,閧,hòng,hong,4,ㄏㄨㄥ
懼,懼,惧,jù,ju,4,ㄐㄩ
嬼,嬼,嬼,lǐu,liu,3,ㄌㄧㄡ
屸,屸,屸,lóng,long,2,ㄌㄨㄥ
㪃,㪃,㪃,kě,ke,3,ㄎㄜ
莢,莢,荚,jiá,jia,2,ㄐㄧㄚ
舭,舭,舭,què,que,4,ㄑㄩㄝ
河,河,河,hé,he,2,ㄏㄜ
䯎,䯎,䯎,gàn,gan,4,ㄍㄢ
狭,狹,狭,xiá,xia,2,ㄒㄧㄚ
昮,昮,昮,zòng,zong,4,ㄗㄨㄥ
惡,惡,恶,è,e,4,ㄜ
昗,昗,昗,zè,ze,4,ㄗㄜ
䴰,䴰,䴰,shú,shu,2,ㄕㄨ
豴,豴,豴,dí,di,2,ㄉㄧ
琽,琽,琽,dǔ,du,3,ㄉㄨ
纹,紋,纹,wén,wen,2,ㄨㄣ
醸,醸,醸,niàng,niang,4,ㄋㄧㄤ
囮,囮,囮,é,e,2,ㄜ
煥,煥,焕,huàn,huan,4,ㄏㄨㄢ
檇,檇,檇,zùi,zui,4,ㄗㄨㄟ
貙,貙,貙,chū,chu,1,ㄔㄨ
侳,侳,侳,zuò,zuo,4,ㄗㄨㄛ
㷽,㷽,㷽,㷽,㷽,,
始,始,始,shǐ,shi,3,ㄕ
煆,煆,煅,xiā,xia,1,ㄒㄧㄚ
錈,錈,锩,juàn,juan,4,ㄐㄩㄢ
䢺,䢺,䢺,䢺,䢺,,
㩆,㩆,㩆,jìu,jiu,4,ㄐㄧㄡ
纲,綱,纲,gāng,gang,1,ㄍㄤ
鐇,鐇,鐇,fán,fan,2,ㄈㄢ
鍋,鍋,锅,guō,guo,1,ㄍㄨㄛ
筫,筫,筫,zhì,zhi,4,ㄓ
翈,翈,翈,xiá,xia,2,ㄒㄧㄚ
蟒,蟒,蟒,mǎng,mang,3,ㄇㄤ
䗊,䗊,䗊,chéng,cheng,2,ㄔㄥ
䰙,䰙,䰙,yǐ,yi,3,ㄧ
撓,撓,挠,náo,nao,2,ㄋㄠ
阜,阜,阜,fù,fu,4,ㄈㄨ
慇,慇,慇,yīn,yin,1,ㄧㄣ
倞,倞,倞,jìng,jing,4,ㄐㄧㄥ
娴,嫻,娴,xián,xian,2,ㄒㄧㄢ
桧,檜,桧,kuài,kuai,4,ㄎㄨㄞ
鵠,鵠,鹄,hú,hu,2,ㄏㄨ
且,且,且,qiě,qie,3,ㄑㄧㄝ
謜,謜,謜,yuàn,yuan,4,ㄩㄢ
渎,瀆,渎,dú,du,2,ㄉㄨ
綴,綴,缀,zhùi,zhui,4,ㄓㄨㄟ
赔,賠,赔,péi,pei,2,ㄆㄟ
醇,醇,醇,chún,chun,2,ㄔㄨㄣ
㣶,㣶,㣶,zhān,zhan,1,ㄓㄢ
鋪,鋪,铺,pū,pu,1,ㄆㄨ
氝,氝,氝,nèi,nei,4,ㄋㄟ
痹,痹,痹,bì,bi,4,ㄅㄧ
穒,穒,穒,穒,穒,,
宓,宓,宓,mì,mi,4,ㄇㄧ
孟,孟,孟,mèng,meng,4,ㄇㄥ
堳,堳,堳,méi,mei,2,ㄇㄟ
㲑,㲑,㲑,㲑,㲑,,
抦,抦,抦,bǐng,bing,3,ㄅㄧㄥ
䃂,䃂,䃂,gǔn,gun,3,ㄍㄨㄣ
䶛,䶛,䶛,là,la,4,ㄌㄚ
即,即,即,jí,ji,2,ㄐㄧ
脛,脛,胫,jìng,jing,4,ㄐㄧㄥ
阙,闕,阙,què,que,4,ㄑㄩㄝ
仓,倉,仓,cāng,cang,1,ㄘㄤ
馹,馹,驲,rì,ri,4,ㄖ
处,處,处,chù,chu,4,ㄔㄨ
態,態,态,tài,tai,4,ㄊㄞ
瑦,瑦,瑦,wū,wu,1,ㄨ
厃,厃,厃,zhān,zhan,1,ㄓㄢ
䄮,䄮,䄮,䄮,䄮,,
駻,駻,駻,hàn,han,4,ㄏㄢ
眠,眠,眠,mián,mian,2,ㄇㄧㄢ
穓,穓,穓,yì,yi,4,ㄧ
汱,汱,汱,quǎn,quan,3,ㄑㄩㄢ
懃,懃,懃,qín,qin,2,ㄑㄧㄣ
斚,斚,斚,jiǎ,jia,3,ㄐㄧㄚ
䚨,䚨,䚨,fèi,fei,4,ㄈㄟ
槜,槜,槜,zùi,zui,4,ㄗㄨㄟ
敷,敷,敷,fū,fu,1,ㄈㄨ
邐,邐,逦,lǐ,li,3,ㄌㄧ
燲,燲,燲,xié,xie,2,ㄒㄧㄝ
圆,圓,圆,yuán,yuan,2,ㄩㄢ
舁,舁,舁,yú,yu,2,ㄩ
畗,畗,畗,dá,da,2,ㄉㄚ
讇,讇,讇,chǎn,chan,3,ㄔㄢ
黻,黻,黻,fú,fu,2,ㄈㄨ
㜋,㜋,㜋,yì,yi,4,ㄧ
娬,娬,娬,wǔ,wu,3,ㄨ
澚,澚,澚,澚,澚,,
閰,閰,閰,jú,ju,2,ㄐㄩ
芼,芼,芼,mào,mao,4,ㄇㄠ
裴,裴,裴,péi,pei,2,ㄆㄟ
啫,啫,啫,zhě,zhe,3,ㄓㄜ
䙖,䙖,䙖,䙖,䙖,,
哭,哭,哭,kū,ku,1,ㄎㄨ
䉘,䉘,䉘,cóng,cong,2,ㄘㄨㄥ
韣,韣,韣,dú,du,2,ㄉㄨ
撄,攖,撄,yīng,ying,1,ㄧㄥ
侇,侇,侇,yí,yi,2,ㄧ
魾,魾,魾,pí,pi,2,ㄆㄧ
胷,胷,胷,xiōng,xiong,1,ㄒㄩㄥ
泮,泮,泮,pàn,pan,4,ㄆㄢ
畁,畁,畁,qí,qi,2,ㄑㄧ
妋,妋,妋,fū,fu,1,ㄈㄨ
伩,伩,伩,xìn,xin,4,ㄒㄧㄣ
䎦,䎦,䎦,yǎn,yan,3,ㄧㄢ
㹛,㹛,㹛,ráo,rao,2,ㄖㄠ
湪,湪,湪,湪,湪,,
䬖,䬖,䬖,héng,heng,2,ㄏㄥ
般,般,般,bān,ban,1,ㄅㄢ
䵃,䵃,䵃,kuàng,kuang,4,ㄎㄨㄤ
輼,輼,輼,wēn,wen,1,ㄨㄣ
湉,湉,湉,tián,tian,2,ㄊㄧㄢ
獞,獞,獞,tóng,tong,2,ㄊㄨㄥ
疵,疵,疵,cī,ci,1,ㄘ
㕏,㕏,㕏,chú,chu,2,ㄔㄨ
㴎,㴎,㴎,㴎,㴎,,
㞺,㞺,㞺,zú,zu,2,ㄗㄨ
㲡,㲡,㲡,nài,nai,4,ㄋㄞ
繩,繩,绳,shéng,sheng,2,ㄕㄥ
趓,趓,趓,duǒ,duo,3,ㄉㄨㄛ
㢃,㢃,㢃,láng,lang,2,ㄌㄤ
㷑,㷑,㷑,㷑,㷑,,
蠛,蠛,蠛,miè,mie,4,ㄇㄧㄝ
旪,旪,旪,xié,xie,2,ㄒㄧㄝ
錊,錊,錊,zùi,zui,4,ㄗㄨㄟ
俱,俱,俱,jù,ju,4,ㄐㄩ
敀,敀,敀,bó,bo,2,ㄅㄛ
鸂,鸂,鸂,qī,qi,1,ㄑㄧ
肥,肥,肥,féi,fei,2,ㄈㄟ
壙,壙,圹,kuàng,kuang,4,ㄎㄨㄤ
嚵,嚵,嚵,chán,chan,2,ㄔㄢ
吲,吲,吲,shěn,shen,3,ㄕㄣ
節,節,节,jié,jie,2,ㄐㄧㄝ
䪛,䪛,䪛,fán,fan,2,ㄈㄢ
詵,詵,诜,shēn,shen,1,ㄕㄣ
螘,螘,螘,yǐ,yi,3,ㄧ
菋,菋,菋,wèi,wei,4,ㄨㄟ
䂋,䂋,䂋,䂋,䂋,,
捉,捉,捉,zhuō,zhuo,1,ㄓㄨㄛ
圁,圁,圁,yín,yin,2,ㄧㄣ
嶆,嶆,嶆,cáo,cao,2,ㄘㄠ
姡,姡,姡,kuò,kuo,4,ㄎㄨㄛ
苬,苬,苬,qíu,qiu,2,ㄑㄧㄡ
藟,藟,藟,lěi,lei,3,ㄌㄟ
躢,躢,躢,tà,ta,4,ㄊㄚ
㭼,㭼,㭼,tà,ta,4,ㄊㄚ
膩,膩,腻,nì,ni,4,ㄋㄧ
蹥,蹥,蹥,lián,lian,2,ㄌㄧㄢ
㲙,㲙,㲙,㲙,㲙,,
罡,罡,罡,gāng,gang,1,ㄍㄤ
趠,趠,趠,chuò,chuo,4,ㄔㄨㄛ
㡛,㡛,㡛,máng,mang,2,ㄇㄤ
侂,侂,侂,tuō,tuo,1,ㄊㄨㄛ
瘴,瘴,瘴,zhàng,zhang,4,ㄓㄤ
餼,餼,饩,xì,xi,4,ㄒㄧ
㩑,㩑,㩑,㩑,㩑,,
䪤,䪤,䪤,fán,fan,2,ㄈㄢ
䜀,䜀,䜀,nǎo,nao,3,ㄋㄠ
骳,骳,骳,bì,bi,4,ㄅㄧ
銃,銃,铳,chòng,chong,4,ㄔㄨㄥ
㽋,㽋,㽋,luó,luo,2,ㄌㄨㄛ
䫲,䫲,䫲,hàn,han,4,ㄏㄢ
寡,寡,寡,guǎ,gua,3,ㄍㄨㄚ
悜,悜,悜,chěng,cheng,3,ㄔㄥ
刄,刄,刄,rèn,ren,4,ㄖㄣ
瞳,瞳,瞳,tóng,tong,2,ㄊㄨㄥ
䢯,䢯,䢯,lín,lin,2,ㄌㄧㄣ
䳏,䳏,䳏,gùi,gui,4,ㄍㄨㄟ
㗳,㗳,㗳,tǎ,ta,3,ㄊㄚ
㕄,㕄,㕄,zhì,zhi,4,ㄓ
牙,牙,牙,yá,ya,2,ㄧㄚ
瘲,瘲,瘲,zòng,zong,4,ㄗㄨㄥ
赟,贇,赟,yūn,yun,1,ㄩㄣ
蒘,蒘,蒘,nú,nu,2,ㄋㄨ
鬆,鬆,松,sōng,song,1,ㄙㄨㄥ
虨,虨,虨,bān,ban,1,ㄅㄢ
鷇,鷇,鷇,kòu,kou,4,ㄎㄡ
䎇,䎇,䎇,䎇,䎇,,
䆚,䆚,䆚,tóng,tong,2,ㄊㄨㄥ
乣,乣,乣,jǐu,jiu,3,ㄐㄧㄡ
騇,騇,騇,shě,she,3,ㄕㄜ
㐉,㐉,㐉,㐉,㐉,,
檀,檀,檀,tán,tan,2,ㄊㄢ
鑱,鑱,鑱,chán,chan,2,ㄔㄢ
顯,顯,显,xiǎn,xian,3,ㄒㄧㄢ
鿸,鿸,鿸,鿸,鿸,,
繑,繑,繑,qiāo,qiao,1,ㄑㄧㄠ
雎,雎,雎,jū,ju,1,ㄐㄩ
痡,痡,痡,pū,pu,1,ㄆㄨ
䫒,䫒,䫒,mén,men,2,ㄇㄣ
浮,浮,浮,fú,fu,2,ㄈㄨ
喝,喝,喝,hē,he,1,ㄏㄜ
軤,軤,轷,hū,hu,1,ㄏㄨ
濡,濡,濡,rú,ru,2,ㄖㄨ
䳳,䳳,䳳,xù,xu,4,ㄒㄩ
謢,謢,謢,謢,謢,,
婳,嫿,婳,huà,hua,4,ㄏㄨㄚ
醁,醁,醁,lù,lu,4,ㄌㄨ
䲢,鰧,䲢,téng,teng,2,ㄊㄥ
芋,芋,芋,yù,yu,4,ㄩ
虓,虓,虓,xiāo,xiao,1,ㄒㄧㄠ
羓,羓,羓,bā,ba,1,ㄅㄚ
术,術,术,zhú,zhu,2,ㄓㄨ
䘶,䘶,䘶,hàn,han,4,ㄏㄢ
娆,嬈,娆,rǎo,rao,3,ㄖㄠ
蕂,蕂,蕂,shèng,sheng,4,ㄕㄥ
伞,傘,伞,sǎn,san,3,ㄙㄢ
筌,筌,筌,quán,quan,2,ㄑㄩㄢ
葥,葥,葥,qián,qian,2,ㄑㄧㄢ
㨂,㨂,㨂,dǒng,dong,3,ㄉㄨㄥ
䄎,䄎,䄎,qǐ,qi,3,ㄑㄧ
魹,魹,魹,魹,魹,,
猊,猊,猊,ní,ni,2,ㄋㄧ
虖,虖,虖,hū,hu,1,ㄏㄨ
謿,謿,謿,cháo,chao,2,ㄔㄠ
技,技,技,jì,ji,4,ㄐㄧ
曖,曖,暧,ài,ai,4,ㄞ
䎵,䎵,䎵,bì,bi,4,ㄅㄧ
摒,摒,摒,bìng,bing,4,ㄅㄧㄥ
躀,躀,躀,kuàng,kuang,4,ㄎㄨㄤ
鶓,鶓,鹋,miáo,miao,2,ㄇㄧㄠ
艵,艵,艵,píng,ping,2,ㄆㄧㄥ
菜,菜,菜,cài,cai,4,ㄘㄞ
怿,懌,怿,yì,yi,4,ㄧ
涤,滌,涤,dí,di,2,ㄉㄧ
㖖,㖖,㖖,niè,nie,4,ㄋㄧㄝ
㣥,㣥,㣥,zhì,zhi,4,ㄓ
爕,爕,爕,xiè,xie,4,ㄒㄧㄝ
墆,墆,墆,dì,di,4,ㄉㄧ
㯥,㯥,㯥,cáo,cao,2,ㄘㄠ
轆,轆,辘,lù,lu,4,ㄌㄨ
弎,弎,弎,sān,san,1,ㄙㄢ
栶,栶,栶,栶,栶,,
女,女,女,nǔ,nu,3,ㄋㄨ
擋,擋,挡,dǎng,dang,3,ㄉㄤ
査,査,査,chá,cha,2,ㄔㄚ
二,二,二,èr,er,4,ㄦ
跃,躍,跃,yuè,yue,4,ㄩㄝ
啋,啋,啋,xiāo,xiao,1,ㄒㄧㄠ
䉺,䉺,䉺,hóng,hong,2,ㄏㄨㄥ
狜,狜,狜,gǔ,gu,3,ㄍㄨ
袸,袸,袸,cún,cun,2,ㄘㄨㄣ
旵,旵,旵,chǎn,chan,3,ㄔㄢ
煾,煾,煾,ēn,en,1,ㄣ
渖,渖,渖,shěn,shen,3,ㄕㄣ
鷻,鷻,鷻,tuán,tuan,2,ㄊㄨㄢ
匨,匨,匨,zāng,zang,1,ㄗㄤ
㕣,㕣,㕣,yǎn,yan,3,ㄧㄢ
䒲,䒲,䒲,chà,cha,4,ㄔㄚ
蠑,蠑,蝾,róng,rong,2,ㄖㄨㄥ
針,針,针,zhēn,zhen,1,ㄓㄣ
庿,庿,庿,miào,miao,4,ㄇㄧㄠ
瓞,瓞,瓞,dié,die,2,ㄉㄧㄝ
礮,礮,礮,pào,pao,4,ㄆㄠ
烕,烕,烕,xuè,xue,4,ㄒㄩㄝ
攏,攏,拢,lǒng,long,3,ㄌㄨㄥ
藻,藻,藻,zǎo,zao,3,ㄗㄠ
䚾,䚾,䚾,nín,nin,2,ㄋㄧㄣ
䔳,䔳,䔳,nǎn,nan,3,ㄋㄢ
䨈,䨈,䨈,䨈,䨈,,
菍,菍,菍,niè,nie,4,ㄋㄧㄝ
䫨,䫨,䫨,ào,ao,4,ㄠ
㶧,㶧,㶧,nèn,nen,4,ㄋㄣ
鐽,鐽,鐽,dá,da,2,ㄉㄚ
坱,坱,坱,yǎng,yang,3,ㄧㄤ
壌,壌,壌,rǎng,rang,3,ㄖㄤ
森,森,森,sēn,sen,1,ㄙㄣ
㰍,㰍,㰍,lóng,long,2,ㄌㄨㄥ
趰,趰,趰,趰,趰,,
葯,葯,葯,yào,yao,4,ㄧㄠ
氲,氳,氲,yūn,yun,1,ㄩㄣ
僿,僿,僿,sài,sai,4,ㄙㄞ
簴,簴,簴,jù,ju,4,ㄐㄩ
筽,筽,筽,筽,筽,,
㪖,㪖,㪖,lù,lu,4,ㄌㄨ
倽,倽,倽,shà,sha,4,ㄕㄚ
噁,噁,恶,ě,e,3,ㄜ
廽,廽,廽,húi,hui,2,ㄏㄨㄟ
誦,誦,诵,sòng,song,4,ㄙㄨㄥ
瑇,瑇,瑇,dài,dai,4,ㄉㄞ
盲,盲,盲,máng,mang,2,ㄇㄤ
葤,葤,荮,zhòu,zhou,4,ㄓㄡ
悔,悔,悔,hǔi,hui,3,ㄏㄨㄟ
䲏,䲏,䲏,láo,lao,2,ㄌㄠ
鲅,鮁,鲅,bō,bo,1,ㄅㄛ
盱,盱,盱,xū,xu,1,ㄒㄩ
濇,濇,濇,sè,se,4,ㄙㄜ
弚,弚,弚,túi,tui,2,ㄊㄨㄟ
䭌,䭌,䭌,hú,hu,2,ㄏㄨ
㪽,㪽,㪽,suǒ,suo,3,ㄙㄨㄛ
㓡,㓡,㓡,fǔ,fu,3,ㄈㄨ
黈,黈,黈,tǒu,tou,3,ㄊㄡ
㔴,㔴,㔴,yì,yi,4,ㄧ
焠,焠,焠,cùi,cui,4,ㄘㄨㄟ
銼,銼,锉,cuò,cuo,4,ㄘㄨㄛ
搽,搽,搽,chá,cha,2,ㄔㄚ
诀,訣,诀,jué,jue,2,ㄐㄩㄝ
樣,樣,样,yàng,yang,4,ㄧㄤ
焥,焥,焥,wò,wo,4,ㄨㄛ
㯶,㯶,㯶,zōng,zong,1,ㄗㄨㄥ
觭,觭,觭,jī,ji,1,ㄐㄧ
紙,紙,纸,zhǐ,zhi,3,ㄓ
稵,稵,稵,zī,zi,1,ㄗ
嗁,嗁,嗁,tí,ti,2,ㄊㄧ
秔,秔,秔,gēng,geng,1,ㄍㄥ
槱,槱,槱,yǒu,you,3,ㄧㄡ
哢,哢,咔,lòng,long,4,ㄌㄨㄥ
䡢,䡢,䡢,biàn,bian,4,ㄅㄧㄢ
椏,椏,桠,yā,ya,1,ㄧㄚ
頉,頉,頉,yí,yi,2,ㄧ
挹,挹,挹,yì,yi,4,ㄧ
鄲,鄲,郸,dān,dan,1,ㄉㄢ
䣙,䣙,䣙,péi,pei,2,ㄆㄟ
甫,甫,甫,fǔ,fu,3,ㄈㄨ
㖤,㖤,㖤,hán,han,2,ㄏㄢ
嶰,嶰,嶰,xiè,xie,4,ㄒㄧㄝ
㳇,㳇,㳇,fù,fu,4,ㄈㄨ
涙,涙,涙,lèi,lei,4,ㄌㄟ
溌,溌,溌,pō,po,1,ㄆㄛ
內,內,内,nèi,nei,4,ㄋㄟ
纽,紐,纽,nǐu,niu,3,ㄋㄧㄡ
㢌,㢌,㢌,㢌,㢌,,
钣,鈑,钣,bǎn,ban,3,ㄅㄢ
除,除,除,chú,chu,2,ㄔㄨ
匸,匸,匸,xǐ,xi,3,ㄒㄧ
鰺,鰺,鰺,sāo,sao,1,ㄙㄠ
諿,諿,諿,qì,qi,4,ㄑㄧ
淓,淓,淓,fāng,fang,1,ㄈㄤ
䘗,䘗,䘗,䘗,䘗,,
枏,枏,枏,nán,nan,2,ㄋㄢ
鿴,鿴,鿴,鿴,鿴,,
唋,唋,唋,tǔ,tu,3,ㄊㄨ
勽,勽,勽,bào,bao,4,ㄅㄠ
赹,赹,赹,qióng,qiong,2,ㄑㄩㄥ
㢷,㢷,㢷,㢷,㢷,,
萵,萵,莴,wō,wo,1,ㄨㄛ
衋,衋,衋,xì,xi,4,ㄒㄧ
燊,燊,燊,shēn,shen,1,ㄕㄣ
儥,儥,儥,dú,du,2,ㄉㄨ
韜,韜,韬,tāo,tao,1,ㄊㄠ
征,徵,征,zhēng,zheng,1,ㄓㄥ
癢,癢,痒,yǎng,yang,3,ㄧㄤ
䜾,䜾,䜾,䜾,䜾,,
䊌,䊌,䊌,䊌,䊌,,
剘,剘,剘,qí,qi,2,ㄑㄧ
膤,膤,膤,膤,膤,,
驚,驚,惊,jīng,jing,1,ㄐㄧㄥ
僪,僪,僪,jué,jue,2,ㄐㄩㄝ
䭋,䭋,䭋,bǎo,bao,3,ㄅㄠ
迗,迗,迗,é,e,2,ㄜ
榝,榝,榝,shā,sha,1,ㄕㄚ
蒋,蔣,蒋,jiǎng,jiang,3,ㄐㄧㄤ
娉,娉,娉,pīng,ping,1,ㄆㄧㄥ
标,標,标,biāo,biao,1,ㄅㄧㄠ
瘐,瘐,瘐,yǔ,yu,3,ㄩ
墴,墴,墴,huáng,huang,2,ㄏㄨㄤ
啮,嚙,啮,niè,nie,4,ㄋㄧㄝ
苗,苗,苗,miáo,miao,2,ㄇㄧㄠ
㖡,㖡,㖡,yè,ye,4,ㄧㄝ
肉,肉,肉,ròu,rou,4,ㄖㄡ
跴,跴,跴,cǎi,cai,3,ㄘㄞ
蛞,蛞,蛞,kuò,kuo,4,ㄎㄨㄛ
䱈,䱈,䱈,qí,qi,2,ㄑㄧ
䗹,䗹,䗹,cì,ci,4,ㄘ
緣,緣,缘,yuán,yuan,2,ㄩㄢ
虑,慮,虑,lv̀,lu,4,ㄌㄨ
睺,睺,睺,hóu,hou,2,ㄏㄡ
擙,擙,擙,ào,ao,4,ㄠ
䁵,䁵,䁵,biǎn,bian,3,ㄅㄧㄢ
饚,饚,饚,hài,hai,4,ㄏㄞ
嵬,嵬,嵬,wéi,wei,2,ㄨㄟ
罭,罭,罭,yù,yu,4,ㄩ
娮,娮,娮,yán,yan,2,ㄧㄢ
酮,酮,酮,tóng,tong,2,ㄊㄨㄥ
壑,壑,壑,hè,he,4,ㄏㄜ
騤,騤,骙,kúi,kui,2,ㄎㄨㄟ
馴,馴,驯,xún,xun,2,ㄒㄩㄣ
鄽,鄽,鄽,chán,chan,2,ㄔㄢ
塃,塃,塃,huāng,huang,1,ㄏㄨㄤ
䱰,䱰,䱰,zhòng,zhong,4,ㄓㄨㄥ
豖,豖,豖,chù,chu,4,ㄔㄨ
问,問,问,wèn,wen,4,ㄨㄣ
䘃,䘃,䘃,mò,mo,4,ㄇㄛ
刉,刉,刉,jī,ji,1,ㄐㄧ
㴳,㴳,㴳,lǒng,long,3,ㄌㄨㄥ
㙤,㙤,㙤,xià,xia,4,ㄒㄧㄚ
皗,皗,皗,chóu,chou,2,ㄔㄡ
䥴,䥴,䥴,䥴,䥴,,
莣,莣,莣,wáng,wang,2,ㄨㄤ
袵,袵,袵,rèn,ren,4,ㄖㄣ
䋅,䋅,䋅,䋅,䋅,,
棋,棋,棋,qí,qi,2,ㄑㄧ
㙄,㙄,㙄,bì,bi,4,ㄅㄧ
憆,憆,憆,chēng,cheng,1,ㄔㄥ
㠡,㠡,㠡,niǎo,niao,3,ㄋㄧㄠ
畀,畀,畀,bì,bi,4,ㄅㄧ
闝,闝,闝,piáo,piao,2,ㄆㄧㄠ
寜,寜,宁,níng,ning,2,ㄋㄧㄥ
醉,醉,醉,zùi,zui,4,ㄗㄨㄟ
毴,毴,毴,bī,bi,1,ㄅㄧ
慁,慁,慁,hùn,hun,4,ㄏㄨㄣ
涣,渙,涣,huàn,huan,4,ㄏㄨㄢ
釫,釫,釫,huá,hua,2,ㄏㄨㄚ
錋,錋,錋,péng,peng,2,ㄆㄥ
撶,撶,撶,撶,撶,,
尦,尦,尦,liào,liao,4,ㄌㄧㄠ
㴽,㴽,㴽,xiè,xie,4,ㄒㄧㄝ
糋,糋,糋,jiàn,jian,4,ㄐㄧㄢ
穧,穧,穧,jì,ji,4,ㄐㄧ
䆊,䆊,䆊,cùi,cui,4,ㄘㄨㄟ
蹰,躕,蹰,chú,chu,2,ㄔㄨ
偹,偹,偹,bèi,bei,4,ㄅㄟ
妮,妮,妮,nī,ni,1,ㄋㄧ
䋢,䋢,䋢,biè,bie,4,ㄅㄧㄝ
敺,敺,敺,qū,qu,1,ㄑㄩ
罼,罼,罼,bì,bi,4,ㄅㄧ
䄯,䄯,䄯,jiǎn,jian,3,ㄐㄧㄢ
狉,狉,狉,pī,pi,1,ㄆㄧ
䌮,䌮,䌮,䌮,䌮,,
鰤,鰤,鰤,shī,shi,1,ㄕ
癬,癬,癣,xuǎn,xuan,3,ㄒㄩㄢ
傇,傇,傇,rǒng,rong,3,ㄖㄨㄥ
㿑,㿑,㿑,yào,yao,4,ㄧㄠ
谫,謭,谫,jiǎn,jian,3,ㄐㄧㄢ
䐲,䐲,䐲,zhé,zhe,2,ㄓㄜ
竼,竼,竼,péng,peng,2,ㄆㄥ
曝,曝,曝,pù,pu,4,ㄆㄨ
煚,煚,煚,jiǒng,jiong,3,ㄐㄩㄥ
㣱,㣱,㣱,zé,ze,2,ㄗㄜ
苌,萇,苌,cháng,chang,2,ㄔㄤ
矗,矗,矗,chù,chu,4,ㄔㄨ
糠,糠,糠,kāng,kang,1,ㄎㄤ
鬩,鬩,阋,xì,xi,4,ㄒㄧ
者,者,者,zhě,zhe,3,ㄓㄜ
脺,脺,脺,cùi,cui,4,ㄘㄨㄟ
鿰,鿰,鿰,鿰,鿰,,
䶁,䶁,䶁,tà,ta,4,ㄊㄚ
闽,閩,闽,mǐn,min,3,ㄇㄧㄣ
瑢,瑢,瑢,róng,rong,2,ㄖㄨㄥ
糷,糷,糷,lán,lan,2,ㄌㄢ
淦,淦,淦,gàn,gan,4,ㄍㄢ
鄆,鄆,郓,yùn,yun,4,ㄩㄣ
䣠,䣠,䣠,jié,jie,2,ㄐㄧㄝ
珓,珓,珓,jiào,jiao,4,ㄐㄧㄠ
生,生,生,shēng,sheng,1,ㄕㄥ
舸,舸,舸,gě,ge,3,ㄍㄜ
虍,虍,虍,hū,hu,1,ㄏㄨ
䗠,䗠,䗠,xuán,xuan,2,ㄒㄩㄢ
篱,籬,篱,lí,li,2,ㄌㄧ
䣷,䣷,䣷,䣷,䣷,,
驕,驕,骄,jiāo,jiao,1,ㄐㄧㄠ
艷,艷,艳,yàn,yan,4,ㄧㄢ
嫂,嫂,嫂,sǎo,sao,3,ㄙㄠ
舿,舿,舿,舿,舿,,
召,召,召,zhào,zhao,4,ㄓㄠ
橓,橓,橓,shùn,shun,4,ㄕㄨㄣ
㸷,㸷,㸷,shì,shi,4,ㄕ
数,數,数,shù,shu,4,ㄕㄨ
㹚,㹚,㹚,yíng,ying,2,ㄧㄥ
㪦,㪦,㪦,yìn,yin,4,ㄧㄣ
桠,椏,桠,yá,ya,2,ㄧㄚ
冿,冿,冿,jiān,jian,1,ㄐㄧㄢ
铆,鉚,铆,lǐu,liu,3,ㄌㄧㄡ
瞀,瞀,瞀,mào,mao,4,ㄇㄠ
漎,漎,漎,cóng,cong,2,ㄘㄨㄥ
芑,芑,芑,qǐ,qi,3,ㄑㄧ
囋,囋,囋,zàn,zan,4,ㄗㄢ
獊,獊,獊,chuàng,chuang,4,ㄔㄨㄤ
䭪,䭪,䭪,liáng,liang,2,ㄌㄧㄤ
吉,吉,吉,jí,ji,2,ㄐㄧ
棖,棖,枨,chéng,cheng,2,ㄔㄥ
鞑,韃,鞑,dá,da,2,ㄉㄚ
嶌,嶌,嶌,dǎo,dao,3,ㄉㄠ
蘄,蘄,蕲,qí,qi,2,ㄑㄧ
蠎,蠎,蠎,mǎng,mang,3,ㄇㄤ
巟,巟,巟,huāng,huang,1,ㄏㄨㄤ
㐕,㐕,㐕,㐕,㐕,,
鈿,鈿,钿,diàn,dian,4,ㄉㄧㄢ
迃,迃,迃,yū,yu,1,ㄩ
㞴,㞴,㞴,chí,chi,2,ㄔ
鬦,鬦,鬦,dòu,dou,4,ㄉㄡ
悃,悃,悃,kǔn,kun,3,ㄎㄨㄣ
䄟,䄟,䄟,cùi,cui,4,ㄘㄨㄟ
覚,覚,覚,jué,jue,2,ㄐㄩㄝ
齹,齹,齹,chuō,chuo,1,ㄔㄨㄛ
垯,墶,垯,垯,垯,,
巶,巶,巶,zhāo,zhao,1,ㄓㄠ
芤,芤,芤,kōu,kou,1,ㄎㄡ
飍,飍,飍,biāo,biao,1,ㄅㄧㄠ
肀,肀,肀,yù,yu,4,ㄩ
杒,杒,杒,rèn,ren,4,ㄖㄣ
肫,肫,肫,zhūn,zhun,1,ㄓㄨㄣ
㻧,㻧,㻧,duò,duo,4,ㄉㄨㄛ
掇,掇,掇,duó,duo,2,ㄉㄨㄛ
龩,龩,龩,龩,龩,,
鋷,鋷,鋷,zùi,zui,4,ㄗㄨㄟ
溙,溙,溙,tài,tai,4,ㄊㄞ
杧,杧,杧,máng,mang,2,ㄇㄤ
脳,脳,脳,脳,脳,,
賃,賃,赁,lìn,lin,4,ㄌㄧㄣ
䎼,䎼,䎼,lù,lu,4,ㄌㄨ
䞮,䞮,䞮,䞮,䞮,,
䆒,䆒,䆒,jìu,jiu,4,ㄐㄧㄡ
㺇,㺇,㺇,㺇,㺇,,
㚞,㚞,㚞,měng,meng,3,ㄇㄥ
囧,囧,囧,jiǒng,jiong,3,ㄐㄩㄥ
寻,尋,寻,xún,xun,2,ㄒㄩㄣ
臊,臊,臊,sāo,sao,1,ㄙㄠ
瑠,瑠,瑠,líu,liu,2,ㄌㄧㄡ
朩,朩,朩,děng,deng,3,ㄉㄥ
㻬,㻬,㻬,tú,tu,2,ㄊㄨ
栓,栓,栓,shuān,shuan,1,ㄕㄨㄢ
炼,煉,炼,liàn,lian,4,ㄌㄧㄢ
蠁,蠁,蠁,xiàng,xiang,4,ㄒㄧㄤ
殏,殏,殏,qìu,qiu,4,ㄑㄧㄡ
䴨,䴨,䴨,䴨,䴨,,
姴,姴,姴,liè,lie,4,ㄌㄧㄝ
渶,渶,渶,yīng,ying,1,ㄧㄥ
磢,磢,磢,qiǎng,qiang,3,ㄑㄧㄤ
濧,濧,濧,dùi,dui,4,ㄉㄨㄟ
毻,毻,毻,tuò,tuo,4,ㄊㄨㄛ
驊,驊,骅,huá,hua,2,ㄏㄨㄚ
䬲,䬲,䬲,䬲,䬲,,
蓕,蓕,蓕,gùi,gui,4,ㄍㄨㄟ
祀,祀,祀,sì,si,4,ㄙ
藑,藑,藑,qióng,qiong,2,ㄑㄩㄥ
彻,徹,彻,chè,che,4,ㄔㄜ
䨉,䨉,䨉,䨉,䨉,,
媹,媹,媹,líu,liu,2,ㄌㄧㄡ
阛,闤,阛,huán,huan,2,ㄏㄨㄢ
嶘,嶘,嶘,zhàn,zhan,4,ㄓㄢ
㦐,㦐,㦐,nì,ni,4,ㄋㄧ
䂈,䂈,䂈,tóng,tong,2,ㄊㄨㄥ
膑,臏,膑,bìn,bin,4,ㄅㄧㄣ
捔,捔,捔,jué,jue,2,ㄐㄩㄝ
染,染,染,rǎn,ran,3,ㄖㄢ
伍,伍,伍,wǔ,wu,3,ㄨ
申,申,申,shēn,shen,1,ㄕㄣ
记,記,记,jì,ji,4,ㄐㄧ
氱,氱,氱,yǎng,yang,3,ㄧㄤ
杁,杁,杁,杁,杁,,
褄,褄,褄,褄,褄,,
陾,陾,陾,réng,reng,2,ㄖㄥ
嶃,嶃,嶃,zhǎn,zhan,3,ㄓㄢ
昋,昋,昋,gùi,gui,4,ㄍㄨㄟ
誊,謄,誊,téng,teng,2,ㄊㄥ
棆,棆,棆,zhūn,zhun,1,ㄓㄨㄣ
㠩,㠩,㠩,㠩,㠩,,
捁,捁,捁,jiǎo,jiao,3,ㄐㄧㄠ
疤,疤,疤,bā,ba,1,ㄅㄚ
鬥,鬥,斗,dòu,dou,4,ㄉㄡ
䨋,䨋,䨋,nvè,nue,4,
飷,飷,飷,jiě,jie,3,ㄐㄧㄝ
笡,笡,笡,qiè,qie,4,ㄑㄧㄝ
釚,釚,釚,qíu,qiu,2,ㄑㄧㄡ
中,中,中,zhōng,zhong,1,ㄓㄨㄥ
殃,殃,殃,yāng,yang,1,ㄧㄤ
蘏,蘏,蘏,jiōng,jiong,1,ㄐㄩㄥ
䕯,䕯,䕯,piáo,piao,2,ㄆㄧㄠ
仡,仡,仡,yì,yi,4,ㄧ
䲊,䲊,䲊,tuǒ,tuo,3,ㄊㄨㄛ
迄,迄,迄,qì,qi,4,ㄑㄧ
䫶,䫶,䫶,fán,fan,2,ㄈㄢ
咸,鹹,咸,xián,xian,2,ㄒㄧㄢ
猎,獵,猎,liè,lie,4,ㄌㄧㄝ
䶌,䶌,䶌,pào,pao,4,ㄆㄠ
焦,焦,焦,jiāo,jiao,1,ㄐㄧㄠ
㵳,㵳,㵳,liáo,liao,2,ㄌㄧㄠ
㦧,㦧,㦧,cǎn,can,3,ㄘㄢ
鍃,鍃,鍃,huō,huo,1,ㄏㄨㄛ
秉,秉,秉,bǐng,bing,3,ㄅㄧㄥ
恁,恁,恁,rèn,ren,4,ㄖㄣ
竮,竮,竮,píng,ping,2,ㄆㄧㄥ
霒,霒,霒,yīn,yin,1,ㄧㄣ
趕,趕,赶,gǎn,gan,3,ㄍㄢ
䁪,䁪,䁪,nǎn,nan,3,ㄋㄢ
檫,檫,檫,chá,cha,2,ㄔㄚ
冰,冰,冰,bīng,bing,1,ㄅㄧㄥ
啌,啌,啌,xiāng,xiang,1,ㄒㄧㄤ
铻,鋙,铻,wú,wu,2,ㄨ
炃,炃,炃,fén,fen,2,ㄈㄣ
䛖,䛖,䛖,è,e,4,ㄜ
詻,詻,詻,è,e,4,ㄜ
橎,橎,橎,fán,fan,2,ㄈㄢ
䎥,䎥,䎥,䎥,䎥,,
崛,崛,崛,jué,jue,2,ㄐㄩㄝ
䬜,䬜,䬜,䬜,䬜,,
錁,錁,锞,guǒ,guo,3,ㄍㄨㄛ
櫪,櫪,枥,lì,li,4,ㄌㄧ
瘂,瘂,痖,yǎ,ya,3,ㄧㄚ
㶀,㶀,㶀,㶀,㶀,,
㻱,㻱,㻱,㻱,㻱,,
洛,洛,洛,luò,luo,4,ㄌㄨㄛ
駷,駷,駷,sǒng,song,3,ㄙㄨㄥ
錭,錭,錭,táo,tao,2,ㄊㄠ
㷷,㷷,㷷,juǎn,juan,3,ㄐㄩㄢ
䨰,䨰,䨰,pò,po,4,ㄆㄛ
鷎,鷎,鷎,gāo,gao,1,ㄍㄠ
桾,桾,桾,jūn,jun,1,ㄐㄩㄣ
䭨,䭨,䭨,shùi,shui,4,ㄕㄨㄟ
甤,甤,甤,rúi,rui,2,ㄖㄨㄟ
㰛,㰛,㰛,yuè,yue,4,ㄩㄝ
㵽,㵽,㵽,dùi,dui,4,ㄉㄨㄟ
喂,喂,喂,wèi,wei,4,ㄨㄟ
豓,豓,豓,yàn,yan,4,ㄧㄢ
獼,獼,猕,mí,mi,2,ㄇㄧ
恲,恲,恲,pēng,peng,1,ㄆㄥ
仺,仺,仺,cāng,cang,1,ㄘㄤ
鹬,鷸,鹬,yù,yu,4,ㄩ
瞼,瞼,睑,jiǎn,jian,3,ㄐㄧㄢ
鰦,鰦,鰦,鰦,鰦,,
岜,岜,岜,bā,ba,1,ㄅㄚ
䛭,䛭,䛭,xìng,xing,4,ㄒㄧㄥ
湏,湏,湏,hùi,hui,4,ㄏㄨㄟ
怓,怓,怓,náo,nao,2,ㄋㄠ
択,択,択,zé,ze,2,ㄗㄜ
㲼,㲼,㲼,yì,yi,4,ㄧ
侍,侍,侍,shì,shi,4,ㄕ
䞷,䞷,䞷,jué,jue,2,ㄐㄩㄝ
甍,甍,甍,méng,meng,2,ㄇㄥ
昚,昚,昚,shèn,shen,4,ㄕㄣ
邥,邥,邥,shěn,shen,3,ㄕㄣ
叻,叻,叻,lè,le,4,ㄌㄜ
䅶,䅶,䅶,nòu,nou,4,ㄋㄡ
䋚,䋚,䋚,yì,yi,4,ㄧ
踇,踇,踇,mǒu,mou,3,ㄇㄡ
踌,躊,踌,chóu,chou,2,ㄔㄡ
蟏,蠨,蟏,xiāo,xiao,1,ㄒㄧㄠ
敐,敐,敐,chén,chen,2,ㄔㄣ
猲,猲,猲,xiē,xie,1,ㄒㄧㄝ
颊,頰,颊,jiá,jia,2,ㄐㄧㄚ
鍨,鍨,鍨,kúi,kui,2,ㄎㄨㄟ
趎,趎,趎,chú,chu,2,ㄔㄨ
止,止,止,zhǐ,zhi,3,ㄓ
纓,纓,缨,yīng,ying,1,ㄧㄥ
糇,餱,糇,hóu,hou,2,ㄏㄡ
痆,痆,痆,nì,ni,4,ㄋㄧ
㜜,㜜,㜜,ào,ao,4,ㄠ
釗,釗,钊,zhāo,zhao,1,ㄓㄠ
㪉,㪉,㪉,hé,he,2,ㄏㄜ
㬛,㬛,㬛,㬛,㬛,,
蹗,蹗,蹗,lù,lu,4,ㄌㄨ
昆,昆,昆,kūn,kun,1,ㄎㄨㄣ
鬲,鬲,鬲,lì,li,4,ㄌㄧ
㬦,㬦,㬦,yuè,yue,4,ㄩㄝ
滐,滐,滐,jié,jie,2,ㄐㄧㄝ
㚣,㚣,㚣,xiáo,xiao,2,ㄒㄧㄠ
濨,濨,濨,cí,ci,2,ㄘ
唸,唸,唸,niàn,nian,4,ㄋㄧㄢ
坽,坽,坽,líng,ling,2,ㄌㄧㄥ
鬱,鬱,郁,yù,yu,4,ㄩ
輂,輂,輂,jú,ju,2,ㄐㄩ
䵠,䵠,䵠,dí,di,2,ㄉㄧ
碮,碮,碮,tí,ti,2,ㄊㄧ
碈,碈,碈,mín,min,2,ㄇㄧㄣ
彛,彛,彛,yí,yi,2,ㄧ
逸,逸,逸,yì,yi,4,ㄧ
踆,踆,踆,qūn,qun,1,ㄑㄩㄣ
乜,乜,乜,miē,mie,1,ㄇㄧㄝ
咻,咻,咻,xīu,xiu,1,ㄒㄧㄡ
犳,犳,犳,chuó,chuo,2,ㄔㄨㄛ
䁥,䁥,䁥,nì,ni,4,ㄋㄧ
㽘,㽘,㽘,gǎng,gang,3,ㄍㄤ
飽,飽,饱,bǎo,bao,3,ㄅㄠ
㪝,㪝,㪝,liàn,lian,4,ㄌㄧㄢ
痢,痢,痢,lì,li,4,ㄌㄧ
㴔,㴔,㴔,sè,se,4,ㄙㄜ
䧞,䧞,䧞,fù,fu,4,ㄈㄨ
䇉,䇉,䇉,䇉,䇉,,
兯,兯,兯,兯,兯,,
㲘,㲘,㲘,qú,qu,2,ㄑㄩ
璡,璡,琎,jìn,jin,4,ㄐㄧㄣ
緇,緇,缁,zī,zi,1,ㄗ
韮,韮,韮,jǐu,jiu,3,ㄐㄧㄡ
笼,籠,笼,lóng,long,2,ㄌㄨㄥ
恢,恢,恢,hūi,hui,1,ㄏㄨㄟ
擷,擷,撷,xié,xie,2,ㄒㄧㄝ
畜,畜,畜,chù,chu,4,ㄔㄨ
蕟,蕟,蕟,fà,fa,4,ㄈㄚ
嫔,嬪,嫔,pín,pin,2,ㄆㄧㄣ
䄓,䄓,䄓,héng,heng,2,ㄏㄥ
峹,峹,峹,tú,tu,2,ㄊㄨ
窸,窸,窸,xī,xi,1,ㄒㄧ
㿋,㿋,㿋,sào,sao,4,ㄙㄠ
洿,洿,洿,wū,wu,1,ㄨ
澊,澊,澊,cūn,cun,1,ㄘㄨㄣ
辟,闢,辟,pì,pi,4,ㄆㄧ
揌,揌,揌,sāi,sai,1,ㄙㄞ
猜,猜,猜,cāi,cai,1,ㄘㄞ
曵,曵,曵,yè,ye,4,ㄧㄝ
靛,靛,靛,diàn,dian,4,ㄉㄧㄢ
蓝,藍,蓝,lán,lan,2,ㄌㄢ
揸,摣,揸,zhā,zha,1,ㄓㄚ
学,學,学,xué,xue,2,ㄒㄩㄝ
顪,顪,顪,hūi,hui,1,ㄏㄨㄟ
鯀,鯀,鲧,gǔn,gun,3,ㄍㄨㄣ
殴,毆,殴,ōu,ou,1,ㄡ
巗,巗,巗,yán,yan,2,ㄧㄢ
暵,暵,暵,hàn,han,4,ㄏㄢ
鎗,鎗,鎗,qiāng,qiang,1,ㄑㄧㄤ
霋,霋,霋,qī,qi,1,ㄑㄧ
䍚,䍚,䍚,làng,lang,4,ㄌㄤ
辤,辤,辤,cí,ci,2,ㄘ
䳤,䳤,䳤,䳤,䳤,,
蒌,蔞,蒌,lóu,lou,2,ㄌㄡ
椊,椊,椊,zuó,zuo,2,ㄗㄨㄛ
䎫,䎫,䎫,chuàng,chuang,4,ㄔㄨㄤ
鰬,鰬,鰬,qián,qian,2,ㄑㄧㄢ
嚯,嚯,嚯,huò,huo,4,ㄏㄨㄛ
澽,澽,澽,jù,ju,4,ㄐㄩ
㻔,㻔,㻔,duǒ,duo,3,ㄉㄨㄛ
㣞,㣞,㣞,duó,duo,2,ㄉㄨㄛ
鮯,鮯,鮯,gé,ge,2,ㄍㄜ
柔,柔,柔,róu,rou,2,ㄖㄡ
㫘,㫘,㫘,mì,mi,4,ㄇㄧ
壳,殼,壳,ké,ke,2,ㄎㄜ
耒,耒,耒,lěi,lei,3,ㄌㄟ
緾,緾,緾,chán,chan,2,ㄔㄢ
鋛,鋛,鋛,gǒng,gong,3,ㄍㄨㄥ
篌,篌,篌,hóu,hou,2,ㄏㄡ
劓,劓,劓,yì,yi,4,ㄧ
餮,餮,餮,tiè,tie,4,ㄊㄧㄝ
互,互,互,hù,hu,4,ㄏㄨ
緮,緮,緮,fù,fu,4,ㄈㄨ
㮢,㮢,㮢,hóu,hou,2,ㄏㄡ
抚,撫,抚,fǔ,fu,3,ㄈㄨ
係,係,系,xì,xi,4,ㄒㄧ
偙,偙,偙,dì,di,4,ㄉㄧ
逼,逼,逼,bī,bi,1,ㄅㄧ
胦,胦,胦,yāng,yang,1,ㄧㄤ
莸,蕕,莸,yóu,you,2,ㄧㄡ
㱡,㱡,㱡,㱡,㱡,,
㱫,㱫,㱫,làn,lan,4,ㄌㄢ
荾,荾,荾,sūi,sui,1,ㄙㄨㄟ
瘀,瘀,瘀,yū,yu,1,ㄩ
雌,雌,雌,cí,ci,2,ㄘ
祷,禱,祷,dǎo,dao,3,ㄉㄠ
鵲,鵲,鹊,què,que,4,ㄑㄩㄝ
迁,遷,迁,qiān,qian,1,ㄑㄧㄢ
筙,筙,筙,lái,lai,2,ㄌㄞ
算,算,算,suàn,suan,4,ㄙㄨㄢ
濷,濷,濷,fèi,fei,4,ㄈㄟ
㨙,㨙,㨙,xié,xie,2,ㄒㄧㄝ
壹,壹,壹,yī,yi,1,ㄧ
顬,顬,颥,rú,ru,2,ㄖㄨ
䙶,䙶,䙶,䙶,䙶,,
軿,軿,軿,píng,ping,2,ㄆㄧㄥ
泧,泧,泧,yuè,yue,4,ㄩㄝ
哆,哆,哆,duō,duo,1,ㄉㄨㄛ
袽,袽,袽,rú,ru,2,ㄖㄨ
潬,潬,潬,dàn,dan,4,ㄉㄢ
㯯,㯯,㯯,gòng,gong,4,ㄍㄨㄥ
戩,戩,戬,jiǎn,jian,3,ㄐㄧㄢ
葓,葓,葓,hóng,hong,2,ㄏㄨㄥ
椐,椐,椐,jū,ju,1,ㄐㄩ
煼,煼,煼,chǎo,chao,3,ㄔㄠ
紮,紮,扎,zā,za,1,ㄗㄚ
鏁,鏁,鏁,suǒ,suo,3,ㄙㄨㄛ
䭦,䭦,䭦,bó,bo,2,ㄅㄛ
箰,箰,箰,sǔn,sun,3,ㄙㄨㄣ
齬,齬,龉,yǔ,yu,3,ㄩ
随,隨,随,súi,sui,2,ㄙㄨㄟ
护,護,护,hù,hu,4,ㄏㄨ
㧲,㧲,㧲,sǎn,san,3,ㄙㄢ
輬,輬,辌,liáng,liang,2,ㄌㄧㄤ
䈆,䈆,䈆,dài,dai,4,ㄉㄞ
泜,泜,泜,chí,chi,2,ㄔ
嗹,嗹,嗹,lián,lian,2,ㄌㄧㄢ
尾,尾,尾,wěi,wei,3,ㄨㄟ
㮔,㮔,㮔,tóng,tong,2,ㄊㄨㄥ
㹿,㹿,㹿,diǎo,diao,3,ㄉㄧㄠ
莮,莮,莮,nán,nan,2,ㄋㄢ
㕬,㕬,㕬,sòng,song,4,ㄙㄨㄥ
鮢,鮢,鮢,zhū,zhu,1,ㄓㄨ
牔,牔,牔,bó,bo,2,ㄅㄛ
嬚,嬚,嬚,liǎn,lian,3,ㄌㄧㄢ
贿,賄,贿,hùi,hui,4,ㄏㄨㄟ
㽢,㽢,㽢,ǎn,an,3,ㄢ
婐,婐,婐,ē,e,1,ㄜ
䝆,䝆,䝆,䝆,䝆,,
嶔,嶔,嵚,qīn,qin,1,ㄑㄧㄣ
捾,捾,捾,wò,wo,4,ㄨㄛ
螵,螵,螵,piāo,piao,1,ㄆㄧㄠ
匯,匯,汇,hùi,hui,4,ㄏㄨㄟ
祔,祔,祔,fù,fu,4,ㄈㄨ
戮,戮,戮,lù,lu,4,ㄌㄨ
駤,駤,駤,zhì,zhi,4,ㄓ
塢,塢,坞,wù,wu,4,ㄨ
痨,癆,痨,láo,lao,2,ㄌㄠ
呄,呄,呄,gé,ge,2,ㄍㄜ
衸,衸,衸,xiè,xie,4,ㄒㄧㄝ
瑀,瑀,瑀,yǔ,yu,3,ㄩ
啖,啖,啖,dàn,dan,4,ㄉㄢ
苩,苩,苩,bó,bo,2,ㄅㄛ
马,馬,马,mǎ,ma,3,ㄇㄚ
抋,抋,抋,qìn,qin,4,ㄑㄧㄣ
揅,揅,揅,yán,yan,2,ㄧㄢ
猾,猾,猾,huá,hua,2,ㄏㄨㄚ
㣘,㣘,㣘,㣘,㣘,,
蜅,蜅,蜅,fǔ,fu,3,ㄈㄨ
媠,媠,媠,tuǒ,tuo,3,ㄊㄨㄛ
湫,湫,湫,jiǎo,jiao,3,ㄐㄧㄠ
篫,篫,篫,zhú,zhu,2,ㄓㄨ
㷫,㷫,㷫,qǐng,qing,3,ㄑㄧㄥ
㝠,㝠,㝠,míng,ming,2,ㄇㄧㄥ
譛,譛,譛,zèn,zen,4,ㄗㄣ
櫓,櫓,橹,lǔ,lu,3,ㄌㄨ
驈,驈,驈,yù,yu,4,ㄩ
麠,麠,麠,jīng,jing,1,ㄐㄧㄥ
䴍,䴍,䴍,䴍,䴍,,
莘,莘,莘,shēn,shen,1,ㄕㄣ
筞,筞,筞,cè,ce,4,ㄘㄜ
癫,癲,癫,diān,dian,1,ㄉㄧㄢ
鞟,鞟,鞟,kuò,kuo,4,ㄎㄨㄛ
䪡,䪡,䪡,䪡,䪡,,
㣹,㣹,㣹,㣹,㣹,,
䥨,䥨,䥨,lv̀,lu,4,ㄌㄨ
唆,唆,唆,suō,suo,1,ㄙㄨㄛ
䠎,䠎,䠎,wò,wo,4,ㄨㄛ
駞,駞,駞,tuó,tuo,2,ㄊㄨㄛ
䇿,䇿,䇿,䇿,䇿,,
煐,煐,煐,yīng,ying,1,ㄧㄥ
姜,薑,姜,jiāng,jiang,1,ㄐㄧㄤ
師,師,师,shī,shi,1,ㄕ
豵,豵,豵,zōng,zong,1,ㄗㄨㄥ
㲹,㲹,㲹,gǔi,gui,3,ㄍㄨㄟ
嚇,嚇,吓,xià,xia,4,ㄒㄧㄚ
氥,氥,氥,xī,xi,1,ㄒㄧ
唨,唨,唨,zuǒ,zuo,3,ㄗㄨㄛ
羁,羈,羁,jī,ji,1,ㄐㄧ
㽻,㽻,㽻,㽻,㽻,,
換,換,换,huàn,huan,4,ㄏㄨㄢ
斴,斴,斴,lín,lin,2,ㄌㄧㄣ
熩,熩,熩,hù,hu,4,ㄏㄨ
駩,駩,駩,quán,quan,2,ㄑㄩㄢ
繴,繴,繴,bò,bo,4,ㄅㄛ
譡,譡,譡,dǎng,dang,3,ㄉㄤ
䥭,䥭,䥭,zhèng,zheng,4,ㄓㄥ
揾,揾,揾,wèn,wen,4,ㄨㄣ
捨,捨,舍,shě,she,3,ㄕㄜ
糚,糚,糚,zhuāng,zhuang,1,ㄓㄨㄤ
懝,懝,懝,ài,ai,4,ㄞ
瀓,瀓,瀓,chéng,cheng,2,ㄔㄥ
廏,廏,廏,jìu,jiu,4,ㄐㄧㄡ
隷,隷,隷,lì,li,4,ㄌㄧ
鐜,鐜,鐜,dùi,dui,4,ㄉㄨㄟ
贲,賁,贲,bì,bi,4,ㄅㄧ
脮,脮,脮,něi,nei,3,ㄋㄟ
衁,衁,衁,huāng,huang,1,ㄏㄨㄤ
蟅,蟅,蟅,zhè,zhe,4,ㄓㄜ
悌,悌,悌,tì,ti,4,ㄊㄧ
矧,矧,矧,shěn,shen,3,ㄕㄣ
鬡,鬡,鬡,níng,ning,2,ㄋㄧㄥ
遐,遐,遐,xiá,xia,2,ㄒㄧㄚ
晻,晻,晻,ǎn,an,3,ㄢ
醃,醃,腌,yān,yan,1,ㄧㄢ
鄢,鄢,鄢,yān,yan,1,ㄧㄢ
王,王,王,wáng,wang,2,ㄨㄤ
柝,柝,柝,tuò,tuo,4,ㄊㄨㄛ
齁,齁,齁,hōu,hou,1,ㄏㄡ
詮,詮,诠,quán,quan,2,ㄑㄩㄢ
吞,吞,吞,tūn,tun,1,ㄊㄨㄣ
䗙,䗙,䗙,hán,han,2,ㄏㄢ
㰯,㰯,㰯,kòu,kou,4,ㄎㄡ
癳,癳,癳,luǒ,luo,3,ㄌㄨㄛ
榤,榤,榤,jié,jie,2,ㄐㄧㄝ
鿑,鿑,鿑,鿑,鿑,,
麨,麨,麨,chǎo,chao,3,ㄔㄠ
狯,獪,狯,huá,hua,2,ㄏㄨㄚ
䀩,䀩,䀩,luò,luo,4,ㄌㄨㄛ
凍,凍,冻,dòng,dong,4,ㄉㄨㄥ
䗉,䗉,䗉,䗉,䗉,,
儴,儴,儴,ráng,rang,2,ㄖㄤ
丙,丙,丙,bǐng,bing,3,ㄅㄧㄥ
娾,娾,娾,ǎi,ai,3,ㄞ
吻,吻,吻,wěn,wen,3,ㄨㄣ
萯,萯,萯,fù,fu,4,ㄈㄨ
皎,皎,皎,jiǎo,jiao,3,ㄐㄧㄠ
籂,籂,籂,籂,籂,,
㱌,㱌,㱌,chè,che,4,ㄔㄜ
飂,飂,飂,liáo,liao,2,ㄌㄧㄠ
㫾,㫾,㫾,㫾,㫾,,
晝,晝,昼,zhòu,zhou,4,ㄓㄡ
咪,咪,咪,mī,mi,1,ㄇㄧ
䐧,䐧,䐧,kào,kao,4,ㄎㄠ
犺,犺,犺,kàng,kang,4,ㄎㄤ
㣂,㣂,㣂,yì,yi,4,ㄧ
軍,軍,军,jūn,jun,1,ㄐㄩㄣ
珘,珘,珘,zhōu,zhou,1,ㄓㄡ
楢,楢,楢,yóu,you,2,ㄧㄡ
諨,諨,諨,fú,fu,2,ㄈㄨ
䃀,䃀,䃀,cùi,cui,4,ㄘㄨㄟ
鞠,鞠,鞠,jū,ju,1,ㄐㄩ
盁,盁,盁,yíng,ying,2,ㄧㄥ
㰲,㰲,㰲,xù,xu,4,ㄒㄩ
剎,剎,剎,chà,cha,4,ㄔㄚ
㒲,㒲,㒲,cái,cai,2,ㄘㄞ
㛅,㛅,㛅,èr,er,4,ㄦ
矟,矟,矟,shuò,shuo,4,ㄕㄨㄛ
㧒,㧒,㧒,xué,xue,2,ㄒㄩㄝ
䙋,䙋,䙋,䙋,䙋,,
瑊,瑊,瑊,zhēn,zhen,1,ㄓㄣ
㸞,㸞,㸞,bǎn,ban,3,ㄅㄢ
堤,堤,堤,dī,di,1,ㄉㄧ
㘮,㘮,㘮,㘮,㘮,,
稞,稞,稞,kē,ke,1,ㄎㄜ
澫,澫,澫,màn,man,4,ㄇㄢ
磠,磠,磠,lǔ,lu,3,ㄌㄨ
獭,獺,獭,tà,ta,4,ㄊㄚ
靤,靤,靤,pào,pao,4,ㄆㄠ
馞,馞,馞,bó,bo,2,ㄅㄛ
巕,巕,巕,巕,巕,,
撋,撋,撋,ruán,ruan,2,ㄖㄨㄢ
希,希,希,xī,xi,1,ㄒㄧ
韋,韋,韦,wéi,wei,2,ㄨㄟ
㣢,㣢,㣢,tí,ti,2,ㄊㄧ
褥,褥,褥,rù,ru,4,ㄖㄨ
冠,冠,冠,guān,guan,1,ㄍㄨㄢ
盒,盒,盒,hé,he,2,ㄏㄜ
彾,彾,彾,lǐng,ling,3,ㄌㄧㄥ
輣,輣,輣,péng,peng,2,ㄆㄥ
䥯,䥯,䥯,bà,ba,4,ㄅㄚ
舰,艦,舰,jiàn,jian,4,ㄐㄧㄢ
䟱,䟱,䟱,䟱,䟱,,
譺,譺,譺,yè,ye,4,ㄧㄝ
棌,棌,棌,cǎi,cai,3,ㄘㄞ
薞,薞,薞,sūn,sun,1,ㄙㄨㄣ
甓,甓,甓,pì,pi,4,ㄆㄧ
瀷,瀷,瀷,yì,yi,4,ㄧ
杉,杉,杉,shān,shan,1,ㄕㄢ
娡,娡,娡,zhì,zhi,4,ㄓ
祮,祮,祮,gào,gao,4,ㄍㄠ
汗,汗,汗,hàn,han,4,ㄏㄢ
怈,怈,怈,yì,yi,4,ㄧ
枨,棖,枨,chéng,cheng,2,ㄔㄥ
懰,懰,懰,líu,liu,2,ㄌㄧㄡ
枻,枻,枻,yì,yi,4,ㄧ
鈅,鈅,鈅,yuè,yue,4,ㄩㄝ
虹,虹,虹,hóng,hong,2,ㄏㄨㄥ
蜝,蜝,蜝,qí,qi,2,ㄑㄧ
赮,赮,赮,xiá,xia,2,ㄒㄧㄚ
碙,碙,碙,gāng,gang,1,ㄍㄤ
萔,萔,萔,tiáo,tiao,2,ㄊㄧㄠ
䜟,䜟,䜟,chén,chen,2,ㄔㄣ
甘,甘,甘,gān,gan,1,ㄍㄢ
膊,膊,膊,bó,bo,2,ㄅㄛ
㥰,㥰,㥰,㥰,㥰,,
䉲,䉲,䉲,biè,bie,4,ㄅㄧㄝ
皝,皝,皝,huǎng,huang,3,ㄏㄨㄤ
㴩,㴩,㴩,㴩,㴩,,
䄚,䄚,䄚,cáo,cao,2,ㄘㄠ
跠,跠,跠,yí,yi,2,ㄧ
塔,塔,塔,tǎ,ta,3,ㄊㄚ
東,東,东,dōng,dong,1,ㄉㄨㄥ
菑,菑,菑,zī,zi,1,ㄗ
剞,剞,剞,jī,ji,1,ㄐㄧ
钛,鈦,钛,tài,tai,4,ㄊㄞ
鮅,鮅,鮅,bì,bi,4,ㄅㄧ
髏,髏,髅,lóu,lou,2,ㄌㄡ
驞,驞,驞,bīn,bin,1,ㄅㄧㄣ
㒥,㒥,㒥,㒥,㒥,,
㝲,㝲,㝲,qǐn,qin,3,ㄑㄧㄣ
蘜,蘜,蘜,jú,ju,2,ㄐㄩ
錖,錖,錖,dǔ,du,3,ㄉㄨ
秂,秂,秂,rén,ren,2,ㄖㄣ
憽,憽,憽,sōng,song,1,ㄙㄨㄥ
槻,槻,槻,gūi,gui,1,ㄍㄨㄟ
穾,穾,穾,yào,yao,4,ㄧㄠ
㱽,㱽,㱽,dàn,dan,4,ㄉㄢ
鈛,鈛,鈛,guō,guo,1,ㄍㄨㄛ
今,今,今,jīn,jin,1,ㄐㄧㄣ
㤃,㤃,㤃,fáng,fang,2,ㄈㄤ
缋,繢,缋,hùi,hui,4,ㄏㄨㄟ
垮,垮,垮,kuǎ,kua,3,ㄎㄨㄚ
莿,莿,莿,cì,ci,4,ㄘ
登,登,登,dēng,deng,1,ㄉㄥ
潏,潏,潏,jué,jue,2,ㄐㄩㄝ
㖹,㖹,㖹,fèn,fen,4,ㄈㄣ
媉,媉,媉,wū,wu,1,ㄨ
稔,稔,稔,rěn,ren,3,ㄖㄣ
颠,顛,颠,diān,dian,1,ㄉㄧㄢ
㩣,㩣,㩣,㩣,㩣,,
墼,墼,墼,jī,ji,1,ㄐㄧ
結,結,结,jié,jie,2,ㄐㄧㄝ
䃴,䃴,䃴,䃴,䃴,,
凒,凒,凒,yí,yi,2,ㄧ
衤,衤,衤,衤,衤,,
呷,呷,呷,xiā,xia,1,ㄒㄧㄚ
裊,裊,袅,niǎo,niao,3,ㄋㄧㄠ
曎,曎,曎,yì,yi,4,ㄧ
攼,攼,攼,gān,gan,1,ㄍㄢ
矂,矂,矂,sào,sao,4,ㄙㄠ
㠧,㠧,㠧,mí,mi,2,ㄇㄧ
訐,訐,讦,jié,jie,2,ㄐㄧㄝ
䶧,䶧,䶧,yǎo,yao,3,ㄧㄠ
㰎,㰎,㰎,zùi,zui,4,ㄗㄨㄟ
胅,胅,胅,dié,die,2,ㄉㄧㄝ
喘,喘,喘,chuǎn,chuan,3,ㄔㄨㄢ
紝,紝,纴,rèn,ren,4,ㄖㄣ
厐,厐,厐,páng,pang,2,ㄆㄤ
㶰,㶰,㶰,hán,han,2,ㄏㄢ
陖,陖,陖,xùn,xun,4,ㄒㄩㄣ
㡩,㡩,㡩,luán,luan,2,ㄌㄨㄢ
賺,賺,赚,zhuàn,zhuan,4,ㄓㄨㄢ
㨥,㨥,㨥,nà,na,4,ㄋㄚ
噖,噖,噖,yín,yin,2,ㄧㄣ
憕,憕,憕,chéng,cheng,2,ㄔㄥ
驣,驣,驣,téng,teng,2,ㄊㄥ
蚏,蚏,蚏,yuè,yue,4,ㄩㄝ
鷔,鷔,鷔,áo,ao,2,ㄠ
䝟,䝟,䝟,yà,ya,4,ㄧㄚ
炇,炇,炇,pò,po,4,ㄆㄛ
献,獻,献,xiàn,xian,4,ㄒㄧㄢ
嬲,嬲,嬲,niǎo,niao,3,ㄋㄧㄠ
諢,諢,诨,hùn,hun,4,ㄏㄨㄣ
钳,鉗,钳,qián,qian,2,ㄑㄧㄢ
骑,騎,骑,qí,qi,2,ㄑㄧ
稐,稐,稐,lǔn,lun,3,ㄌㄨㄣ
攵,攵,攵,sūi,sui,1,ㄙㄨㄟ
艻,艻,艻,lè,le,4,ㄌㄜ
䰯,䰯,䰯,nǐ,ni,3,ㄋㄧ
晀,晀,晀,tiǎo,tiao,3,ㄊㄧㄠ
飻,飻,飻,tiè,tie,4,ㄊㄧㄝ
急,急,急,jí,ji,2,ㄐㄧ
鴿,鴿,鸽,gē,ge,1,ㄍㄜ
婈,婈,婈,díng,ding,2,ㄉㄧㄥ
儧,儧,儧,zǎn,zan,3,ㄗㄢ
蜏,蜏,蜏,yǒu,you,3,ㄧㄡ
绖,絰,绖,dié,die,2,ㄉㄧㄝ
酾,釃,酾,xǐ,xi,3,ㄒㄧ
匬,匬,匬,tóu,tou,2,ㄊㄡ
氎,氎,氎,dié,die,2,ㄉㄧㄝ
花,花,花,huā,hua,1,ㄏㄨㄚ
嘭,嘭,嘭,pēng,peng,1,ㄆㄥ
䨺,䨺,䨺,dùi,dui,4,ㄉㄨㄟ
痮,痮,痮,zhàng,zhang,4,ㄓㄤ
昰,昰,昰,shì,shi,4,ㄕ
抍,抍,抍,zhěng,zheng,3,ㄓㄥ
謐,謐,谧,mì,mi,4,ㄇㄧ
撼,撼,撼,hàn,han,4,ㄏㄢ
萞,萞,萞,萞,萞,,
觳,觳,觳,hú,hu,2,ㄏㄨ
蝹,蝹,蝹,yūn,yun,1,ㄩㄣ
寤,寤,寤,wù,wu,4,ㄨ
檴,檴,檴,huò,huo,4,ㄏㄨㄛ
蚱,蚱,蚱,zhà,zha,4,ㄓㄚ
翛,翛,翛,xiāo,xiao,1,ㄒㄧㄠ
想,想,想,xiǎng,xiang,3,ㄒㄧㄤ
夬,夬,夬,guài,guai,4,ㄍㄨㄞ
䞸,䞸,䞸,fù,fu,4,ㄈㄨ
禫,禫,禫,tǎn,tan,3,ㄊㄢ
髩,髩,髩,bìn,bin,4,ㄅㄧㄣ
麃,麃,麃,biāo,biao,1,ㄅㄧㄠ
䈭,䈭,䈭,huái,huai,2,ㄏㄨㄞ
俫,俫,俫,lái,lai,2,ㄌㄞ
㱅,㱅,㱅,yì,yi,4,ㄧ
㴍,㴍,㴍,㴍,㴍,,
獘,獘,獘,bì,bi,4,ㄅㄧ
祠,祠,祠,cí,ci,2,ㄘ
碓,碓,碓,dùi,dui,4,ㄉㄨㄟ
欄,欄,栏,lán,lan,2,ㄌㄢ
棇,棇,棇,cōng,cong,1,ㄘㄨㄥ
鉜,鉜,鉜,fú,fu,2,ㄈㄨ
獰,獰,狞,níng,ning,2,ㄋㄧㄥ
漆,漆,漆,qī,qi,1,ㄑㄧ
纜,纜,缆,làn,lan,4,ㄌㄢ
罬,罬,罬,zhuó,zhuo,2,ㄓㄨㄛ
荥,滎,荥,yíng,ying,2,ㄧㄥ
犼,犼,犼,hǒu,hou,3,ㄏㄡ
㵘,㵘,㵘,màn,man,4,ㄇㄢ
贱,賤,贱,jiàn,jian,4,ㄐㄧㄢ
癄,癄,癄,qiáo,qiao,2,ㄑㄧㄠ
趦,趦,趦,zī,zi,1,ㄗ
瀁,瀁,瀁,yàng,yang,4,ㄧㄤ
䘎,䘎,䘎,䘎,䘎,,
㮊,㮊,㮊,㮊,㮊,,
掲,掲,掲,jiē,jie,1,ㄐㄧㄝ
鶊,鶊,鹒,gēng,geng,1,ㄍㄥ
䡊,䡊,䡊,fán,fan,2,ㄈㄢ
冪,冪,幂,mì,mi,4,ㄇㄧ
嵸,嵸,嵸,zōng,zong,1,ㄗㄨㄥ
桮,桮,桮,bēi,bei,1,ㄅㄟ
䆈,䆈,䆈,zhì,zhi,4,ㄓ
羙,羙,羙,gāo,gao,1,ㄍㄠ
䚳,䚳,䚳,xiè,xie,4,ㄒㄧㄝ
䔝,䔝,䔝,䔝,䔝,,
㵦,㵦,㵦,súi,sui,2,ㄙㄨㄟ
䡲,䡲,䡲,chán,chan,2,ㄔㄢ
昷,昷,昷,wēn,wen,1,ㄨㄣ
䥛,䥛,䥛,jié,jie,2,ㄐㄧㄝ
隺,隺,隺,hè,he,4,ㄏㄜ
譓,譓,譓,hùi,hui,4,ㄏㄨㄟ
㴻,㴻,㴻,㴻,㴻,,
铒,鉺,铒,èr,er,4,ㄦ
蝲,蝲,蝲,là,la,4,ㄌㄚ
误,誤,误,wù,wu,4,ㄨ
㔒,㔒,㔒,xí,xi,2,ㄒㄧ
旻,旻,旻,mín,min,2,ㄇㄧㄣ
贸,貿,贸,mào,mao,4,ㄇㄠ
遛,遛,遛,líu,liu,2,ㄌㄧㄡ
勜,勜,勜,wěng,weng,3,ㄨㄥ
䢱,䢱,䢱,dú,du,2,ㄉㄨ
鑿,鑿,凿,záo,zao,2,ㄗㄠ
袂,袂,袂,mèi,mei,4,ㄇㄟ
鹡,鶺,鹡,jí,ji,2,ㄐㄧ
苐,苐,苐,yí,yi,2,ㄧ
㹑,㹑,㹑,sì,si,4,ㄙ
忷,忷,忷,xiōng,xiong,1,ㄒㄩㄥ
冃,冃,冃,冃,冃,,
獣,獣,獣,獣,獣,,
噲,噲,哙,kuài,kuai,4,ㄎㄨㄞ
鎻,鎻,鎻,suǒ,suo,3,ㄙㄨㄛ
皮,皮,皮,pí,pi,2,ㄆㄧ
㢯,㢯,㢯,mín,min,2,ㄇㄧㄣ
偣,偣,偣,yān,yan,1,ㄧㄢ
㧋,㧋,㧋,xiǎn,xian,3,ㄒㄧㄢ
滮,滮,滮,biāo,biao,1,ㄅㄧㄠ
埥,埥,埥,chēng,cheng,1,ㄔㄥ
䕖,䕖,䕖,䕖,䕖,,
䋸,䋸,䋸,xún,xun,2,ㄒㄩㄣ
竺,竺,竺,zhú,zhu,2,ㄓㄨ
琱,琱,琱,diāo,diao,1,ㄉㄧㄠ
辨,辨,辨,biàn,bian,4,ㄅㄧㄢ
鋇,鋇,钡,bèi,bei,4,ㄅㄟ
鰭,鰭,鳍,qí,qi,2,ㄑㄧ
㓭,㓭,㓭,hé,he,2,ㄏㄜ
類,類,类,lèi,lei,4,ㄌㄟ
陶,陶,陶,táo,tao,2,ㄊㄠ
歼,殲,歼,jiān,jian,1,ㄐㄧㄢ
幮,幮,幮,chú,chu,2,ㄔㄨ
嘍,嘍,喽,lou,lou,5,ㄌㄡ
㒶,㒶,㒶,㒶,㒶,,
酓,酓,酓,yǎn,yan,3,ㄧㄢ
渱,渱,渱,hóng,hong,2,ㄏㄨㄥ
灌,灌,灌,guàn,guan,4,ㄍㄨㄢ
棊,棊,棊,qí,qi,2,ㄑㄧ
蘩,蘩,蘩,fán,fan,2,ㄈㄢ
圷,圷,圷,圷,圷,,
膃,膃,腽,wà,wa,4,ㄨㄚ
佯,佯,佯,yáng,yang,2,ㄧㄤ
㙓,㙓,㙓,kúi,kui,2,ㄎㄨㄟ
畇,畇,畇,yún,yun,2,ㄩㄣ
䃢,䃢,䃢,䃢,䃢,,
銕,銕,銕,tiě,tie,3,ㄊㄧㄝ
隲,隲,隲,é,e,2,ㄜ
鎶,鎶,鎶,gē,ge,1,ㄍㄜ
擟,擟,擟,mí,mi,2,ㄇㄧ
爍,爍,烁,shuò,shuo,4,ㄕㄨㄛ
㹰,㹰,㹰,㹰,㹰,,
矫,矯,矫,jiǎo,jiao,3,ㄐㄧㄠ
蠏,蠏,蠏,xiè,xie,4,ㄒㄧㄝ
孏,孏,孏,lǎn,lan,3,ㄌㄢ
扐,扐,扐,lè,le,4,ㄌㄜ
忓,忓,忓,gān,gan,1,ㄍㄢ
䠷,䠷,䠷,tiǎo,tiao,3,ㄊㄧㄠ
絾,絾,絾,chéng,cheng,2,ㄔㄥ
見,見,见,jiàn,jian,4,ㄐㄧㄢ
栰,栰,栰,fá,fa,2,ㄈㄚ
蘙,蘙,蘙,yì,yi,4,ㄧ
暐,暐,暐,wěi,wei,3,ㄨㄟ
杅,杅,杅,yú,yu,2,ㄩ
苕,苕,苕,tiáo,tiao,2,ㄊㄧㄠ
榇,櫬,榇,chèn,chen,4,ㄔㄣ
箒,箒,箒,zhǒu,zhou,3,ㄓㄡ
簑,簑,簑,suō,suo,1,ㄙㄨㄛ
乇,乇,乇,zhé,zhe,2,ㄓㄜ
劔,劔,劔,jiàn,jian,4,ㄐㄧㄢ
楴,楴,楴,dì,di,4,ㄉㄧ
㙨,㙨,㙨,jì,ji,4,ㄐㄧ
扊,扊,扊,yǎn,yan,3,ㄧㄢ
煫,煫,煫,sùi,sui,4,ㄙㄨㄟ
䏈,䏈,䏈,lián,lian,2,ㄌㄧㄢ
觘,觘,觘,chào,chao,4,ㄔㄠ
熔,熔,熔,róng,rong,2,ㄖㄨㄥ
挰,挰,挰,chéng,cheng,2,ㄔㄥ
砕,砕,砕,sùi,sui,4,ㄙㄨㄟ
帤,帤,帤,rú,ru,2,ㄖㄨ
燍,燍,燍,sī,si,1,ㄙ
鳩,鳩,鸠,jīu,jiu,1,ㄐㄧㄡ
㲳,㲳,㲳,dié,die,2,ㄉㄧㄝ
䭯,䭯,䭯,bó,bo,2,ㄅㄛ
孡,孡,孡,tāi,tai,1,ㄊㄞ
芸,蕓,芸,yún,yun,2,ㄩㄣ
徤,徤,徤,jiàn,jian,4,ㄐㄧㄢ
䁯,䁯,䁯,shè,she,4,ㄕㄜ
㶕,㶕,㶕,jiǎn,jian,3,ㄐㄧㄢ
䠸,䠸,䠸,䠸,䠸,,
欂,欂,欂,bó,bo,2,ㄅㄛ
霻,霻,霻,霻,霻,,
膪,膪,膪,zhà,zha,4,ㄓㄚ
劂,劂,劂,jué,jue,2,ㄐㄩㄝ
懭,懭,懭,kuàng,kuang,4,ㄎㄨㄤ
㫌,㫌,㫌,㫌,㫌,,
愪,愪,愪,yún,yun,2,ㄩㄣ
癕,癕,癕,yōng,yong,1,ㄩㄥ
煁,煁,煁,chén,chen,2,ㄔㄣ
蟲,蟲,虫,chóng,chong,2,ㄔㄨㄥ
欘,欘,欘,zhǔ,zhu,3,ㄓㄨ
欺,欺,欺,qī,qi,1,ㄑㄧ
虣,虣,虣,bào,bao,4,ㄅㄠ
䅰,䅰,䅰,ěn,en,3,ㄣ
佗,佗,佗,tuó,tuo,2,ㄊㄨㄛ
㑗,㑗,㑗,㑗,㑗,,
鸣,鳴,鸣,míng,ming,2,ㄇㄧㄥ
帗,帗,帗,fú,fu,2,ㄈㄨ
腞,腞,腞,zhuàn,zhuan,4,ㄓㄨㄢ
犜,犜,犜,dūn,dun,1,ㄉㄨㄣ
䝂,䝂,䝂,shù,shu,4,ㄕㄨ
鲎,鱟,鲎,hòu,hou,4,ㄏㄡ
疦,疦,疦,jué,jue,2,ㄐㄩㄝ
䠯,䠯,䠯,yuè,yue,4,ㄩㄝ
晛,晛,晛,xiàn,xian,4,ㄒㄧㄢ
輥,輥,辊,gǔn,gun,3,ㄍㄨㄣ
悙,悙,悙,hēng,heng,1,ㄏㄥ
嗨,嗨,嗨,hāi,hai,1,ㄏㄞ
缄,緘,缄,jiān,jian,1,ㄐㄧㄢ
宮,宮,宫,gōng,gong,1,ㄍㄨㄥ
勄,勄,勄,mǐn,min,3,ㄇㄧㄣ
㓃,㓃,㓃,chúi,chui,2,ㄔㄨㄟ
鳥,鳥,鸟,niǎo,niao,3,ㄋㄧㄠ
䢷,䢷,䢷,䢷,䢷,,
下,下,下,xià,xia,4,ㄒㄧㄚ
竟,竟,竟,jìng,jing,4,ㄐㄧㄥ
駉,駉,駉,jiōng,jiong,1,ㄐㄩㄥ
詗,詗,诇,xiòng,xiong,4,ㄒㄩㄥ
挾,挾,挟,xié,xie,2,ㄒㄧㄝ
䘲,䘲,䘲,䘲,䘲,,
仃,仃,仃,dīng,ding,1,ㄉㄧㄥ
蘍,蘍,蘍,xūn,xun,1,ㄒㄩㄣ
螗,螗,螗,táng,tang,2,ㄊㄤ
嚔,嚔,嚔,tì,ti,4,ㄊㄧ
睇,睇,睇,dì,di,4,ㄉㄧ
伦,倫,伦,lún,lun,2,ㄌㄨㄣ
惐,惐,惐,yù,yu,4,ㄩ
魷,魷,鱿,yóu,you,2,ㄧㄡ
哅,哅,哅,xiōng,xiong,1,ㄒㄩㄥ
磑,磑,硙,wèi,wei,4,ㄨㄟ
蓅,蓅,蓅,líu,liu,2,ㄌㄧㄡ
藡,藡,藡,dí,di,2,ㄉㄧ
㦾,㦾,㦾,yí,yi,2,ㄧ
澙,澙,澙,xì,xi,4,ㄒㄧ
㬷,㬷,㬷,㬷,㬷,,
㟷,㟷,㟷,da,da,5,ㄉㄚ
暨,暨,暨,jì,ji,4,ㄐㄧ
驎,驎,驎,lín,lin,2,ㄌㄧㄣ
禱,禱,祷,dǎo,dao,3,ㄉㄠ
搏,搏,搏,bó,bo,2,ㄅㄛ
佅,佅,佅,mài,mai,4,ㄇㄞ
虌,虌,虌,biē,bie,1,ㄅㄧㄝ
徂,徂,徂,cú,cu,2,ㄘㄨ
旐,旐,旐,zhào,zhao,4,ㄓㄠ
嬀,嬀,嬀,gūi,gui,1,ㄍㄨㄟ
掊,掊,掊,póu,pou,2,ㄆㄡ
剷,剷,剷,chǎn,chan,3,ㄔㄢ
㕚,㕚,㕚,zhǎo,zhao,3,ㄓㄠ
懷,懷,怀,huái,huai,2,ㄏㄨㄞ
镹,镹,镹,jǐu,jiu,3,ㄐㄧㄡ
䟺,䟺,䟺,bǎng,bang,3,ㄅㄤ
蓌,蓌,蓌,cuò,cuo,4,ㄘㄨㄛ
垁,垁,垁,zhì,zhi,4,ㄓ
夘,夘,夘,mǎo,mao,3,ㄇㄠ
擺,擺,摆,bǎi,bai,3,ㄅㄞ
㢖,㢖,㢖,㢖,㢖,,
睁,睜,睁,zhēng,zheng,1,ㄓㄥ
寵,寵,宠,chǒng,chong,3,ㄔㄨㄥ
令,令,令,lìng,ling,4,ㄌㄧㄥ
㯵,㯵,㯵,㯵,㯵,,
䥂,䥂,䥂,mèng,meng,4,ㄇㄥ
㤴,㤴,㤴,xí,xi,2,ㄒㄧ
疠,癘,疠,lì,li,4,ㄌㄧ
郫,郫,郫,pí,pi,2,ㄆㄧ
栤,栤,栤,bìng,bing,4,ㄅㄧㄥ
枟,枟,枟,yùn,yun,4,ㄩㄣ
嫧,嫧,嫧,cè,ce,4,ㄘㄜ
毵,毿,毵,sān,san,1,ㄙㄢ
䔗,䔗,䔗,xiáng,xiang,2,ㄒㄧㄤ
乼,乼,乼,乼,乼,,
熇,熇,熇,hè,he,4,ㄏㄜ
銝,銝,銝,xīu,xiu,1,ㄒㄧㄡ
邢,邢,邢,xíng,xing,2,ㄒㄧㄥ
扽,扽,扽,dùn,dun,4,ㄉㄨㄣ
芔,芔,芔,hǔi,hui,3,ㄏㄨㄟ
㧦,㧦,㧦,xuàn,xuan,4,ㄒㄩㄢ
㯴,㯴,㯴,㯴,㯴,,
妐,妐,妐,zhōng,zhong,1,ㄓㄨㄥ
夜,夜,夜,yè,ye,4,ㄧㄝ
穭,穭,稆,lǔ,lu,3,ㄌㄨ
錎,錎,錎,xiàn,xian,4,ㄒㄧㄢ
砾,礫,砾,lì,li,4,ㄌㄧ
鬌,鬌,鬌,duǒ,duo,3,ㄉㄨㄛ
䙰,䙰,䙰,lí,li,2,ㄌㄧ
侬,儂,侬,nóng,nong,2,ㄋㄨㄥ
㲊,㲊,㲊,rùi,rui,4,ㄖㄨㄟ
挨,挨,挨,āi,ai,1,ㄞ
墁,墁,墁,màn,man,4,ㄇㄢ
賰,賰,賰,shǔn,shun,3,ㄕㄨㄣ
鋁,鋁,铝,lǔ,lu,3,ㄌㄨ
闪,閃,闪,shǎn,shan,3,ㄕㄢ
纾,紓,纾,shū,shu,1,ㄕㄨ
靀,靀,靀,méng,meng,2,ㄇㄥ
勠,勠,勠,lù,lu,4,ㄌㄨ
籰,籰,籰,yuè,yue,4,ㄩㄝ
唇,唇,唇,chún,chun,2,ㄔㄨㄣ
䂛,䂛,䂛,yú,yu,2,ㄩ
䛔,䛔,䛔,ná,na,2,ㄋㄚ
㲽,㲽,㲽,niàn,nian,4,ㄋㄧㄢ
䈎,䈎,䈎,yè,ye,4,ㄧㄝ
釬,釬,釬,hàn,han,4,ㄏㄢ
胗,胗,胗,zhēn,zhen,1,ㄓㄣ
驷,駟,驷,sì,si,4,ㄙ
腦,腦,脑,nǎo,nao,3,ㄋㄠ
煲,煲,煲,bāo,bao,1,ㄅㄠ
谱,譜,谱,pǔ,pu,3,ㄆㄨ
軼,軼,轶,yì,yi,4,ㄧ
衣,衣,衣,yī,yi,1,ㄧ
辚,轔,辚,lín,lin,2,ㄌㄧㄣ
矝,矝,矝,lín,lin,2,ㄌㄧㄣ
㠍,㠍,㠍,jí,ji,2,ㄐㄧ
掳,擄,掳,lǔ,lu,3,ㄌㄨ
缹,缹,缹,fǒu,fou,3,ㄈㄡ
䧳,䧳,䧳,cí,ci,2,ㄘ
薤,薤,薤,xiè,xie,4,ㄒㄧㄝ
失,失,失,shī,shi,1,ㄕ
衢,衢,衢,qú,qu,2,ㄑㄩ
㐧,㐧,㐧,㐧,㐧,,
儡,儡,儡,lěi,lei,3,ㄌㄟ
焬,焬,焬,xí,xi,2,ㄒㄧ
臁,臁,臁,lián,lian,2,ㄌㄧㄢ
碚,碚,碚,bèi,bei,4,ㄅㄟ
臚,臚,胪,lú,lu,2,ㄌㄨ
㫭,㫭,㫭,㫭,㫭,,
爞,爞,爞,tóng,tong,2,ㄊㄨㄥ
郊,郊,郊,jiāo,jiao,1,ㄐㄧㄠ
嫐,嫐,嫐,nǎo,nao,3,ㄋㄠ
窎,窵,窎,diào,diao,4,ㄉㄧㄠ
漜,漜,漜,yě,ye,3,ㄧㄝ
㬲,㬲,㬲,㬲,㬲,,
乄,乄,乄,乄,乄,,
堘,堘,堘,chéng,cheng,2,ㄔㄥ
眇,眇,眇,miǎo,miao,3,ㄇㄧㄠ
嗘,嗘,嗘,jī,ji,1,ㄐㄧ
鰋,鰋,鰋,yǎn,yan,3,ㄧㄢ
樘,樘,樘,táng,tang,2,ㄊㄤ
峨,峨,峨,é,e,2,ㄜ
崯,崯,崯,yín,yin,2,ㄧㄣ
䰜,䰜,䰜,lì,li,4,ㄌㄧ
鍉,鍉,鍉,dī,di,1,ㄉㄧ
㔪,㔪,㔪,lǔ,lu,3,ㄌㄨ
許,許,许,xǔ,xu,3,ㄒㄩ
蔷,薔,蔷,qiáng,qiang,2,ㄑㄧㄤ
蓿,蓿,蓿,sù,su,4,ㄙㄨ
渻,渻,渻,xǐng,xing,3,ㄒㄧㄥ
屧,屧,屧,xiè,xie,4,ㄒㄧㄝ
挐,挐,挐,rú,ru,2,ㄖㄨ
寞,寞,寞,mò,mo,4,ㄇㄛ
䜯,䜯,䜯,jú,ju,2,ㄐㄩ
踤,踤,踤,zú,zu,2,ㄗㄨ
䐷,䐷,䐷,䐷,䐷,,
鍌,鍌,鍌,xiǎn,xian,3,ㄒㄧㄢ
調,調,调,diào,diao,4,ㄉㄧㄠ
頢,頢,頢,guā,gua,1,ㄍㄨㄚ
蔝,蔝,蔝,mǐ,mi,3,ㄇㄧ
冮,冮,冮,gāng,gang,1,ㄍㄤ
眫,眫,眫,mǐ,mi,3,ㄇㄧ
鷳,鷳,鹇,xián,xian,2,ㄒㄧㄢ
抇,抇,抇,hú,hu,2,ㄏㄨ
鸢,鳶,鸢,yuān,yuan,1,ㄩㄢ
暪,暪,暪,měn,men,3,ㄇㄣ
骦,驦,骦,shuāng,shuang,1,ㄕㄨㄤ
㒺,㒺,㒺,㒺,㒺,,
鯢,鯢,鲵,ní,ni,2,ㄋㄧ
埐,埐,埐,jīn,jin,1,ㄐㄧㄣ
㓓,㓓,㓓,nán,nan,2,ㄋㄢ
浨,浨,浨,lǎn,lan,3,ㄌㄢ
㽁,㽁,㽁,lì,li,4,ㄌㄧ
杂,雜,杂,zá,za,2,ㄗㄚ
䂕,䂕,䂕,hùi,hui,4,ㄏㄨㄟ
䨇,䨇,䨇,䨇,䨇,,
嫯,嫯,嫯,ào,ao,4,ㄠ
辆,輛,辆,liàng,liang,4,ㄌㄧㄤ
淆,淆,淆,yáo,yao,2,ㄧㄠ
㿳,㿳,㿳,㿳,㿳,,
勧,勧,勧,quàn,quan,4,ㄑㄩㄢ
眶,眶,眶,kuàng,kuang,4,ㄎㄨㄤ
蒲,蒲,蒲,pú,pu,2,ㄆㄨ
憣,憣,憣,fán,fan,2,ㄈㄢ
䟫,䟫,䟫,䟫,䟫,,
㹶,㹶,㹶,tíng,ting,2,ㄊㄧㄥ
瘰,瘰,瘰,luǒ,luo,3,ㄌㄨㄛ
蛰,蟄,蛰,zhí,zhi,2,ㄓ
獋,獋,獋,háo,hao,2,ㄏㄠ
䭠,䭠,䭠,jiǎn,jian,3,ㄐㄧㄢ
㮾,㮾,㮾,lǎng,lang,3,ㄌㄤ
䑌,䑌,䑌,lán,lan,2,ㄌㄢ
焝,焝,焝,hùn,hun,4,ㄏㄨㄣ
踨,踨,踨,zōng,zong,1,ㄗㄨㄥ
舺,舺,舺,xiá,xia,2,ㄒㄧㄚ
稦,稦,稦,yī,yi,1,ㄧ
䵈,䵈,䵈,䵈,䵈,,
瑐,瑐,瑐,jiǎn,jian,3,ㄐㄧㄢ
漱,漱,漱,shù,shu,4,ㄕㄨ
扇,扇,扇,shàn,shan,4,ㄕㄢ
鳡,鱤,鳡,gǎn,gan,3,ㄍㄢ
涸,涸,涸,hé,he,2,ㄏㄜ
䠆,䠆,䠆,cháng,chang,2,ㄔㄤ
䅢,䅢,䅢,jìu,jiu,4,ㄐㄧㄡ
稩,稩,稩,jì,ji,4,ㄐㄧ
镄,鐨,镄,fèi,fei,4,ㄈㄟ
䟘,䟘,䟘,hàng,hang,4,ㄏㄤ
茂,茂,茂,mào,mao,4,ㄇㄠ
椝,椝,椝,gūi,gui,1,ㄍㄨㄟ
恼,惱,恼,nǎo,nao,3,ㄋㄠ
洂,洂,洂,yì,yi,4,ㄧ
䖽,䖽,䖽,lí,li,2,ㄌㄧ
鈐,鈐,钤,qián,qian,2,ㄑㄧㄢ
㥀,㥀,㥀,dé,de,2,ㄉㄜ
艌,艌,艌,niàn,nian,4,ㄋㄧㄢ
炒,炒,炒,chǎo,chao,3,ㄔㄠ
瓏,瓏,珑,lóng,long,2,ㄌㄨㄥ
堔,堔,堔,堔,堔,,
眞,眞,眞,zhēn,zhen,1,ㄓㄣ
㐔,㐔,㐔,㐔,㐔,,
娞,娞,娞,něi,nei,3,ㄋㄟ
瀶,瀶,瀶,lín,lin,2,ㄌㄧㄣ
鮾,鮾,鮾,něi,nei,3,ㄋㄟ
䳕,䳕,䳕,fóu,fou,2,ㄈㄡ
命,命,命,mìng,ming,4,ㄇㄧㄥ
耸,聳,耸,sǒng,song,3,ㄙㄨㄥ
嘖,嘖,啧,zé,ze,2,ㄗㄜ
弓,弓,弓,gōng,gong,1,ㄍㄨㄥ
鸫,鶇,鸫,dōng,dong,1,ㄉㄨㄥ
䲌,䲌,䲌,kuǎn,kuan,3,ㄎㄨㄢ
尅,尅,尅,kè,ke,4,ㄎㄜ
鹤,鶴,鹤,hè,he,4,ㄏㄜ
䭣,䭣,䭣,cí,ci,2,ㄘ
菸,菸,菸,yān,yan,1,ㄧㄢ
啐,啐,啐,cùi,cui,4,ㄘㄨㄟ
订,訂,订,dìng,ding,4,ㄉㄧㄥ
秸,秸,秸,jiē,jie,1,ㄐㄧㄝ
椗,椗,椗,dìng,ding,4,ㄉㄧㄥ
颺,颺,飏,yáng,yang,2,ㄧㄤ
鿝,鿝,鿝,鿝,鿝,,
䴣,䴣,䴣,䴣,䴣,,
䴑,䴑,䴑,dié,die,2,ㄉㄧㄝ
沟,溝,沟,gōu,gou,1,ㄍㄡ
壽,壽,寿,shòu,shou,4,ㄕㄡ
蓸,蓸,蓸,cáo,cao,2,ㄘㄠ
诔,誄,诔,lěi,lei,3,ㄌㄟ
柭,柭,柭,bō,bo,1,ㄅㄛ
亁,亁,亁,gān,gan,1,ㄍㄢ
颏,頦,颏,hái,hai,2,ㄏㄞ
蕼,蕼,蕼,sì,si,4,ㄙ
欀,欀,欀,xiāng,xiang,1,ㄒㄧㄤ
襗,襗,襗,duó,duo,2,ㄉㄨㄛ
雰,雰,雰,fēn,fen,1,ㄈㄣ
縬,縬,縬,cù,cu,4,ㄘㄨ
䢓,䢓,䢓,yú,yu,2,ㄩ
軃,軃,軃,tuǒ,tuo,3,ㄊㄨㄛ
誨,誨,诲,hùi,hui,4,ㄏㄨㄟ
羢,羢,羢,róng,rong,2,ㄖㄨㄥ
璚,璚,璚,qióng,qiong,2,ㄑㄩㄥ
迧,迧,迧,chén,chen,2,ㄔㄣ
睽,睽,睽,kúi,kui,2,ㄎㄨㄟ
㩗,㩗,㩗,xí,xi,2,ㄒㄧ
㷋,㷋,㷋,tán,tan,2,ㄊㄢ
濤,濤,涛,tāo,tao,1,ㄊㄠ
隱,隱,隐,yǐn,yin,3,ㄧㄣ
哽,哽,哽,gěng,geng,3,ㄍㄥ
㿾,㿾,㿾,zhù,zhu,4,ㄓㄨ
侈,侈,侈,chǐ,chi,3,ㄔ
㡕,㡕,㡕,㡕,㡕,,
縷,縷,缕,lǔ,lu,3,ㄌㄨ
嗰,嗰,嗰,gè,ge,4,ㄍㄜ
㤘,㤘,㤘,chù,chu,4,ㄔㄨ
躱,躱,躱,duǒ,duo,3,ㄉㄨㄛ
鼂,鼂,鼌,cháo,chao,2,ㄔㄠ
䒯,䒯,䒯,䒯,䒯,,
幐,幐,幐,téng,teng,2,ㄊㄥ
䈣,䈣,䈣,zhèng,zheng,4,ㄓㄥ
伢,伢,伢,yá,ya,2,ㄧㄚ
枩,枩,枩,枩,枩,,
倾,傾,倾,qīng,qing,1,ㄑㄧㄥ
鵅,鵅,鵅,luò,luo,4,ㄌㄨㄛ
㹭,㹭,㹭,yì,yi,4,ㄧ
餉,餉,饷,xiǎng,xiang,3,ㄒㄧㄤ
壟,壟,垄,lǒng,long,3,ㄌㄨㄥ
璼,璼,璼,lán,lan,2,ㄌㄢ
昘,昘,昘,fǎng,fang,3,ㄈㄤ
砅,砅,砅,lì,li,4,ㄌㄧ
䀉,䀉,䀉,qiáo,qiao,2,ㄑㄧㄠ
偰,偰,偰,xiè,xie,4,ㄒㄧㄝ
鰘,鰘,鰘,鰘,鰘,,
婼,婼,婼,ruò,ruo,4,ㄖㄨㄛ
酄,酄,酄,huān,huan,1,ㄏㄨㄢ
楝,楝,楝,liàn,lian,4,ㄌㄧㄢ
噤,噤,噤,jìn,jin,4,ㄐㄧㄣ
九,九,九,jǐu,jiu,3,ㄐㄧㄡ
抸,抸,抸,zā,za,1,ㄗㄚ
铈,鈰,铈,shì,shi,4,ㄕ
舑,舑,舑,tān,tan,1,ㄊㄢ
昪,昪,昪,biàn,bian,4,ㄅㄧㄢ
旈,旈,旈,líu,liu,2,ㄌㄧㄡ
懬,懬,懬,kuàng,kuang,4,ㄎㄨㄤ
駛,駛,驶,shǐ,shi,3,ㄕ
墷,墷,墷,yè,ye,4,ㄧㄝ
躏,躪,躏,lìn,lin,4,ㄌㄧㄣ
绤,綌,绤,xì,xi,4,ㄒㄧ
煵,煵,煵,xiā,xia,1,ㄒㄧㄚ
竏,竏,竏,竏,竏,,
㗯,㗯,㗯,㗯,㗯,,
飿,飿,饳,duò,duo,4,ㄉㄨㄛ
捄,捄,捄,jìu,jiu,4,ㄐㄧㄡ
稛,稛,稛,kǔn,kun,3,ㄎㄨㄣ
苇,葦,苇,wěi,wei,3,ㄨㄟ
穣,穣,穣,ráng,rang,2,ㄖㄤ
㛗,㛗,㛗,zuò,zuo,4,ㄗㄨㄛ
薎,薎,薎,miè,mie,4,ㄇㄧㄝ
㸭,㸭,㸭,㸭,㸭,,
妥,妥,妥,tuǒ,tuo,3,ㄊㄨㄛ
鼁,鼁,鼁,qù,qu,4,ㄑㄩ
奣,奣,奣,wěng,weng,3,ㄨㄥ
㰺,㰺,㰺,xiá,xia,2,ㄒㄧㄚ
舓,舓,舓,shì,shi,4,ㄕ
㲕,㲕,㲕,lèi,lei,4,ㄌㄟ
筳,筳,筳,tíng,ting,2,ㄊㄧㄥ
釓,釓,钆,gá,ga,2,ㄍㄚ
酲,酲,酲,chéng,cheng,2,ㄔㄥ
甒,甒,甒,wǔ,wu,3,ㄨ
鋤,鋤,锄,chú,chu,2,ㄔㄨ
輧,輧,輧,pián,pian,2,ㄆㄧㄢ
䐯,䐯,䐯,léi,lei,2,ㄌㄟ
暠,暠,暠,gǎo,gao,3,ㄍㄠ
喻,喻,喻,yù,yu,4,ㄩ
倜,倜,倜,tì,ti,4,ㄊㄧ
圊,圊,圊,qīng,qing,1,ㄑㄧㄥ
褨,褨,褨,suǒ,suo,3,ㄙㄨㄛ
榭,榭,榭,xiè,xie,4,ㄒㄧㄝ
纶,綸,纶,lún,lun,2,ㄌㄨㄣ
蕏,蕏,蕏,chú,chu,2,ㄔㄨ
䰴,䰴,䰴,qì,qi,4,ㄑㄧ
冽,冽,冽,liè,lie,4,ㄌㄧㄝ
厸,厸,厸,lín,lin,2,ㄌㄧㄣ
雐,雐,雐,hū,hu,1,ㄏㄨ
鸚,鸚,鹦,yīng,ying,1,ㄧㄥ
硬,硬,硬,yìng,ying,4,ㄧㄥ
塚,塚,冢,zhǒng,zhong,3,ㄓㄨㄥ
眥,眥,眦,zì,zi,4,ㄗ
笂,笂,笂,笂,笂,,
裉,裉,裉,kèn,ken,4,ㄎㄣ
爝,爝,爝,jué,jue,2,ㄐㄩㄝ
瑨,瑨,瑨,jìn,jin,4,ㄐㄧㄣ
骢,驄,骢,cōng,cong,1,ㄘㄨㄥ
鿃,鿃,鿃,shǎn,shan,3,ㄕㄢ
㮱,㮱,㮱,㮱,㮱,,
牻,牻,牻,máng,mang,2,ㄇㄤ
喕,喕,喕,miǎn,mian,3,ㄇㄧㄢ
躓,躓,踬,zhì,zhi,4,ㄓ
莁,莁,莁,wú,wu,2,ㄨ
鮧,鮧,鮧,yí,yi,2,ㄧ
䚸,䚸,䚸,xiè,xie,4,ㄒㄧㄝ
屑,屑,屑,xiè,xie,4,ㄒㄧㄝ
韈,韈,韈,wà,wa,4,ㄨㄚ
寥,寥,寥,liáo,liao,2,ㄌㄧㄠ
䏺,䏺,䏺,䏺,䏺,,
䬏,䬏,䬏,bù,bu,4,ㄅㄨ
䯚,䯚,䯚,ǒu,ou,3,ㄡ
葆,葆,葆,bǎo,bao,3,ㄅㄠ
䳙,䳙,䳙,xǐng,xing,3,ㄒㄧㄥ
椡,椡,椡,椡,椡,,
棶,棶,梾,lái,lai,2,ㄌㄞ
䃠,䃠,䃠,䃠,䃠,,
褈,褈,褈,chóng,chong,2,ㄔㄨㄥ
捧,捧,捧,pěng,peng,3,ㄆㄥ
飙,飆,飙,biāo,biao,1,ㄅㄧㄠ
睻,睻,睻,xuān,xuan,1,ㄒㄩㄢ
傶,傶,傶,còu,cou,4,ㄘㄡ
福,福,福,fú,fu,2,ㄈㄨ
㲲,㲲,㲲,dié,die,2,ㄉㄧㄝ
靑,靑,靑,qīng,qing,1,ㄑㄧㄥ
㷶,㷶,㷶,bèi,bei,4,ㄅㄟ
贔,贔,赑,bì,bi,4,ㄅㄧ
驃,驃,骠,piào,piao,4,ㄆㄧㄠ
劀,劀,劀,guā,gua,1,ㄍㄨㄚ
攴,攴,攴,pū,pu,1,ㄆㄨ
项,項,项,xiàng,xiang,4,ㄒㄧㄤ
恮,恮,恮,quán,quan,2,ㄑㄩㄢ
奍,奍,奍,奍,奍,,
宋,宋,宋,sòng,song,4,ㄙㄨㄥ
髍,髍,髍,mó,mo,2,ㄇㄛ
捭,捭,捭,bǎi,bai,3,ㄅㄞ
篮,籃,篮,lán,lan,2,ㄌㄢ
楫,楫,楫,jí,ji,2,ㄐㄧ
孀,孀,孀,shuāng,shuang,1,ㄕㄨㄤ
爧,爧,爧,líng,ling,2,ㄌㄧㄥ
馁,餒,馁,něi,nei,3,ㄋㄟ
膛,膛,膛,táng,tang,2,ㄊㄤ
滝,滝,滝,lóng,long,2,ㄌㄨㄥ
黒,黒,黒,hēi,hei,1,ㄏㄟ
胩,胩,胩,kǎ,ka,3,ㄎㄚ
柸,柸,柸,pēi,pei,1,ㄆㄟ
㜴,㜴,㜴,mèng,meng,4,ㄇㄥ
酜,酜,酜,酜,酜,,
蕋,蕋,蕋,rǔi,rui,3,ㄖㄨㄟ
牉,牉,牉,pàn,pan,4,ㄆㄢ
䗚,䗚,䗚,bó,bo,2,ㄅㄛ
膻,膻,膻,dàn,dan,4,ㄉㄢ
爉,爉,爉,là,la,4,ㄌㄚ
䶣,䶣,䶣,ái,ai,2,ㄞ
裘,裘,裘,qíu,qiu,2,ㄑㄧㄡ
䛬,䛬,䛬,chóu,chou,2,ㄔㄡ
优,優,优,yōu,you,1,ㄧㄡ
偂,偂,偂,jiān,jian,1,ㄐㄧㄢ
聞,聞,闻,wén,wen,2,ㄨㄣ
催,催,催,cūi,cui,1,ㄘㄨㄟ
阡,阡,阡,qiān,qian,1,ㄑㄧㄢ
筐,筐,筐,kuāng,kuang,1,ㄎㄨㄤ
媚,媚,媚,mèi,mei,4,ㄇㄟ
䈟,䈟,䈟,cè,ce,4,ㄘㄜ
㝸,㝸,㝸,biàn,bian,4,ㄅㄧㄢ
䛊,䛊,䛊,䛊,䛊,,
鰻,鰻,鳗,mán,man,2,ㄇㄢ
窪,窪,洼,wā,wa,1,ㄨㄚ
椅,椅,椅,yǐ,yi,3,ㄧ
叓,叓,叓,shì,shi,4,ㄕ
䇋,䇋,䇋,hài,hai,4,ㄏㄞ
匫,匫,匫,hū,hu,1,ㄏㄨ
䬬,䬬,䬬,yǎng,yang,3,ㄧㄤ
䤏,䤏,䤏,pǐ,pi,3,ㄆㄧ
黪,黲,黪,cǎn,can,3,ㄘㄢ
䫻,䫻,䫻,xué,xue,2,ㄒㄩㄝ
蘬,蘬,蘬,kūi,kui,1,ㄎㄨㄟ
䕩,䕩,䕩,lǎo,lao,3,ㄌㄠ
钱,錢,钱,qián,qian,2,ㄑㄧㄢ
䌍,䌍,䌍,hàn,han,4,ㄏㄢ
䉯,䉯,䉯,xiàn,xian,4,ㄒㄧㄢ
饏,饏,饏,dàn,dan,4,ㄉㄢ
鄃,鄃,鄃,yú,yu,2,ㄩ
㙔,㙔,㙔,hán,han,2,ㄏㄢ
扄,扄,扄,shǎng,shang,3,ㄕㄤ
呹,呹,呹,yì,yi,4,ㄧ
榳,榳,榳,tíng,ting,2,ㄊㄧㄥ
仱,仱,仱,qián,qian,2,ㄑㄧㄢ
巖,巖,巖,yán,yan,2,ㄧㄢ
議,議,议,yì,yi,4,ㄧ
䥖,䥖,䥖,tián,tian,2,ㄊㄧㄢ
泯,泯,泯,mǐn,min,3,ㄇㄧㄣ
蓃,蓃,蓃,huò,huo,4,ㄏㄨㄛ
劏,劏,劏,tāng,tang,1,ㄊㄤ
朜,朜,朜,tūn,tun,1,ㄊㄨㄣ
䖻,䖻,䖻,yóu,you,2,ㄧㄡ
杜,杜,杜,dù,du,4,ㄉㄨ
獿,獿,獿,náo,nao,2,ㄋㄠ
䚔,䚔,䚔,䚔,䚔,,
朸,朸,朸,lì,li,4,ㄌㄧ
䓐,䓐,䓐,chún,chun,2,ㄔㄨㄣ
篦,篦,篦,bì,bi,4,ㄅㄧ
阺,阺,阺,dǐ,di,3,ㄉㄧ
摏,摏,摏,chōng,chong,1,ㄔㄨㄥ
祐,祐,祐,yòu,you,4,ㄧㄡ
姙,姙,姙,rèn,ren,4,ㄖㄣ
浪,浪,浪,làng,lang,4,ㄌㄤ
搠,搠,搠,shuò,shuo,4,ㄕㄨㄛ
㯨,㯨,㯨,㯨,㯨,,
㶅,㶅,㶅,xué,xue,2,ㄒㄩㄝ
囑,囑,嘱,zhǔ,zhu,3,ㄓㄨ
饳,飿,饳,duò,duo,4,ㄉㄨㄛ
繮,繮,缰,jiāng,jiang,1,ㄐㄧㄤ
㠤,㠤,㠤,㠤,㠤,,
屯,屯,屯,tún,tun,2,ㄊㄨㄣ
銘,銘,铭,míng,ming,2,ㄇㄧㄥ
芧,芧,芧,xù,xu,4,ㄒㄩ
㨧,㨧,㨧,bèn,ben,4,ㄅㄣ
銰,銰,銰,āi,ai,1,ㄞ
輛,輛,辆,liàng,liang,4,ㄌㄧㄤ
韠,韠,韠,bì,bi,4,ㄅㄧ
㽈,㽈,㽈,yì,yi,4,ㄧ
牤,牤,牤,máng,mang,2,ㄇㄤ
鑊,鑊,镬,huò,huo,4,ㄏㄨㄛ
潻,潻,潻,shǔ,shu,3,ㄕㄨ
㢔,㢔,㢔,zǒng,zong,3,ㄗㄨㄥ
焘,燾,焘,chóu,chou,2,ㄔㄡ
灿,燦,灿,càn,can,4,ㄘㄢ
笏,笏,笏,hù,hu,4,ㄏㄨ
夼,夼,夼,kuǎng,kuang,3,ㄎㄨㄤ
遥,遙,遥,yáo,yao,2,ㄧㄠ
䈵,䈵,䈵,䈵,䈵,,
餰,餰,餰,jiān,jian,1,ㄐㄧㄢ
焓,焓,焓,hán,han,2,ㄏㄢ
甕,甕,瓮,wèng,weng,4,ㄨㄥ
羬,羬,羬,xián,xian,2,ㄒㄧㄢ
氭,氭,氭,dōng,dong,1,ㄉㄨㄥ
設,設,设,shè,she,4,ㄕㄜ
郏,郟,郏,jiá,jia,2,ㄐㄧㄚ
㝟,㝟,㝟,máo,mao,2,ㄇㄠ
绁,紲,绁,xiè,xie,4,ㄒㄧㄝ
玨,玨,珏,jué,jue,2,ㄐㄩㄝ
㨋,㨋,㨋,chě,che,3,ㄔㄜ
徥,徥,徥,chí,chi,2,ㄔ
峍,峍,峍,lù,lu,4,ㄌㄨ
薅,薅,薅,hāo,hao,1,ㄏㄠ
茊,茊,茊,zī,zi,1,ㄗ
讼,訟,讼,sòng,song,4,ㄙㄨㄥ
礍,礍,礍,kě,ke,3,ㄎㄜ
倀,倀,伥,chāng,chang,1,ㄔㄤ
忇,忇,忇,lè,le,4,ㄌㄜ
撨,撨,撨,xiāo,xiao,1,ㄒㄧㄠ
蹳,蹳,蹳,bō,bo,1,ㄅㄛ
㷂,㷂,㷂,shù,shu,4,ㄕㄨ
喬,喬,乔,qiáo,qiao,2,ㄑㄧㄠ
馢,馢,馢,jiān,jian,1,ㄐㄧㄢ
仄,仄,仄,zè,ze,4,ㄗㄜ
糈,糈,糈,xǔ,xu,3,ㄒㄩ
蚂,螞,蚂,mǎ,ma,3,ㄇㄚ
幖,幖,幖,biāo,biao,1,ㄅㄧㄠ
棠,棠,棠,táng,tang,2,ㄊㄤ
寛,寛,寛,kuān,kuan,1,ㄎㄨㄢ
磳,磳,磳,zēng,zeng,1,ㄗㄥ
鴔,鴔,鴔,fú,fu,2,ㄈㄨ
䀈,䀈,䀈,qì,qi,4,ㄑㄧ
啕,啕,啕,táo,tao,2,ㄊㄠ
湋,湋,湋,wéi,wei,2,ㄨㄟ
倠,倠,倠,sūi,sui,1,ㄙㄨㄟ
奞,奞,奞,xùn,xun,4,ㄒㄩㄣ
慴,慴,慴,shè,she,4,ㄕㄜ
敾,敾,敾,敾,敾,,
脧,脧,脧,zūi,zui,1,ㄗㄨㄟ
傌,傌,傌,mà,ma,4,ㄇㄚ
哚,哚,哚,duǒ,duo,3,ㄉㄨㄛ
濵,濵,濵,濵,濵,,
鞥,鞥,鞥,yì,yi,4,ㄧ
㷌,㷌,㷌,㷌,㷌,,
漃,漃,漃,jí,ji,2,ㄐㄧ
脵,脵,脵,gǔ,gu,3,ㄍㄨ
蒀,蒀,蒀,yūn,yun,1,ㄩㄣ
婝,婝,婝,diàn,dian,4,ㄉㄧㄢ
飵,飵,飵,zhǎi,zhai,3,ㄓㄞ
搧,搧,搧,shān,shan,1,ㄕㄢ
尞,尞,尞,liào,liao,4,ㄌㄧㄠ
灬,灬,灬,biāo,biao,1,ㄅㄧㄠ
小,小,小,xiǎo,xiao,3,ㄒㄧㄠ
喑,喑,喑,yīn,yin,1,ㄧㄣ
鎠,鎠,鎠,gāng,gang,1,ㄍㄤ
鑾,鑾,銮,luán,luan,2,ㄌㄨㄢ
縧,縧,绦,tāo,tao,1,ㄊㄠ
當,當,当,dāng,dang,1,ㄉㄤ
䙵,䙵,䙵,䙵,䙵,,
猧,猧,猧,wō,wo,1,ㄨㄛ
胴,胴,胴,dòng,dong,4,ㄉㄨㄥ
柜,櫃,柜,gùi,gui,4,ㄍㄨㄟ
矦,矦,矦,hóu,hou,2,ㄏㄡ
餫,餫,餫,hún,hun,2,ㄏㄨㄣ
廋,廋,廋,sōu,sou,1,ㄙㄡ
忍,忍,忍,rěn,ren,3,ㄖㄣ
鱒,鱒,鳟,zùn,zun,4,ㄗㄨㄣ
㡯,㡯,㡯,zhái,zhai,2,ㄓㄞ
㫑,㫑,㫑,shí,shi,2,ㄕ
崪,崪,崪,zú,zu,2,ㄗㄨ
㥊,㥊,㥊,péng,peng,2,ㄆㄥ
杭,杭,杭,háng,hang,2,ㄏㄤ
鷫,鷫,鹔,sù,su,4,ㄙㄨ
渹,渹,渹,hōng,hong,1,ㄏㄨㄥ
姍,姍,姗,shān,shan,1,ㄕㄢ
邽,邽,邽,gūi,gui,1,ㄍㄨㄟ
䓁,䓁,䓁,䓁,䓁,,
㩁,㩁,㩁,què,que,4,ㄑㄩㄝ
䢡,䢡,䢡,xiè,xie,4,ㄒㄧㄝ
冻,凍,冻,dòng,dong,4,ㄉㄨㄥ
詷,詷,詷,tóng,tong,2,ㄊㄨㄥ
蒆,蒆,蒆,xuē,xue,1,ㄒㄩㄝ
珺,珺,珺,jùn,jun,4,ㄐㄩㄣ
驗,驗,验,yàn,yan,4,ㄧㄢ
㘛,㘛,㘛,㘛,㘛,,
䄞,䄞,䄞,䄞,䄞,,
鈋,鈋,鈋,é,e,2,ㄜ
䉵,䉵,䉵,zhuàn,zhuan,4,ㄓㄨㄢ
窊,窊,窊,wā,wa,1,ㄨㄚ
㢕,㢕,㢕,㢕,㢕,,
翝,翝,翝,hóng,hong,2,ㄏㄨㄥ
岹,岹,岹,tiáo,tiao,2,ㄊㄧㄠ
锷,鍔,锷,è,e,4,ㄜ
遫,遫,遫,chì,chi,4,ㄔ
㑷,㑷,㑷,tài,tai,4,ㄊㄞ
书,書,书,shū,shu,1,ㄕㄨ
尘,塵,尘,chén,chen,2,ㄔㄣ
槴,槴,槴,hù,hu,4,ㄏㄨ
镥,鑥,镥,lǔ,lu,3,ㄌㄨ
䣳,䣳,䣳,䣳,䣳,,
牁,牁,牁,gē,ge,1,ㄍㄜ
㷬,㷬,㷬,mò,mo,4,ㄇㄛ
郴,郴,郴,chēn,chen,1,ㄔㄣ
袤,袤,袤,mào,mao,4,ㄇㄠ
橠,橠,橠,nuǒ,nuo,3,ㄋㄨㄛ
竍,竍,竍,竍,竍,,
臄,臄,臄,jué,jue,2,ㄐㄩㄝ
姏,姏,姏,mán,man,2,ㄇㄢ
疱,皰,疱,pào,pao,4,ㄆㄠ
吪,吪,吪,é,e,2,ㄜ
黍,黍,黍,shǔ,shu,3,ㄕㄨ
捶,捶,捶,chúi,chui,2,ㄔㄨㄟ
薛,薛,薛,xuē,xue,1,ㄒㄩㄝ
絚,絚,絚,gēng,geng,1,ㄍㄥ
鐆,鐆,鐆,sùi,sui,4,ㄙㄨㄟ
烋,烋,烋,xiāo,xiao,1,ㄒㄧㄠ
癷,癷,癷,癷,癷,,
瘍,瘍,疡,yáng,yang,2,ㄧㄤ
鏼,鏼,鏼,suǒ,suo,3,ㄙㄨㄛ
繛,繛,繛,chuò,chuo,4,ㄔㄨㄛ
䒶,䒶,䒶,䒶,䒶,,
幒,幒,幒,zhōng,zhong,1,ㄓㄨㄥ
撥,撥,拨,bō,bo,1,ㄅㄛ
擊,擊,击,jī,ji,1,ㄐㄧ
鼓,鼓,鼓,gǔ,gu,3,ㄍㄨ
碌,碌,碌,lù,lu,4,ㄌㄨ
弈,弈,弈,yì,yi,4,ㄧ
胙,胙,胙,zuò,zuo,4,ㄗㄨㄛ
虝,虝,虝,hǔ,hu,3,ㄏㄨ
蜖,蜖,蜖,húi,hui,2,ㄏㄨㄟ
椪,椪,椪,pèng,peng,4,ㄆㄥ
号,號,号,hào,hao,4,ㄏㄠ
㢳,㢳,㢳,lú,lu,2,ㄌㄨ
喩,喩,喩,yù,yu,4,ㄩ
䓨,䓨,䓨,䓨,䓨,,
㧷,㧷,㧷,duò,duo,4,ㄉㄨㄛ
㔏,㔏,㔏,lì,li,4,ㄌㄧ
䲸,䲸,䲸,jiè,jie,4,ㄐㄧㄝ
鮘,鮘,鮘,鮘,鮘,,
鸓,鸓,鸓,lěi,lei,3,ㄌㄟ
橕,橕,橕,chēng,cheng,1,ㄔㄥ
䍲,䍲,䍲,nái,nai,2,ㄋㄞ
峌,峌,峌,dié,die,2,ㄉㄧㄝ
灳,灳,灳,灳,灳,,
弿,弿,弿,jiǎn,jian,3,ㄐㄧㄢ
㗷,㗷,㗷,sǎi,sai,3,ㄙㄞ
髀,髀,髀,bì,bi,4,ㄅㄧ
襐,襐,襐,xiàng,xiang,4,ㄒㄧㄤ
募,募,募,mù,mu,4,ㄇㄨ
㸴,㸴,㸴,㸴,㸴,,
櫹,櫹,櫹,xiāo,xiao,1,ㄒㄧㄠ
递,遞,递,dì,di,4,ㄉㄧ
嘸,嘸,呒,fǔ,fu,3,ㄈㄨ
歉,歉,歉,qiàn,qian,4,ㄑㄧㄢ
泠,泠,泠,líng,ling,2,ㄌㄧㄥ
絛,絛,绦,tāo,tao,1,ㄊㄠ
蒯,蒯,蒯,kuǎi,kuai,3,ㄎㄨㄞ
换,換,换,huàn,huan,4,ㄏㄨㄢ
㢭,㢭,㢭,㢭,㢭,,
䵡,䵡,䵡,jiǎn,jian,3,ㄐㄧㄢ
町,町,町,tǐng,ting,3,ㄊㄧㄥ
蟶,蟶,蛏,chēng,cheng,1,ㄔㄥ
鮶,鮶,鲪,jūn,jun,1,ㄐㄩㄣ
傒,傒,傒,xī,xi,1,ㄒㄧ
䗡,䗡,䗡,yán,yan,2,ㄧㄢ
籾,籾,籾,ní,ni,2,ㄋㄧ
鴨,鴨,鸭,yā,ya,1,ㄧㄚ
亏,虧,亏,yú,yu,2,ㄩ
㦪,㦪,㦪,xiè,xie,4,ㄒㄧㄝ
暓,暓,暓,mào,mao,4,ㄇㄠ
蛛,蛛,蛛,zhū,zhu,1,ㄓㄨ
鐂,鐂,鐂,lìu,liu,4,ㄌㄧㄡ
㳢,㳢,㳢,㳢,㳢,,
徆,徆,徆,xī,xi,1,ㄒㄧ
絝,絝,绔,kù,ku,4,ㄎㄨ
琿,琿,珲,hún,hun,2,ㄏㄨㄣ
辝,辝,辝,cí,ci,2,ㄘ
磃,磃,磃,sī,si,1,ㄙ
䴠,䴠,䴠,yǎo,yao,3,ㄧㄠ
䲭,䲭,䲭,䲭,䲭,,
悕,悕,悕,xī,xi,1,ㄒㄧ
溣,溣,溣,lún,lun,2,ㄌㄨㄣ
靘,靘,靘,qìng,qing,4,ㄑㄧㄥ
牺,犧,牺,xī,xi,1,ㄒㄧ
㹯,㹯,㹯,㹯,㹯,,
謔,謔,谑,nvè,nue,4,
鸎,鸎,鸎,yīng,ying,1,ㄧㄥ
昅,昅,昅,jié,jie,2,ㄐㄧㄝ
痧,痧,痧,shā,sha,1,ㄕㄚ
俲,俲,俲,xiào,xiao,4,ㄒㄧㄠ
肈,肈,肈,zhào,zhao,4,ㄓㄠ
呖,嚦,呖,lì,li,4,ㄌㄧ
蜱,蜱,蜱,pí,pi,2,ㄆㄧ
㢵,㢵,㢵,shè,she,4,ㄕㄜ
㯒,㯒,㯒,㯒,㯒,,
躇,躇,躇,chú,chu,2,ㄔㄨ
奢,奢,奢,shē,she,1,ㄕㄜ
偬,傯,偬,zǒng,zong,3,ㄗㄨㄥ
鸘,鸘,鹴,shuāng,shuang,1,ㄕㄨㄤ
傄,傄,傄,xiā,xia,1,ㄒㄧㄚ
淼,淼,淼,miǎo,miao,3,ㄇㄧㄠ
湎,湎,湎,miǎn,mian,3,ㄇㄧㄢ
妁,妁,妁,shuò,shuo,4,ㄕㄨㄛ
層,層,层,céng,ceng,2,ㄘㄥ
汛,汛,汛,xùn,xun,4,ㄒㄩㄣ
㾣,㾣,㾣,㾣,㾣,,
䜪,䜪,䜪,qíu,qiu,2,ㄑㄧㄡ
龆,齠,龆,tiáo,tiao,2,ㄊㄧㄠ
材,材,材,cái,cai,2,ㄘㄞ
晍,晍,晍,tóng,tong,2,ㄊㄨㄥ
蠳,蠳,蠳,yīng,ying,1,ㄧㄥ
餳,餳,饧,xíng,xing,2,ㄒㄧㄥ
勪,勪,勪,jué,jue,2,ㄐㄩㄝ
䤍,䤍,䤍,mí,mi,2,ㄇㄧ
齞,齞,齞,niàn,nian,4,ㄋㄧㄢ
姷,姷,姷,yòu,you,4,ㄧㄡ
碦,碦,碦,kè,ke,4,ㄎㄜ
眩,眩,眩,xuàn,xuan,4,ㄒㄩㄢ
㿨,㿨,㿨,lì,li,4,ㄌㄧ
詆,詆,诋,dǐ,di,3,ㄉㄧ
婞,婞,婞,xìng,xing,4,ㄒㄧㄥ
懏,懏,懏,jùn,jun,4,ㄐㄩㄣ
吗,嗎,吗,ma,ma,5,ㄇㄚ
㤁,㤁,㤁,miǎn,mian,3,ㄇㄧㄢ
靿,靿,靿,yào,yao,4,ㄧㄠ
洰,洰,洰,jù,ju,4,ㄐㄩ
瑧,瑧,瑧,jīn,jin,1,ㄐㄧㄣ
坸,坸,坸,gòu,gou,4,ㄍㄡ
緄,緄,绲,gǔn,gun,3,ㄍㄨㄣ
腂,腂,腂,guò,guo,4,ㄍㄨㄛ
茋,茋,茋,dǐ,di,3,ㄉㄧ
䭻,䭻,䭻,䭻,䭻,,
憅,憅,憅,tòng,tong,4,ㄊㄨㄥ
摭,摭,摭,zhí,zhi,2,ㄓ
鶥,鶥,鹛,méi,mei,2,ㄇㄟ
㑹,㑹,㑹,hùi,hui,4,ㄏㄨㄟ
蝅,蝅,蝅,cán,can,2,ㄘㄢ
䅚,䅚,䅚,qiǎng,qiang,3,ㄑㄧㄤ
㥑,㥑,㥑,㥑,㥑,,
㖸,㖸,㖸,xué,xue,2,ㄒㄩㄝ
竦,竦,竦,sǒng,song,3,ㄙㄨㄥ
噯,噯,嗳,ǎi,ai,3,ㄞ
䘑,䘑,䘑,mài,mai,4,ㄇㄞ
䡵,䡵,䡵,sùi,sui,4,ㄙㄨㄟ
賁,賁,贲,bì,bi,4,ㄅㄧ
牮,牮,牮,jiàn,jian,4,ㄐㄧㄢ
䙇,䙇,䙇,nuǎn,nuan,3,ㄋㄨㄢ
吡,吡,吡,bǐ,bi,3,ㄅㄧ
霂,霂,霂,mù,mu,4,ㄇㄨ
瓑,瓑,瓑,lì,li,4,ㄌㄧ
葇,葇,葇,róu,rou,2,ㄖㄡ
玽,玽,玽,gǒu,gou,3,ㄍㄡ
静,靜,静,jìng,jing,4,ㄐㄧㄥ
嬰,嬰,婴,yīng,ying,1,ㄧㄥ
嫉,嫉,嫉,jí,ji,2,ㄐㄧ
脐,臍,脐,qí,qi,2,ㄑㄧ
痱,痱,痱,fèi,fei,4,ㄈㄟ
䠉,䠉,䠉,huà,hua,4,ㄏㄨㄚ
蚅,蚅,蚅,è,e,4,ㄜ
臼,臼,臼,jìu,jiu,4,ㄐㄧㄡ
責,責,责,zé,ze,2,ㄗㄜ
攄,攄,摅,shū,shu,1,ㄕㄨ
鯺,鯺,鯺,zhū,zhu,1,ㄓㄨ
馼,馼,馼,wén,wen,2,ㄨㄣ
贶,貺,贶,kuàng,kuang,4,ㄎㄨㄤ
緹,緹,缇,tí,ti,2,ㄊㄧ
棉,棉,棉,mián,mian,2,ㄇㄧㄢ
㝍,㝍,㝍,xiě,xie,3,ㄒㄧㄝ
萰,萰,萰,liàn,lian,4,ㄌㄧㄢ
伷,伷,伷,zhòu,zhou,4,ㄓㄡ
驓,驓,驓,zēng,zeng,1,ㄗㄥ
廚,廚,厨,chú,chu,2,ㄔㄨ
鵸,鵸,鵸,qí,qi,2,ㄑㄧ
癌,癌,癌,ái,ai,2,ㄞ
榴,榴,榴,líu,liu,2,ㄌㄧㄡ
鑽,鑽,钻,zuān,zuan,1,ㄗㄨㄢ
㛖,㛖,㛖,㛖,㛖,,
䎰,䎰,䎰,zuó,zuo,2,ㄗㄨㄛ
碧,碧,碧,bì,bi,4,ㄅㄧ
筄,筄,筄,yào,yao,4,ㄧㄠ
䯁,䯁,䯁,luó,luo,2,ㄌㄨㄛ
享,享,享,xiǎng,xiang,3,ㄒㄧㄤ
椺,椺,椺,xí,xi,2,ㄒㄧ
儕,儕,侪,chái,chai,2,ㄔㄞ
訽,訽,訽,gòu,gou,4,ㄍㄡ
樃,樃,樃,láng,lang,2,ㄌㄤ
誫,誫,誫,zhèn,zhen,4,ㄓㄣ
罘,罘,罘,fú,fu,2,ㄈㄨ
竆,竆,竆,qióng,qiong,2,ㄑㄩㄥ
琭,琭,琭,lù,lu,4,ㄌㄨ
寃,寃,寃,yuān,yuan,1,ㄩㄢ
莇,莇,莇,zhù,zhu,4,ㄓㄨ
蹏,蹏,蹏,tí,ti,2,ㄊㄧ
害,害,害,hài,hai,4,ㄏㄞ
䕧,䕧,䕧,xiào,xiao,4,ㄒㄧㄠ
鸔,鸔,鸔,bào,bao,4,ㄅㄠ
㘔,㘔,㘔,cǎn,can,3,ㄘㄢ
邴,邴,邴,bǐng,bing,3,ㄅㄧㄥ
勈,勈,勈,yǒng,yong,3,ㄩㄥ
䝏,䝏,䝏,lóu,lou,2,ㄌㄡ
浀,浀,浀,qǔ,qu,3,ㄑㄩ
䔷,䔷,䔷,qín,qin,2,ㄑㄧㄣ
橴,橴,橴,橴,橴,,
荈,荈,荈,chuǎn,chuan,3,ㄔㄨㄢ
鹌,鵪,鹌,ān,an,1,ㄢ
䮀,䮀,䮀,bó,bo,2,ㄅㄛ
琓,琓,琓,wán,wan,2,ㄨㄢ
趟,趟,趟,tàng,tang,4,ㄊㄤ
楻,楻,楻,héng,heng,2,ㄏㄥ
㞠,㞠,㞠,láo,lao,2,ㄌㄠ
瘁,瘁,瘁,cùi,cui,4,ㄘㄨㄟ
䲴,䲴,䲴,zhèn,zhen,4,ㄓㄣ
暁,暁,暁,xiǎo,xiao,3,ㄒㄧㄠ
腥,腥,腥,xīng,xing,1,ㄒㄧㄥ
沋,沋,沋,yóu,you,2,ㄧㄡ
蔡,蔡,蔡,cài,cai,4,ㄘㄞ
奮,奮,奋,fèn,fen,4,ㄈㄣ
臒,臒,癯,huò,huo,4,ㄏㄨㄛ
㦖,㦖,㦖,mèn,men,4,ㄇㄣ
頩,頩,頩,pīng,ping,1,ㄆㄧㄥ
歖,歖,歖,xī,xi,1,ㄒㄧ
箱,箱,箱,xiāng,xiang,1,ㄒㄧㄤ
䜘,䜘,䜘,jǐng,jing,3,ㄐㄧㄥ
鿨,鿨,鿨,鿨,鿨,,
㶃,㶃,㶃,㶃,㶃,,
砽,砽,砽,砽,砽,,
䱂,䱂,䱂,yǒu,you,3,ㄧㄡ
僢,僢,僢,chuǎn,chuan,3,ㄔㄨㄢ
挻,挻,挻,shān,shan,1,ㄕㄢ
譞,譞,譞,xuān,xuan,1,ㄒㄩㄢ
逵,逵,逵,kúi,kui,2,ㄎㄨㄟ
䬻,䬻,䬻,jiàn,jian,4,ㄐㄧㄢ
撂,撂,撂,liào,liao,4,ㄌㄧㄠ
奂,奐,奂,huàn,huan,4,ㄏㄨㄢ
全,全,全,quán,quan,2,ㄑㄩㄢ
戾,戾,戾,lì,li,4,ㄌㄧ
瑄,瑄,瑄,xuān,xuan,1,ㄒㄩㄢ
匒,匒,匒,dá,da,2,ㄉㄚ
泩,泩,泩,shēng,sheng,1,ㄕㄥ
腓,腓,腓,féi,fei,2,ㄈㄟ
澻,澻,澻,sùi,sui,4,ㄙㄨㄟ
撈,撈,捞,lāo,lao,1,ㄌㄠ
鑤,鑤,鑤,bào,bao,4,ㄅㄠ
咃,咃,咃,tuō,tuo,1,ㄊㄨㄛ
渣,渣,渣,zhā,zha,1,ㄓㄚ
澖,澖,澖,xiān,xian,1,ㄒㄧㄢ
筡,筡,筡,tú,tu,2,ㄊㄨ
摯,摯,挚,zhì,zhi,4,ㄓ
耡,耡,耡,chú,chu,2,ㄔㄨ
緝,緝,缉,jī,ji,1,ㄐㄧ
鲞,鮝,鲞,xiǎng,xiang,3,ㄒㄧㄤ
㖱,㖱,㖱,㖱,㖱,,
䏩,䏩,䏩,䏩,䏩,,
玑,璣,玑,jī,ji,1,ㄐㄧ
㽺,㽺,㽺,jí,ji,2,ㄐㄧ
㧭,㧭,㧭,qióng,qiong,2,ㄑㄩㄥ
磁,磁,磁,cí,ci,2,ㄘ
菒,菒,菒,gǎo,gao,3,ㄍㄠ
㒃,㒃,㒃,èr,er,4,ㄦ
教,教,教,jiào,jiao,4,ㄐㄧㄠ
兢,兢,兢,jīng,jing,1,ㄐㄧㄥ
鴘,鴘,鴘,biàn,bian,4,ㄅㄧㄢ
䯝,䯝,䯝,sǔi,sui,3,ㄙㄨㄟ
恦,恦,恦,xiàng,xiang,4,ㄒㄧㄤ
罱,罱,罱,nǎn,nan,3,ㄋㄢ
峇,峇,峇,kē,ke,1,ㄎㄜ
巁,巁,巁,lì,li,4,ㄌㄧ
㽇,㽇,㽇,guài,guai,4,ㄍㄨㄞ
橲,橲,橲,橲,橲,,
䀔,䀔,䀔,níu,niu,2,ㄋㄧㄡ
湆,湆,湆,qì,qi,4,ㄑㄧ
煓,煓,煓,tuān,tuan,1,ㄊㄨㄢ
墳,墳,坟,fén,fen,2,ㄈㄣ
伪,僞,伪,wěi,wei,3,ㄨㄟ
㘂,㘂,㘂,cí,ci,2,ㄘ
剩,剩,剩,shèng,sheng,4,ㄕㄥ
譶,譶,譶,tà,ta,4,ㄊㄚ
蒻,蒻,蒻,ruò,ruo,4,ㄖㄨㄛ
岎,岎,岎,fēn,fen,1,ㄈㄣ
峗,峗,峗,wéi,wei,2,ㄨㄟ
㬭,㬭,㬭,jiào,jiao,4,ㄐㄧㄠ
乡,鄉,乡,xiāng,xiang,1,ㄒㄧㄤ
棯,棯,棯,rěn,ren,3,ㄖㄣ
猌,猌,猌,yìn,yin,4,ㄧㄣ
巏,巏,巏,quán,quan,2,ㄑㄩㄢ
讙,讙,讙,huān,huan,1,ㄏㄨㄢ
竒,竒,竒,qí,qi,2,ㄑㄧ
蔤,蔤,蔤,mì,mi,4,ㄇㄧ
䲕,䲕,䲕,pǔ,pu,3,ㄆㄨ
㖔,㖔,㖔,tǔn,tun,3,ㄊㄨㄣ
鲻,鯔,鲻,zī,zi,1,ㄗ
鍜,鍜,鍜,xiā,xia,1,ㄒㄧㄚ
隸,隸,隶,lì,li,4,ㄌㄧ
仜,仜,仜,hóng,hong,2,ㄏㄨㄥ
轒,轒,轒,fén,fen,2,ㄈㄣ
尌,尌,尌,shù,shu,4,ㄕㄨ
搡,搡,搡,sǎng,sang,3,ㄙㄤ
憀,憀,憀,liáo,liao,2,ㄌㄧㄠ
㲺,㲺,㲺,jí,ji,2,ㄐㄧ
嘡,嘡,嘡,tāng,tang,1,ㄊㄤ
㸵,㸵,㸵,gǔi,gui,3,ㄍㄨㄟ
柨,柨,柨,柨,柨,,
尖,尖,尖,jiān,jian,1,ㄐㄧㄢ
达,達,达,dá,da,2,ㄉㄚ
抠,摳,抠,kōu,kou,1,ㄎㄡ
噼,劈,噼,pī,pi,1,ㄆㄧ
铁,鐵,铁,tiě,tie,3,ㄊㄧㄝ
臛,臛,臛,huò,huo,4,ㄏㄨㄛ
菉,菉,菉,lù,lu,4,ㄌㄨ
䙳,䙳,䙳,è,e,4,ㄜ
㭤,㭤,㭤,niǎo,niao,3,ㄋㄧㄠ
痂,痂,痂,jiā,jia,1,ㄐㄧㄚ
摅,攄,摅,shū,shu,1,ㄕㄨ
躻,躻,躻,躻,躻,,
㮈,㮈,㮈,nài,nai,4,ㄋㄞ
矙,矙,矙,kàn,kan,4,ㄎㄢ
書,書,书,shū,shu,1,ㄕㄨ
峑,峑,峑,quán,quan,2,ㄑㄩㄢ
忽,忽,忽,hū,hu,1,ㄏㄨ
帟,帟,帟,yì,yi,4,ㄧ
㮜,㮜,㮜,㮜,㮜,,
渥,渥,渥,wò,wo,4,ㄨㄛ
琑,琑,琑,琑,琑,,
嗓,嗓,嗓,sǎng,sang,3,ㄙㄤ
㘠,㘠,㘠,bì,bi,4,ㄅㄧ
置,置,置,zhì,zhi,4,ㄓ
鵢,鵢,鵢,shēn,shen,1,ㄕㄣ
迭,迭,迭,dié,die,2,ㄉㄧㄝ
織,織,织,zhī,zhi,1,ㄓ
顆,顆,颗,kē,ke,1,ㄎㄜ
䀍,䀍,䀍,kàn,kan,4,ㄎㄢ
鼔,鼔,鼔,gǔ,gu,3,ㄍㄨ
㖃,㖃,㖃,hǒu,hou,3,ㄏㄡ
堫,堫,堫,zōng,zong,1,ㄗㄨㄥ
哋,哋,哋,dì,di,4,ㄉㄧ
籆,籆,籆,yuè,yue,4,ㄩㄝ
澁,澁,澁,sè,se,4,ㄙㄜ
熅,熅,熅,yùn,yun,4,ㄩㄣ
鐘,鐘,钟,zhōng,zhong,1,ㄓㄨㄥ
別,別,别,bié,bie,2,ㄅㄧㄝ
誘,誘,诱,yòu,you,4,ㄧㄡ
偒,偒,偒,tǎng,tang,3,ㄊㄤ
䆐,䆐,䆐,guó,guo,2,ㄍㄨㄛ
捊,捊,捊,póu,pou,2,ㄆㄡ
云,雲,云,yún,yun,2,ㄩㄣ
嬌,嬌,娇,jiāo,jiao,1,ㄐㄧㄠ
痑,痑,痑,duǒ,duo,3,ㄉㄨㄛ
嚪,嚪,嚪,dàn,dan,4,ㄉㄢ
㾷,㾷,㾷,㾷,㾷,,
䦾,䦾,䦾,yǔn,yun,3,ㄩㄣ
萿,萿,萿,huó,huo,2,ㄏㄨㄛ
㟢,㟢,㟢,qí,qi,2,ㄑㄧ
㚫,㚫,㚫,shà,sha,4,ㄕㄚ
嫈,嫈,嫈,yīng,ying,1,ㄧㄥ
酒,酒,酒,jǐu,jiu,3,ㄐㄧㄡ
㢰,㢰,㢰,bì,bi,4,ㄅㄧ
騿,騿,騿,zhāng,zhang,1,ㄓㄤ
范,範,范,fàn,fan,4,ㄈㄢ
碊,碊,碊,jiān,jian,1,ㄐㄧㄢ
鲗,鰂,鲗,zé,ze,2,ㄗㄜ
甇,甇,甇,yīng,ying,1,ㄧㄥ
鬚,鬚,须,xū,xu,1,ㄒㄩ
颪,颪,颪,颪,颪,,
蛱,蛺,蛱,jiá,jia,2,ㄐㄧㄚ
焤,焤,焤,fǔ,fu,3,ㄈㄨ
䴭,䴭,䴭,cái,cai,2,ㄘㄞ
釣,釣,钓,diào,diao,4,ㄉㄧㄠ
尥,尥,尥,liào,liao,4,ㄌㄧㄠ
胟,胟,胟,mǔ,mu,3,ㄇㄨ
㱱,㱱,㱱,hùi,hui,4,ㄏㄨㄟ
䕿,䕿,䕿,hàn,han,4,ㄏㄢ
贠,貟,贠,yuán,yuan,2,ㄩㄢ
㷐,㷐,㷐,hǔi,hui,3,ㄏㄨㄟ
锋,鋒,锋,fēng,feng,1,ㄈㄥ
駘,駘,骀,tái,tai,2,ㄊㄞ
瓝,瓝,瓝,bó,bo,2,ㄅㄛ
璿,璿,璇,xuán,xuan,2,ㄒㄩㄢ
礘,礘,礘,qì,qi,4,ㄑㄧ
䪕,䪕,䪕,jú,ju,2,ㄐㄩ
㞂,㞂,㞂,tǔi,tui,3,ㄊㄨㄟ
褩,褩,褩,bān,ban,1,ㄅㄢ
鑑,鑑,鑑,jiàn,jian,4,ㄐㄧㄢ
鋞,鋞,鋞,xíng,xing,2,ㄒㄧㄥ
䃗,䃗,䃗,chuò,chuo,4,ㄔㄨㄛ
㖑,㖑,㖑,xiè,xie,4,ㄒㄧㄝ
蓺,蓺,蓺,yì,yi,4,ㄧ
䬐,䬐,䬐,wěi,wei,3,ㄨㄟ
込,込,込,込,込,,
貫,貫,贯,guàn,guan,4,ㄍㄨㄢ
䵲,䵲,䵲,diào,diao,4,ㄉㄧㄠ
馏,餾,馏,lìu,liu,4,ㄌㄧㄡ
羜,羜,羜,zhù,zhu,4,ㄓㄨ
恈,恈,恈,mú,mu,2,ㄇㄨ
炖,燉,炖,tún,tun,2,ㄊㄨㄣ
䧷,䧷,䧷,róu,rou,2,ㄖㄡ
豒,豒,豒,zhì,zhi,4,ㄓ
鐻,鐻,鐻,jù,ju,4,ㄐㄩ
沮,沮,沮,jū,ju,1,ㄐㄩ
鬷,鬷,鬷,zōng,zong,1,ㄗㄨㄥ
聆,聆,聆,líng,ling,2,ㄌㄧㄥ
眔,眔,眔,dà,da,4,ㄉㄚ
㮒,㮒,㮒,㮒,㮒,,
㨞,㨞,㨞,sù,su,4,ㄙㄨ
秕,秕,秕,bǐ,bi,3,ㄅㄧ
襘,襘,襘,gùi,gui,4,ㄍㄨㄟ
㮛,㮛,㮛,chí,chi,2,ㄔ
攁,攁,攁,yǎng,yang,3,ㄧㄤ
熖,熖,熖,熖,熖,,
媂,媂,媂,tí,ti,2,ㄊㄧ
蘭,蘭,兰,lán,lan,2,ㄌㄢ
㝮,㝮,㝮,cùi,cui,4,ㄘㄨㄟ
雸,雸,雸,án,an,2,ㄢ
姂,姂,姂,fá,fa,2,ㄈㄚ
舣,艤,舣,yǐ,yi,3,ㄧ
涒,涒,涒,tūn,tun,1,ㄊㄨㄣ
罧,罧,罧,lín,lin,2,ㄌㄧㄣ
嘙,嘙,嘙,pó,po,2,ㄆㄛ
㯤,㯤,㯤,lì,li,4,ㄌㄧ
䛒,䛒,䛒,biàn,bian,4,ㄅㄧㄢ
嘥,嘥,嘥,嘥,嘥,,
墾,墾,垦,kěn,ken,3,ㄎㄣ
鬎,鬎,鬎,là,la,4,ㄌㄚ
揟,揟,揟,xū,xu,1,ㄒㄩ
曈,曈,曈,tóng,tong,2,ㄊㄨㄥ
牛,牛,牛,níu,niu,2,ㄋㄧㄡ
㪰,㪰,㪰,㪰,㪰,,
龼,龼,龼,龼,龼,,
僫,僫,僫,è,e,4,ㄜ
糛,糛,糛,táng,tang,2,ㄊㄤ
梬,梬,梬,yǐng,ying,3,ㄧㄥ
膂,膂,膂,lǔ,lu,3,ㄌㄨ
䘾,䘾,䘾,guǎn,guan,3,ㄍㄨㄢ
唻,唻,唻,lǎi,lai,3,ㄌㄞ
㜸,㜸,㜸,niè,nie,4,ㄋㄧㄝ
㺤,㺤,㺤,㺤,㺤,,
崝,崝,崝,zhēng,zheng,1,ㄓㄥ
䏂,䏂,䏂,sǒu,sou,3,ㄙㄡ
瑉,瑉,珉,mín,min,2,ㄇㄧㄣ
賢,賢,贤,xián,xian,2,ㄒㄧㄢ
堣,堣,堣,yú,yu,2,ㄩ
㛼,㛼,㛼,shà,sha,4,ㄕㄚ
䃃,䃃,䃃,䃃,䃃,,
㬇,㬇,㬇,huàn,huan,4,ㄏㄨㄢ
㚟,㚟,㚟,chuò,chuo,4,ㄔㄨㄛ
㳘,㳘,㳘,㳘,㳘,,
宂,宂,宂,rǒng,rong,3,ㄖㄨㄥ
蜶,蜶,蜶,sù,su,4,ㄙㄨ
兄,兄,兄,xiōng,xiong,1,ㄒㄩㄥ
纞,纞,纞,liàn,lian,4,ㄌㄧㄢ
䮆,䮆,䮆,䮆,䮆,,
昸,昸,昸,dōng,dong,1,ㄉㄨㄥ
㓞,㓞,㓞,qì,qi,4,ㄑㄧ
葧,葧,葧,bó,bo,2,ㄅㄛ
迣,迣,迣,zhì,zhi,4,ㄓ
碱,堿,碱,jiǎn,jian,3,ㄐㄧㄢ
城,城,城,chéng,cheng,2,ㄔㄥ
稠,稠,稠,chóu,chou,2,ㄔㄡ
绌,絀,绌,zhuó,zhuo,2,ㄓㄨㄛ
猬,蝟,猬,wèi,wei,4,ㄨㄟ
躳,躳,躳,gōng,gong,1,ㄍㄨㄥ
䨣,䨣,䨣,gé,ge,2,ㄍㄜ
恊,恊,恊,xié,xie,2,ㄒㄧㄝ
嶮,嶮,崄,xiǎn,xian,3,ㄒㄧㄢ
獻,獻,献,xiàn,xian,4,ㄒㄧㄢ
郯,郯,郯,tán,tan,2,ㄊㄢ
匃,匃,匃,gài,gai,4,ㄍㄞ
燧,燧,燧,sùi,sui,4,ㄙㄨㄟ
偄,偄,偄,nuàn,nuan,4,ㄋㄨㄢ
桔,桔,桔,jié,jie,2,ㄐㄧㄝ
瑿,瑿,瑿,yī,yi,1,ㄧ
邚,邚,邚,rú,ru,2,ㄖㄨ
纭,紜,纭,yún,yun,2,ㄩㄣ
䯀,䯀,䯀,niè,nie,4,ㄋㄧㄝ
鏘,鏘,锵,qiāng,qiang,1,ㄑㄧㄤ
唡,啢,唡,liǎng,liang,3,ㄌㄧㄤ
烦,煩,烦,fán,fan,2,ㄈㄢ
连,連,连,lián,lian,2,ㄌㄧㄢ
澯,澯,澯,càn,can,4,ㄘㄢ
荽,荽,荽,sūi,sui,1,ㄙㄨㄟ
榥,榥,榥,huǎng,huang,3,ㄏㄨㄤ
熚,熚,熚,bì,bi,4,ㄅㄧ
瓾,瓾,瓾,měng,meng,3,ㄇㄥ
芁,芁,芁,jiāo,jiao,1,ㄐㄧㄠ
摛,摛,摛,chī,chi,1,ㄔ
貋,貋,貋,hàn,han,4,ㄏㄢ
島,島,岛,dǎo,dao,3,ㄉㄠ
懇,懇,恳,kěn,ken,3,ㄎㄣ
楨,楨,桢,zhēn,zhen,1,ㄓㄣ
逧,逧,逧,逧,逧,,
攡,攡,攡,lí,li,2,ㄌㄧ
滕,滕,滕,téng,teng,2,ㄊㄥ
僷,僷,僷,yè,ye,4,ㄧㄝ
嚧,嚧,嚧,lú,lu,2,ㄌㄨ
绲,緄,绲,gǔn,gun,3,ㄍㄨㄣ
㡨,㡨,㡨,qiān,qian,1,ㄑㄧㄢ
窇,窇,窇,báo,bao,2,ㄅㄠ
聠,聠,聠,píng,ping,2,ㄆㄧㄥ
㣟,㣟,㣟,xì,xi,4,ㄒㄧ
腵,腵,腵,jiā,jia,1,ㄐㄧㄚ
萬,萬,万,wàn,wan,4,ㄨㄢ
投,投,投,tóu,tou,2,ㄊㄡ
煽,煽,煽,shān,shan,1,ㄕㄢ
㜑,㜑,㜑,fú,fu,2,ㄈㄨ
鞵,鞵,鞵,xié,xie,2,ㄒㄧㄝ
阯,阯,阯,zhǐ,zhi,3,ㄓ
㸬,㸬,㸬,bèi,bei,4,ㄅㄟ
翣,翣,翣,shà,sha,4,ㄕㄚ
䘁,䘁,䘁,gé,ge,2,ㄍㄜ
㤅,㤅,㤅,ài,ai,4,ㄞ
珂,珂,珂,kē,ke,1,ㄎㄜ
埲,埲,埲,běng,beng,3,ㄅㄥ
嫼,嫼,嫼,mò,mo,4,ㄇㄛ
䱱,䱱,䱱,dì,di,4,ㄉㄧ
慩,慩,慩,lián,lian,2,ㄌㄧㄢ
㛬,㛬,㛬,lù,lu,4,ㄌㄨ
蒜,蒜,蒜,suàn,suan,4,ㄙㄨㄢ
逛,逛,逛,guàng,guang,4,ㄍㄨㄤ
兵,兵,兵,bīng,bing,1,ㄅㄧㄥ
霡,霡,霡,mò,mo,4,ㄇㄛ
剰,剰,剰,shèng,sheng,4,ㄕㄥ
刹,刹,刹,chà,cha,4,ㄔㄚ
楛,楛,楛,hù,hu,4,ㄏㄨ
㦶,㦶,㦶,dié,die,2,ㄉㄧㄝ
囗,囗,囗,wéi,wei,2,ㄨㄟ
闆,闆,板,bǎn,ban,3,ㄅㄢ
屮,屮,屮,chè,che,4,ㄔㄜ
锅,鍋,锅,guō,guo,1,ㄍㄨㄛ
蠐,蠐,蛴,qí,qi,2,ㄑㄧ
麵,麵,面,miàn,mian,4,ㄇㄧㄢ
歳,歳,歳,sùi,sui,4,ㄙㄨㄟ
㲐,㲐,㲐,㲐,㲐,,
傼,傼,傼,hàn,han,4,ㄏㄢ
渼,渼,渼,měi,mei,3,ㄇㄟ
龴,龴,龴,龴,龴,,
訍,訍,訍,chà,cha,4,ㄔㄚ
縣,縣,县,xiàn,xian,4,ㄒㄧㄢ
幰,幰,幰,xiǎn,xian,3,ㄒㄧㄢ
橬,橬,橬,cén,cen,2,ㄘㄣ
訞,訞,訞,yāo,yao,1,ㄧㄠ
䂝,䂝,䂝,jié,jie,2,ㄐㄧㄝ
剋,剋,克,kè,ke,4,ㄎㄜ
䥃,䥃,䥃,yuè,yue,4,ㄩㄝ
䛚,䛚,䛚,lvè,lue,4,
㜁,㜁,㜁,㜁,㜁,,
翂,翂,翂,fēn,fen,1,ㄈㄣ
䑬,䑬,䑬,yào,yao,4,ㄧㄠ
瀢,瀢,瀢,wéi,wei,2,ㄨㄟ
絃,絃,絃,xián,xian,2,ㄒㄧㄢ
㜟,㜟,㜟,㜟,㜟,,
䊖,䊖,䊖,lǎn,lan,3,ㄌㄢ
軄,軄,軄,zhí,zhi,2,ㄓ
摍,摍,摍,suō,suo,1,ㄙㄨㄛ
鯦,鯦,鯦,jìu,jiu,4,ㄐㄧㄡ
麹,麹,麹,qú,qu,2,ㄑㄩ
䴞,䴞,䴞,dí,di,2,ㄉㄧ
酥,酥,酥,sū,su,1,ㄙㄨ
嫹,嫹,嫹,máo,mao,2,ㄇㄠ
藲,藲,藲,藲,藲,,
欍,欍,欍,欍,欍,,
纒,纒,纒,chán,chan,2,ㄔㄢ
忬,忬,忬,yù,yu,4,ㄩ
䕠,䕠,䕠,fèi,fei,4,ㄈㄟ
稳,穩,稳,wěn,wen,3,ㄨㄣ
珁,珁,珁,cí,ci,2,ㄘ
㧐,㩳,㧐,sǒng,song,3,ㄙㄨㄥ
㛚,㛚,㛚,tǒng,tong,3,ㄊㄨㄥ
敢,敢,敢,gǎn,gan,3,ㄍㄢ
鑀,鑀,鑀,ài,ai,4,ㄞ
嘨,嘨,嘨,xiào,xiao,4,ㄒㄧㄠ
瞆,瞆,瞆,kùi,kui,4,ㄎㄨㄟ
㴹,㴹,㴹,㴹,㴹,,
襼,襼,襼,yì,yi,4,ㄧ
社,社,社,shè,she,4,ㄕㄜ
掟,掟,掟,zhěng,zheng,3,ㄓㄥ
䝘,䝘,䝘,yì,yi,4,ㄧ
鴇,鴇,鸨,bǎo,bao,3,ㄅㄠ
繬,繬,繬,sè,se,4,ㄙㄜ
汵,汵,汵,gàn,gan,4,ㄍㄢ
㘍,㘍,㘍,jí,ji,2,ㄐㄧ
黕,黕,黕,dān,dan,1,ㄉㄢ
帱,幬,帱,chóu,chou,2,ㄔㄡ
秬,秬,秬,jù,ju,4,ㄐㄩ
唯,唯,唯,wéi,wei,2,ㄨㄟ
熒,熒,荧,yíng,ying,2,ㄧㄥ
鏫,鏫,鏫,lí,li,2,ㄌㄧ
鈂,鈂,鈂,chén,chen,2,ㄔㄣ
緽,緽,緽,chēng,cheng,1,ㄔㄥ
㱮,殨,㱮,kuài,kuai,4,ㄎㄨㄞ
䋰,䋰,䋰,jú,ju,2,ㄐㄩ
镅,鎇,镅,méi,mei,2,ㄇㄟ
焀,焀,焀,hú,hu,2,ㄏㄨ
姲,姲,姲,yàn,yan,4,ㄧㄢ
蜪,蜪,蜪,tāo,tao,1,ㄊㄠ
尳,尳,尳,gǔ,gu,3,ㄍㄨ
汮,汮,汮,jūn,jun,1,ㄐㄩㄣ
鞣,鞣,鞣,róu,rou,2,ㄖㄡ
軱,軱,軱,gū,gu,1,ㄍㄨ
䣇,䣇,䣇,qíu,qiu,2,ㄑㄧㄡ
㗉,㗉,㗉,bì,bi,4,ㄅㄧ
䅏,䅏,䅏,hùi,hui,4,ㄏㄨㄟ
䯢,䯢,䯢,mó,mo,2,ㄇㄛ
纖,纖,纤,xiān,xian,1,ㄒㄧㄢ
趥,趥,趥,qīu,qiu,1,ㄑㄧㄡ
噰,噰,噰,yōng,yong,1,ㄩㄥ
觊,覬,觊,jì,ji,4,ㄐㄧ
荬,蕒,荬,mǎi,mai,3,ㄇㄞ
踝,踝,踝,huái,huai,2,ㄏㄨㄞ
茾,茾,茾,茾,茾,,
薸,薸,薸,piāo,piao,1,ㄆㄧㄠ
䡸,䡸,䡸,䡸,䡸,,
厔,厔,厔,zhì,zhi,4,ㄓ
莐,莐,莐,chén,chen,2,ㄔㄣ
啟,啟,启,qǐ,qi,3,ㄑㄧ
禠,禠,禠,sī,si,1,ㄙ
球,球,球,qíu,qiu,2,ㄑㄧㄡ
瀇,瀇,瀇,wǎng,wang,3,ㄨㄤ
梤,梤,梤,fén,fen,2,ㄈㄣ
羡,羨,羡,xiàn,xian,4,ㄒㄧㄢ
邛,邛,邛,qióng,qiong,2,ㄑㄩㄥ
齼,齼,齼,chǔ,chu,3,ㄔㄨ
瀬,瀬,瀬,lài,lai,4,ㄌㄞ
栫,栫,栫,jiàn,jian,4,ㄐㄧㄢ
烇,烇,烇,quàn,quan,4,ㄑㄩㄢ
谐,諧,谐,xié,xie,2,ㄒㄧㄝ
蝽,蝽,蝽,qǔn,qun,3,ㄑㄩㄣ
㒒,㒒,㒒,pú,pu,2,ㄆㄨ
掾,掾,掾,yuàn,yuan,4,ㄩㄢ
䪞,䪞,䪞,zá,za,2,ㄗㄚ
楸,楸,楸,qīu,qiu,1,ㄑㄧㄡ
诹,諏,诹,zōu,zou,1,ㄗㄡ
䁬,䁬,䁬,céng,ceng,2,ㄘㄥ
愿,願,愿,yuàn,yuan,4,ㄩㄢ
皊,皊,皊,líng,ling,2,ㄌㄧㄥ
螼,螼,螼,qǐn,qin,3,ㄑㄧㄣ
韻,韻,韵,yùn,yun,4,ㄩㄣ
貴,貴,贵,gùi,gui,4,ㄍㄨㄟ
驑,驑,驑,líu,liu,2,ㄌㄧㄡ
䊎,䊎,䊎,quǎn,quan,3,ㄑㄩㄢ
犋,犋,犋,jù,ju,4,ㄐㄩ
踏,踏,踏,tà,ta,4,ㄊㄚ
䰩,䰩,䰩,chě,che,3,ㄔㄜ
縸,縸,縸,mò,mo,4,ㄇㄛ
㑥,㑥,㑥,yì,yi,4,ㄧ
磆,磆,磆,huá,hua,2,ㄏㄨㄚ
扙,扙,扙,zhàng,zhang,4,ㄓㄤ
襸,襸,襸,zàn,zan,4,ㄗㄢ
䱠,䱠,䱠,zhàn,zhan,4,ㄓㄢ
聲,聲,声,shēng,sheng,1,ㄕㄥ
釷,釷,钍,tǔ,tu,3,ㄊㄨ
欒,欒,栾,luán,luan,2,ㄌㄨㄢ
䞭,䞭,䞭,qǐu,qiu,3,ㄑㄧㄡ
鷏,鷏,鷏,tián,tian,2,ㄊㄧㄢ
䈂,䈂,䈂,bìng,bing,4,ㄅㄧㄥ
㑢,㑢,㑢,㑢,㑢,,
䮎,䮎,䮎,xì,xi,4,ㄒㄧ
冾,冾,冾,xiá,xia,2,ㄒㄧㄚ
魏,魏,魏,wèi,wei,4,ㄨㄟ
莴,萵,莴,wō,wo,1,ㄨㄛ
㔹,㔹,㔹,lè,le,4,ㄌㄜ
䮉,䮉,䮉,lú,lu,2,ㄌㄨ
怑,怑,怑,bàn,ban,4,ㄅㄢ
䍳,䍳,䍳,chuò,chuo,4,ㄔㄨㄛ
萏,萏,萏,dàn,dan,4,ㄉㄢ
揈,揈,揈,hōng,hong,1,ㄏㄨㄥ
唺,唺,唺,tiǎn,tian,3,ㄊㄧㄢ
剿,剿,剿,jiǎo,jiao,3,ㄐㄧㄠ
愌,愌,愌,huàn,huan,4,ㄏㄨㄢ
䫘,䫘,䫘,hé,he,2,ㄏㄜ
礧,礧,礧,lèi,lei,4,ㄌㄟ
㿹,㿹,㿹,tà,ta,4,ㄊㄚ
掭,掭,掭,tiàn,tian,4,ㄊㄧㄢ
留,留,留,líu,liu,2,ㄌㄧㄡ
菙,菙,菙,chúi,chui,2,ㄔㄨㄟ
恪,恪,恪,kè,ke,4,ㄎㄜ
䟷,䟷,䟷,chì,chi,4,ㄔ
㣬,㣬,㣬,qì,qi,4,ㄑㄧ
櫔,櫔,櫔,lì,li,4,ㄌㄧ
轓,轓,轓,fān,fan,1,ㄈㄢ
鷼,鷼,鷼,xián,xian,2,ㄒㄧㄢ
鰏,鰏,鲾,bì,bi,4,ㄅㄧ
鑏,鑏,鑏,níng,ning,2,ㄋㄧㄥ
蚑,蚑,蚑,qí,qi,2,ㄑㄧ
炗,炗,炗,guāng,guang,1,ㄍㄨㄤ
軌,軌,轨,gǔi,gui,3,ㄍㄨㄟ
犒,犒,犒,kào,kao,4,ㄎㄠ
崭,嶄,崭,zhǎn,zhan,3,ㄓㄢ
騽,騽,騽,xí,xi,2,ㄒㄧ
㵡,㵡,㵡,báo,bao,2,ㄅㄠ
熫,熫,熫,zhì,zhi,4,ㄓ
怚,怚,怚,jù,ju,4,ㄐㄩ
趤,趤,趤,dàng,dang,4,ㄉㄤ
瓽,瓽,瓽,dàng,dang,4,ㄉㄤ
铧,鏵,铧,huá,hua,2,ㄏㄨㄚ
絎,絎,绗,hèng,heng,4,ㄏㄥ
䜓,䜓,䜓,niè,nie,4,ㄋㄧㄝ
䝬,䝬,䝬,zhù,zhu,4,ㄓㄨ
絙,絙,絙,gēng,geng,1,ㄍㄥ
黨,黨,党,dǎng,dang,3,ㄉㄤ
譇,譇,譇,shē,she,1,ㄕㄜ
䮠,䮠,䮠,䮠,䮠,,
绕,繞,绕,rào,rao,4,ㄖㄠ
䩝,䩝,䩝,páo,pao,2,ㄆㄠ
㬑,㬑,㬑,㬑,㬑,,
璖,璖,璖,qú,qu,2,ㄑㄩ
璣,璣,玑,jī,ji,1,ㄐㄧ
傡,傡,傡,bìng,bing,4,ㄅㄧㄥ
暎,暎,暎,yìng,ying,4,ㄧㄥ
蘨,蘨,蘨,yáo,yao,2,ㄧㄠ
棟,棟,栋,dòng,dong,4,ㄉㄨㄥ
䅁,䅁,䅁,àn,an,4,ㄢ
斆,斆,斆,xiào,xiao,4,ㄒㄧㄠ
秤,秤,秤,chèng,cheng,4,ㄔㄥ
囂,囂,嚣,xiāo,xiao,1,ㄒㄧㄠ
敞,敞,敞,chǎng,chang,3,ㄔㄤ
圧,圧,圧,yā,ya,1,ㄧㄚ
㝐,㝐,㝐,róng,rong,2,ㄖㄨㄥ
鋳,鋳,鋳,zhù,zhu,4,ㄓㄨ
灉,灉,灉,yōng,yong,1,ㄩㄥ
哥,哥,哥,gē,ge,1,ㄍㄜ
悏,悏,悏,qiè,qie,4,ㄑㄧㄝ
辔,轡,辔,pèi,pei,4,ㄆㄟ
㦦,㦦,㦦,hè,he,4,ㄏㄜ
晩,晩,晩,wǎn,wan,3,ㄨㄢ
㨃,㨃,㨃,chéng,cheng,2,ㄔㄥ
㴋,㴋,㴋,sù,su,4,ㄙㄨ
䓡,䓡,䓡,䓡,䓡,,
疼,疼,疼,téng,teng,2,ㄊㄥ
夑,夑,夑,夑,夑,,
淯,淯,淯,yù,yu,4,ㄩ
睓,睓,睓,tiǎn,tian,3,ㄊㄧㄢ
㚅,㚅,㚅,lóng,long,2,ㄌㄨㄥ
敘,敘,叙,xù,xu,4,ㄒㄩ
靼,靼,靼,dá,da,2,ㄉㄚ
䰳,䰳,䰳,䰳,䰳,,
煛,煛,煛,jiǒng,jiong,3,ㄐㄩㄥ
枊,枊,枊,àng,ang,4,ㄤ
灆,灆,灆,lán,lan,2,ㄌㄢ
㜛,㜛,㜛,nèn,nen,4,ㄋㄣ
挀,挀,挀,bò,bo,4,ㄅㄛ
杹,杹,杹,huà,hua,4,ㄏㄨㄚ
粛,粛,粛,sù,su,4,ㄙㄨ
竄,竄,窜,cuàn,cuan,4,ㄘㄨㄢ
蠼,蠼,蠼,jué,jue,2,ㄐㄩㄝ
迸,迸,迸,bèng,beng,4,ㄅㄥ
灅,灅,灅,lěi,lei,3,ㄌㄟ
檤,檤,檤,dào,dao,4,ㄉㄠ
鹵,鹵,卤,lǔ,lu,3,ㄌㄨ
時,時,时,shí,shi,2,ㄕ
鞨,鞨,鞨,hé,he,2,ㄏㄜ
㖎,㖎,㖎,㖎,㖎,,
莥,莥,莥,nǐu,niu,3,ㄋㄧㄡ
锊,鋝,锊,lvè,lue,4,
㰃,㰃,㰃,mián,mian,2,ㄇㄧㄢ
磡,磡,磡,kàn,kan,4,ㄎㄢ
䕡,䕡,䕡,lǔ,lu,3,ㄌㄨ
儤,儤,儤,bào,bao,4,ㄅㄠ
膱,膱,膱,zhí,zhi,2,ㄓ
髛,髛,髛,kāo,kao,1,ㄎㄠ
掼,摜,掼,guàn,guan,4,ㄍㄨㄢ
燉,燉,炖,dùn,dun,4,ㄉㄨㄣ
䀏,䀏,䀏,xiàn,xian,4,ㄒㄧㄢ
殚,殫,殚,dān,dan,1,ㄉㄢ
艒,艒,艒,mào,mao,4,ㄇㄠ
棕,棕,棕,zōng,zong,1,ㄗㄨㄥ
㝡,㝡,㝡,zùi,zui,4,ㄗㄨㄟ
鱜,鱜,鱜,鱜,鱜,,
俊,俊,俊,jùn,jun,4,ㄐㄩㄣ
接,接,接,jiē,jie,1,ㄐㄧㄝ
吳,吳,吴,wú,wu,2,ㄨ
䅼,䅼,䅼,mán,man,2,ㄇㄢ
敁,敁,敁,diān,dian,1,ㄉㄧㄢ
䓧,䓧,䓧,cì,ci,4,ㄘ
谍,諜,谍,dié,die,2,ㄉㄧㄝ
釕,釕,钌,liǎo,liao,3,ㄌㄧㄠ
㲆,㲆,㲆,líng,ling,2,ㄌㄧㄥ
殺,殺,杀,shā,sha,1,ㄕㄚ
退,退,退,tùi,tui,4,ㄊㄨㄟ
雥,雥,雥,zá,za,2,ㄗㄚ
擜,擜,擜,擜,擜,,
缇,緹,缇,tí,ti,2,ㄊㄧ
㽠,㽠,㽠,xiá,xia,2,ㄒㄧㄚ
鵺,鵺,鵺,yè,ye,4,ㄧㄝ
缎,緞,缎,duàn,duan,4,ㄉㄨㄢ
㿅,㿅,㿅,xiǎn,xian,3,ㄒㄧㄢ
颟,顢,颟,mán,man,2,ㄇㄢ
䞗,䞗,䞗,䞗,䞗,,
覑,覑,覑,piǎn,pian,3,ㄆㄧㄢ
䰃,䰃,䰃,péng,peng,2,ㄆㄥ
镳,鑣,镳,biāo,biao,1,ㄅㄧㄠ
邖,邖,邖,shān,shan,1,ㄕㄢ
䦮,䦮,䦮,chǔn,chun,3,ㄔㄨㄣ
嵟,嵟,嵟,dūi,dui,1,ㄉㄨㄟ
㪇,㪇,㪇,xiàn,xian,4,ㄒㄧㄢ
姹,姹,姹,chà,cha,4,ㄔㄚ
堻,堻,堻,zhēn,zhen,1,ㄓㄣ
㖐,㖐,㖐,wěi,wei,3,ㄨㄟ
濴,濴,濴,xíng,xing,2,ㄒㄧㄥ
钹,鈸,钹,bá,ba,2,ㄅㄚ
囼,囼,囼,tāi,tai,1,ㄊㄞ
拞,拞,拞,dǐ,di,3,ㄉㄧ
荪,蓀,荪,sūn,sun,1,ㄙㄨㄣ
耣,耣,耣,lǔn,lun,3,ㄌㄨㄣ
搛,搛,搛,jiān,jian,1,ㄐㄧㄢ
㦙,㦙,㦙,㦙,㦙,,
吾,吾,吾,wú,wu,2,ㄨ
煡,煡,煡,xìn,xin,4,ㄒㄧㄣ
缲,繰,缲,zǎo,zao,3,ㄗㄠ
章,章,章,zhāng,zhang,1,ㄓㄤ
豬,豬,猪,zhū,zhu,1,ㄓㄨ
旮,旮,旮,xù,xu,4,ㄒㄩ
绉,縐,绉,zhòu,zhou,4,ㄓㄡ
䭃,䭃,䭃,rěn,ren,3,ㄖㄣ
嗵,嗵,嗵,tōng,tong,1,ㄊㄨㄥ
㾐,㾐,㾐,lì,li,4,ㄌㄧ
詌,詌,詌,gàn,gan,4,ㄍㄢ
呉,呉,呉,wú,wu,2,ㄨ
喾,嚳,喾,kù,ku,4,ㄎㄨ
䦢,䦢,䦢,kuò,kuo,4,ㄎㄨㄛ
䌩,䌩,䌩,mì,mi,4,ㄇㄧ
倥,倥,倥,kōng,kong,1,ㄎㄨㄥ
輩,輩,辈,bèi,bei,4,ㄅㄟ
䘛,䘛,䘛,䘛,䘛,,
罈,罈,罈,tán,tan,2,ㄊㄢ
㫊,㫊,㫊,yǐ,yi,3,ㄧ
畆,畆,畆,mǔ,mu,3,ㄇㄨ
繤,繤,繤,zuǎn,zuan,3,ㄗㄨㄢ
䙠,䙠,䙠,jué,jue,2,ㄐㄩㄝ
榒,榒,榒,nài,nai,4,ㄋㄞ
盾,盾,盾,dùn,dun,4,ㄉㄨㄣ
㩫,㩫,㩫,㩫,㩫,,
唕,唕,唣,zào,zao,4,ㄗㄠ
艃,艃,艃,lí,li,2,ㄌㄧ
渂,渂,渂,wèn,wen,4,ㄨㄣ
朖,朖,朖,lǎng,lang,3,ㄌㄤ
䨖,䨖,䨖,jì,ji,4,ㄐㄧ
篷,篷,篷,péng,peng,2,ㄆㄥ
员,員,员,yuán,yuan,2,ㄩㄢ
霄,霄,霄,xiāo,xiao,1,ㄒㄧㄠ
霁,霽,霁,jì,ji,4,ㄐㄧ
柗,柗,柗,sōng,song,1,ㄙㄨㄥ
㟐,㟐,㟐,mǎng,mang,3,ㄇㄤ
篡,篡,篡,cuàn,cuan,4,ㄘㄨㄢ
鑚,鑚,鑚,zuàn,zuan,4,ㄗㄨㄢ
逕,逕,迳,jìng,jing,4,ㄐㄧㄥ
鮭,鮭,鲑,gūi,gui,1,ㄍㄨㄟ
孂,孂,孂,jiǎo,jiao,3,ㄐㄧㄠ
䒛,䒛,䒛,héng,heng,2,ㄏㄥ
㻳,㻳,㻳,㻳,㻳,,
脷,脷,脷,lì,li,4,ㄌㄧ
㻋,㻋,㻋,là,la,4,ㄌㄚ
斡,斡,斡,wò,wo,4,ㄨㄛ
鎨,鎨,鎨,sǔn,sun,3,ㄙㄨㄣ
亜,亜,亜,yà,ya,4,ㄧㄚ
觹,觹,觹,xī,xi,1,ㄒㄧ
靷,靷,靷,yǐn,yin,3,ㄧㄣ
臩,臩,臩,guàng,guang,4,ㄍㄨㄤ
罗,羅,罗,luō,luo,1,ㄌㄨㄛ
阦,阦,阦,yáng,yang,2,ㄧㄤ
膚,膚,肤,fū,fu,1,ㄈㄨ
玛,瑪,玛,mǎ,ma,3,ㄇㄚ
槈,槈,槈,nòu,nou,4,ㄋㄡ
䌰,䌰,䌰,shè,she,4,ㄕㄜ
柣,柣,柣,zhí,zhi,2,ㄓ
斳,斳,斳,qín,qin,2,ㄑㄧㄣ
酃,酃,酃,líng,ling,2,ㄌㄧㄥ
蝘,蝘,蝘,yǎn,yan,3,ㄧㄢ
蕅,蕅,蕅,ǒu,ou,3,ㄡ
壵,壵,壵,zhuàng,zhuang,4,ㄓㄨㄤ
蔑,衊,蔑,miè,mie,4,ㄇㄧㄝ
怨,怨,怨,yuàn,yuan,4,ㄩㄢ
㚪,㚪,㚪,hào,hao,4,ㄏㄠ
㖷,㖷,㖷,shí,shi,2,ㄕ
㞋,㞋,㞋,niǎn,nian,3,ㄋㄧㄢ
窮,窮,穷,qióng,qiong,2,ㄑㄩㄥ
㚰,㚰,㚰,bǐ,bi,3,ㄅㄧ
䁖,瞜,䁖,lōu,lou,1,ㄌㄡ
㙲,㙲,㙲,yǒng,yong,3,ㄩㄥ
䕙,䕙,䕙,jié,jie,2,ㄐㄧㄝ
哶,哶,哶,miē,mie,1,ㄇㄧㄝ
鶑,鶑,鶑,鶑,鶑,,
鹸,鹸,鹸,jiǎn,jian,3,ㄐㄧㄢ
裎,裎,裎,chéng,cheng,2,ㄔㄥ
裑,裑,裑,shēn,shen,1,ㄕㄣ
㶖,㶖,㶖,shù,shu,4,ㄕㄨ
㔝,㔝,㔝,liǎng,liang,3,ㄌㄧㄤ
䍮,䍮,䍮,zhào,zhao,4,ㄓㄠ
樦,樦,樦,zhù,zhu,4,ㄓㄨ
造,造,造,zào,zao,4,ㄗㄠ
劳,勞,劳,láo,lao,2,ㄌㄠ
虆,虆,虆,léi,lei,2,ㄌㄟ
胆,膽,胆,dǎn,dan,3,ㄉㄢ
骹,骹,骹,qiāo,qiao,1,ㄑㄧㄠ
遏,遏,遏,è,e,4,ㄜ
癟,癟,瘪,biě,bie,3,ㄅㄧㄝ
菝,菝,菝,bá,ba,2,ㄅㄚ
䂞,䂞,䂞,zhè,zhe,4,ㄓㄜ
䫿,䫿,䫿,䫿,䫿,,
紊,紊,紊,wèn,wen,4,ㄨㄣ
氪,氪,氪,kè,ke,4,ㄎㄜ
㫚,㫚,㫚,hū,hu,1,ㄏㄨ
塵,塵,尘,chén,chen,2,ㄔㄣ
鏛,鏛,鏛,cháng,chang,2,ㄔㄤ
墓,墓,墓,mù,mu,4,ㄇㄨ
䖨,䖨,䖨,shí,shi,2,ㄕ
爪,爪,爪,zhuǎ,zhua,3,ㄓㄨㄚ
鬃,鬃,鬃,zōng,zong,1,ㄗㄨㄥ
籍,籍,籍,jí,ji,2,ㄐㄧ
哞,哞,哞,mōu,mou,1,ㄇㄡ
踥,踥,踥,qiè,qie,4,ㄑㄧㄝ
醠,醠,醠,àng,ang,4,ㄤ
愽,愽,愽,bó,bo,2,ㄅㄛ
膿,膿,脓,nóng,nong,2,ㄋㄨㄥ
䵌,䵌,䵌,䵌,䵌,,
闙,闙,闙,qǐ,qi,3,ㄑㄧ
麈,麈,麈,zhǔ,zhu,3,ㄓㄨ
龁,齕,龁,hé,he,2,ㄏㄜ
銲,銲,銲,hàn,han,4,ㄏㄢ
鹻,鹻,鹻,jiǎn,jian,3,ㄐㄧㄢ
䗘,䗘,䗘,gé,ge,2,ㄍㄜ
誅,誅,诛,zhū,zhu,1,ㄓㄨ
橉,橉,橉,lìn,lin,4,ㄌㄧㄣ
儁,儁,儁,jùn,jun,4,ㄐㄩㄣ
挟,挾,挟,xié,xie,2,ㄒㄧㄝ
紑,紑,紑,fóu,fou,2,ㄈㄡ
䘰,䘰,䘰,䘰,䘰,,
梚,梚,梚,wǎn,wan,3,ㄨㄢ
䔈,䔈,䔈,gǎn,gan,3,ㄍㄢ
䗟,䗟,䗟,yì,yi,4,ㄧ
嚠,嚠,嚠,líu,liu,2,ㄌㄧㄡ
输,輸,输,shū,shu,1,ㄕㄨ
珶,珶,珶,dì,di,4,ㄉㄧ
䴤,䴤,䴤,䴤,䴤,,
氙,氙,氙,xiān,xian,1,ㄒㄧㄢ
奐,奐,奂,huàn,huan,4,ㄏㄨㄢ
䛗,䛗,䛗,zhǐ,zhi,3,ㄓ
㕅,㕅,㕅,jiǎ,jia,3,ㄐㄧㄚ
贍,贍,赡,shàn,shan,4,ㄕㄢ
墔,墔,墔,cūi,cui,1,ㄘㄨㄟ
扺,扺,扺,zhǐ,zhi,3,ㄓ
䪮,䪮,䪮,chǒu,chou,3,ㄔㄡ
僎,僎,僎,zhuàn,zhuan,4,ㄓㄨㄢ
䤷,䤷,䤷,yán,yan,2,ㄧㄢ
繒,繒,缯,zēng,zeng,1,ㄗㄥ
與,與,与,yǔ,yu,3,ㄩ
䀞,䀞,䀞,䀞,䀞,,
铼,錸,铼,lái,lai,2,ㄌㄞ
番,番,番,fān,fan,1,ㄈㄢ
饤,飣,饤,dìng,ding,4,ㄉㄧㄥ
轅,轅,辕,yuán,yuan,2,ㄩㄢ
諷,諷,讽,fěng,feng,3,ㄈㄥ
㔂,㔂,㔂,lín,lin,2,ㄌㄧㄣ
鳆,鰒,鳆,fù,fu,4,ㄈㄨ
尻,尻,尻,kāo,kao,1,ㄎㄠ
褤,褤,褤,yuàn,yuan,4,ㄩㄢ
䂒,䂒,䂒,jié,jie,2,ㄐㄧㄝ
馲,馲,馲,tuō,tuo,1,ㄊㄨㄛ
蒷,蒷,蒷,yún,yun,2,ㄩㄣ
䛛,䛛,䛛,hùi,hui,4,ㄏㄨㄟ
轡,轡,辔,pèi,pei,4,ㄆㄟ
䭞,䭞,䭞,yì,yi,4,ㄧ
鹜,鶩,鹜,mù,mu,4,ㄇㄨ
㔩,㔩,㔩,è,e,4,ㄜ
鄶,鄶,郐,kuài,kuai,4,ㄎㄨㄞ
戴,戴,戴,dài,dai,4,ㄉㄞ
餇,餇,餇,tóng,tong,2,ㄊㄨㄥ
㽱,㽱,㽱,jiǎo,jiao,3,ㄐㄧㄠ
栃,栃,栃,栃,栃,,
䟼,䟼,䟼,wǔ,wu,3,ㄨ
螴,螴,螴,chén,chen,2,ㄔㄣ
䌥,䌥,䌥,yǐn,yin,3,ㄧㄣ
婸,婸,婸,dàng,dang,4,ㄉㄤ
浔,潯,浔,xún,xun,2,ㄒㄩㄣ
泄,泄,泄,xiè,xie,4,ㄒㄧㄝ
庄,莊,庄,zhuāng,zhuang,1,ㄓㄨㄤ
竧,竧,竧,jìng,jing,4,ㄐㄧㄥ
濚,濚,濚,yíng,ying,2,ㄧㄥ
讽,諷,讽,fēng,feng,1,ㄈㄥ
㸢,㸢,㸢,bèi,bei,4,ㄅㄟ
缦,縵,缦,màn,man,4,ㄇㄢ
粬,粬,粬,粬,粬,,
裏,裏,里,lǐ,li,3,ㄌㄧ
䥶,䥶,䥶,lì,li,4,ㄌㄧ
㕩,㕩,㕩,zhàng,zhang,4,ㄓㄤ
䛘,䛘,䛘,nín,nin,2,ㄋㄧㄣ
狶,狶,狶,xǐ,xi,3,ㄒㄧ
瘼,瘼,瘼,mò,mo,4,ㄇㄛ
晘,晘,晘,hàn,han,4,ㄏㄢ
抃,抃,抃,biàn,bian,4,ㄅㄧㄢ
僺,僺,僺,qiào,qiao,4,ㄑㄧㄠ
馬,馬,马,mǎ,ma,3,ㄇㄚ
㕎,㕎,㕎,è,e,4,ㄜ
孳,孳,孳,zī,zi,1,ㄗ
薢,薢,薢,jiē,jie,1,ㄐㄧㄝ
翘,翹,翘,qiáo,qiao,2,ㄑㄧㄠ
殯,殯,殡,bìn,bin,4,ㄅㄧㄣ
䧲,䧲,䧲,hàn,han,4,ㄏㄢ
晑,晑,晑,xiǎng,xiang,3,ㄒㄧㄤ
憑,憑,凭,píng,ping,2,ㄆㄧㄥ
祶,祶,祶,dì,di,4,ㄉㄧ
楡,楡,楡,yú,yu,2,ㄩ
垏,垏,垏,lù,lu,4,ㄌㄨ
廦,廦,廦,bì,bi,4,ㄅㄧ
䫂,䫂,䫂,duǒ,duo,3,ㄉㄨㄛ
䈗,䈗,䈗,suǒ,suo,3,ㄙㄨㄛ
葰,葰,葰,jùn,jun,4,ㄐㄩㄣ
巴,巴,巴,bā,ba,1,ㄅㄚ
郿,郿,郿,méi,mei,2,ㄇㄟ
䎐,䎐,䎐,chǎo,chao,3,ㄔㄠ
䰓,䰓,䰓,mián,mian,2,ㄇㄧㄢ
壄,壄,壄,yě,ye,3,ㄧㄝ
堃,堃,堃,kūn,kun,1,ㄎㄨㄣ
挥,揮,挥,hūi,hui,1,ㄏㄨㄟ
䥜,䥜,䥜,jiàn,jian,4,ㄐㄧㄢ
蝐,蝐,蝐,mài,mai,4,ㄇㄞ
䰨,䰨,䰨,mèi,mei,4,ㄇㄟ
嶳,嶳,嶳,dì,di,4,ㄉㄧ
葊,葊,葊,ān,an,1,ㄢ
䏘,䏘,䏘,pǐ,pi,3,ㄆㄧ
㥬,㥬,㥬,páng,pang,2,ㄆㄤ
媙,媙,媙,wēi,wei,1,ㄨㄟ
㮖,㮖,㮖,jiá,jia,2,ㄐㄧㄚ
紎,紎,紎,zī,zi,1,ㄗ
㵵,㵵,㵵,zòu,zou,4,ㄗㄡ
甊,甊,甊,lǒu,lou,3,ㄌㄡ
㚌,㚌,㚌,huà,hua,4,ㄏㄨㄚ
啿,啿,啿,dàn,dan,4,ㄉㄢ
罉,罉,罉,罉,罉,,
麍,麍,麍,líu,liu,2,ㄌㄧㄡ
薙,薙,薙,tì,ti,4,ㄊㄧ
繨,繨,繨,dá,da,2,ㄉㄚ
筗,筗,筗,zhòng,zhong,4,ㄓㄨㄥ
砧,砧,砧,zhēn,zhen,1,ㄓㄣ
爇,爇,爇,ruò,ruo,4,ㄖㄨㄛ
踞,踞,踞,jù,ju,4,ㄐㄩ
䘙,䘙,䘙,wèi,wei,4,ㄨㄟ
攉,攉,攉,huò,huo,4,ㄏㄨㄛ
㗱,㗱,㗱,jí,ji,2,ㄐㄧ
梕,梕,梕,rèn,ren,4,ㄖㄣ
䉬,䉬,䉬,fèi,fei,4,ㄈㄟ
懳,懳,懳,懳,懳,,
魖,魖,魖,xū,xu,1,ㄒㄩ
阂,閡,阂,hé,he,2,ㄏㄜ
鯓,鯓,鯓,ní,ni,2,ㄋㄧ
䰂,䰂,䰂,cài,cai,4,ㄘㄞ
㸉,㸉,㸉,xiè,xie,4,ㄒㄧㄝ
栏,欄,栏,lán,lan,2,ㄌㄢ
瀚,瀚,瀚,hàn,han,4,ㄏㄢ
玒,玒,玒,hóng,hong,2,ㄏㄨㄥ
㡂,㡂,㡂,lì,li,4,ㄌㄧ
鸒,鸒,鸒,yú,yu,2,ㄩ
㟱,㟱,㟱,yǎo,yao,3,ㄧㄠ
文,文,文,wén,wen,2,ㄨㄣ
骵,骵,骵,tǐ,ti,3,ㄊㄧ
浹,浹,浃,jiá,jia,2,ㄐㄧㄚ
朴,樸,朴,pò,po,4,ㄆㄛ
㼍,㼍,㼍,lěi,lei,3,ㄌㄟ
冝,冝,冝,yí,yi,2,ㄧ
魡,魡,魡,diào,diao,4,ㄉㄧㄠ
䱝,䱝,䱝,bà,ba,4,ㄅㄚ
模,模,模,mó,mo,2,ㄇㄛ
李,李,李,lǐ,li,3,ㄌㄧ
婏,婏,婏,fù,fu,4,ㄈㄨ
㠅,㠅,㠅,fú,fu,2,ㄈㄨ
錔,錔,錔,tà,ta,4,ㄊㄚ
㯃,㯃,㯃,㯃,㯃,,
璻,璻,璻,zǔi,zui,3,ㄗㄨㄟ
桳,桳,桳,bèn,ben,4,ㄅㄣ
碄,碄,碄,lín,lin,2,ㄌㄧㄣ
洣,洣,洣,mǐ,mi,3,ㄇㄧ
䮹,䮹,䮹,wèi,wei,4,ㄨㄟ
膰,膰,膰,fán,fan,2,ㄈㄢ
寬,寬,宽,kuān,kuan,1,ㄎㄨㄢ
㧼,㧼,㧼,biào,biao,4,ㄅㄧㄠ
螩,螩,螩,螩,螩,,
稘,稘,稘,jī,ji,1,ㄐㄧ
䤢,䤢,䤢,䤢,䤢,,
䞵,䞵,䞵,juě,jue,3,ㄐㄩㄝ
楱,楱,楱,còu,cou,4,ㄘㄡ
崳,崳,嵛,yú,yu,2,ㄩ
㬵,㬵,㬵,xiáo,xiao,2,ㄒㄧㄠ
褧,褧,褧,jiǒng,jiong,3,ㄐㄩㄥ
岚,嵐,岚,lán,lan,2,ㄌㄢ
嘾,嘾,嘾,tán,tan,2,ㄊㄢ
郹,郹,郹,jú,ju,2,ㄐㄩ
衙,衙,衙,yá,ya,2,ㄧㄚ
鐙,鐙,镫,dèng,deng,4,ㄉㄥ
瞟,瞟,瞟,piǎo,piao,3,ㄆㄧㄠ
蒭,蒭,蒭,chú,chu,2,ㄔㄨ
䄈,䄈,䄈,dòu,dou,4,ㄉㄡ
挭,挭,挭,gěng,geng,3,ㄍㄥ
䙙,䙙,䙙,chí,chi,2,ㄔ
鬝,鬝,鬝,qiān,qian,1,ㄑㄧㄢ
䋿,䋿,䋿,䋿,䋿,,
阸,阸,阸,è,e,4,ㄜ
鍼,鍼,鍼,zhēn,zhen,1,ㄓㄣ
䪐,䪐,䪐,bì,bi,4,ㄅㄧ
䰖,䰖,䰖,cuán,cuan,2,ㄘㄨㄢ
冣,冣,冣,jù,ju,4,ㄐㄩ
㗵,㗵,㗵,xù,xu,4,ㄒㄩ
痩,痩,痩,shòu,shou,4,ㄕㄡ
㗇,㗇,㗇,xiá,xia,2,ㄒㄧㄚ
奷,奷,奷,qiān,qian,1,ㄑㄧㄢ
孪,孿,孪,luán,luan,2,ㄌㄨㄢ
齻,齻,齻,diān,dian,1,ㄉㄧㄢ
惫,憊,惫,bèi,bei,4,ㄅㄟ
旭,旭,旭,xù,xu,4,ㄒㄩ
㛓,㛓,㛓,㛓,㛓,,
轇,轇,轇,jīu,jiu,1,ㄐㄧㄡ
晒,曬,晒,shài,shai,4,ㄕㄞ
啹,啹,啹,啹,啹,,
丆,丆,丆,丆,丆,,
冤,冤,冤,yuān,yuan,1,ㄩㄢ
篲,篲,篲,hùi,hui,4,ㄏㄨㄟ
湲,湲,湲,yuán,yuan,2,ㄩㄢ
㖾,㖾,㖾,è,e,4,ㄜ
頞,頞,頞,è,e,4,ㄜ
迱,迱,迱,tuó,tuo,2,ㄊㄨㄛ
笰,笰,笰,fú,fu,2,ㄈㄨ
摬,摬,摬,yìng,ying,4,ㄧㄥ
垇,垇,垇,ào,ao,4,ㄠ
鿼,鿼,鿼,鿼,鿼,,
徰,徰,徰,zhēng,zheng,1,ㄓㄥ
憳,憳,憳,tǎn,tan,3,ㄊㄢ
紿,紿,绐,dài,dai,4,ㄉㄞ
㡱,㡱,㡱,jǐu,jiu,3,ㄐㄧㄡ
䅗,䅗,䅗,sùi,sui,4,ㄙㄨㄟ
䗅,䗅,䗅,cháng,chang,2,ㄔㄤ
䲹,䲹,䲹,péi,pei,2,ㄆㄟ
罝,罝,罝,jū,ju,1,ㄐㄩ
炆,炆,炆,wén,wen,2,ㄨㄣ
纮,紘,纮,hóng,hong,2,ㄏㄨㄥ
膉,膉,膉,yì,yi,4,ㄧ
䥆,䥆,䥆,jǐn,jin,3,ㄐㄧㄣ
潭,潭,潭,tán,tan,2,ㄊㄢ
噎,噎,噎,yē,ye,1,ㄧㄝ
㟭,㟭,㟭,mín,min,2,ㄇㄧㄣ
䢎,䢎,䢎,䢎,䢎,,
枆,枆,枆,máo,mao,2,ㄇㄠ
晨,晨,晨,chén,chen,2,ㄔㄣ
绡,綃,绡,xiāo,xiao,1,ㄒㄧㄠ
槲,槲,槲,hú,hu,2,ㄏㄨ
兝,兝,兝,fēn,fen,1,ㄈㄣ
㼘,㼘,㼘,wǎ,wa,3,ㄨㄚ
枸,枸,枸,jǔ,ju,3,ㄐㄩ
觲,觲,觲,xīng,xing,1,ㄒㄧㄥ
颻,颻,飖,yáo,yao,2,ㄧㄠ
㞵,㞵,㞵,㞵,㞵,,
㥡,㥡,㥡,xì,xi,4,ㄒㄧ
厊,厊,厊,yǎ,ya,3,ㄧㄚ
䓢,䓢,䓢,gù,gu,4,ㄍㄨ
栠,栠,栠,rěn,ren,3,ㄖㄣ
䕟,䕟,䕟,䕟,䕟,,
貌,貌,貌,mào,mao,4,ㄇㄠ
裯,裯,裯,chóu,chou,2,ㄔㄡ
溓,溓,溓,lián,lian,2,ㄌㄧㄢ
堩,堩,堩,gèng,geng,4,ㄍㄥ
裞,裞,裞,shùi,shui,4,ㄕㄨㄟ
䜏,䜏,䜏,䜏,䜏,,
䱖,䱖,䱖,líu,liu,2,ㄌㄧㄡ
隐,隱,隐,yǐn,yin,3,ㄧㄣ
品,品,品,pǐn,pin,3,ㄆㄧㄣ
奁,奩,奁,lián,lian,2,ㄌㄧㄢ
椧,椧,椧,椧,椧,,
斑,斑,斑,bān,ban,1,ㄅㄢ
蘚,蘚,藓,xiǎn,xian,3,ㄒㄧㄢ
嗊,嗊,唝,hǒng,hong,3,ㄏㄨㄥ
粂,粂,粂,粂,粂,,
㝷,㝷,㝷,㝷,㝷,,
剼,剼,剼,shān,shan,1,ㄕㄢ
赽,赽,赽,jué,jue,2,ㄐㄩㄝ
䊁,䊁,䊁,䊁,䊁,,
㩶,㩶,㩶,niè,nie,4,ㄋㄧㄝ
㷱,㷱,㷱,㷱,㷱,,
瞠,瞠,瞠,chēng,cheng,1,ㄔㄥ
粍,粍,粍,lí,li,2,ㄌㄧ
䃇,䃇,䃇,mián,mian,2,ㄇㄧㄢ
㞲,㞲,㞲,yòng,yong,4,ㄩㄥ
咥,咥,咥,xì,xi,4,ㄒㄧ
乭,乭,乭,shí,shi,2,ㄕ
媐,媐,媐,xī,xi,1,ㄒㄧ
麦,麥,麦,mài,mai,4,ㄇㄞ
鯩,鯩,鯩,lún,lun,2,ㄌㄨㄣ
刷,刷,刷,shuā,shua,1,ㄕㄨㄚ
猱,猱,猱,náo,nao,2,ㄋㄠ
郘,郘,郘,lǔ,lu,3,ㄌㄨ
爿,爿,丬,qiáng,qiang,2,ㄑㄧㄤ
腑,腑,腑,fǔ,fu,3,ㄈㄨ
聴,聴,聴,tīng,ting,1,ㄊㄧㄥ
祦,祦,祦,wú,wu,2,ㄨ
鄜,鄜,鄜,fū,fu,1,ㄈㄨ
饾,餖,饾,dòu,dou,4,ㄉㄡ
楄,楄,楄,pián,pian,2,ㄆㄧㄢ
裂,裂,裂,liè,lie,4,ㄌㄧㄝ
蹙,蹙,蹙,cù,cu,4,ㄘㄨ
攔,攔,拦,lán,lan,2,ㄌㄢ
劃,劃,划,huà,hua,4,ㄏㄨㄚ
猔,猔,猔,zòng,zong,4,ㄗㄨㄥ
䣩,䣩,䣩,chún,chun,2,ㄔㄨㄣ
靬,靬,靬,jiān,jian,1,ㄐㄧㄢ
濮,濮,濮,pú,pu,2,ㄆㄨ
芥,芥,芥,jiè,jie,4,ㄐㄧㄝ
㗂,㗂,㗂,shěng,sheng,3,ㄕㄥ
鷦,鷦,鹪,jiāo,jiao,1,ㄐㄧㄠ
帾,帾,帾,dǔ,du,3,ㄉㄨ
蓥,鎣,蓥,yìng,ying,4,ㄧㄥ
䣰,䣰,䣰,jù,ju,4,ㄐㄩ
䢊,䢊,䢊,yóu,you,2,ㄧㄡ
瘢,瘢,瘢,bān,ban,1,ㄅㄢ
鉇,鉇,鉇,shī,shi,1,ㄕ
岽,崬,岽,dōng,dong,1,ㄉㄨㄥ
凛,凜,凛,lǐn,lin,3,ㄌㄧㄣ
藄,藄,藄,qí,qi,2,ㄑㄧ
椠,槧,椠,qiàn,qian,4,ㄑㄧㄢ
珣,珣,珣,xún,xun,2,ㄒㄩㄣ
䶆,䶆,䶆,䶆,䶆,,
骘,騭,骘,zhì,zhi,4,ㄓ
厡,厡,厡,yuán,yuan,2,ㄩㄢ
尺,尺,尺,chǐ,chi,3,ㄔ
嗼,嗼,嗼,mò,mo,4,ㄇㄛ
鞾,鞾,鞾,xuē,xue,1,ㄒㄩㄝ
麊,麊,麊,mí,mi,2,ㄇㄧ
蹁,蹁,蹁,pián,pian,2,ㄆㄧㄢ
跬,跬,跬,kǔi,kui,3,ㄎㄨㄟ
㜬,㜬,㜬,㜬,㜬,,
䅬,䅬,䅬,ài,ai,4,ㄞ
䠝,䠝,䠝,䠝,䠝,,
㓔,㓔,㓔,xiè,xie,4,ㄒㄧㄝ
讌,讌,䜩,yàn,yan,4,ㄧㄢ
朙,朙,朙,míng,ming,2,ㄇㄧㄥ
醧,醧,醧,yù,yu,4,ㄩ
䬶,䬶,䬶,èn,en,4,ㄣ
蕝,蕝,蕝,jué,jue,2,ㄐㄩㄝ
竊,竊,窃,qiè,qie,4,ㄑㄧㄝ
馘,馘,馘,guó,guo,2,ㄍㄨㄛ
颖,穎,颖,yǐng,ying,3,ㄧㄥ
硅,矽,硅,gūi,gui,1,ㄍㄨㄟ
闫,閆,闫,yàn,yan,4,ㄧㄢ
赗,賵,赗,fèng,feng,4,ㄈㄥ
燩,燩,燩,què,que,4,ㄑㄩㄝ
燒,燒,烧,shāo,shao,1,ㄕㄠ
摻,摻,掺,shǎn,shan,3,ㄕㄢ
粙,粙,粙,zhòu,zhou,4,ㄓㄡ
䢠,䢠,䢠,sòng,song,4,ㄙㄨㄥ
黰,黰,黰,zhěn,zhen,3,ㄓㄣ
窱,窱,窱,tiào,tiao,4,ㄊㄧㄠ
绛,絳,绛,jiàng,jiang,4,ㄐㄧㄤ
詅,詅,詅,líng,ling,2,ㄌㄧㄥ
芾,芾,芾,fèi,fei,4,ㄈㄟ
請,請,请,qǐng,qing,3,ㄑㄧㄥ
黙,黙,黙,mò,mo,4,ㄇㄛ
鹩,鷯,鹩,liáo,liao,2,ㄌㄧㄠ
䔥,䔥,䔥,䔥,䔥,,
务,務,务,wù,wu,4,ㄨ
䧟,䧟,䧟,xiàn,xian,4,ㄒㄧㄢ
䅣,䅣,䅣,huáng,huang,2,ㄏㄨㄤ
侢,侢,侢,zài,zai,4,ㄗㄞ
鿱,鿱,鿱,鿱,鿱,,
㬙,㬙,㬙,wěi,wei,3,ㄨㄟ
䱵,䱵,䱵,䱵,䱵,,
国,國,国,guó,guo,2,ㄍㄨㄛ
箚,箚,箚,zhá,zha,2,ㄓㄚ
脨,脨,脨,cù,cu,4,ㄘㄨ
鋬,鋬,鋬,pàn,pan,4,ㄆㄢ
鿵,鿵,鿵,鿵,鿵,,
傀,傀,傀,gūi,gui,1,ㄍㄨㄟ
洧,洧,洧,wěi,wei,3,ㄨㄟ
睥,睥,睥,bì,bi,4,ㄅㄧ
婒,婒,婒,tán,tan,2,ㄊㄢ
䠭,䠭,䠭,lái,lai,2,ㄌㄞ
蚜,蚜,蚜,yá,ya,2,ㄧㄚ
䵘,䵘,䵘,shà,sha,4,ㄕㄚ
䩠,䩠,䩠,䩠,䩠,,
㠻,㠻,㠻,㠻,㠻,,
搯,搯,搯,tāo,tao,1,ㄊㄠ
趗,趗,趗,cù,cu,4,ㄘㄨ
㦌,㦌,㦌,tùi,tui,4,ㄊㄨㄟ
㔅,㔅,㔅,xiào,xiao,4,ㄒㄧㄠ
波,波,波,bō,bo,1,ㄅㄛ
汤,湯,汤,tāng,tang,1,ㄊㄤ
臐,臐,臐,xūn,xun,1,ㄒㄩㄣ
䢁,䢁,䢁,yuè,yue,4,ㄩㄝ
峫,峫,峫,yé,ye,2,ㄧㄝ
龒,龒,龒,lóng,long,2,ㄌㄨㄥ
䟄,䟄,䟄,qì,qi,4,ㄑㄧ
䲷,䲷,䲷,䲷,䲷,,
须,須,须,xū,xu,1,ㄒㄩ
䟤,䟤,䟤,bì,bi,4,ㄅㄧ
彜,彜,彜,yí,yi,2,ㄧ
礷,礷,礷,lán,lan,2,ㄌㄢ
盢,盢,盢,xù,xu,4,ㄒㄩ
榉,櫸,榉,jǔ,ju,3,ㄐㄩ
畽,畽,畽,tuǎn,tuan,3,ㄊㄨㄢ
綄,綄,綄,wàn,wan,4,ㄨㄢ
娦,娦,娦,pín,pin,2,ㄆㄧㄣ
㻹,㻹,㻹,㻹,㻹,,
犌,犌,犌,jiā,jia,1,ㄐㄧㄚ
辋,輞,辋,wǎng,wang,3,ㄨㄤ
㿌,㿌,㿌,㿌,㿌,,
榼,榼,榼,kè,ke,4,ㄎㄜ
纤,縴,纤,xiān,xian,1,ㄒㄧㄢ
梆,梆,梆,bāng,bang,1,ㄅㄤ
棏,棏,棏,tè,te,4,ㄊㄜ
㵌,㵌,㵌,chàn,chan,4,ㄔㄢ
沨,渢,沨,féng,feng,2,ㄈㄥ
窀,窀,窀,zhūn,zhun,1,ㄓㄨㄣ
嚺,嚺,嚺,tà,ta,4,ㄊㄚ
䙣,䙣,䙣,sà,sa,4,ㄙㄚ
隤,隤,隤,túi,tui,2,ㄊㄨㄟ
要,要,要,yào,yao,4,ㄧㄠ
莆,莆,莆,fǔ,fu,3,ㄈㄨ
聒,聒,聒,guā,gua,1,ㄍㄨㄚ
䑗,䑗,䑗,dàng,dang,4,ㄉㄤ
幽,幽,幽,yōu,you,1,ㄧㄡ
㡖,㡖,㡖,chuáng,chuang,2,ㄔㄨㄤ
䀊,䀊,䀊,jiǎo,jiao,3,ㄐㄧㄠ
䁸,䁸,䁸,nóng,nong,2,ㄋㄨㄥ
噟,噟,噟,yìng,ying,4,ㄧㄥ
炌,炌,炌,kài,kai,4,ㄎㄞ
儐,儐,傧,bìn,bin,4,ㄅㄧㄣ
偨,偨,偨,cī,ci,1,ㄘ
䯼,䯼,䯼,dí,di,2,ㄉㄧ
嘫,嘫,嘫,rán,ran,2,ㄖㄢ
鲒,鮚,鲒,jié,jie,2,ㄐㄧㄝ
䕋,䕋,䕋,chǎng,chang,3,ㄔㄤ
䥟,䥟,䥟,yè,ye,4,ㄧㄝ
厨,廚,厨,chú,chu,2,ㄔㄨ
咨,谘,咨,zī,zi,1,ㄗ
羛,羛,羛,yì,yi,4,ㄧ
恷,恷,恷,恷,恷,,
襩,襩,襩,shǔ,shu,3,ㄕㄨ
䇞,䇞,䇞,gǎn,gan,3,ㄍㄢ
燵,燵,燵,燵,燵,,
贯,貫,贯,guàn,guan,4,ㄍㄨㄢ
黂,黂,黂,fén,fen,2,ㄈㄣ
伓,伓,伓,bēi,bei,1,ㄅㄟ
縚,縚,縚,tāo,tao,1,ㄊㄠ
盛,盛,盛,shèng,sheng,4,ㄕㄥ
㨡,㨡,㨡,hún,hun,2,ㄏㄨㄣ
㽌,㽌,㽌,lìu,liu,4,ㄌㄧㄡ
襙,襙,襙,cào,cao,4,ㄘㄠ
觫,觫,觫,sù,su,4,ㄙㄨ
榰,榰,榰,zhī,zhi,1,ㄓ
幾,幾,几,jǐ,ji,3,ㄐㄧ
昢,昢,昢,pěi,pei,3,ㄆㄟ
帽,帽,帽,mào,mao,4,ㄇㄠ
䧱,䧱,䧱,䧱,䧱,,
庨,庨,庨,xiāo,xiao,1,ㄒㄧㄠ
蟐,蟐,蟐,蟐,蟐,,
焱,焱,焱,yàn,yan,4,ㄧㄢ
暽,暽,暽,lín,lin,2,ㄌㄧㄣ
枦,枦,枦,枦,枦,,
媕,媕,媕,ān,an,1,ㄢ
箾,箾,箾,shuò,shuo,4,ㄕㄨㄛ
䢾,䢾,䢾,xiǎn,xian,3,ㄒㄧㄢ
朲,朲,朲,rén,ren,2,ㄖㄣ
飢,飢,饥,jī,ji,1,ㄐㄧ
但,但,但,dàn,dan,4,ㄉㄢ
焋,焋,焋,zhuàng,zhuang,4,ㄓㄨㄤ
謑,謑,謑,xì,xi,4,ㄒㄧ
䭵,䭵,䭵,fán,fan,2,ㄈㄢ
鏪,鏪,鏪,cáo,cao,2,ㄘㄠ
狨,狨,狨,róng,rong,2,ㄖㄨㄥ
䶱,䶱,䶱,tóng,tong,2,ㄊㄨㄥ
殕,殕,殕,fǒu,fou,3,ㄈㄡ
䪣,䪣,䪣,䪣,䪣,,
搸,搸,搸,zhēn,zhen,1,ㄓㄣ
㵪,㵪,㵪,xián,xian,2,ㄒㄧㄢ
刡,刡,刡,mǐn,min,3,ㄇㄧㄣ
鹃,鵑,鹃,juān,juan,1,ㄐㄩㄢ
汻,汻,汻,hǎng,hang,3,ㄏㄤ
㤄,㤄,㤄,pèi,pei,4,ㄆㄟ
金,金,金,jīn,jin,1,ㄐㄧㄣ
殮,殮,殓,liàn,lian,4,ㄌㄧㄢ
摝,摝,摝,lù,lu,4,ㄌㄨ
萫,萫,萫,xiàng,xiang,4,ㄒㄧㄤ
蜣,蜣,蜣,qiāng,qiang,1,ㄑㄧㄤ
遢,遢,遢,tà,ta,4,ㄊㄚ
昇,昇,昇,shēng,sheng,1,ㄕㄥ
㐣,㐣,㐣,㐣,㐣,,
軏,軏,軏,yuè,yue,4,ㄩㄝ
筕,筕,筕,xíng,xing,2,ㄒㄧㄥ
濆,濆,濆,fén,fen,2,ㄈㄣ
児,児,児,ér,er,2,ㄦ
秶,秶,秶,zī,zi,1,ㄗ
膘,膘,膘,piǎo,piao,3,ㄆㄧㄠ
籽,籽,籽,zǐ,zi,3,ㄗ
䵖,䵖,䵖,jiàn,jian,4,ㄐㄧㄢ
愡,愡,愡,zǒng,zong,3,ㄗㄨㄥ
獓,獓,獓,áo,ao,2,ㄠ
徒,徒,徒,tú,tu,2,ㄊㄨ
鐣,鐣,鐣,鐣,鐣,,
鰔,鰔,鰔,jiǎn,jian,3,ㄐㄧㄢ
侒,侒,侒,ān,an,1,ㄢ
䆃,䆃,䆃,dǎo,dao,3,ㄉㄠ
㒇,㒇,㒇,mù,mu,4,ㄇㄨ
芮,芮,芮,rùi,rui,4,ㄖㄨㄟ
埭,埭,埭,dài,dai,4,ㄉㄞ
䩛,䩛,䩛,bì,bi,4,ㄅㄧ
䶇,䶇,䶇,zhòu,zhou,4,ㄓㄡ
埾,埾,埾,jù,ju,4,ㄐㄩ
㱯,㱯,㱯,ái,ai,2,ㄞ
樷,樷,樷,cōng,cong,1,ㄘㄨㄥ
鐊,鐊,鐊,yáng,yang,2,ㄧㄤ
㯘,㯘,㯘,kuǎn,kuan,3,ㄎㄨㄢ
呞,呞,呞,shī,shi,1,ㄕ
誸,誸,誸,xuán,xuan,2,ㄒㄩㄢ
㪨,㪨,㪨,shàn,shan,4,ㄕㄢ
豅,豅,豅,lóng,long,2,ㄌㄨㄥ
橈,橈,桡,náo,nao,2,ㄋㄠ
麯,麯,曲,qú,qu,2,ㄑㄩ
㷣,㷣,㷣,㷣,㷣,,
潅,潅,潅,guàn,guan,4,ㄍㄨㄢ
箇,箇,箇,gè,ge,4,ㄍㄜ
铹,鐒,铹,láo,lao,2,ㄌㄠ
䛓,䛓,䛓,䛓,䛓,,
㺍,㺍,㺍,㺍,㺍,,
菿,菿,菿,dào,dao,4,ㄉㄠ
饑,饑,饥,jī,ji,1,ㄐㄧ
罚,罰,罚,fá,fa,2,ㄈㄚ
㱪,㱪,㱪,mèn,men,4,ㄇㄣ
㼹,㼹,㼹,㼹,㼹,,
俈,俈,俈,kù,ku,4,ㄎㄨ
䏋,䏋,䏋,sù,su,4,ㄙㄨ
䁚,䁚,䁚,sǔn,sun,3,ㄙㄨㄣ
㩭,㩭,㩭,bó,bo,2,ㄅㄛ
圛,圛,圛,yì,yi,4,ㄧ
訣,訣,诀,jué,jue,2,ㄐㄩㄝ
攩,攩,攩,dǎng,dang,3,ㄉㄤ
羈,羈,羁,jī,ji,1,ㄐㄧ
湨,湨,湨,qù,qu,4,ㄑㄩ
蚥,蚥,蚥,fǔ,fu,3,ㄈㄨ
㦊,㦊,㦊,huá,hua,2,ㄏㄨㄚ
䙜,䙜,䙜,féng,feng,2,ㄈㄥ
䕮,䕮,䕮,jú,ju,2,ㄐㄩ
鳴,鳴,鸣,míng,ming,2,ㄇㄧㄥ
曭,曭,曭,tǎng,tang,3,ㄊㄤ
壥,壥,壥,壥,壥,,
耹,耹,耹,qín,qin,2,ㄑㄧㄣ
㫂,㫂,㫂,zhù,zhu,4,ㄓㄨ
噱,噱,噱,jué,jue,2,ㄐㄩㄝ
蜼,蜼,蜼,wèi,wei,4,ㄨㄟ
䃫,䃫,䃫,dǎn,dan,3,ㄉㄢ
鴽,鴽,鴽,rú,ru,2,ㄖㄨ
䞴,䞴,䞴,䞴,䞴,,
䙀,䙀,䙀,běng,beng,3,ㄅㄥ
矿,礦,矿,kuàng,kuang,4,ㄎㄨㄤ
蔪,蔪,蔪,jiàn,jian,4,ㄐㄧㄢ
藚,藚,藚,xù,xu,4,ㄒㄩ
柯,柯,柯,kē,ke,1,ㄎㄜ
黬,黬,黬,àn,an,4,ㄢ
㒨,㒨,㒨,㒨,㒨,,
舶,舶,舶,bó,bo,2,ㄅㄛ
侕,侕,侕,ér,er,2,ㄦ
笨,笨,笨,bèn,ben,4,ㄅㄣ
䱗,䱗,䱗,䱗,䱗,,
䋽,䋽,䋽,běng,beng,3,ㄅㄥ
㐬,㐬,㐬,líu,liu,2,ㄌㄧㄡ
鞶,鞶,鞶,pán,pan,2,ㄆㄢ
鴩,鴩,鴩,tiě,tie,3,ㄊㄧㄝ
鿍,鿍,鿍,鿍,鿍,,
涴,涴,涴,wò,wo,4,ㄨㄛ
浒,滸,浒,hǔ,hu,3,ㄏㄨ
㿐,㿐,㿐,㿐,㿐,,
㳃,㳃,㳃,cùi,cui,4,ㄘㄨㄟ
蕦,蕦,蕦,xū,xu,1,ㄒㄩ
朷,朷,朷,dāo,dao,1,ㄉㄠ
㡵,㡵,㡵,líng,ling,2,ㄌㄧㄥ
猗,猗,猗,yī,yi,1,ㄧ
圣,聖,圣,shèng,sheng,4,ㄕㄥ
畣,畣,畣,dá,da,2,ㄉㄚ
佸,佸,佸,huó,huo,2,ㄏㄨㄛ
幩,幩,幩,fén,fen,2,ㄈㄣ
㟖,㟖,㟖,lòng,long,4,ㄌㄨㄥ
飼,飼,饲,sì,si,4,ㄙ
㬝,㬝,㬝,céng,ceng,2,ㄘㄥ
㬆,㬆,㬆,mián,mian,2,ㄇㄧㄢ
茈,茈,茈,zǐ,zi,3,ㄗ
橼,櫞,橼,yuán,yuan,2,ㄩㄢ
䯶,䯶,䯶,mán,man,2,ㄇㄢ
仿,仿,仿,fǎng,fang,3,ㄈㄤ
䊇,䊇,䊇,bù,bu,4,ㄅㄨ
趝,趝,趝,jiàn,jian,4,ㄐㄧㄢ
貱,貱,貱,bì,bi,4,ㄅㄧ
㱣,㱣,㱣,tǔi,tui,3,ㄊㄨㄟ
㽂,㽂,㽂,sà,sa,4,ㄙㄚ
䙬,䙬,䙬,yìng,ying,4,ㄧㄥ
嘚,嘚,嘚,dé,de,2,ㄉㄜ
娝,娝,娝,pēi,pei,1,ㄆㄟ
繦,繦,繦,qiǎng,qiang,3,ㄑㄧㄤ
㪤,㪤,㪤,bì,bi,4,ㄅㄧ
䪖,䪖,䪖,pò,po,4,ㄆㄛ
丒,丒,丒,chǒu,chou,3,ㄔㄡ
峛,峛,峛,lǐ,li,3,ㄌㄧ
擾,擾,扰,rǎo,rao,3,ㄖㄠ
繀,繀,繀,sùi,sui,4,ㄙㄨㄟ
韓,韓,韩,hán,han,2,ㄏㄢ
䁶,䁶,䁶,jiǎo,jiao,3,ㄐㄧㄠ
昄,昄,昄,bǎn,ban,3,ㄅㄢ
扰,擾,扰,rǎo,rao,3,ㄖㄠ
梧,梧,梧,wú,wu,2,ㄨ
㩡,㩡,㩡,luǒ,luo,3,ㄌㄨㄛ
滃,滃,滃,wěng,weng,3,ㄨㄥ
䑮,䑮,䑮,䑮,䑮,,
䖟,䖟,䖟,mǎng,mang,3,ㄇㄤ
肍,肍,肍,qíu,qiu,2,ㄑㄧㄡ
㯏,㯏,㯏,gǔ,gu,3,ㄍㄨ
馍,饃,馍,mó,mo,2,ㄇㄛ
䎊,䎊,䎊,pò,po,4,ㄆㄛ
䁅,䁅,䁅,bèi,bei,4,ㄅㄟ
癀,癀,癀,huáng,huang,2,ㄏㄨㄤ
凁,凁,凁,shù,shu,4,ㄕㄨ
䧦,䧦,䧦,wéi,wei,2,ㄨㄟ
垫,墊,垫,diàn,dian,4,ㄉㄧㄢ
保,保,保,bǎo,bao,3,ㄅㄠ
㓅,㓅,㓅,㓅,㓅,,
畷,畷,畷,chuò,chuo,4,ㄔㄨㄛ
䬽,䬽,䬽,dùi,dui,4,ㄉㄨㄟ
鞰,鞰,鞰,鞰,鞰,,
撽,撽,撽,qiào,qiao,4,ㄑㄧㄠ
搘,搘,搘,zhī,zhi,1,ㄓ
茁,茁,茁,zhuó,zhuo,2,ㄓㄨㄛ
䕲,䕲,䕲,lǐn,lin,3,ㄌㄧㄣ
潩,潩,潩,yì,yi,4,ㄧ
猞,猞,猞,shè,she,4,ㄕㄜ
殅,殅,殅,shēng,sheng,1,ㄕㄥ
轑,轑,轑,lǎo,lao,3,ㄌㄠ
䥍,䥍,䥍,zhì,zhi,4,ㄓ
阑,闌,阑,lán,lan,2,ㄌㄢ
䦒,䦒,䦒,dàng,dang,4,ㄉㄤ
㐖,㐖,㐖,yè,ye,4,ㄧㄝ
构,構,构,gōu,gou,1,ㄍㄡ
厠,厠,厠,cè,ce,4,ㄘㄜ
㟝,㟝,㟝,péi,pei,2,ㄆㄟ
硵,硵,硵,lǔ,lu,3,ㄌㄨ
㵨,㵨,㵨,bì,bi,4,ㄅㄧ
釀,釀,酿,niàng,niang,4,ㄋㄧㄤ
櫩,櫩,櫩,yán,yan,2,ㄧㄢ
釙,釙,钋,pò,po,4,ㄆㄛ
薿,薿,薿,nǐ,ni,3,ㄋㄧ
稑,稑,稑,lù,lu,4,ㄌㄨ
跡,跡,迹,jī,ji,1,ㄐㄧ
垟,垟,垟,yáng,yang,2,ㄧㄤ
炾,炾,炾,huǎng,huang,3,ㄏㄨㄤ
溩,溩,溩,wù,wu,4,ㄨ
䗌,䗌,䗌,䗌,䗌,,
慪,慪,怄,òu,ou,4,ㄡ
既,既,既,jì,ji,4,ㄐㄧ
嶼,嶼,屿,yǔ,yu,3,ㄩ
縛,縛,缚,fú,fu,2,ㄈㄨ
潖,潖,潖,pá,pa,2,ㄆㄚ
㤋,㤋,㤋,㤋,㤋,,
嫦,嫦,嫦,cháng,chang,2,ㄔㄤ
楦,楦,楦,xuàn,xuan,4,ㄒㄩㄢ
坮,坮,坮,tái,tai,2,ㄊㄞ
醟,醟,醟,yòng,yong,4,ㄩㄥ
忱,忱,忱,chén,chen,2,ㄔㄣ
袗,袗,袗,zhěn,zhen,3,ㄓㄣ
荜,蓽,荜,bì,bi,4,ㄅㄧ
敦,敦,敦,dūn,dun,1,ㄉㄨㄣ
負,負,负,fù,fu,4,ㄈㄨ
䵱,䵱,䵱,hè,he,4,ㄏㄜ
窫,窫,窫,yà,ya,4,ㄧㄚ
㡁,㡁,㡁,kǎi,kai,3,ㄎㄞ
玘,玘,玘,jǐ,ji,3,ㄐㄧ
符,符,符,fú,fu,2,ㄈㄨ
錪,錪,錪,tiǎn,tian,3,ㄊㄧㄢ
菎,菎,菎,kūn,kun,1,ㄎㄨㄣ
部,部,部,bù,bu,4,ㄅㄨ
䂲,䂲,䂲,fǎ,fa,3,ㄈㄚ
锃,鋥,锃,zhèng,zheng,4,ㄓㄥ
朮,朮,朮,shù,shu,4,ㄕㄨ
幀,幀,帧,zhèng,zheng,4,ㄓㄥ
鎬,鎬,镐,hào,hao,4,ㄏㄠ
阴,陰,阴,yīn,yin,1,ㄧㄣ
䉁,䉁,䉁,líng,ling,2,ㄌㄧㄥ
寽,寽,寽,lv̀,lu,4,ㄌㄨ
佌,佌,佌,cǐ,ci,3,ㄘ
轧,軋,轧,yà,ya,4,ㄧㄚ
鎲,鎲,鎲,tǎng,tang,3,ㄊㄤ
魯,魯,鲁,lǔ,lu,3,ㄌㄨ
蕵,蕵,蕵,sūn,sun,1,ㄙㄨㄣ
墡,墡,墡,shàn,shan,4,ㄕㄢ
恗,恗,恗,kuǎ,kua,3,ㄎㄨㄚ
腈,腈,腈,jīng,jing,1,ㄐㄧㄥ
䆝,䆝,䆝,shù,shu,4,ㄕㄨ
凕,凕,凕,mǐng,ming,3,ㄇㄧㄥ
檽,檽,檽,ér,er,2,ㄦ
懌,懌,怿,yì,yi,4,ㄧ
諘,諘,諘,biǎo,biao,3,ㄅㄧㄠ
鍭,鍭,鍭,hóu,hou,2,ㄏㄡ
䓱,䓱,䓱,chái,chai,2,ㄔㄞ
珕,珕,珕,lì,li,4,ㄌㄧ
䍞,䍞,䍞,yù,yu,4,ㄩ
病,病,病,bìng,bing,4,ㄅㄧㄥ
疬,癧,疬,lì,li,4,ㄌㄧ
镝,鏑,镝,dí,di,2,ㄉㄧ
䅪,䅪,䅪,túi,tui,2,ㄊㄨㄟ
芘,芘,芘,pí,pi,2,ㄆㄧ
俯,俯,俯,fǔ,fu,3,ㄈㄨ
窒,窒,窒,zhì,zhi,4,ㄓ
躥,躥,蹿,cuān,cuan,1,ㄘㄨㄢ
罟,罟,罟,gǔ,gu,3,ㄍㄨ
螇,螇,螇,xī,xi,1,ㄒㄧ
㯑,㯑,㯑,㯑,㯑,,
鴶,鴶,鴶,jí,ji,2,ㄐㄧ
噃,噃,噃,fān,fan,1,ㄈㄢ
彴,彴,彴,zhuó,zhuo,2,ㄓㄨㄛ
滓,滓,滓,zǐ,zi,3,ㄗ
犢,犢,犊,dú,du,2,ㄉㄨ
䌽,䌽,䌽,cǎi,cai,3,ㄘㄞ
虱,虱,虱,shī,shi,1,ㄕ
堨,堨,堨,è,e,4,ㄜ
壘,壘,垒,lěi,lei,3,ㄌㄟ
㐌,㐌,㐌,sì,si,4,ㄙ
靦,靦,腼,tiǎn,tian,3,ㄊㄧㄢ
欤,歟,欤,yú,yu,2,ㄩ
肽,肽,肽,tài,tai,4,ㄊㄞ
鷸,鷸,鹬,yù,yu,4,ㄩ
㴏,㴏,㴏,wǎng,wang,3,ㄨㄤ
覿,覿,觌,dí,di,2,ㄉㄧ
㝻,㝻,㝻,jǐn,jin,3,ㄐㄧㄣ
蘴,蘴,蘴,fēng,feng,1,ㄈㄥ
蛮,蠻,蛮,mán,man,2,ㄇㄢ
㩔,㩔,㩔,tún,tun,2,ㄊㄨㄣ
窙,窙,窙,xiāo,xiao,1,ㄒㄧㄠ
蛿,蛿,蛿,hàn,han,4,ㄏㄢ
蟆,蟆,蟆,má,ma,2,ㄇㄚ
胠,胠,胠,qū,qu,1,ㄑㄩ
街,街,街,jiē,jie,1,ㄐㄧㄝ
謅,謅,诌,zōu,zou,1,ㄗㄡ
祃,祃,祃,mà,ma,4,ㄇㄚ
䇢,䇢,䇢,kǔ,ku,3,ㄎㄨ
穫,穫,获,huò,huo,4,ㄏㄨㄛ
塡,塡,塡,tián,tian,2,ㄊㄧㄢ
礡,礡,礡,bó,bo,2,ㄅㄛ
䄨,䄨,䄨,yú,yu,2,ㄩ
䨻,䨻,䨻,bèng,beng,4,ㄅㄥ
楓,楓,枫,fēng,feng,1,ㄈㄥ
薨,薨,薨,hōng,hong,1,ㄏㄨㄥ
卿,卿,卿,qīng,qing,1,ㄑㄧㄥ
㶑,㶑,㶑,liàn,lian,4,ㄌㄧㄢ
䈦,䈦,䈦,䈦,䈦,,
挈,挈,挈,qiè,qie,4,ㄑㄧㄝ
頛,頛,頛,lěi,lei,3,ㄌㄟ
鈥,鈥,钬,huǒ,huo,3,ㄏㄨㄛ
呒,嘸,呒,fǔ,fu,3,ㄈㄨ
㓥,㓥,㓥,㓥,㓥,,
㓟,㓟,㓟,㓟,㓟,,
籈,籈,籈,zhēn,zhen,1,ㄓㄣ
禙,禙,禙,禙,禙,,
割,割,割,gē,ge,1,ㄍㄜ
亚,亞,亚,yà,ya,4,ㄧㄚ
揶,揶,揶,yé,ye,2,ㄧㄝ
䄺,䄺,䄺,zhì,zhi,4,ㄓ
枃,枃,枃,jìn,jin,4,ㄐㄧㄣ
析,析,析,xī,xi,1,ㄒㄧ
茝,茝,茝,chǎi,chai,3,ㄔㄞ
㣡,㣡,㣡,㣡,㣡,,
䆞,䆞,䆞,yǎo,yao,3,ㄧㄠ
雉,雉,雉,zhì,zhi,4,ㄓ
乢,乢,乢,gài,gai,4,ㄍㄞ
䂑,䂑,䂑,䂑,䂑,,
挫,挫,挫,cuò,cuo,4,ㄘㄨㄛ
㪶,㪶,㪶,hú,hu,2,ㄏㄨ
㖳,㖳,㖳,㖳,㖳,,
銱,銱,铞,diào,diao,4,ㄉㄧㄠ
騎,騎,骑,qí,qi,2,ㄑㄧ
䙪,䙪,䙪,lóng,long,2,ㄌㄨㄥ
菦,菦,菦,qín,qin,2,ㄑㄧㄣ
荀,荀,荀,xún,xun,2,ㄒㄩㄣ
煴,煴,煴,yūn,yun,1,ㄩㄣ
谖,諼,谖,xuān,xuan,1,ㄒㄩㄢ
頀,頀,頀,hù,hu,4,ㄏㄨ
䉼,䉼,䉼,liào,liao,4,ㄌㄧㄠ
餲,餲,餲,hé,he,2,ㄏㄜ
㡇,㡇,㡇,jí,ji,2,ㄐㄧ
櫲,櫲,櫲,yù,yu,4,ㄩ
膢,膢,膢,lv́,lu,2,ㄌㄨ
纗,纗,纗,zūi,zui,1,ㄗㄨㄟ
烅,烅,烅,xù,xu,4,ㄒㄩ
䇎,䇎,䇎,què,que,4,ㄑㄩㄝ
榮,榮,荣,róng,rong,2,ㄖㄨㄥ
釼,釼,釼,jiàn,jian,4,ㄐㄧㄢ
㷃,㷃,㷃,cǔi,cui,3,ㄘㄨㄟ
嬘,嬘,嬘,sùi,sui,4,ㄙㄨㄟ
黮,黮,黮,tǎn,tan,3,ㄊㄢ
䝿,䝿,䝿,gùi,gui,4,ㄍㄨㄟ
擮,擮,擮,jí,ji,2,ㄐㄧ
賖,賖,賖,shē,she,1,ㄕㄜ
閲,閲,閲,yuè,yue,4,ㄩㄝ
蕉,蕉,蕉,jiāo,jiao,1,ㄐㄧㄠ
嵨,嵨,嵨,wǔ,wu,3,ㄨ
貄,貄,貄,sì,si,4,ㄙ
舤,舤,舤,舤,舤,,
䝮,䝮,䝮,xuàn,xuan,4,ㄒㄩㄢ
拣,揀,拣,jiǎn,jian,3,ㄐㄧㄢ
㶼,㶼,㶼,㶼,㶼,,
讐,讐,讐,chóu,chou,2,ㄔㄡ
顗,顗,顗,yǐ,yi,3,ㄧ
幇,幇,幇,bāng,bang,1,ㄅㄤ
玪,玪,玪,jiān,jian,1,ㄐㄧㄢ
粁,粁,粁,qiān,qian,1,ㄑㄧㄢ
牏,牏,牏,tóu,tou,2,ㄊㄡ
䘬,䘬,䘬,róng,rong,2,ㄖㄨㄥ
鷡,鷡,鷡,wú,wu,2,ㄨ
湥,湥,湥,tú,tu,2,ㄊㄨ
砭,砭,砭,biān,bian,1,ㄅㄧㄢ
䚬,䚬,䚬,lín,lin,2,ㄌㄧㄣ
我,我,我,wǒ,wo,3,ㄨㄛ
漧,漧,漧,qián,qian,2,ㄑㄧㄢ
兌,兌,兑,dùi,dui,4,ㄉㄨㄟ
㓎,㓎,㓎,lián,lian,2,ㄌㄧㄢ
漶,漶,漶,huàn,huan,4,ㄏㄨㄢ
甬,甬,甬,yǒng,yong,3,ㄩㄥ
稂,稂,稂,láng,lang,2,ㄌㄤ
䯉,䯉,䯉,yà,ya,4,ㄧㄚ
焇,焇,焇,xiāo,xiao,1,ㄒㄧㄠ
绢,絹,绢,juàn,juan,4,ㄐㄩㄢ
䡜,䡜,䡜,lù,lu,4,ㄌㄨ
䌶,䌶,䌶,䌶,䌶,,
壠,壠,壠,lǒng,long,3,ㄌㄨㄥ
䩱,䩱,䩱,shù,shu,4,ㄕㄨ
濃,濃,浓,nóng,nong,2,ㄋㄨㄥ
遗,遺,遗,yí,yi,2,ㄧ
㱀,㱀,㱀,chǐ,chi,3,ㄔ
飡,飡,飡,cān,can,1,ㄘㄢ
举,舉,举,jǔ,ju,3,ㄐㄩ
鸳,鴛,鸳,yuān,yuan,1,ㄩㄢ
棑,棑,棑,pái,pai,2,ㄆㄞ
洺,洺,洺,míng,ming,2,ㄇㄧㄥ
轷,軤,轷,hū,hu,1,ㄏㄨ
罎,罎,坛,tán,tan,2,ㄊㄢ
㯋,㯋,㯋,yǐng,ying,3,ㄧㄥ
顎,顎,颚,è,e,4,ㄜ
粽,粽,粽,zòng,zong,4,ㄗㄨㄥ
㤞,㤞,㤞,chà,cha,4,ㄔㄚ
鐞,鐞,鐞,nòu,nou,4,ㄋㄡ
侼,侼,侼,bó,bo,2,ㄅㄛ
鮼,鮼,鮼,qīn,qin,1,ㄑㄧㄣ
屨,屨,屦,jù,ju,4,ㄐㄩ
冁,囅,冁,chǎn,chan,3,ㄔㄢ
濦,濦,濦,yǐn,yin,3,ㄧㄣ
漹,漹,漹,yān,yan,1,ㄧㄢ
艧,艧,艧,huò,huo,4,ㄏㄨㄛ
訪,訪,访,fǎng,fang,3,ㄈㄤ
䄥,䄥,䄥,líng,ling,2,ㄌㄧㄥ
阊,閶,阊,chāng,chang,1,ㄔㄤ
㦈,㦈,㦈,㦈,㦈,,
醱,醱,酦,pò,po,4,ㄆㄛ
璸,璸,璸,bīn,bin,1,ㄅㄧㄣ
萆,萆,萆,pì,pi,4,ㄆㄧ
㯀,㯀,㯀,xiǎn,xian,3,ㄒㄧㄢ
䰺,䰺,䰺,jiè,jie,4,ㄐㄧㄝ
孚,孚,孚,fú,fu,2,ㄈㄨ
戔,戔,戋,jiān,jian,1,ㄐㄧㄢ
䘊,䘊,䘊,miè,mie,4,ㄇㄧㄝ
毛,毛,毛,máo,mao,2,ㄇㄠ
厮,廝,厮,sī,si,1,ㄙ
剧,劇,剧,jù,ju,4,ㄐㄩ
嚈,嚈,嚈,yà,ya,4,ㄧㄚ
舒,舒,舒,shū,shu,1,ㄕㄨ
掅,掅,掅,qìng,qing,4,ㄑㄧㄥ
埱,埱,埱,shú,shu,2,ㄕㄨ
济,濟,济,jì,ji,4,ㄐㄧ
晶,晶,晶,jīng,jing,1,ㄐㄧㄥ
炳,炳,炳,bǐng,bing,3,ㄅㄧㄥ
熱,熱,热,rè,re,4,ㄖㄜ
苜,苜,苜,mù,mu,4,ㄇㄨ
㮥,㮥,㮥,fèn,fen,4,ㄈㄣ
㳻,㳻,㳻,zé,ze,2,ㄗㄜ
啝,啝,啝,hé,he,2,ㄏㄜ
塣,塣,塣,chěng,cheng,3,ㄔㄥ
漴,漴,漴,chóng,chong,2,ㄔㄨㄥ
柧,柧,柧,gū,gu,1,ㄍㄨ
燘,燘,燘,měi,mei,3,ㄇㄟ
䵫,䵫,䵫,yù,yu,4,ㄩ
䱀,䱀,䱀,䱀,䱀,,
